	120.000000	-19.968000	81.000000
	120.020000	-18.348000	81.400000
	120.040000	-16.752000	80.800000
	120.060000	-15.132000	80.600000
	120.080000	-13.488000	81.000000
	120.100000	-11.844000	81.800000
	120.120000	-10.212000	82.000000
	120.140000	-8.568000	82.000000
	120.160000	-6.948000	81.600000
	120.180000	-5.292000	82.000000
	120.200000	-3.636000	82.200000
	120.220000	-1.980000	82.800000
	120.240000	-0.324000	82.800000
	120.260000	1.320000	82.600000
	120.280000	3.000000	83.000000
	120.300000	4.620000	82.400000
	120.320000	6.240000	82.000000
	120.340000	7.872000	81.200000
	120.360000	9.504000	81.400000
	120.380000	11.160000	82.000000
	120.400000	12.732000	81.000000
	120.420000	14.376000	81.200000
	120.440000	15.960000	80.000000
	120.460000	17.592000	81.000000
	120.480000	19.164000	79.800000
	120.500000	20.748000	79.800000
	120.520000	22.332000	79.000000
	120.540000	23.904000	79.000000
	120.560000	25.476000	78.800000
	120.580000	27.012000	78.000000
	120.600000	28.548000	77.400000
	120.620000	30.060000	76.400000
	120.640000	31.572000	76.000000
	120.660000	33.084000	75.600000
	120.680000	34.572000	75.200000
	120.700000	36.048000	74.600000
	120.720000	37.512000	73.800000
	120.740000	38.976000	73.400000
	120.760000	40.380000	72.200000
	120.780000	41.760000	70.800000
	120.800000	43.116000	69.000000
	120.820000	44.496000	68.600000
	120.840000	45.816000	67.600000
	120.860000	47.088000	66.200000
	120.880000	48.324000	63.800000
	120.900000	49.560000	62.400000
	120.920000	50.772000	61.400000
	120.940000	51.924000	60.000000
	120.960000	53.028000	57.800000
	120.980000	54.096000	55.400000
	121.000000	55.128000	53.400000
	121.020000	56.100000	51.200000
	121.040000	57.036000	49.000000
	121.060000	57.912000	46.400000
	121.080000	58.752000	44.200000
	121.100000	59.520000	41.400000
	121.120000	60.252000	39.000000
	121.140000	60.912000	36.000000
	121.160000	61.512000	33.200000
	121.180000	62.040000	29.800000
	121.200000	62.508000	26.600000
	121.220000	62.916000	23.400000
	121.240000	63.264000	20.400000
	121.260000	63.552000	17.400000
	121.280000	63.768000	14.200000
	121.300000	63.912000	10.800000
	121.320000	63.996000	7.400000
	121.340000	64.020000	4.200000
	121.360000	63.984000	1.200000
	121.380000	63.888000	-1.800000
	121.400000	63.732000	-4.800000
	121.420000	63.516000	-7.800000
	121.440000	63.252000	-10.600000
	121.460000	62.928000	-13.400000
	121.480000	62.556000	-16.000000
	121.500000	62.136000	-18.600000
	121.520000	61.680000	-20.800000
	121.540000	61.176000	-23.000000
	121.560000	60.612000	-25.400000
	121.580000	60.012000	-27.800000
	121.600000	59.376000	-30.000000
	121.620000	58.704000	-31.800000
	121.640000	57.996000	-33.600000
	121.660000	57.264000	-35.200000
	121.680000	56.508000	-36.600000
	121.700000	55.704000	-38.200000
	121.720000	54.876000	-39.800000
	121.740000	54.024000	-41.400000
	121.760000	53.172000	-42.200000
	121.780000	52.272000	-43.400000
	121.800000	51.360000	-44.400000
	121.820000	50.424000	-45.800000
	121.840000	49.512000	-46.000000
	121.860000	48.564000	-46.600000
	121.880000	47.628000	-46.600000
	121.900000	46.668000	-47.400000
	121.920000	45.720000	-47.400000
	121.940000	44.760000	-47.800000
	121.960000	43.812000	-47.600000
	121.980000	42.864000	-47.600000
	122.000000	41.928000	-47.200000
	122.020000	41.004000	-46.800000
	122.040000	40.092000	-46.200000
	122.060000	39.168000	-46.000000
	122.080000	38.256000	-45.800000
	122.100000	37.368000	-45.400000
	122.120000	36.504000	-44.400000
	122.140000	35.640000	-43.600000
	122.160000	34.788000	-43.000000
	122.180000	33.972000	-42.200000
	122.200000	33.204000	-40.600000
	122.220000	32.448000	-39.000000
	122.240000	31.728000	-37.400000
	122.260000	31.008000	-36.600000
	122.280000	30.336000	-35.200000
	122.300000	29.676000	-34.200000
	122.320000	29.052000	-32.600000
	122.340000	28.452000	-31.400000
	122.360000	27.888000	-29.800000
	122.380000	27.348000	-28.400000
	122.400000	26.856000	-26.600000
	122.420000	26.388000	-25.000000
	122.440000	25.956000	-23.200000
	122.460000	25.548000	-21.800000
	122.480000	25.176000	-20.200000
	122.500000	24.852000	-18.400000
	122.520000	24.564000	-16.400000
	122.540000	24.312000	-14.400000
	122.560000	24.096000	-12.600000
	122.580000	23.916000	-10.800000
	122.600000	23.784000	-8.800000
	122.620000	23.688000	-6.800000
	122.640000	23.628000	-4.800000
	122.660000	23.592000	-3.200000
	122.680000	23.592000	-1.600000
	122.700000	23.628000	0.000000
	122.720000	23.712000	2.000000
	122.740000	23.832000	4.000000
	122.760000	23.976000	5.800000
	122.780000	24.144000	7.200000
	122.800000	24.336000	8.400000
	122.820000	24.576000	10.000000
	122.840000	24.840000	11.600000
	122.860000	25.140000	13.400000
	122.880000	25.452000	14.600000
	122.900000	25.788000	15.800000
	122.920000	26.148000	16.800000
	122.940000	26.532000	18.000000
	122.960000	26.940000	19.200000
	122.980000	27.372000	20.400000
	123.000000	27.840000	21.800000
	123.020000	28.320000	23.000000
	123.040000	28.836000	24.400000
	123.060000	29.376000	25.600000
	123.080000	29.940000	27.000000
	123.100000	30.504000	27.800000
	123.120000	31.080000	28.400000
	123.140000	31.692000	29.200000
	123.160000	32.328000	30.400000
	123.180000	32.988000	31.800000
	123.200000	33.648000	32.600000
	123.220000	34.332000	33.400000
	123.240000	35.004000	33.600000
	123.260000	35.700000	34.200000
	123.280000	36.396000	34.400000
	123.300000	37.116000	35.200000
	123.320000	37.836000	35.600000
	123.340000	38.568000	36.200000
	123.360000	39.300000	36.400000
	123.380000	40.032000	36.600000
	123.400000	40.752000	36.400000
	123.420000	41.472000	36.200000
	123.440000	42.204000	36.200000
	123.460000	42.924000	36.200000
	123.480000	43.644000	36.200000
	123.500000	44.328000	35.400000
	123.520000	45.012000	34.800000
	123.540000	45.684000	34.000000
	123.560000	46.356000	33.800000
	123.580000	47.004000	33.200000
	123.600000	47.628000	32.400000
	123.620000	48.228000	31.200000
	123.640000	48.816000	30.200000
	123.660000	49.368000	29.000000
	123.680000	49.896000	27.800000
	123.700000	50.388000	26.200000
	123.720000	50.868000	25.000000
	123.740000	51.312000	23.600000
	123.760000	51.720000	22.200000
	123.780000	52.092000	20.400000
	123.800000	52.428000	18.600000
	123.820000	52.728000	16.800000
	123.840000	52.980000	14.800000
	123.860000	53.196000	12.800000
	123.880000	53.376000	10.800000
	123.900000	53.520000	9.000000
	123.920000	53.616000	7.000000
	123.940000	53.676000	5.000000
	123.960000	53.688000	2.800000
	123.980000	53.664000	0.800000
	124.000000	53.580000	-1.600000
	124.020000	53.460000	-3.800000
	124.040000	53.292000	-6.200000
	124.060000	53.100000	-8.000000
	124.080000	52.872000	-9.800000
	124.100000	52.608000	-11.400000
	124.120000	52.308000	-13.200000
	124.140000	51.972000	-15.000000
	124.160000	51.600000	-16.800000
	124.180000	51.192000	-18.600000
	124.200000	50.748000	-20.400000
	124.220000	50.280000	-22.000000
	124.240000	49.764000	-23.800000
	124.260000	49.212000	-25.600000
	124.280000	48.636000	-27.400000
	124.300000	48.036000	-28.800000
	124.320000	47.400000	-30.200000
	124.340000	46.716000	-32.000000
	124.360000	46.020000	-33.600000
	124.380000	45.300000	-35.000000
	124.400000	44.568000	-35.800000
	124.420000	43.788000	-37.200000
	124.440000	42.984000	-38.600000
	124.460000	42.156000	-40.200000
	124.480000	41.328000	-41.000000
	124.500000	40.476000	-41.800000
	124.520000	39.600000	-42.600000
	124.540000	38.688000	-44.000000
	124.560000	37.764000	-45.200000
	124.580000	36.852000	-45.800000
	124.600000	35.928000	-46.000000
	124.620000	34.992000	-46.200000
	124.640000	34.032000	-47.000000
	124.660000	33.048000	-48.000000
	124.680000	32.076000	-48.600000
	124.700000	31.080000	-49.200000
	124.720000	30.120000	-48.800000
	124.740000	29.136000	-49.000000
	124.760000	28.152000	-48.800000
	124.780000	27.156000	-49.400000
	124.800000	26.160000	-49.600000
	124.820000	25.176000	-49.600000
	124.840000	24.180000	-49.600000
	124.860000	23.208000	-49.200000
	124.880000	22.224000	-49.200000
	124.900000	21.264000	-48.600000
	124.920000	20.268000	-49.000000
	124.940000	19.296000	-48.800000
	124.960000	18.336000	-48.800000
	124.980000	17.400000	-47.800000
	125.000000	16.476000	-47.000000
	125.020000	15.528000	-46.800000
	125.040000	14.616000	-46.400000
	125.060000	13.704000	-46.200000
	125.080000	12.816000	-45.200000
	125.100000	11.940000	-44.600000
	125.120000	11.088000	-43.600000
	125.140000	10.248000	-42.800000
	125.160000	9.432000	-41.800000
	125.180000	8.628000	-41.000000
	125.200000	7.848000	-40.000000
	125.220000	7.068000	-39.400000
	125.240000	6.312000	-38.600000
	125.260000	5.580000	-37.800000
	125.280000	4.872000	-36.600000
	125.300000	4.188000	-35.400000
	125.320000	3.540000	-34.000000
	125.340000	2.904000	-32.800000
	125.360000	2.292000	-31.600000
	125.380000	1.704000	-30.600000
	125.400000	1.152000	-29.200000
	125.420000	0.624000	-27.800000
	125.440000	0.120000	-26.400000
	125.460000	-0.360000	-25.200000
	125.480000	-0.816000	-24.000000
	125.500000	-1.248000	-22.800000
	125.520000	-1.644000	-21.400000
	125.540000	-2.004000	-19.800000
	125.560000	-2.340000	-18.200000
	125.580000	-2.640000	-16.600000
	125.600000	-2.904000	-15.000000
	125.620000	-3.132000	-13.200000
	125.640000	-3.336000	-11.600000
	125.660000	-3.516000	-10.200000
	125.680000	-3.672000	-9.000000
	125.700000	-3.792000	-7.600000
	125.720000	-3.876000	-6.000000
	125.740000	-3.924000	-4.200000
	125.760000	-3.948000	-2.600000
	125.780000	-3.960000	-1.400000
	125.800000	-3.936000	-0.200000
	125.820000	-3.888000	1.000000
	125.840000	-3.816000	2.400000
	125.860000	-3.732000	3.400000
	125.880000	-3.624000	4.400000
	125.900000	-3.492000	5.400000
	125.920000	-3.348000	6.400000
	125.940000	-3.192000	7.200000
	125.960000	-3.024000	7.800000
	125.980000	-2.844000	8.400000
	126.000000	-2.652000	9.000000
	126.020000	-2.460000	9.400000
	126.040000	-2.256000	9.800000
	126.060000	-2.052000	10.000000
	126.080000	-1.848000	10.200000
	126.100000	-1.644000	10.200000
	126.120000	-1.440000	10.200000
	126.140000	-1.236000	10.200000
	126.160000	-1.032000	10.200000
	126.180000	-0.828000	10.200000
	126.200000	-0.612000	10.400000
	126.220000	-0.408000	10.400000
	126.240000	-0.216000	10.200000
	126.260000	-0.036000	9.600000
	126.280000	0.144000	9.200000
	126.300000	0.324000	9.000000
	126.320000	0.492000	8.800000
	126.340000	0.648000	8.400000
	126.360000	0.780000	7.600000
	126.380000	0.900000	6.800000
	126.400000	1.008000	6.000000
	126.420000	1.104000	5.400000
	126.440000	1.176000	4.600000
	126.460000	1.224000	3.600000
	126.480000	1.248000	2.400000
	126.500000	1.260000	1.400000
	126.520000	1.248000	0.400000
	126.540000	1.212000	-0.600000
	126.560000	1.152000	-1.800000
	126.580000	1.056000	-3.200000
	126.600000	0.948000	-4.400000
	126.620000	0.804000	-5.800000
	126.640000	0.648000	-6.800000
	126.660000	0.456000	-8.200000
	126.680000	0.252000	-9.200000
	126.700000	0.024000	-10.400000
	126.720000	-0.228000	-11.400000
	126.740000	-0.516000	-12.800000
	126.760000	-0.840000	-14.400000
	126.780000	-1.188000	-16.000000
	126.800000	-1.572000	-17.600000
	126.820000	-1.980000	-19.000000
	126.840000	-2.424000	-20.600000
	126.860000	-2.892000	-22.000000
	126.880000	-3.396000	-23.600000
	126.900000	-3.936000	-25.200000
	126.920000	-4.512000	-27.000000
	126.940000	-5.124000	-28.800000
	126.960000	-5.784000	-30.800000
	126.980000	-6.468000	-32.600000
	127.000000	-7.200000	-34.600000
	127.020000	-7.944000	-36.000000
	127.040000	-8.748000	-38.000000
	127.060000	-9.576000	-39.600000
	127.080000	-10.452000	-41.800000
	127.100000	-11.352000	-43.400000
	127.120000	-12.288000	-45.200000
	127.140000	-13.260000	-46.800000
	127.160000	-14.256000	-48.400000
	127.180000	-15.300000	-50.200000
	127.200000	-16.380000	-52.000000
	127.220000	-17.496000	-54.000000
	127.240000	-18.636000	-55.600000
	127.260000	-19.800000	-57.000000
	127.280000	-21.012000	-58.600000
	127.300000	-22.260000	-60.400000
	127.320000	-23.532000	-62.200000
	127.340000	-24.828000	-63.600000
	127.360000	-26.148000	-64.800000
	127.380000	-27.504000	-66.200000
	127.400000	-28.872000	-67.400000
	127.420000	-30.240000	-68.200000
	127.440000	-31.632000	-68.800000
	127.460000	-33.048000	-69.600000
	127.480000	-34.500000	-71.000000
	127.500000	-35.940000	-71.800000
	127.520000	-37.404000	-72.600000
	127.540000	-38.844000	-72.400000
	127.560000	-40.320000	-73.000000
	127.580000	-41.760000	-72.600000
	127.600000	-43.236000	-73.200000
	127.620000	-44.700000	-73.000000
	127.640000	-46.176000	-73.600000
	127.660000	-47.616000	-73.000000
	127.680000	-49.020000	-72.000000
	127.700000	-50.412000	-70.600000
	127.720000	-51.780000	-69.400000
	127.740000	-53.148000	-68.800000
	127.760000	-54.468000	-67.600000
	127.780000	-55.776000	-66.600000
	127.800000	-57.012000	-64.400000
	127.820000	-58.236000	-62.800000
	127.840000	-59.388000	-60.200000
	127.860000	-60.492000	-58.000000
	127.880000	-61.524000	-54.800000
	127.900000	-62.496000	-51.800000
	127.920000	-63.420000	-48.800000
	127.940000	-64.284000	-46.000000
	127.960000	-65.076000	-43.000000
	127.980000	-65.784000	-39.400000
	128.000000	-66.396000	-35.200000
	128.020000	-66.936000	-31.000000
	128.040000	-67.404000	-27.000000
	128.060000	-67.776000	-23.000000
	128.080000	-68.064000	-18.800000
	128.100000	-68.244000	-14.000000
	128.120000	-68.340000	-9.400000
	128.140000	-68.340000	-4.600000
	128.160000	-68.256000	-0.200000
	128.180000	-68.088000	4.200000
	128.200000	-67.824000	8.600000
	128.220000	-67.476000	13.000000
	128.240000	-67.044000	17.400000
	128.260000	-66.516000	21.800000
	128.280000	-65.904000	26.200000
	128.300000	-65.220000	30.400000
	128.320000	-64.452000	34.400000
	128.340000	-63.600000	38.400000
	128.360000	-62.664000	42.600000
	128.380000	-61.668000	46.400000
	128.400000	-60.612000	49.800000
	128.420000	-59.472000	53.200000
	128.440000	-58.284000	56.400000
	128.460000	-57.024000	59.800000
	128.480000	-55.716000	62.600000
	128.500000	-54.336000	65.800000
	128.520000	-52.908000	68.600000
	128.540000	-51.420000	71.600000
	128.560000	-49.908000	73.800000
	128.580000	-48.372000	75.600000
	128.600000	-46.800000	77.000000
	128.620000	-45.192000	78.600000
	128.640000	-43.512000	81.000000
	128.660000	-41.832000	82.800000
	128.680000	-40.128000	84.400000
	128.700000	-38.412000	85.000000
	128.720000	-36.684000	85.800000
	128.740000	-34.884000	87.400000
	128.760000	-33.132000	88.000000
	128.780000	-31.308000	89.600000
	128.800000	-29.508000	89.600000
	128.820000	-27.672000	91.000000
	128.840000	-25.872000	90.600000
	128.860000	-24.048000	91.000000
	128.880000	-22.236000	90.600000
	128.900000	-20.412000	91.000000
	128.920000	-18.600000	90.800000
	128.940000	-16.776000	91.000000
	128.960000	-14.916000	91.600000
	128.980000	-13.116000	91.400000
	129.000000	-11.292000	91.400000
	129.020000	-9.504000	90.200000
	129.040000	-7.692000	90.400000
	129.060000	-5.880000	90.200000
	129.080000	-4.068000	90.600000
	129.100000	-2.268000	90.400000
	129.120000	-0.480000	90.000000
	129.140000	1.296000	89.400000
	129.160000	3.096000	89.400000
	129.180000	4.860000	89.000000
	129.200000	6.588000	88.200000
	129.220000	8.316000	87.000000
	129.240000	10.044000	86.400000
	129.260000	11.772000	86.400000
	129.280000	13.452000	85.600000
	129.300000	15.108000	84.400000
	129.320000	16.764000	83.200000
	129.340000	18.420000	82.800000
	129.360000	20.064000	82.600000
	129.380000	21.684000	82.000000
	129.400000	23.280000	81.000000
	129.420000	24.900000	80.600000
	129.440000	26.508000	80.400000
	129.460000	28.080000	80.000000
	129.480000	29.616000	78.600000
	129.500000	31.092000	76.400000
	129.520000	32.580000	75.000000
	129.540000	34.044000	73.800000
	129.560000	35.532000	74.000000
	129.580000	36.972000	73.200000
	129.600000	38.400000	72.600000
	129.620000	39.768000	70.600000
	129.640000	41.136000	69.400000
	129.660000	42.468000	67.800000
	129.680000	43.788000	67.000000
	129.700000	45.060000	65.400000
	129.720000	46.272000	63.400000
	129.740000	47.472000	61.400000
	129.760000	48.624000	59.400000
	129.780000	49.764000	58.200000
	129.800000	50.856000	56.400000
	129.820000	51.912000	54.800000
	129.840000	52.896000	52.200000
	129.860000	53.832000	49.600000
	129.880000	54.720000	46.800000
	129.900000	55.584000	44.800000
	129.920000	56.388000	42.600000
	129.940000	57.144000	40.400000
	129.960000	57.828000	37.400000
	129.980000	58.464000	34.600000
	130.000000	59.052000	31.800000
	130.020000	59.592000	29.400000
	130.040000	60.072000	26.800000
	130.060000	60.480000	23.800000
	130.080000	60.840000	20.800000
	130.100000	61.128000	17.600000
	130.120000	61.368000	14.800000
	130.140000	61.536000	11.600000
	130.160000	61.656000	8.800000
	130.180000	61.716000	5.800000
	130.200000	61.716000	3.000000
	130.220000	61.656000	0.000000
	130.240000	61.548000	-2.800000
	130.260000	61.392000	-5.400000
	130.280000	61.200000	-7.600000
	130.300000	60.948000	-10.000000
	130.320000	60.660000	-12.200000
	130.340000	60.324000	-14.600000
	130.360000	59.952000	-16.600000
	130.380000	59.532000	-18.800000
	130.400000	59.076000	-20.800000
	130.420000	58.596000	-22.600000
	130.440000	58.080000	-24.200000
	130.460000	57.540000	-25.600000
	130.480000	56.964000	-27.200000
	130.500000	56.376000	-28.400000
	130.520000	55.752000	-29.800000
	130.540000	55.116000	-30.800000
	130.560000	54.444000	-32.200000
	130.580000	53.748000	-33.400000
	130.600000	53.040000	-34.600000
	130.620000	52.320000	-35.400000
	130.640000	51.612000	-35.600000
	130.660000	50.868000	-36.200000
	130.680000	50.136000	-36.400000
	130.700000	49.392000	-37.000000
	130.720000	48.648000	-37.000000
	130.740000	47.904000	-37.200000
	130.760000	47.148000	-37.400000
	130.780000	46.404000	-37.400000
	130.800000	45.672000	-37.200000
	130.820000	44.952000	-36.600000
	130.840000	44.256000	-35.800000
	130.860000	43.548000	-35.400000
	130.880000	42.852000	-35.000000
	130.900000	42.168000	-34.800000
	130.920000	41.508000	-34.000000
	130.940000	40.872000	-33.000000
	130.960000	40.260000	-31.800000
	130.980000	39.672000	-30.600000
	131.000000	39.096000	-29.600000
	131.020000	38.544000	-28.600000
	131.040000	38.028000	-27.400000
	131.060000	37.548000	-25.800000
	131.080000	37.080000	-24.400000
	131.100000	36.636000	-23.200000
	131.120000	36.228000	-22.000000
	131.140000	35.868000	-20.200000
	131.160000	35.532000	-18.400000
	131.180000	35.220000	-16.800000
	131.200000	34.944000	-15.400000
	131.220000	34.716000	-13.600000
	131.240000	34.524000	-11.600000
	131.260000	34.368000	-9.600000
	131.280000	34.236000	-8.000000
	131.300000	34.152000	-6.200000
	131.320000	34.104000	-4.400000
	131.340000	34.104000	-2.200000
	131.360000	34.140000	-0.200000
	131.380000	34.200000	1.600000
	131.400000	34.296000	3.200000
	131.420000	34.428000	4.800000
	131.440000	34.596000	6.600000
	131.460000	34.800000	8.400000
	131.480000	35.028000	10.000000
	131.500000	35.292000	11.600000
	131.520000	35.580000	13.000000
	131.540000	35.904000	14.600000
	131.560000	36.264000	16.200000
	131.580000	36.660000	18.000000
	131.600000	37.068000	19.400000
	131.620000	37.500000	20.600000
	131.640000	37.956000	21.600000
	131.660000	38.460000	23.200000
	131.680000	38.988000	24.800000
	131.700000	39.552000	26.600000
	131.720000	40.128000	27.800000
	131.740000	40.740000	29.200000
	131.760000	41.364000	30.200000
	131.780000	42.012000	31.400000
	131.800000	42.672000	32.200000
	131.820000	43.356000	33.200000
	131.840000	44.064000	34.200000
	131.860000	44.784000	35.200000
	131.880000	45.528000	36.200000
	131.900000	46.284000	37.000000
	131.920000	47.064000	38.000000
	131.940000	47.832000	38.400000
	131.960000	48.624000	39.000000
	131.980000	49.416000	39.200000
	132.000000	50.220000	39.800000
	132.020000	51.012000	39.800000
	132.040000	51.792000	39.600000
	132.060000	52.572000	39.200000
	132.080000	53.352000	39.000000
	132.100000	54.132000	39.000000
	132.120000	54.900000	38.800000
	132.140000	55.644000	38.200000
	132.160000	56.388000	37.600000
	132.180000	57.108000	36.800000
	132.200000	57.816000	36.200000
	132.220000	58.476000	34.800000
	132.240000	59.136000	33.800000
	132.260000	59.760000	32.400000
	132.280000	60.360000	31.400000
	132.300000	60.900000	29.400000
	132.320000	61.404000	27.400000
	132.340000	61.884000	25.400000
	132.360000	62.328000	23.800000
	132.380000	62.736000	22.200000
	132.400000	63.084000	20.000000
	132.420000	63.396000	17.800000
	132.440000	63.648000	15.200000
	132.460000	63.864000	13.000000
	132.480000	64.020000	10.400000
	132.500000	64.128000	8.000000
	132.520000	64.176000	5.200000
	132.540000	64.164000	2.400000
	132.560000	64.104000	-0.400000
	132.580000	63.984000	-3.200000
	132.600000	63.816000	-5.800000
	132.620000	63.600000	-8.400000
	132.640000	63.336000	-10.800000
	132.660000	63.024000	-13.200000
	132.680000	62.652000	-15.800000
	132.700000	62.232000	-18.400000
	132.720000	61.764000	-21.000000
	132.740000	61.260000	-23.200000
	132.760000	60.708000	-25.400000
	132.780000	60.108000	-27.600000
	132.800000	59.448000	-30.200000
	132.820000	58.752000	-32.600000
	132.840000	57.996000	-35.200000
	132.860000	57.204000	-37.400000
	132.880000	56.376000	-39.600000
	132.900000	55.512000	-41.400000
	132.920000	54.612000	-43.200000
	132.940000	53.652000	-45.400000
	132.960000	52.668000	-47.400000
	132.980000	51.648000	-49.400000
	133.000000	50.592000	-51.000000
	133.020000	49.500000	-52.800000
	133.040000	48.360000	-54.800000
	133.060000	47.208000	-56.400000
	133.080000	46.020000	-58.000000
	133.100000	44.820000	-59.000000
	133.120000	43.584000	-60.400000
	133.140000	42.312000	-61.800000
	133.160000	41.004000	-63.600000
	133.180000	39.684000	-65.000000
	133.200000	38.352000	-66.000000
	133.220000	37.020000	-66.400000
	133.240000	35.652000	-67.200000
	133.260000	34.260000	-68.200000
	133.280000	32.856000	-69.400000
	133.300000	31.428000	-70.400000
	133.320000	30.012000	-70.800000
	133.340000	28.560000	-71.600000
	133.360000	27.108000	-72.000000
	133.380000	25.632000	-73.000000
	133.400000	24.144000	-73.600000
	133.420000	22.644000	-74.400000
	133.440000	21.144000	-74.800000
	133.460000	19.632000	-75.200000
	133.480000	18.132000	-75.200000
	133.500000	16.608000	-75.600000
	133.520000	15.096000	-75.600000
	133.540000	13.524000	-76.800000
	133.560000	11.976000	-77.200000
	133.580000	10.416000	-78.000000
	133.600000	8.880000	-77.400000
	133.620000	7.332000	-77.400000
	133.640000	5.760000	-77.600000
	133.660000	4.212000	-77.800000
	133.680000	2.640000	-78.200000
	133.700000	1.092000	-77.800000
	133.720000	-0.492000	-78.400000
	133.740000	-2.040000	-78.000000
	133.760000	-3.612000	-78.400000
	133.780000	-5.148000	-77.600000
	133.800000	-6.684000	-77.400000
	133.820000	-8.196000	-76.400000
	133.840000	-9.720000	-76.200000
	133.860000	-11.256000	-76.200000
	133.880000	-12.756000	-76.000000
	133.900000	-14.244000	-75.400000
	133.920000	-15.696000	-74.000000
	133.940000	-17.148000	-73.200000
	133.960000	-18.552000	-71.800000
	133.980000	-19.956000	-71.000000
	134.000000	-21.324000	-69.600000
	134.020000	-22.716000	-69.400000
	134.040000	-24.060000	-68.400000
	134.060000	-25.380000	-67.600000
	134.080000	-26.640000	-65.400000
	134.100000	-27.888000	-63.800000
	134.120000	-29.112000	-62.200000
	134.140000	-30.288000	-60.800000
	134.160000	-31.440000	-59.200000
	134.180000	-32.544000	-57.200000
	134.200000	-33.612000	-55.400000
	134.220000	-34.620000	-53.000000
	134.240000	-35.604000	-51.000000
	134.260000	-36.552000	-49.000000
	134.280000	-37.464000	-47.400000
	134.300000	-38.316000	-45.200000
	134.320000	-39.108000	-42.600000
	134.340000	-39.852000	-39.800000
	134.360000	-40.560000	-37.400000
	134.380000	-41.232000	-35.400000
	134.400000	-41.844000	-33.200000
	134.420000	-42.396000	-30.600000
	134.440000	-42.900000	-27.800000
	134.460000	-43.356000	-25.200000
	134.480000	-43.752000	-22.600000
	134.500000	-44.100000	-20.000000
	134.520000	-44.400000	-17.400000
	134.540000	-44.652000	-15.000000
	134.560000	-44.844000	-12.400000
	134.580000	-44.976000	-9.600000
	134.600000	-45.060000	-6.800000
	134.620000	-45.096000	-4.200000
	134.640000	-45.084000	-1.800000
	134.660000	-45.036000	0.400000
	134.680000	-44.940000	2.600000
	134.700000	-44.808000	4.600000
	134.720000	-44.640000	6.600000
	134.740000	-44.436000	8.400000
	134.760000	-44.208000	10.000000
	134.780000	-43.944000	11.600000
	134.800000	-43.656000	13.000000
	134.820000	-43.344000	14.400000
	134.840000	-43.020000	15.400000
	134.860000	-42.672000	16.400000
	134.880000	-42.312000	17.200000
	134.900000	-41.928000	18.200000
	134.920000	-41.544000	18.800000
	134.940000	-41.136000	19.600000
	134.960000	-40.716000	20.200000
	134.980000	-40.284000	21.000000
	135.000000	-39.840000	21.600000
	135.020000	-39.396000	22.000000
	135.040000	-38.952000	22.200000
	135.060000	-38.520000	22.000000
	135.080000	-38.088000	21.800000
	135.100000	-37.656000	21.600000
	135.120000	-37.224000	21.600000
	135.140000	-36.804000	21.400000
	135.160000	-36.396000	21.000000
	135.180000	-36.000000	20.400000
	135.200000	-35.616000	19.800000
	135.220000	-35.244000	19.200000
	135.240000	-34.908000	18.200000
	135.260000	-34.584000	17.200000
	135.280000	-34.296000	15.800000
	135.300000	-34.020000	14.800000
	135.320000	-33.768000	13.600000
	135.340000	-33.540000	12.600000
	135.360000	-33.348000	11.200000
	135.380000	-33.192000	9.600000
	135.400000	-33.072000	7.800000
	135.420000	-32.976000	6.200000
	135.440000	-32.928000	4.400000
	135.460000	-32.904000	2.800000
	135.480000	-32.916000	1.000000
	135.500000	-32.952000	-0.400000
	135.520000	-33.036000	-2.200000
	135.540000	-33.156000	-4.000000
	135.560000	-33.336000	-6.400000
	135.580000	-33.504000	-7.800000
	135.600000	-33.708000	-9.200000
	135.620000	-33.924000	-9.800000
	135.640000	-34.200000	-11.600000
	135.660000	-34.500000	-13.200000
	135.680000	-34.824000	-15.000000
	135.700000	-35.184000	-16.400000
	135.720000	-35.580000	-18.000000
	135.740000	-36.000000	-19.600000
	135.760000	-36.456000	-21.200000
	135.780000	-36.936000	-22.600000
	135.800000	-37.452000	-24.200000
	135.820000	-37.992000	-25.600000
	135.840000	-38.568000	-27.200000
	135.860000	-39.168000	-28.600000
	135.880000	-39.780000	-29.800000
	135.900000	-40.416000	-30.800000
	135.920000	-41.088000	-32.000000
	135.940000	-41.796000	-33.600000
	135.960000	-42.516000	-35.000000
	135.980000	-43.248000	-36.000000
	136.000000	-43.992000	-36.600000
	136.020000	-44.772000	-37.600000
	136.040000	-45.552000	-38.400000
	136.060000	-46.344000	-39.200000
	136.080000	-47.124000	-39.200000
	136.100000	-47.916000	-39.400000
	136.120000	-48.708000	-39.400000
	136.140000	-49.500000	-39.600000
	136.160000	-50.304000	-39.800000
	136.180000	-51.084000	-39.600000
	136.200000	-51.876000	-39.600000
	136.220000	-52.644000	-39.000000
	136.240000	-53.424000	-39.000000
	136.260000	-54.168000	-38.200000
	136.280000	-54.900000	-37.600000
	136.300000	-55.608000	-36.400000
	136.320000	-56.292000	-35.400000
	136.340000	-56.940000	-34.000000
	136.360000	-57.564000	-32.600000
	136.380000	-58.176000	-31.400000
	136.400000	-58.764000	-30.400000
	136.420000	-59.304000	-29.000000
	136.440000	-59.796000	-27.000000
	136.460000	-60.240000	-24.600000
	136.480000	-60.660000	-22.600000
	136.500000	-61.032000	-20.600000
	136.520000	-61.356000	-18.600000
	136.540000	-61.620000	-16.000000
	136.560000	-61.836000	-13.400000
	136.580000	-62.004000	-10.800000
	136.600000	-62.112000	-8.200000
	136.620000	-62.160000	-5.400000
	136.640000	-62.148000	-2.400000
	136.660000	-62.088000	0.400000
	136.680000	-61.968000	3.200000
	136.700000	-61.800000	5.800000
	136.720000	-61.572000	8.600000
	136.740000	-61.296000	11.200000
	136.760000	-60.960000	14.000000
	136.780000	-60.588000	16.400000
	136.800000	-60.144000	19.200000
	136.820000	-59.664000	21.600000
	136.840000	-59.124000	24.400000
	136.860000	-58.536000	26.800000
	136.880000	-57.888000	29.600000
	136.900000	-57.192000	32.200000
	136.920000	-56.472000	34.400000
	136.940000	-55.692000	36.600000
	136.960000	-54.852000	39.000000
	136.980000	-53.940000	42.200000
	137.000000	-53.004000	44.800000
	137.020000	-52.032000	47.000000
	137.040000	-51.012000	48.800000
	137.060000	-49.932000	51.200000
	137.080000	-48.816000	53.600000
	137.100000	-47.688000	55.400000
	137.120000	-46.524000	56.800000
	137.140000	-45.336000	58.000000
	137.160000	-44.100000	59.800000
	137.180000	-42.828000	61.600000
	137.200000	-41.532000	63.400000
	137.220000	-40.212000	64.800000
	137.240000	-38.868000	66.000000
	137.260000	-37.500000	67.200000
	137.280000	-36.108000	68.400000
	137.300000	-34.704000	69.400000
	137.320000	-33.276000	70.400000
	137.340000	-31.836000	71.200000
	137.360000	-30.372000	72.200000
	137.380000	-28.896000	73.000000
	137.400000	-27.432000	73.400000
	137.420000	-25.932000	74.000000
	137.440000	-24.420000	74.600000
	137.460000	-22.872000	76.000000
	137.480000	-21.360000	76.200000
	137.500000	-19.848000	76.200000
	137.520000	-18.300000	76.200000
	137.540000	-16.776000	76.400000
	137.560000	-15.216000	77.200000
	137.580000	-13.668000	77.200000
	137.600000	-12.096000	78.000000
	137.620000	-10.524000	78.200000
	137.640000	-8.952000	78.600000
	137.660000	-7.368000	78.800000
	137.680000	-5.736000	79.800000
	137.700000	-4.152000	80.000000
	137.720000	-2.568000	80.000000
	137.740000	-1.020000	78.600000
	137.760000	0.576000	78.800000
	137.780000	2.172000	79.000000
	137.800000	3.744000	79.400000
	137.820000	5.328000	79.200000
	137.840000	6.912000	79.000000
	137.860000	8.484000	79.000000
	137.880000	10.056000	78.800000
	137.900000	11.616000	78.400000
	137.920000	13.188000	78.400000
	137.940000	14.724000	77.800000
	137.960000	16.284000	77.800000
	137.980000	17.844000	77.600000
	138.000000	19.416000	78.200000
	138.020000	20.952000	77.800000
	138.040000	22.464000	77.000000
	138.060000	23.952000	75.600000
	138.080000	25.464000	75.200000
	138.100000	26.988000	75.400000
	138.120000	28.488000	75.600000
	138.140000	29.940000	74.600000
	138.160000	31.380000	73.200000
	138.180000	32.796000	71.800000
	138.200000	34.248000	71.800000
	138.220000	35.640000	71.000000
	138.240000	37.044000	70.800000
	138.260000	38.400000	69.200000
	138.280000	39.768000	68.800000
	138.300000	41.112000	67.800000
	138.320000	42.432000	67.200000
	138.340000	43.716000	65.800000
	138.360000	44.988000	64.600000
	138.380000	46.224000	63.200000
	138.400000	47.424000	61.800000
	138.420000	48.576000	59.800000
	138.440000	49.704000	58.000000
	138.460000	50.808000	56.400000
	138.480000	51.864000	54.800000
	138.500000	52.872000	52.800000
	138.520000	53.844000	50.600000
	138.540000	54.768000	48.400000
	138.560000	55.644000	46.200000
	138.580000	56.472000	43.800000
	138.600000	57.252000	41.400000
	138.620000	57.984000	39.000000
	138.640000	58.656000	36.400000
	138.660000	59.280000	33.800000
	138.680000	59.844000	31.000000
	138.700000	60.348000	28.200000
	138.720000	60.792000	25.200000
	138.740000	61.176000	22.200000
	138.760000	61.500000	19.200000
	138.780000	61.764000	16.200000
	138.800000	61.968000	13.200000
	138.820000	62.100000	10.000000
	138.840000	62.172000	6.800000
	138.860000	62.184000	3.600000
	138.880000	62.148000	0.800000
	138.900000	62.052000	-2.000000
	138.920000	61.896000	-4.800000
	138.940000	61.692000	-7.600000
	138.960000	61.440000	-10.200000
	138.980000	61.128000	-12.800000
	139.000000	60.780000	-15.200000
	139.020000	60.384000	-17.600000
	139.040000	59.952000	-19.600000
	139.060000	59.472000	-21.800000
	139.080000	58.956000	-23.800000
	139.100000	58.404000	-25.800000
	139.120000	57.816000	-27.600000
	139.140000	57.180000	-29.600000
	139.160000	56.520000	-31.400000
	139.180000	55.824000	-33.200000
	139.200000	55.104000	-34.600000
	139.220000	54.348000	-36.200000
	139.240000	53.580000	-37.400000
	139.260000	52.788000	-38.600000
	139.280000	51.984000	-39.400000
	139.300000	51.156000	-40.400000
	139.320000	50.316000	-41.200000
	139.340000	49.464000	-42.000000
	139.360000	48.600000	-42.600000
	139.380000	47.724000	-43.200000
	139.400000	46.848000	-43.600000
	139.420000	45.960000	-44.000000
	139.440000	45.084000	-44.000000
	139.460000	44.196000	-44.200000
	139.480000	43.320000	-44.000000
	139.500000	42.444000	-44.000000
	139.520000	41.568000	-43.800000
	139.540000	40.692000	-43.800000
	139.560000	39.828000	-43.600000
	139.580000	39.000000	-42.800000
	139.600000	38.184000	-41.800000
	139.620000	37.380000	-40.800000
	139.640000	36.576000	-40.400000
	139.660000	35.796000	-39.800000
	139.680000	35.028000	-39.200000
	139.700000	34.296000	-38.000000
	139.720000	33.576000	-37.000000
	139.740000	32.892000	-35.600000
	139.760000	32.220000	-34.600000
	139.780000	31.572000	-33.400000
	139.800000	30.948000	-32.400000
	139.820000	30.372000	-30.800000
	139.840000	29.832000	-29.000000
	139.860000	29.316000	-27.200000
	139.880000	28.812000	-26.000000
	139.900000	28.356000	-24.600000
	139.920000	27.924000	-23.200000
	139.940000	27.528000	-21.400000
	139.960000	27.156000	-20.000000
	139.980000	26.832000	-18.200000
	140.000000	26.544000	-16.400000
	140.020000	26.292000	-14.400000
	140.040000	26.076000	-12.600000
	140.060000	25.896000	-10.800000
	140.080000	25.752000	-9.000000
	140.100000	25.656000	-7.000000
	140.120000	25.596000	-5.000000
	140.140000	25.572000	-3.000000
	140.160000	25.572000	-1.400000
	140.180000	25.620000	0.400000
	140.200000	25.704000	2.200000
	140.220000	25.824000	4.200000
	140.240000	25.968000	5.800000
	140.260000	26.148000	7.400000
	140.280000	26.352000	8.800000
	140.300000	26.592000	10.400000
	140.320000	26.856000	11.800000
	140.340000	27.156000	13.400000
	140.360000	27.480000	14.800000
	140.380000	27.840000	16.400000
	140.400000	28.224000	17.800000
	140.420000	28.632000	19.200000
	140.440000	29.064000	20.400000
	140.460000	29.520000	21.600000
	140.480000	30.000000	22.800000
	140.500000	30.516000	24.200000
	140.520000	31.068000	25.800000
	140.540000	31.644000	27.400000
	140.560000	32.244000	28.800000
	140.580000	32.856000	29.800000
	140.600000	33.492000	30.800000
	140.620000	34.128000	31.400000
	140.640000	34.788000	32.200000
	140.660000	35.472000	33.000000
	140.680000	36.192000	34.400000
	140.700000	36.924000	35.600000
	140.720000	37.668000	36.600000
	140.740000	38.400000	36.800000
	140.760000	39.156000	37.200000
	140.780000	39.924000	37.600000
	140.800000	40.716000	38.600000
	140.820000	41.496000	39.000000
	140.840000	42.288000	39.400000
	140.860000	43.080000	39.400000
	140.880000	43.872000	39.600000
	140.900000	44.652000	39.400000
	140.920000	45.420000	39.000000
	140.940000	46.200000	38.800000
	140.960000	46.980000	38.800000
	140.980000	47.760000	39.000000
	141.000000	48.504000	38.400000
	141.020000	49.224000	37.400000
	141.040000	49.932000	36.200000
	141.060000	50.640000	35.600000
	141.080000	51.324000	35.000000
	141.100000	51.984000	34.200000
	141.120000	52.620000	33.000000
	141.140000	53.232000	31.800000
	141.160000	53.808000	30.400000
	141.180000	54.360000	29.000000
	141.200000	54.876000	27.400000
	141.220000	55.356000	25.800000
	141.240000	55.788000	23.800000
	141.260000	56.184000	21.800000
	141.280000	56.544000	19.800000
	141.300000	56.868000	18.000000
	141.320000	57.144000	16.000000
	141.340000	57.372000	13.800000
	141.360000	57.552000	11.400000
	141.380000	57.696000	9.200000
	141.400000	57.792000	7.000000
	141.420000	57.840000	4.800000
	141.440000	57.828000	2.200000
	141.460000	57.768000	-0.400000
	141.480000	57.660000	-3.000000
	141.500000	57.516000	-5.200000
	141.520000	57.336000	-7.200000
	141.540000	57.108000	-9.200000
	141.560000	56.832000	-11.400000
	141.580000	56.508000	-13.800000
	141.600000	56.148000	-16.000000
	141.620000	55.752000	-18.000000
	141.640000	55.308000	-20.000000
	141.660000	54.828000	-22.000000
	141.680000	54.300000	-24.200000
	141.700000	53.748000	-26.000000
	141.720000	53.160000	-27.800000
	141.740000	52.536000	-29.400000
	141.760000	51.852000	-31.600000
	141.780000	51.132000	-33.800000
	141.800000	50.376000	-36.000000
	141.820000	49.596000	-37.600000
	141.840000	48.804000	-38.800000
	141.860000	47.988000	-39.800000
	141.880000	47.136000	-41.000000
	141.900000	46.224000	-43.000000
	141.920000	45.300000	-44.800000
	141.940000	44.376000	-46.000000
	141.960000	43.428000	-46.600000
	141.980000	42.432000	-47.800000
	142.000000	41.400000	-49.600000
	142.020000	40.368000	-51.000000
	142.040000	39.336000	-51.600000
	142.060000	38.268000	-52.200000
	142.080000	37.188000	-53.000000
	142.100000	36.084000	-54.200000
	142.120000	34.992000	-54.600000
	142.140000	33.876000	-55.200000
	142.160000	32.748000	-55.600000
	142.180000	31.620000	-56.200000
	142.200000	30.468000	-56.800000
	142.220000	29.328000	-57.000000
	142.240000	28.176000	-57.400000
	142.260000	27.024000	-57.400000
	142.280000	25.860000	-57.800000
	142.300000	24.696000	-58.000000
	142.320000	23.532000	-58.200000
	142.340000	22.368000	-58.200000
	142.360000	21.204000	-58.200000
	142.380000	20.040000	-58.200000
	142.400000	18.888000	-58.000000
	142.420000	17.724000	-58.000000
	142.440000	16.584000	-57.600000
	142.460000	15.444000	-57.400000
	142.480000	14.304000	-57.000000
	142.500000	13.164000	-57.000000
	142.520000	12.048000	-56.600000
	142.540000	10.956000	-55.800000
	142.560000	9.864000	-55.000000
	142.580000	8.736000	-55.200000
	142.600000	7.656000	-55.000000
	142.620000	6.600000	-54.400000
	142.640000	5.580000	-52.600000
	142.660000	4.536000	-52.000000
	142.680000	3.516000	-51.400000
	142.700000	2.508000	-51.200000
	142.720000	1.536000	-50.000000
	142.740000	0.564000	-49.200000
	142.760000	-0.384000	-48.200000
	142.780000	-1.320000	-47.600000
	142.800000	-2.244000	-46.800000
	142.820000	-3.144000	-46.000000
	142.840000	-4.020000	-45.000000
	142.860000	-4.848000	-43.400000
	142.880000	-5.664000	-42.000000
	142.900000	-6.444000	-40.400000
	142.920000	-7.212000	-39.400000
	142.940000	-7.932000	-37.800000
	142.960000	-8.640000	-36.600000
	142.980000	-9.324000	-35.200000
	143.000000	-9.984000	-34.200000
	143.020000	-10.620000	-33.000000
	143.040000	-11.208000	-31.400000
	143.060000	-11.772000	-29.800000
	143.080000	-12.288000	-27.800000
	143.100000	-12.792000	-26.400000
	143.120000	-13.260000	-24.800000
	143.140000	-13.716000	-23.800000
	143.160000	-14.124000	-22.200000
	143.180000	-14.496000	-20.600000
	143.200000	-14.844000	-18.800000
	143.220000	-15.168000	-17.400000
	143.240000	-15.456000	-16.000000
	143.260000	-15.708000	-14.400000
	143.280000	-15.936000	-12.800000
	143.300000	-16.140000	-11.400000
	143.320000	-16.308000	-10.000000
	143.340000	-16.452000	-8.600000
	143.360000	-16.572000	-7.200000
	143.380000	-16.668000	-6.000000
	143.400000	-16.728000	-4.600000
	143.420000	-16.764000	-3.200000
	143.440000	-16.776000	-1.800000
	143.460000	-16.764000	-0.600000
	143.480000	-16.740000	0.400000
	143.500000	-16.692000	1.400000
	143.520000	-16.644000	2.000000
	143.540000	-16.572000	2.800000
	143.560000	-16.500000	3.200000
	143.580000	-16.404000	4.000000
	143.600000	-16.320000	4.200000
	143.620000	-16.224000	4.600000
	143.640000	-16.128000	4.600000
	143.660000	-16.032000	4.800000
	143.680000	-15.936000	4.800000
	143.700000	-15.852000	4.600000
	143.720000	-15.756000	4.600000
	143.740000	-15.672000	4.400000
	143.760000	-15.600000	4.200000
	143.780000	-15.540000	3.600000
	143.800000	-15.492000	3.000000
	143.820000	-15.456000	2.400000
	143.840000	-15.444000	1.600000
	143.860000	-15.444000	0.800000
	143.880000	-15.456000	0.000000
	143.900000	-15.492000	-0.800000
	143.920000	-15.552000	-1.800000
	143.940000	-15.624000	-2.800000
	143.960000	-15.696000	-3.400000
	143.980000	-15.780000	-3.800000
	144.000000	-15.888000	-4.400000
	144.020000	-16.020000	-5.400000
	144.040000	-16.176000	-6.600000
	144.060000	-16.344000	-7.600000
	144.080000	-16.536000	-8.600000
	144.100000	-16.740000	-9.400000
	144.120000	-16.956000	-10.200000
	144.140000	-17.196000	-11.000000
	144.160000	-17.460000	-12.000000
	144.180000	-17.748000	-13.200000
	144.200000	-18.048000	-14.200000
	144.220000	-18.384000	-15.400000
	144.240000	-18.744000	-16.600000
	144.260000	-19.140000	-18.200000
	144.280000	-19.548000	-19.400000
	144.300000	-19.992000	-20.800000
	144.320000	-20.460000	-22.000000
	144.340000	-20.964000	-23.600000
	144.360000	-21.492000	-25.000000
	144.380000	-22.056000	-26.600000
	144.400000	-22.644000	-28.000000
	144.420000	-23.268000	-29.600000
	144.440000	-23.916000	-31.000000
	144.460000	-24.588000	-32.400000
	144.480000	-25.296000	-33.800000
	144.500000	-26.028000	-35.200000
	144.520000	-26.820000	-37.200000
	144.540000	-27.624000	-38.800000
	144.560000	-28.464000	-40.600000
	144.580000	-29.328000	-41.800000
	144.600000	-30.216000	-43.200000
	144.620000	-31.128000	-44.400000
	144.640000	-32.052000	-45.400000
	144.660000	-33.012000	-46.600000
	144.680000	-34.008000	-48.000000
	144.700000	-35.016000	-49.400000
	144.720000	-36.060000	-50.800000
	144.740000	-37.116000	-51.800000
	144.760000	-38.208000	-53.200000
	144.780000	-39.324000	-54.400000
	144.800000	-40.440000	-55.400000
	144.820000	-41.568000	-56.000000
	144.840000	-42.696000	-56.200000
	144.860000	-43.836000	-56.600000
	144.880000	-44.988000	-57.000000
	144.900000	-46.152000	-57.600000
	144.920000	-47.340000	-58.400000
	144.940000	-48.504000	-58.600000
	144.960000	-49.656000	-58.400000
	144.980000	-50.820000	-58.000000
	145.000000	-51.996000	-58.200000
	145.020000	-53.136000	-58.000000
	145.040000	-54.240000	-57.000000
	145.060000	-55.320000	-55.400000
	145.080000	-56.412000	-54.600000
	145.100000	-57.468000	-53.800000
	145.120000	-58.500000	-53.000000
	145.140000	-59.484000	-51.200000
	145.160000	-60.444000	-49.600000
	145.180000	-61.344000	-47.400000
	145.200000	-62.220000	-45.600000
	145.220000	-63.048000	-43.400000
	145.240000	-63.828000	-41.400000
	145.260000	-64.548000	-38.800000
	145.280000	-65.208000	-36.000000
	145.300000	-65.820000	-33.200000
	145.320000	-66.360000	-30.200000
	145.340000	-66.816000	-26.800000
	145.360000	-67.212000	-23.200000
	145.380000	-67.524000	-19.400000
	145.400000	-67.776000	-16.000000
	145.420000	-67.944000	-12.200000
	145.440000	-68.040000	-8.600000
	145.460000	-68.052000	-4.600000
	145.480000	-67.980000	-0.600000
	145.500000	-67.836000	3.400000
	145.520000	-67.620000	7.200000
	145.540000	-67.332000	10.800000
	145.560000	-66.972000	14.400000
	145.580000	-66.528000	18.200000
	145.600000	-66.024000	21.800000
	145.620000	-65.448000	25.400000
	145.640000	-64.800000	28.800000
	145.660000	-64.068000	32.600000
	145.680000	-63.276000	36.200000
	145.700000	-62.424000	39.600000
	145.720000	-61.512000	42.600000
	145.740000	-60.504000	46.200000
	145.760000	-59.448000	49.600000
	145.780000	-58.344000	52.800000
	145.800000	-57.204000	55.000000
	145.820000	-55.992000	57.600000
	145.840000	-54.720000	60.400000
	145.860000	-53.400000	63.400000
	145.880000	-52.032000	66.000000
	145.900000	-50.628000	68.200000
	145.920000	-49.200000	70.000000
	145.940000	-47.736000	71.600000
	145.960000	-46.236000	73.200000
	145.980000	-44.688000	75.200000
	146.000000	-43.116000	77.000000
	146.020000	-41.484000	79.200000
	146.040000	-39.828000	81.000000
	146.060000	-38.160000	82.600000
	146.080000	-36.480000	83.400000
	146.100000	-34.800000	83.800000
	146.120000	-33.084000	84.600000
	146.140000	-31.356000	85.400000
	146.160000	-29.580000	87.000000
	146.180000	-27.816000	87.800000
	146.200000	-26.064000	88.200000
	146.220000	-24.312000	87.800000
	146.240000	-22.548000	87.800000
	146.260000	-20.724000	89.000000
	146.280000	-18.912000	90.000000
	146.300000	-17.088000	91.000000
	146.320000	-15.264000	91.000000
	146.340000	-13.452000	91.000000
	146.360000	-11.628000	91.000000
	146.380000	-9.840000	90.400000
	146.400000	-7.980000	91.200000
	146.420000	-6.132000	91.600000
	146.440000	-4.248000	93.200000
	146.460000	-2.424000	92.600000
	146.480000	-0.588000	92.400000
	146.500000	1.260000	91.800000
	146.520000	3.120000	92.400000
	146.540000	5.004000	93.200000
	146.560000	6.840000	93.000000
	146.580000	8.700000	93.000000
	146.600000	10.524000	92.000000
	146.620000	12.372000	92.200000
	146.640000	14.220000	92.000000
	146.660000	16.068000	92.400000
	146.680000	17.916000	92.400000
	146.700000	19.728000	91.800000
	146.720000	21.588000	92.000000
	146.740000	23.424000	91.800000
	146.760000	25.260000	92.200000
	146.780000	27.060000	91.200000
	146.800000	28.848000	90.400000
	146.820000	30.660000	90.000000
	146.840000	32.472000	90.200000
	146.860000	34.284000	90.600000
	146.880000	36.084000	90.400000
	146.900000	37.872000	90.000000
	146.920000	39.636000	89.200000
	146.940000	41.388000	88.400000
	146.960000	43.128000	87.600000
	146.980000	44.856000	87.000000
	147.000000	46.584000	86.600000
	147.020000	48.240000	85.200000
	147.040000	49.884000	83.800000
	147.060000	51.480000	81.600000
	147.080000	53.064000	80.400000
	147.100000	54.624000	79.000000
	147.120000	56.148000	77.800000
	147.140000	57.624000	76.000000
	147.160000	59.052000	73.800000
	147.180000	60.420000	71.200000
	147.200000	61.752000	68.800000
	147.220000	63.024000	66.200000
	147.240000	64.224000	63.400000
	147.260000	65.376000	60.400000
	147.280000	66.444000	57.000000
	147.300000	67.476000	54.200000
	147.320000	68.400000	50.400000
	147.340000	69.276000	47.200000
	147.360000	70.056000	43.000000
	147.380000	70.764000	39.400000
	147.400000	71.388000	35.200000
	147.420000	71.916000	31.000000
	147.440000	72.384000	27.000000
	147.460000	72.744000	22.600000
	147.480000	73.020000	18.400000
	147.500000	73.188000	13.400000
	147.520000	73.272000	8.800000
	147.540000	73.272000	4.200000
	147.560000	73.188000	0.000000
	147.580000	73.020000	-4.200000
	147.600000	72.768000	-8.400000
	147.620000	72.432000	-12.600000
	147.640000	72.024000	-16.600000
	147.660000	71.532000	-20.600000
	147.680000	70.968000	-24.400000
	147.700000	70.332000	-28.200000
	147.720000	69.624000	-31.800000
	147.740000	68.856000	-35.200000
	147.760000	68.016000	-38.600000
	147.780000	67.116000	-41.800000
	147.800000	66.180000	-44.600000
	147.820000	65.184000	-47.200000
	147.840000	64.140000	-49.600000
	147.860000	63.012000	-52.800000
	147.880000	61.848000	-55.600000
	147.900000	60.672000	-57.800000
	147.920000	59.460000	-59.200000
	147.940000	58.212000	-60.600000
	147.960000	56.904000	-62.800000
	147.980000	55.584000	-64.600000
	148.000000	54.240000	-66.200000
	148.020000	52.872000	-67.200000
	148.040000	51.492000	-68.200000
	148.060000	50.088000	-69.200000
	148.080000	48.684000	-69.800000
	148.100000	47.256000	-70.600000
	148.120000	45.816000	-71.200000
	148.140000	44.376000	-71.800000
	148.160000	42.936000	-72.000000
	148.180000	41.520000	-71.600000
	148.200000	40.080000	-71.600000
	148.220000	38.652000	-71.400000
	148.240000	37.200000	-72.000000
	148.260000	35.772000	-71.800000
	148.280000	34.344000	-71.800000
	148.300000	32.952000	-70.800000
	148.320000	31.584000	-69.800000
	148.340000	30.228000	-68.600000
	148.360000	28.872000	-68.000000
	148.380000	27.528000	-67.600000
	148.400000	26.196000	-67.200000
	148.420000	24.876000	-66.600000
	148.440000	23.580000	-65.800000
	148.460000	22.296000	-65.000000
	148.480000	21.060000	-63.600000
	148.500000	19.824000	-62.600000
	148.520000	18.612000	-61.400000
	148.540000	17.424000	-60.600000
	148.560000	16.260000	-59.400000
	148.580000	15.144000	-57.800000
	148.600000	14.028000	-56.600000
	148.620000	12.936000	-55.400000
	148.640000	11.856000	-54.800000
	148.660000	10.800000	-53.800000
	148.680000	9.804000	-52.200000
	148.700000	8.832000	-50.400000
	148.720000	7.896000	-48.400000
	148.740000	6.972000	-47.200000
	148.760000	6.072000	-46.000000
	148.780000	5.208000	-44.800000
	148.800000	4.368000	-43.400000
	148.820000	3.552000	-42.000000
	148.840000	2.772000	-40.600000
	148.860000	2.016000	-39.200000
	148.880000	1.308000	-37.400000
	148.900000	0.624000	-35.800000
	148.920000	-0.024000	-34.000000
	148.940000	-0.648000	-32.600000
	148.960000	-1.236000	-31.000000
	148.980000	-1.812000	-29.800000
	149.000000	-2.340000	-28.200000
	149.020000	-2.856000	-27.000000
	149.040000	-3.324000	-25.200000
	149.060000	-3.768000	-23.800000
	149.080000	-4.176000	-22.000000
	149.100000	-4.560000	-20.600000
	149.120000	-4.920000	-19.200000
	149.140000	-5.244000	-17.800000
	149.160000	-5.532000	-16.200000
	149.180000	-5.808000	-14.800000
	149.200000	-6.048000	-13.400000
	149.220000	-6.264000	-12.200000
	149.240000	-6.444000	-10.600000
	149.260000	-6.612000	-9.400000
	149.280000	-6.756000	-8.200000
	149.300000	-6.876000	-7.200000
	149.320000	-6.972000	-6.000000
	149.340000	-7.056000	-5.000000
	149.360000	-7.116000	-4.000000
	149.380000	-7.164000	-3.200000
	149.400000	-7.188000	-2.200000
	149.420000	-7.200000	-1.400000
	149.440000	-7.200000	-0.600000
	149.460000	-7.188000	0.000000
	149.480000	-7.164000	0.600000
	149.500000	-7.140000	1.000000
	149.520000	-7.116000	1.200000
	149.540000	-7.092000	1.200000
	149.560000	-7.056000	1.400000
	149.580000	-7.020000	1.600000
	149.600000	-6.996000	1.600000
	149.620000	-6.984000	1.200000
	149.640000	-6.972000	0.800000
	149.660000	-6.960000	0.600000
	149.680000	-6.960000	0.400000
	149.700000	-6.972000	0.000000
	149.720000	-6.996000	-0.600000
	149.740000	-7.020000	-1.000000
	149.760000	-7.056000	-1.400000
	149.780000	-7.104000	-1.800000
	149.800000	-7.164000	-2.400000
	149.820000	-7.236000	-3.000000
	149.840000	-7.320000	-3.600000
	149.860000	-7.428000	-4.400000
	149.880000	-7.548000	-5.200000
	149.900000	-7.680000	-6.000000
	149.920000	-7.824000	-6.600000
	149.940000	-7.992000	-7.400000
	149.960000	-8.184000	-8.400000
	149.980000	-8.400000	-9.600000
	150.000000	-8.640000	-10.800000
	150.020000	-8.904000	-12.000000
	150.040000	-9.180000	-13.000000
	150.060000	-9.480000	-14.000000
	150.080000	-9.816000	-15.200000
	150.100000	-10.176000	-16.600000
	150.120000	-10.584000	-18.400000
	150.140000	-11.004000	-19.800000
	150.160000	-11.472000	-21.600000
	150.180000	-11.952000	-22.800000
	150.200000	-12.468000	-24.400000
	150.220000	-13.008000	-25.600000
	150.240000	-13.584000	-27.200000
	150.260000	-14.208000	-29.000000
	150.280000	-14.856000	-30.800000
	150.300000	-15.528000	-32.400000
	150.320000	-16.236000	-33.800000
	150.340000	-16.992000	-35.600000
	150.360000	-17.796000	-37.800000
	150.380000	-18.612000	-39.600000
	150.400000	-19.452000	-41.000000
	150.420000	-20.328000	-42.200000
	150.440000	-21.252000	-44.000000
	150.460000	-22.224000	-46.200000
	150.480000	-23.208000	-48.000000
	150.500000	-24.228000	-49.600000
	150.520000	-25.272000	-50.800000
	150.540000	-26.352000	-52.400000
	150.560000	-27.444000	-53.600000
	150.580000	-28.584000	-55.200000
	150.600000	-29.748000	-56.600000
	150.620000	-30.936000	-58.200000
	150.640000	-32.124000	-59.000000
	150.660000	-33.360000	-60.200000
	150.680000	-34.608000	-61.200000
	150.700000	-35.904000	-63.000000
	150.720000	-37.188000	-63.800000
	150.740000	-38.496000	-64.800000
	150.760000	-39.780000	-64.600000
	150.780000	-41.088000	-65.000000
	150.800000	-42.420000	-65.400000
	150.820000	-43.800000	-67.000000
	150.840000	-45.144000	-67.600000
	150.860000	-46.512000	-68.200000
	150.880000	-47.808000	-66.800000
	150.900000	-49.152000	-66.800000
	150.920000	-50.448000	-65.600000
	150.940000	-51.780000	-66.200000
	150.960000	-53.064000	-65.200000
	150.980000	-54.336000	-64.800000
	151.000000	-55.560000	-63.000000
	151.020000	-56.772000	-61.800000
	151.040000	-57.948000	-60.200000
	151.060000	-59.100000	-59.000000
	151.080000	-60.192000	-57.000000
	151.100000	-61.248000	-55.000000
	151.120000	-62.244000	-52.400000
	151.140000	-63.204000	-50.200000
	151.160000	-64.104000	-47.600000
	151.180000	-64.932000	-44.800000
	151.200000	-65.700000	-41.600000
	151.220000	-66.384000	-38.000000
	151.240000	-67.008000	-34.600000
	151.260000	-67.560000	-31.000000
	151.280000	-68.040000	-27.600000
	151.300000	-68.436000	-23.800000
	151.320000	-68.736000	-19.600000
	151.340000	-68.952000	-15.200000
	151.360000	-69.084000	-10.800000
	151.380000	-69.132000	-6.600000
	151.400000	-69.096000	-2.400000
	151.420000	-68.964000	2.000000
	151.440000	-68.748000	6.400000
	151.460000	-68.448000	10.800000
	151.480000	-68.064000	15.000000
	151.500000	-67.608000	19.000000
	151.520000	-67.068000	23.000000
	151.540000	-66.456000	26.800000
	151.560000	-65.748000	31.000000
	151.580000	-64.956000	35.200000
	151.600000	-64.104000	39.200000
	151.620000	-63.180000	42.800000
	151.640000	-62.184000	46.200000
	151.660000	-61.116000	49.800000
	151.680000	-59.976000	53.400000
	151.700000	-58.788000	56.600000
	151.720000	-57.552000	59.400000
	151.740000	-56.256000	62.000000
	151.760000	-54.888000	65.000000
	151.780000	-53.472000	68.000000
	151.800000	-52.008000	70.800000
	151.820000	-50.520000	72.800000
	151.840000	-48.960000	75.200000
	151.860000	-47.364000	77.400000
	151.880000	-45.720000	80.000000
	151.900000	-44.064000	81.600000
	151.920000	-42.384000	83.000000
	151.940000	-40.692000	83.800000
	151.960000	-38.952000	85.200000
	151.980000	-37.188000	86.600000
	152.000000	-35.412000	88.000000
	152.020000	-33.648000	88.400000
	152.040000	-31.860000	88.800000
	152.060000	-30.036000	89.600000
	152.080000	-28.164000	91.400000
	152.100000	-26.292000	92.800000
	152.120000	-24.432000	93.400000
	152.140000	-22.596000	92.800000
	152.160000	-20.760000	92.200000
	152.180000	-18.876000	92.600000
	152.200000	-16.968000	93.800000
	152.220000	-15.072000	94.800000
	152.240000	-13.188000	94.800000
	152.260000	-11.304000	94.400000
	152.280000	-9.420000	94.200000
	152.300000	-7.560000	93.800000
	152.320000	-5.688000	93.600000
	152.340000	-3.792000	93.800000
	152.360000	-1.896000	94.400000
	152.380000	-0.036000	94.200000
	152.400000	1.824000	93.600000
	152.420000	3.732000	93.800000
	152.440000	5.640000	94.600000
	152.460000	7.548000	95.400000
	152.480000	9.396000	94.400000
	152.500000	11.268000	93.800000
	152.520000	13.104000	92.600000
	152.540000	14.940000	92.400000
	152.560000	16.764000	91.600000
	152.580000	18.600000	91.600000
	152.600000	20.460000	92.000000
	152.620000	22.308000	92.400000
	152.640000	24.108000	91.800000
	152.660000	25.896000	90.600000
	152.680000	27.684000	89.600000
	152.700000	29.508000	90.000000
	152.720000	31.296000	90.000000
	152.740000	33.072000	89.800000
	152.760000	34.824000	88.600000
	152.780000	36.588000	88.200000
	152.800000	38.304000	87.200000
	152.820000	40.020000	86.600000
	152.840000	41.748000	86.000000
	152.860000	43.452000	85.800000
	152.880000	45.108000	84.800000
	152.900000	46.716000	82.800000
	152.920000	48.300000	80.800000
	152.940000	49.908000	80.000000
	152.960000	51.432000	78.600000
	152.980000	52.968000	77.800000
	153.000000	54.396000	74.800000
	153.020000	55.824000	73.200000
	153.040000	57.192000	70.400000
	153.060000	58.548000	69.200000
	153.080000	59.832000	66.800000
	153.100000	61.068000	64.600000
	153.120000	62.244000	61.600000
	153.140000	63.384000	59.200000
	153.160000	64.440000	56.200000
	153.180000	65.424000	53.000000
	153.200000	66.324000	49.000000
	153.220000	67.164000	45.400000
	153.240000	67.932000	41.800000
	153.260000	68.640000	38.600000
	153.280000	69.264000	35.000000
	153.300000	69.804000	31.200000
	153.320000	70.260000	27.000000
	153.340000	70.632000	22.800000
	153.360000	70.932000	18.800000
	153.380000	71.136000	14.600000
	153.400000	71.256000	10.400000
	153.420000	71.292000	6.000000
	153.440000	71.244000	1.800000
	153.460000	71.124000	-2.200000
	153.480000	70.920000	-6.200000
	153.500000	70.644000	-10.000000
	153.520000	70.296000	-13.800000
	153.540000	69.876000	-17.400000
	153.560000	69.396000	-20.800000
	153.580000	68.844000	-24.200000
	153.600000	68.232000	-27.400000
	153.620000	67.560000	-30.600000
	153.640000	66.828000	-33.600000
	153.660000	66.024000	-36.800000
	153.680000	65.172000	-39.800000
	153.700000	64.260000	-42.800000
	153.720000	63.312000	-45.200000
	153.740000	62.316000	-47.600000
	153.760000	61.296000	-49.400000
	153.780000	60.240000	-51.200000
	153.800000	59.136000	-53.000000
	153.820000	57.996000	-55.000000
	153.840000	56.832000	-56.800000
	153.860000	55.644000	-58.200000
	153.880000	54.432000	-59.400000
	153.900000	53.196000	-60.600000
	153.920000	51.960000	-61.400000
	153.940000	50.700000	-62.200000
	153.960000	49.428000	-62.800000
	153.980000	48.120000	-64.000000
	154.000000	46.848000	-64.200000
	154.020000	45.552000	-64.600000
	154.040000	44.280000	-64.000000
	154.060000	42.972000	-64.600000
	154.080000	41.700000	-64.200000
	154.100000	40.416000	-64.400000
	154.120000	39.156000	-63.600000
	154.140000	37.872000	-63.800000
	154.160000	36.612000	-63.400000
	154.180000	35.364000	-63.200000
	154.200000	34.152000	-62.000000
	154.220000	32.964000	-60.800000
	154.240000	31.776000	-59.800000
	154.260000	30.588000	-59.400000
	154.280000	29.412000	-59.200000
	154.300000	28.272000	-58.400000
	154.320000	27.180000	-56.800000
	154.340000	26.112000	-55.000000
	154.360000	25.056000	-53.600000
	154.380000	24.000000	-53.000000
	154.400000	22.980000	-52.200000
	154.420000	21.996000	-51.000000
	154.440000	21.072000	-48.800000
	154.460000	20.148000	-47.200000
	154.480000	19.260000	-45.600000
	154.500000	18.384000	-44.800000
	154.520000	17.544000	-43.400000
	154.540000	16.728000	-42.200000
	154.560000	15.948000	-40.600000
	154.580000	15.216000	-38.800000
	154.600000	14.508000	-37.000000
	154.620000	13.824000	-35.400000
	154.640000	13.164000	-34.200000
	154.660000	12.540000	-32.800000
	154.680000	11.964000	-31.000000
	154.700000	11.412000	-29.200000
	154.720000	10.896000	-27.400000
	154.740000	10.404000	-26.000000
	154.760000	9.960000	-24.200000
	154.780000	9.540000	-22.600000
	154.800000	9.156000	-20.800000
	154.820000	8.808000	-19.200000
	154.840000	8.496000	-17.400000
	154.860000	8.220000	-15.600000
	154.880000	7.956000	-14.200000
	154.900000	7.728000	-12.800000
	154.920000	7.536000	-11.400000
	154.940000	7.380000	-9.600000
	154.960000	7.248000	-8.000000
	154.980000	7.140000	-6.600000
	155.000000	7.068000	-5.200000
	155.020000	7.020000	-3.800000
	155.040000	6.996000	-2.400000
	155.060000	6.996000	-1.200000
	155.080000	7.032000	0.200000
	155.100000	7.080000	1.400000
	155.120000	7.152000	2.600000
	155.140000	7.224000	3.200000
	155.160000	7.320000	4.000000
	155.180000	7.428000	4.600000
	155.200000	7.560000	5.600000
	155.220000	7.704000	6.400000
	155.240000	7.848000	7.000000
	155.260000	7.992000	7.200000
	155.280000	8.148000	7.400000
	155.300000	8.304000	7.600000
	155.320000	8.472000	8.000000
	155.340000	8.628000	8.000000
	155.360000	8.796000	8.200000
	155.380000	8.952000	8.000000
	155.400000	9.108000	8.000000
	155.420000	9.252000	7.600000
	155.440000	9.384000	7.200000
	155.460000	9.516000	6.800000
	155.480000	9.636000	6.400000
	155.500000	9.756000	6.200000
	155.520000	9.864000	5.800000
	155.540000	9.960000	5.400000
	155.560000	10.044000	4.800000
	155.580000	10.104000	4.000000
	155.600000	10.152000	3.200000
	155.620000	10.188000	2.400000
	155.640000	10.212000	1.800000
	155.660000	10.212000	1.000000
	155.680000	10.188000	0.000000
	155.700000	10.152000	-1.000000
	155.720000	10.104000	-1.800000
	155.740000	10.032000	-2.600000
	155.760000	9.936000	-3.600000
	155.780000	9.828000	-4.600000
	155.800000	9.708000	-5.400000
	155.820000	9.564000	-6.200000
	155.840000	9.384000	-7.400000
	155.860000	9.180000	-8.800000
	155.880000	8.952000	-10.200000
	155.900000	8.700000	-11.400000
	155.920000	8.424000	-12.600000
	155.940000	8.112000	-14.000000
	155.960000	7.776000	-15.400000
	155.980000	7.404000	-17.000000
	156.000000	7.020000	-18.200000
	156.020000	6.588000	-19.800000
	156.040000	6.132000	-21.200000
	156.060000	5.628000	-23.200000
	156.080000	5.112000	-24.600000
	156.100000	4.560000	-26.200000
	156.120000	3.984000	-27.400000
	156.140000	3.360000	-29.200000
	156.160000	2.700000	-31.000000
	156.180000	1.992000	-33.200000
	156.200000	1.260000	-35.000000
	156.220000	0.480000	-37.000000
	156.240000	-0.312000	-38.400000
	156.260000	-1.152000	-40.200000
	156.280000	-2.028000	-41.800000
	156.300000	-2.940000	-43.800000
	156.320000	-3.876000	-45.400000
	156.340000	-4.860000	-47.200000
	156.360000	-5.868000	-48.800000
	156.380000	-6.924000	-50.800000
	156.400000	-7.992000	-52.200000
	156.420000	-9.132000	-54.400000
	156.440000	-10.296000	-56.200000
	156.460000	-11.496000	-58.400000
	156.480000	-12.720000	-59.800000
	156.500000	-13.968000	-61.200000
	156.520000	-15.252000	-62.600000
	156.540000	-16.560000	-64.000000
	156.560000	-17.904000	-65.600000
	156.580000	-19.284000	-67.200000
	156.600000	-20.700000	-69.000000
	156.620000	-22.116000	-70.200000
	156.640000	-23.568000	-71.400000
	156.660000	-25.032000	-72.200000
	156.680000	-26.544000	-73.800000
	156.700000	-28.044000	-74.600000
	156.720000	-29.568000	-75.600000
	156.740000	-31.092000	-75.800000
	156.760000	-32.640000	-76.600000
	156.780000	-34.200000	-77.200000
	156.800000	-35.772000	-78.000000
	156.820000	-37.344000	-78.400000
	156.840000	-38.916000	-78.600000
	156.860000	-40.476000	-78.400000
	156.880000	-42.036000	-78.200000
	156.900000	-43.572000	-77.600000
	156.920000	-45.120000	-77.400000
	156.940000	-46.644000	-76.800000
	156.960000	-48.168000	-76.600000
	156.980000	-49.656000	-75.600000
	157.000000	-51.120000	-74.600000
	157.020000	-52.548000	-73.000000
	157.040000	-53.928000	-71.200000
	157.060000	-55.248000	-68.800000
	157.080000	-56.532000	-66.400000
	157.100000	-57.804000	-64.600000
	157.120000	-59.004000	-62.600000
	157.140000	-60.144000	-60.200000
	157.160000	-61.212000	-56.800000
	157.180000	-62.232000	-53.800000
	157.200000	-63.156000	-50.200000
	157.220000	-64.008000	-46.600000
	157.240000	-64.788000	-42.600000
	157.260000	-65.508000	-39.200000
	157.280000	-66.144000	-35.600000
	157.300000	-66.696000	-31.800000
	157.320000	-67.152000	-27.400000
	157.340000	-67.500000	-22.600000
	157.360000	-67.764000	-17.800000
	157.380000	-67.932000	-13.000000
	157.400000	-68.016000	-8.600000
	157.420000	-68.004000	-4.000000
	157.440000	-67.896000	0.600000
	157.460000	-67.692000	5.400000
	157.480000	-67.392000	10.200000
	157.500000	-66.996000	15.000000
	157.520000	-66.516000	19.600000
	157.540000	-65.964000	23.800000
	157.560000	-65.340000	27.600000
	157.580000	-64.632000	31.400000
	157.600000	-63.828000	35.600000
	157.620000	-62.952000	39.800000
	157.640000	-61.980000	44.200000
	157.660000	-60.948000	48.000000
	157.680000	-59.832000	52.000000
	157.700000	-58.680000	55.000000
	157.720000	-57.444000	58.400000
	157.740000	-56.148000	61.400000
	157.760000	-54.792000	64.800000
	157.780000	-53.388000	67.600000
	157.800000	-51.960000	69.800000
	157.820000	-50.472000	72.000000
	157.840000	-48.960000	73.800000
	157.860000	-47.364000	76.600000
	157.880000	-45.756000	78.600000
	157.900000	-44.124000	80.600000
	157.920000	-42.492000	81.200000
	157.940000	-40.836000	82.000000
	157.960000	-39.132000	83.200000
	157.980000	-37.404000	84.800000
	158.000000	-35.640000	86.600000
	158.020000	-33.888000	87.400000
	158.040000	-32.124000	88.000000
	158.060000	-30.372000	87.800000
	158.080000	-28.620000	87.800000
	158.100000	-26.832000	88.200000
	158.120000	-25.044000	88.800000
	158.140000	-23.256000	89.400000
	158.160000	-21.504000	88.800000
	158.180000	-19.728000	88.600000
	158.200000	-17.928000	88.800000
	158.220000	-16.152000	89.200000
	158.240000	-14.388000	89.000000
	158.260000	-12.636000	88.200000
	158.280000	-10.896000	87.600000
	158.300000	-9.180000	86.800000
	158.320000	-7.476000	86.000000
	158.340000	-5.748000	85.800000
	158.360000	-4.020000	86.000000
	158.380000	-2.316000	86.000000
	158.400000	-0.636000	85.200000
	158.420000	1.008000	83.800000
	158.440000	2.652000	82.800000
	158.460000	4.284000	82.000000
	158.480000	5.904000	81.600000
	158.500000	7.500000	80.800000
	158.520000	9.048000	79.400000
	158.540000	10.608000	78.400000
	158.560000	12.156000	77.600000
	158.580000	13.680000	77.200000
	158.600000	15.180000	76.200000
	158.620000	16.656000	75.000000
	158.640000	18.120000	74.000000
	158.660000	19.560000	73.000000
	158.680000	20.976000	72.000000
	158.700000	22.368000	70.800000
	158.720000	23.712000	69.200000
	158.740000	25.044000	67.800000
	158.760000	26.364000	66.600000
	158.780000	27.684000	66.200000
	158.800000	28.956000	65.200000
	158.820000	30.204000	64.000000
	158.840000	31.404000	62.000000
	158.860000	32.592000	60.600000
	158.880000	33.756000	59.200000
	158.900000	34.896000	58.200000
	158.920000	36.024000	57.200000
	158.940000	37.092000	55.600000
	158.960000	38.160000	54.400000
	158.980000	39.144000	52.000000
	159.000000	40.140000	50.800000
	159.020000	41.064000	48.400000
	159.040000	41.988000	47.400000
	159.060000	42.840000	45.000000
	159.080000	43.668000	43.400000
	159.100000	44.448000	41.000000
	159.120000	45.204000	39.400000
	159.140000	45.924000	37.600000
	159.160000	46.608000	36.000000
	159.180000	47.256000	34.200000
	159.200000	47.856000	32.200000
	159.220000	48.408000	30.000000
	159.240000	48.912000	27.600000
	159.260000	49.380000	25.400000
	159.280000	49.800000	23.200000
	159.300000	50.184000	21.200000
	159.320000	50.520000	19.000000
	159.340000	50.820000	17.000000
	159.360000	51.072000	14.800000
	159.380000	51.276000	12.600000
	159.400000	51.444000	10.400000
	159.420000	51.564000	8.200000
	159.440000	51.648000	6.200000
	159.460000	51.684000	4.000000
	159.480000	51.684000	2.000000
	159.500000	51.648000	0.000000
	159.520000	51.576000	-1.800000
	159.540000	51.468000	-3.600000
	159.560000	51.336000	-5.200000
	159.580000	51.180000	-6.600000
	159.600000	51.000000	-7.800000
	159.620000	50.796000	-9.000000
	159.640000	50.568000	-10.200000
	159.660000	50.328000	-11.200000
	159.680000	50.064000	-12.200000
	159.700000	49.788000	-13.000000
	159.720000	49.488000	-14.000000
	159.740000	49.176000	-14.800000
	159.760000	48.852000	-15.600000
	159.780000	48.516000	-16.200000
	159.800000	48.168000	-16.800000
	159.820000	47.808000	-17.400000
	159.840000	47.448000	-17.800000
	159.860000	47.100000	-17.800000
	159.880000	46.740000	-17.800000
	159.900000	46.380000	-17.800000
	159.920000	46.008000	-18.200000
	159.940000	45.648000	-18.200000
	159.960000	45.288000	-18.200000
	159.980000	44.940000	-17.800000
	160.000000	44.592000	-17.600000
	160.020000	44.256000	-17.200000
	160.040000	43.920000	-17.000000
	160.060000	43.608000	-16.400000
	160.080000	43.308000	-15.800000
	160.100000	43.020000	-15.000000
	160.120000	42.756000	-14.200000
	160.140000	42.504000	-13.400000
	160.160000	42.276000	-12.400000
	160.180000	42.060000	-11.600000
	160.200000	41.868000	-10.600000
	160.220000	41.700000	-9.600000
	160.240000	41.556000	-8.400000
	160.260000	41.448000	-7.000000
	160.280000	41.364000	-5.600000
	160.300000	41.304000	-4.200000
	160.320000	41.268000	-3.000000
	160.340000	41.268000	-1.600000
	160.360000	41.292000	-0.200000
	160.380000	41.340000	1.200000
	160.400000	41.412000	2.400000
	160.420000	41.520000	3.800000
	160.440000	41.664000	5.400000
	160.460000	41.832000	7.000000
	160.480000	42.024000	8.400000
	160.500000	42.228000	9.400000
	160.520000	42.468000	10.600000
	160.540000	42.732000	11.800000
	160.560000	43.032000	13.400000
	160.580000	43.344000	14.600000
	160.600000	43.680000	15.800000
	160.620000	44.052000	17.000000
	160.640000	44.448000	18.400000
	160.660000	44.880000	20.000000
	160.680000	45.324000	21.200000
	160.700000	45.804000	22.600000
	160.720000	46.308000	23.800000
	160.740000	46.860000	25.600000
	160.760000	47.424000	27.000000
	160.780000	48.024000	28.600000
	160.800000	48.612000	29.200000
	160.820000	49.248000	30.400000
	160.840000	49.884000	31.000000
	160.860000	50.556000	32.400000
	160.880000	51.240000	33.200000
	160.900000	51.948000	34.400000
	160.920000	52.668000	35.200000
	160.940000	53.400000	36.000000
	160.960000	54.156000	36.800000
	160.980000	54.924000	37.600000
	161.000000	55.692000	38.200000
	161.020000	56.448000	38.200000
	161.040000	57.228000	38.400000
	161.060000	58.008000	38.600000
	161.080000	58.788000	39.000000
	161.100000	59.532000	38.400000
	161.120000	60.288000	38.000000
	161.140000	61.044000	37.600000
	161.160000	61.800000	37.800000
	161.180000	62.520000	37.200000
	161.200000	63.228000	36.400000
	161.220000	63.900000	35.000000
	161.240000	64.572000	34.200000
	161.260000	65.208000	33.000000
	161.280000	65.820000	32.000000
	161.300000	66.384000	30.200000
	161.320000	66.912000	28.400000
	161.340000	67.416000	26.600000
	161.360000	67.884000	25.000000
	161.380000	68.304000	23.200000
	161.400000	68.676000	21.000000
	161.420000	69.000000	18.600000
	161.440000	69.276000	16.200000
	161.460000	69.492000	13.600000
	161.480000	69.648000	10.800000
	161.500000	69.756000	8.000000
	161.520000	69.816000	5.400000
	161.540000	69.828000	3.000000
	161.560000	69.768000	0.200000
	161.580000	69.660000	-2.600000
	161.600000	69.480000	-5.800000
	161.620000	69.264000	-8.400000
	161.640000	68.976000	-11.400000
	161.660000	68.652000	-13.800000
	161.680000	68.256000	-16.800000
	161.700000	67.824000	-19.200000
	161.720000	67.320000	-22.200000
	161.740000	66.792000	-24.400000
	161.760000	66.192000	-27.200000
	161.780000	65.544000	-29.600000
	161.800000	64.824000	-32.800000
	161.820000	64.068000	-35.400000
	161.840000	63.276000	-37.800000
	161.860000	62.436000	-39.800000
	161.880000	61.536000	-42.200000
	161.900000	60.576000	-45.000000
	161.920000	59.568000	-47.800000
	161.940000	58.536000	-50.000000
	161.960000	57.480000	-51.600000
	161.980000	56.376000	-53.200000
	162.000000	55.236000	-55.000000
	162.020000	54.012000	-57.800000
	162.040000	52.776000	-60.000000
	162.060000	51.480000	-62.600000
	162.080000	50.172000	-64.000000
	162.100000	48.828000	-65.800000
	162.120000	47.472000	-66.800000
	162.140000	46.068000	-68.400000
	162.160000	44.640000	-69.800000
	162.180000	43.176000	-71.600000
	162.200000	41.712000	-72.600000
	162.220000	40.188000	-74.200000
	162.240000	38.628000	-75.800000
	162.260000	37.056000	-77.600000
	162.280000	35.472000	-78.600000
	162.300000	33.888000	-79.000000
	162.320000	32.256000	-80.000000
	162.340000	30.624000	-80.800000
	162.360000	28.944000	-82.400000
	162.380000	27.252000	-83.400000
	162.400000	25.536000	-84.800000
	162.420000	23.772000	-86.200000
	162.440000	22.008000	-87.400000
	162.460000	20.220000	-88.600000
	162.480000	18.468000	-88.400000
	162.500000	16.680000	-88.800000
	162.520000	14.844000	-89.600000
	162.540000	12.996000	-91.200000
	162.560000	11.124000	-92.600000
	162.580000	9.264000	-93.000000
	162.600000	7.356000	-94.000000
	162.620000	5.424000	-95.000000
	162.640000	3.480000	-96.400000
	162.660000	1.500000	-97.600000
	162.680000	-0.456000	-98.000000
	162.700000	-2.424000	-98.400000
	162.720000	-4.392000	-98.200000
	162.740000	-6.372000	-98.600000
	162.760000	-8.388000	-99.400000
	162.780000	-10.404000	-100.200000
	162.800000	-12.456000	-101.400000
	162.820000	-14.484000	-101.600000
	162.840000	-16.524000	-102.000000
	162.860000	-18.540000	-101.400000
	162.880000	-20.580000	-101.600000
	162.900000	-22.608000	-101.400000
	162.920000	-24.624000	-101.400000
	162.940000	-26.640000	-101.000000
	162.960000	-28.620000	-100.200000
	162.980000	-30.612000	-99.800000
	163.000000	-32.592000	-99.200000
	163.020000	-34.548000	-98.800000
	163.040000	-36.480000	-97.800000
	163.060000	-38.376000	-96.400000
	163.080000	-40.248000	-95.000000
	163.100000	-42.096000	-93.600000
	163.120000	-43.884000	-91.800000
	163.140000	-45.660000	-90.200000
	163.160000	-47.388000	-88.200000
	163.180000	-49.092000	-86.800000
	163.200000	-50.712000	-84.200000
	163.220000	-52.284000	-81.600000
	163.240000	-53.772000	-78.000000
	163.260000	-55.224000	-75.200000
	163.280000	-56.604000	-72.000000
	163.300000	-57.912000	-69.000000
	163.320000	-59.124000	-65.000000
	163.340000	-60.252000	-60.800000
	163.360000	-61.320000	-56.800000
	163.380000	-62.316000	-53.200000
	163.400000	-63.216000	-49.400000
	163.420000	-64.008000	-44.800000
	163.440000	-64.716000	-40.000000
	163.460000	-65.328000	-35.200000
	163.480000	-65.856000	-30.800000
	163.500000	-66.264000	-25.800000
	163.520000	-66.588000	-21.000000
	163.540000	-66.792000	-15.600000
	163.560000	-66.912000	-10.800000
	163.580000	-66.912000	-5.400000
	163.600000	-66.828000	-0.600000
	163.620000	-66.636000	4.600000
	163.640000	-66.360000	9.200000
	163.660000	-66.000000	13.800000
	163.680000	-65.556000	18.000000
	163.700000	-65.016000	22.400000
	163.720000	-64.392000	26.800000
	163.740000	-63.684000	31.200000
	163.760000	-62.892000	35.400000
	163.780000	-62.028000	39.400000
	163.800000	-61.104000	43.000000
	163.820000	-60.132000	46.000000
	163.840000	-59.088000	49.000000
	163.860000	-57.972000	52.200000
	163.880000	-56.796000	55.600000
	163.900000	-55.584000	58.400000
	163.920000	-54.324000	60.800000
	163.940000	-53.016000	63.000000
	163.960000	-51.648000	65.600000
	163.980000	-50.268000	67.600000
	164.000000	-48.876000	69.000000
	164.020000	-47.448000	70.000000
	164.040000	-45.996000	71.200000
	164.060000	-44.532000	72.400000
	164.080000	-43.068000	73.000000
	164.100000	-41.604000	73.200000
	164.120000	-40.116000	73.600000
	164.140000	-38.616000	74.200000
	164.160000	-37.104000	75.000000
	164.180000	-35.616000	75.000000
	164.200000	-34.140000	74.600000
	164.220000	-32.664000	74.000000
	164.240000	-31.212000	73.400000
	164.260000	-29.760000	73.000000
	164.280000	-28.344000	72.000000
	164.300000	-26.916000	71.600000
	164.320000	-25.548000	70.200000
	164.340000	-24.180000	69.400000
	164.360000	-22.848000	67.800000
	164.380000	-21.540000	66.800000
	164.400000	-20.256000	65.400000
	164.420000	-19.008000	64.000000
	164.440000	-17.784000	62.600000
	164.460000	-16.596000	61.000000
	164.480000	-15.432000	59.600000
	164.500000	-14.304000	58.000000
	164.520000	-13.212000	56.400000
	164.540000	-12.156000	54.600000
	164.560000	-11.136000	52.800000
	164.580000	-10.176000	50.600000
	164.600000	-9.252000	48.400000
	164.620000	-8.376000	46.000000
	164.640000	-7.524000	44.200000
	164.660000	-6.720000	42.200000
	164.680000	-5.940000	40.600000
	164.700000	-5.208000	38.600000
	164.720000	-4.512000	36.800000
	164.740000	-3.876000	34.400000
	164.760000	-3.276000	32.200000
	164.780000	-2.736000	29.600000
	164.800000	-2.232000	27.400000
	164.820000	-1.788000	24.800000
	164.840000	-1.380000	22.600000
	164.860000	-1.020000	20.200000
	164.880000	-0.708000	18.000000
	164.900000	-0.444000	15.600000
	164.920000	-0.228000	13.200000
	164.940000	-0.060000	10.800000
	164.960000	0.060000	8.400000
	164.980000	0.132000	6.000000
	165.000000	0.156000	3.600000
	165.020000	0.132000	1.200000
	165.040000	0.060000	-1.200000
	165.060000	-0.060000	-3.600000
	165.080000	-0.228000	-6.000000
	165.100000	-0.444000	-8.400000
	165.120000	-0.696000	-10.600000
	165.140000	-0.996000	-12.800000
	165.160000	-1.320000	-14.600000
	165.180000	-1.692000	-16.600000
	165.200000	-2.088000	-18.200000
	165.220000	-2.544000	-20.400000
	165.240000	-3.024000	-22.200000
	165.260000	-3.552000	-24.400000
	165.280000	-4.116000	-26.200000
	165.300000	-4.728000	-28.400000
	165.320000	-5.376000	-30.400000
	165.340000	-6.060000	-32.400000
	165.360000	-6.768000	-34.000000
	165.380000	-7.524000	-35.800000
	165.400000	-8.292000	-37.200000
	165.420000	-9.120000	-39.200000
	165.440000	-9.960000	-40.600000
	165.460000	-10.848000	-42.600000
	165.480000	-11.760000	-44.000000
	165.500000	-12.696000	-45.600000
	165.520000	-13.644000	-46.600000
	165.540000	-14.616000	-47.600000
	165.560000	-15.732000	-50.600000
	165.580000	-16.776000	-52.200000
	165.600000	-17.832000	-53.600000
	165.620000	-18.804000	-51.200000
	165.640000	-19.884000	-51.800000
	165.660000	-20.976000	-52.400000
	165.680000	-22.068000	-54.400000
	165.700000	-23.184000	-55.000000
	165.720000	-24.312000	-55.600000
	165.740000	-25.464000	-56.600000
	165.760000	-26.604000	-57.000000
	165.780000	-27.732000	-57.000000
	165.800000	-28.848000	-56.400000
	165.820000	-29.976000	-56.200000
	165.840000	-31.092000	-56.000000
	165.860000	-32.196000	-55.800000
	165.880000	-33.264000	-54.800000
	165.900000	-34.332000	-54.000000
	165.920000	-35.376000	-53.000000
	165.940000	-36.420000	-52.600000
	165.960000	-37.452000	-52.000000
	165.980000	-38.436000	-51.000000
	166.000000	-39.396000	-49.600000
	166.020000	-40.320000	-47.800000
	166.040000	-41.220000	-46.400000
	166.060000	-42.084000	-44.800000
	166.080000	-42.900000	-43.000000
	166.100000	-43.692000	-41.200000
	166.120000	-44.436000	-39.200000
	166.140000	-45.132000	-37.200000
	166.160000	-45.792000	-35.000000
	166.180000	-46.416000	-33.000000
	166.200000	-46.992000	-31.000000
	166.220000	-47.496000	-28.400000
	166.240000	-47.952000	-25.600000
	166.260000	-48.348000	-22.600000
	166.280000	-48.708000	-20.200000
	166.300000	-48.996000	-17.400000
	166.320000	-49.236000	-14.800000
	166.340000	-49.404000	-11.600000
	166.360000	-49.524000	-8.800000
	166.380000	-49.584000	-5.800000
	166.400000	-49.596000	-3.200000
	166.420000	-49.536000	-0.200000
	166.440000	-49.428000	2.600000
	166.460000	-49.260000	5.600000
	166.480000	-49.044000	8.200000
	166.500000	-48.780000	10.800000
	166.520000	-48.456000	13.400000
	166.540000	-48.096000	15.800000
	166.560000	-47.688000	18.200000
	166.580000	-47.244000	20.200000
	166.600000	-46.764000	22.200000
	166.620000	-46.224000	24.400000
	166.640000	-45.660000	26.400000
	166.660000	-45.048000	28.600000
	166.680000	-44.400000	30.400000
	166.700000	-43.716000	32.400000
	166.720000	-43.008000	34.000000
	166.740000	-42.276000	35.400000
	166.760000	-41.496000	37.000000
	166.780000	-40.692000	38.600000
	166.800000	-39.852000	40.400000
	166.820000	-39.000000	41.600000
	166.840000	-38.124000	42.800000
	166.860000	-37.248000	43.400000
	166.880000	-36.372000	43.800000
	166.900000	-35.460000	44.400000
	166.920000	-34.548000	45.000000
	166.940000	-33.624000	45.800000
	166.960000	-32.724000	45.600000
	166.980000	-31.800000	45.800000
	167.000000	-30.864000	46.000000
	167.020000	-29.916000	46.800000
	167.040000	-28.992000	46.800000
	167.060000	-28.068000	46.600000
	167.080000	-27.180000	45.600000
	167.100000	-26.292000	45.000000
	167.120000	-25.428000	44.000000
	167.140000	-24.552000	43.800000
	167.160000	-23.712000	43.000000
	167.180000	-22.896000	42.200000
	167.200000	-22.104000	40.800000
	167.220000	-21.300000	40.200000
	167.240000	-20.508000	39.800000
	167.260000	-19.764000	39.000000
	167.280000	-19.056000	37.400000
	167.300000	-18.384000	35.400000
	167.320000	-17.712000	34.200000
	167.340000	-17.076000	33.000000
	167.360000	-16.464000	32.000000
	167.380000	-15.900000	30.200000
	167.400000	-15.372000	28.400000
	167.420000	-14.868000	26.600000
	167.440000	-14.400000	25.000000
	167.460000	-13.968000	23.400000
	167.480000	-13.584000	21.400000
	167.500000	-13.236000	19.400000
	167.520000	-12.924000	17.400000
	167.540000	-12.660000	15.400000
	167.560000	-12.432000	13.400000
	167.580000	-12.252000	11.200000
	167.600000	-12.120000	9.000000
	167.620000	-12.024000	6.800000
	167.640000	-11.976000	4.600000
	167.660000	-11.964000	2.600000
	167.680000	-12.012000	0.200000
	167.700000	-12.096000	-2.000000
	167.720000	-12.228000	-4.400000
	167.740000	-12.408000	-6.600000
	167.760000	-12.636000	-9.000000
	167.780000	-12.900000	-11.200000
	167.800000	-13.200000	-13.200000
	167.820000	-13.536000	-15.000000
	167.840000	-13.932000	-17.200000
	167.860000	-14.352000	-19.200000
	167.880000	-14.832000	-21.600000
	167.900000	-15.348000	-23.600000
	167.920000	-15.924000	-26.200000
	167.940000	-16.536000	-28.400000
	167.960000	-17.184000	-30.600000
	167.980000	-17.868000	-32.400000
	168.000000	-18.600000	-34.400000
	168.020000	-19.380000	-36.600000
	168.040000	-20.208000	-39.000000
	168.060000	-21.096000	-41.600000
	168.080000	-22.008000	-43.800000
	168.100000	-22.956000	-45.800000
	168.120000	-23.916000	-47.000000
	168.140000	-24.936000	-48.800000
	168.160000	-25.968000	-50.200000
	168.180000	-27.060000	-52.400000
	168.200000	-28.164000	-53.800000
	168.220000	-29.316000	-55.800000
	168.240000	-30.492000	-57.200000
	168.260000	-31.692000	-58.800000
	168.280000	-32.928000	-60.200000
	168.300000	-34.140000	-60.800000
	168.320000	-35.388000	-61.600000
	168.340000	-36.636000	-61.800000
	168.360000	-37.920000	-63.000000
	168.380000	-39.216000	-63.800000
	168.400000	-40.512000	-64.600000
	168.420000	-41.820000	-65.000000
	168.440000	-43.116000	-65.000000
	168.460000	-44.436000	-65.400000
	168.480000	-45.720000	-65.000000
	168.500000	-47.016000	-65.000000
	168.520000	-48.276000	-64.000000
	168.540000	-49.536000	-63.600000
	168.560000	-50.772000	-62.600000
	168.580000	-52.008000	-62.200000
	168.600000	-53.208000	-61.200000
	168.620000	-54.396000	-60.400000
	168.640000	-55.536000	-58.800000
	168.660000	-56.640000	-57.200000
	168.680000	-57.684000	-54.800000
	168.700000	-58.704000	-52.800000
	168.720000	-59.700000	-51.000000
	168.740000	-60.624000	-49.000000
	168.760000	-61.476000	-46.200000
	168.780000	-62.256000	-42.600000
	168.800000	-62.988000	-39.400000
	168.820000	-63.660000	-36.400000
	168.840000	-64.272000	-33.600000
	168.860000	-64.800000	-30.200000
	168.880000	-65.256000	-26.600000
	168.900000	-65.628000	-22.600000
	168.920000	-65.928000	-18.800000
	168.940000	-66.144000	-14.800000
	168.960000	-66.276000	-10.800000
	168.980000	-66.324000	-6.600000
	169.000000	-66.288000	-2.400000
	169.020000	-66.180000	1.600000
	169.040000	-65.988000	5.600000
	169.060000	-65.700000	9.800000
	169.080000	-65.328000	14.200000
	169.100000	-64.884000	18.400000
	169.120000	-64.380000	22.000000
	169.140000	-63.804000	25.400000
	169.160000	-63.144000	29.000000
	169.180000	-62.400000	33.000000
	169.200000	-61.584000	37.000000
	169.220000	-60.720000	40.400000
	169.240000	-59.784000	43.600000
	169.260000	-58.776000	46.800000
	169.280000	-57.696000	50.400000
	169.300000	-56.544000	54.000000
	169.320000	-55.344000	57.200000
	169.340000	-54.072000	60.400000
	169.360000	-52.788000	62.600000
	169.380000	-51.468000	64.600000
	169.400000	-50.100000	66.200000
	169.420000	-48.672000	68.600000
	169.440000	-47.196000	71.200000
	169.460000	-45.696000	73.400000
	169.480000	-44.172000	75.000000
	169.500000	-42.600000	76.600000
	169.520000	-41.004000	78.200000
	169.540000	-39.372000	80.000000
	169.560000	-37.740000	81.000000
	169.580000	-36.084000	82.000000
	169.600000	-34.428000	82.400000
	169.620000	-32.736000	83.400000
	169.640000	-31.032000	84.200000
	169.660000	-29.328000	85.000000
	169.680000	-27.612000	85.400000
	169.700000	-25.908000	85.400000
	169.720000	-24.144000	86.400000
	169.740000	-22.404000	86.800000
	169.760000	-20.664000	87.400000
	169.780000	-18.948000	86.600000
	169.800000	-17.232000	86.200000
	169.820000	-15.468000	86.600000
	169.840000	-13.764000	86.400000
	169.860000	-12.036000	86.600000
	169.880000	-10.332000	85.600000
	169.900000	-8.580000	86.400000
	169.920000	-6.864000	86.200000
	169.940000	-5.160000	86.200000
	169.960000	-3.456000	85.400000
	169.980000	-1.752000	85.200000
	170.000000	-0.048000	85.200000
	170.020000	1.620000	84.600000
	170.040000	3.288000	84.000000
	170.060000	4.920000	82.800000
	170.080000	6.588000	82.800000
	170.100000	8.232000	82.400000
	170.120000	9.876000	82.600000
	170.140000	11.460000	81.200000
	170.160000	13.056000	80.400000
	170.180000	14.616000	79.000000
	170.200000	16.188000	78.800000
	170.220000	17.736000	78.000000
	170.240000	19.296000	78.000000
	170.260000	20.844000	77.600000
	170.280000	22.356000	77.000000
	170.300000	23.844000	75.800000
	170.320000	25.284000	74.000000
	170.340000	26.712000	72.600000
	170.360000	28.128000	71.400000
	170.380000	29.544000	71.000000
	170.400000	30.936000	70.400000
	170.420000	32.304000	69.600000
	170.440000	33.636000	68.200000
	170.460000	34.944000	66.800000
	170.480000	36.228000	65.400000
	170.500000	37.512000	64.600000
	170.520000	38.772000	63.800000
	170.540000	39.996000	62.800000
	170.560000	41.184000	61.200000
	170.580000	42.336000	59.400000
	170.600000	43.464000	57.800000
	170.620000	44.556000	56.200000
	170.640000	45.636000	55.000000
	170.660000	46.668000	53.400000
	170.680000	47.652000	51.600000
	170.700000	48.600000	49.400000
	170.720000	49.500000	47.200000
	170.740000	50.364000	45.200000
	170.760000	51.168000	42.800000
	170.780000	51.936000	40.600000
	170.800000	52.668000	38.400000
	170.820000	53.352000	36.400000
	170.840000	53.988000	34.200000
	170.860000	54.552000	31.400000
	170.880000	55.080000	28.800000
	170.900000	55.560000	26.200000
	170.920000	55.992000	24.000000
	170.940000	56.364000	21.400000
	170.960000	56.688000	18.800000
	170.980000	56.964000	16.200000
	171.000000	57.192000	13.800000
	171.020000	57.360000	11.200000
	171.040000	57.480000	8.600000
	171.060000	57.540000	5.800000
	171.080000	57.552000	3.200000
	171.100000	57.516000	0.600000
	171.120000	57.432000	-1.800000
	171.140000	57.312000	-4.000000
	171.160000	57.144000	-6.200000
	171.180000	56.940000	-8.200000
	171.200000	56.700000	-10.200000
	171.220000	56.424000	-12.000000
	171.240000	56.124000	-13.600000
	171.260000	55.776000	-15.400000
	171.280000	55.416000	-16.800000
	171.300000	55.020000	-18.400000
	171.320000	54.612000	-19.400000
	171.340000	54.156000	-21.000000
	171.360000	53.688000	-22.200000
	171.380000	53.196000	-23.600000
	171.400000	52.692000	-24.400000
	171.420000	52.164000	-25.400000
	171.440000	51.612000	-26.400000
	171.460000	51.048000	-27.400000
	171.480000	50.472000	-28.200000
	171.500000	49.896000	-28.600000
	171.520000	49.308000	-29.000000
	171.540000	48.720000	-29.200000
	171.560000	48.120000	-29.600000
	171.580000	47.532000	-29.600000
	171.600000	46.932000	-29.800000
	171.620000	46.344000	-29.600000
	171.640000	45.744000	-29.800000
	171.660000	45.156000	-29.600000
	171.680000	44.568000	-29.600000
	171.700000	43.992000	-29.200000
	171.720000	43.440000	-28.600000
	171.740000	42.900000	-27.800000
	171.760000	42.372000	-27.000000
	171.780000	41.856000	-26.400000
	171.800000	41.352000	-25.800000
	171.820000	40.872000	-25.000000
	171.840000	40.416000	-24.000000
	171.860000	39.984000	-22.800000
	171.880000	39.576000	-21.600000
	171.900000	39.180000	-20.600000
	171.920000	38.820000	-19.400000
	171.940000	38.484000	-18.200000
	171.960000	38.172000	-16.800000
	171.980000	37.884000	-15.600000
	172.000000	37.644000	-14.000000
	172.020000	37.428000	-12.400000
	172.040000	37.248000	-10.600000
	172.060000	37.092000	-9.200000
	172.080000	36.984000	-7.400000
	172.100000	36.912000	-5.600000
	172.120000	36.876000	-3.600000
	172.140000	36.876000	-1.800000
	172.160000	36.900000	-0.200000
	172.180000	36.960000	1.400000
	172.200000	37.056000	3.000000
	172.220000	37.188000	4.800000
	172.240000	37.344000	6.400000
	172.260000	37.524000	7.800000
	172.280000	37.752000	9.400000
	172.300000	38.004000	11.000000
	172.320000	38.292000	12.800000
	172.340000	38.592000	14.000000
	172.360000	38.928000	15.400000
	172.380000	39.288000	16.600000
	172.400000	39.684000	18.200000
	172.420000	40.104000	19.600000
	172.440000	40.548000	21.000000
	172.460000	41.016000	22.200000
	172.480000	41.520000	23.600000
	172.500000	42.048000	25.000000
	172.520000	42.612000	26.600000
	172.540000	43.188000	27.800000
	172.560000	43.800000	29.200000
	172.580000	44.436000	30.400000
	172.600000	45.096000	31.800000
	172.620000	45.768000	32.800000
	172.640000	46.452000	33.600000
	172.660000	47.172000	34.600000
	172.680000	47.904000	35.600000
	172.700000	48.660000	36.800000
	172.720000	49.416000	37.400000
	172.740000	50.208000	38.400000
	172.760000	50.988000	38.800000
	172.780000	51.780000	39.400000
	172.800000	52.560000	39.200000
	172.820000	53.364000	39.600000
	172.840000	54.156000	39.600000
	172.860000	54.960000	40.000000
	172.880000	55.740000	39.600000
	172.900000	56.544000	39.800000
	172.920000	57.324000	39.400000
	172.940000	58.092000	39.200000
	172.960000	58.824000	38.000000
	172.980000	59.556000	37.200000
	173.000000	60.276000	36.400000
	173.020000	60.972000	35.800000
	173.040000	61.632000	34.600000
	173.060000	62.256000	33.000000
	173.080000	62.856000	31.400000
	173.100000	63.420000	29.800000
	173.120000	63.948000	28.200000
	173.140000	64.440000	26.400000
	173.160000	64.884000	24.400000
	173.180000	65.292000	22.400000
	173.200000	65.652000	20.200000
	173.220000	65.964000	18.000000
	173.240000	66.228000	15.600000
	173.260000	66.432000	13.000000
	173.280000	66.588000	10.400000
	173.300000	66.684000	7.600000
	173.320000	66.720000	4.800000
	173.340000	66.696000	1.800000
	173.360000	66.612000	-1.200000
	173.380000	66.480000	-4.000000
	173.400000	66.300000	-6.600000
	173.420000	66.072000	-9.000000
	173.440000	65.796000	-11.400000
	173.460000	65.460000	-14.000000
	173.480000	65.076000	-16.600000
	173.500000	64.632000	-19.400000
	173.520000	64.140000	-22.000000
	173.540000	63.588000	-24.800000
	173.560000	63.000000	-27.200000
	173.580000	62.364000	-29.600000
	173.600000	61.680000	-31.800000
	173.620000	60.936000	-34.400000
	173.640000	60.144000	-37.000000
	173.660000	59.316000	-39.400000
	173.680000	58.440000	-41.600000
	173.700000	57.504000	-44.000000
	173.720000	56.544000	-46.200000
	173.740000	55.536000	-48.400000
	173.760000	54.492000	-50.200000
	173.780000	53.400000	-52.400000
	173.800000	52.272000	-54.400000
	173.820000	51.120000	-56.200000
	173.840000	49.932000	-57.800000
	173.860000	48.708000	-59.400000
	173.880000	47.460000	-61.000000
	173.900000	46.164000	-62.800000
	173.920000	44.844000	-64.400000
	173.940000	43.488000	-66.200000
	173.960000	42.120000	-67.400000
	173.980000	40.728000	-68.600000
	174.000000	39.300000	-69.800000
	174.020000	37.872000	-70.800000
	174.040000	36.420000	-71.800000
	174.060000	34.956000	-72.400000
	174.080000	33.456000	-73.600000
	174.100000	31.932000	-74.800000
	174.120000	30.384000	-76.200000
	174.140000	28.824000	-77.200000
	174.160000	27.252000	-78.000000
	174.180000	25.668000	-78.600000
	174.200000	24.060000	-79.400000
	174.220000	22.416000	-80.600000
	174.240000	20.772000	-81.600000
	174.260000	19.116000	-82.400000
	174.280000	17.472000	-82.400000
	174.300000	15.816000	-82.600000
	174.320000	14.136000	-83.000000
	174.340000	12.432000	-84.000000
	174.360000	10.728000	-84.800000
	174.380000	9.000000	-85.600000
	174.400000	7.296000	-85.600000
	174.420000	5.532000	-86.600000
	174.440000	3.792000	-86.800000
	174.460000	2.040000	-87.600000
	174.480000	0.312000	-87.000000
	174.500000	-1.428000	-87.000000
	174.520000	-3.192000	-87.200000
	174.540000	-4.968000	-88.000000
	174.560000	-6.768000	-89.000000
	174.580000	-8.544000	-89.200000
	174.600000	-10.284000	-88.600000
	174.620000	-12.048000	-88.000000
	174.640000	-13.800000	-87.600000
	174.660000	-15.564000	-88.000000
	174.680000	-17.292000	-87.400000
	174.700000	-19.056000	-87.600000
	174.720000	-20.772000	-86.800000
	174.740000	-22.476000	-86.400000
	174.760000	-24.120000	-84.400000
	174.780000	-25.800000	-83.800000
	174.800000	-27.468000	-83.200000
	174.820000	-29.124000	-83.400000
	174.840000	-30.720000	-82.000000
	174.860000	-32.280000	-80.200000
	174.880000	-33.804000	-78.000000
	174.900000	-35.316000	-76.600000
	174.920000	-36.792000	-75.200000
	174.940000	-38.232000	-73.800000
	174.960000	-39.636000	-72.000000
	174.980000	-40.992000	-70.000000
	175.000000	-42.300000	-67.800000
	175.020000	-43.560000	-65.400000
	175.040000	-44.748000	-62.600000
	175.060000	-45.900000	-60.000000
	175.080000	-47.004000	-57.400000
	175.100000	-48.060000	-55.200000
	175.120000	-49.044000	-52.400000
	175.140000	-49.968000	-49.400000
	175.160000	-50.832000	-46.200000
	175.180000	-51.624000	-43.000000
	175.200000	-52.344000	-39.600000
	175.220000	-53.004000	-36.200000
	175.240000	-53.604000	-33.000000
	175.260000	-54.132000	-29.800000
	175.280000	-54.576000	-26.200000
	175.300000	-54.960000	-22.600000
	175.320000	-55.260000	-18.800000
	175.340000	-55.500000	-15.400000
	175.360000	-55.656000	-11.600000
	175.380000	-55.752000	-8.200000
	175.400000	-55.764000	-4.400000
	175.420000	-55.716000	-1.000000
	175.440000	-55.584000	2.800000
	175.460000	-55.404000	6.000000
	175.480000	-55.164000	9.200000
	175.500000	-54.876000	11.800000
	175.520000	-54.528000	14.600000
	175.540000	-54.120000	17.400000
	175.560000	-53.580000	21.600000
	175.580000	-53.064000	24.400000
	175.600000	-52.524000	26.600000
	175.620000	-52.020000	26.000000
	175.640000	-51.408000	27.600000
	175.660000	-50.748000	29.600000
	175.680000	-50.052000	32.800000
	175.700000	-49.320000	34.800000
	175.720000	-48.552000	36.600000
	175.740000	-47.760000	38.200000
	175.760000	-46.944000	39.600000
	175.780000	-46.104000	40.800000
	175.800000	-45.252000	41.800000
	175.820000	-44.388000	42.600000
	175.840000	-43.524000	43.000000
	175.860000	-42.660000	43.200000
	175.880000	-41.772000	43.600000
	175.900000	-40.896000	43.800000
	175.920000	-40.008000	44.200000
	175.940000	-39.132000	44.000000
	175.960000	-38.256000	44.000000
	175.980000	-37.404000	43.400000
	176.000000	-36.564000	42.800000
	176.020000	-35.724000	42.200000
	176.040000	-34.908000	41.600000
	176.060000	-34.116000	40.800000
	176.080000	-33.348000	39.600000
	176.100000	-32.580000	38.800000
	176.120000	-31.848000	37.800000
	176.140000	-31.152000	36.600000
	176.160000	-30.492000	34.800000
	176.180000	-29.856000	33.200000
	176.200000	-29.256000	31.600000
	176.220000	-28.692000	30.000000
	176.240000	-28.164000	28.200000
	176.260000	-27.660000	26.600000
	176.280000	-27.204000	24.800000
	176.300000	-26.784000	23.000000
	176.320000	-26.412000	20.800000
	176.340000	-26.076000	18.800000
	176.360000	-25.788000	16.600000
	176.380000	-25.536000	14.600000
	176.400000	-25.332000	12.400000
	176.420000	-25.176000	10.200000
	176.440000	-25.068000	7.800000
	176.460000	-25.008000	5.400000
	176.480000	-24.996000	3.000000
	176.500000	-25.032000	0.600000
	176.520000	-25.116000	-1.800000
	176.540000	-25.236000	-4.000000
	176.560000	-25.404000	-6.200000
	176.580000	-25.608000	-8.200000
	176.600000	-25.860000	-10.400000
	176.620000	-26.160000	-12.600000
	176.640000	-26.496000	-14.800000
	176.660000	-26.880000	-17.000000
	176.680000	-27.288000	-18.800000
	176.700000	-27.744000	-20.800000
	176.720000	-28.224000	-22.400000
	176.740000	-28.752000	-24.400000
	176.760000	-29.328000	-26.400000
	176.780000	-29.952000	-28.800000
	176.800000	-30.612000	-31.000000
	176.820000	-31.296000	-32.800000
	176.840000	-32.016000	-34.400000
	176.860000	-32.772000	-36.000000
	176.880000	-33.564000	-37.800000
	176.900000	-34.392000	-39.600000
	176.920000	-35.232000	-41.000000
	176.940000	-36.096000	-42.200000
	176.960000	-36.996000	-43.400000
	176.980000	-37.932000	-45.000000
	177.000000	-38.880000	-46.400000
	177.020000	-39.828000	-47.200000
	177.040000	-40.800000	-47.800000
	177.060000	-41.784000	-48.400000
	177.080000	-42.780000	-49.200000
	177.100000	-43.800000	-50.000000
	177.120000	-44.808000	-50.400000
	177.140000	-45.840000	-51.000000
	177.160000	-46.824000	-50.400000
	177.180000	-47.844000	-50.600000
	177.200000	-48.828000	-49.800000
	177.220000	-49.812000	-49.800000
	177.240000	-50.784000	-49.000000
	177.260000	-51.744000	-48.600000
	177.280000	-52.680000	-47.800000
	177.300000	-53.592000	-46.800000
	177.320000	-54.480000	-45.600000
	177.340000	-55.356000	-44.600000
	177.360000	-56.184000	-43.200000
	177.380000	-56.964000	-41.400000
	177.400000	-57.732000	-39.600000
	177.420000	-58.452000	-37.800000
	177.440000	-59.136000	-36.200000
	177.460000	-59.748000	-33.600000
	177.480000	-60.312000	-31.000000
	177.500000	-60.828000	-28.200000
	177.520000	-61.284000	-25.600000
	177.540000	-61.692000	-23.000000
	177.560000	-62.040000	-20.200000
	177.580000	-62.328000	-17.400000
	177.600000	-62.544000	-14.200000
	177.620000	-62.688000	-10.800000
	177.640000	-62.760000	-7.200000
	177.660000	-62.760000	-3.600000
	177.680000	-62.700000	-0.200000
	177.700000	-62.580000	3.000000
	177.720000	-62.388000	6.200000
	177.740000	-62.136000	9.400000
	177.760000	-61.812000	12.800000
	177.780000	-61.428000	16.000000
	177.800000	-60.984000	19.200000
	177.820000	-60.480000	22.200000
	177.840000	-59.916000	25.200000
	177.860000	-59.268000	28.600000
	177.880000	-58.560000	32.000000
	177.900000	-57.804000	35.200000
	177.920000	-57.000000	37.800000
	177.940000	-56.136000	40.400000
	177.960000	-55.212000	43.200000
	177.980000	-54.228000	46.200000
	178.000000	-53.208000	48.800000
	178.020000	-52.128000	51.400000
	178.040000	-51.000000	53.800000
	178.060000	-49.836000	56.200000
	178.080000	-48.624000	58.400000
	178.100000	-47.376000	60.400000
	178.120000	-46.068000	62.800000
	178.140000	-44.748000	64.600000
	178.160000	-43.392000	66.400000
	178.180000	-42.024000	67.400000
	178.200000	-40.620000	68.800000
	178.220000	-39.192000	70.000000
	178.240000	-37.716000	71.800000
	178.260000	-36.240000	73.000000
	178.280000	-34.764000	73.800000
	178.300000	-33.264000	74.200000
	178.320000	-31.740000	75.000000
	178.340000	-30.204000	76.000000
	178.360000	-28.692000	76.200000
	178.380000	-27.132000	76.800000
	178.400000	-25.584000	77.000000
	178.420000	-23.976000	78.600000
	178.440000	-22.404000	78.800000
	178.460000	-20.784000	80.000000
	178.480000	-19.212000	79.400000
	178.500000	-17.616000	79.800000
	178.520000	-16.020000	79.400000
	178.540000	-14.412000	80.000000
	178.560000	-12.804000	80.200000
	178.580000	-11.220000	80.000000
	178.600000	-9.600000	80.200000
	178.620000	-8.004000	80.000000
	178.640000	-6.384000	80.600000
	178.660000	-4.788000	80.200000
	178.680000	-3.216000	79.800000
	178.700000	-1.644000	79.000000
	178.720000	-0.084000	78.400000
	178.740000	1.512000	78.800000
	178.760000	3.072000	78.600000
	178.780000	4.632000	78.600000
	178.800000	6.180000	77.800000
	178.820000	7.728000	77.600000
	178.840000	9.252000	77.000000
	178.860000	10.752000	76.200000
	178.880000	12.252000	75.400000
	178.900000	13.728000	74.600000
	178.920000	15.216000	74.400000
	178.940000	16.692000	74.000000
	178.960000	18.168000	74.000000
	178.980000	19.608000	73.200000
	179.000000	21.012000	72.000000
	179.020000	22.428000	71.000000
	179.040000	23.808000	70.000000
	179.060000	25.212000	70.000000
	179.080000	26.580000	69.200000
	179.100000	27.948000	69.000000
	179.120000	29.256000	67.400000
	179.140000	30.540000	66.000000
	179.160000	31.836000	64.800000
	179.180000	33.096000	64.000000
	179.200000	34.332000	63.200000
	179.220000	35.508000	61.200000
	179.240000	36.696000	60.000000
	179.260000	37.860000	58.800000
	179.280000	39.024000	58.600000
	179.300000	40.140000	57.400000
	179.320000	41.208000	55.800000
	179.340000	42.240000	53.600000
	179.360000	43.236000	51.600000
	179.380000	44.220000	50.200000
	179.400000	45.168000	48.800000
	179.420000	46.092000	47.600000
	179.440000	46.956000	45.600000
	179.460000	47.784000	43.600000
	179.480000	48.576000	41.400000
	179.500000	49.332000	39.600000
	179.520000	50.040000	37.600000
	179.540000	50.700000	35.400000
	179.560000	51.324000	33.200000
	179.580000	51.888000	30.800000
	179.600000	52.416000	28.600000
	179.620000	52.884000	26.000000
	179.640000	53.316000	23.800000
	179.660000	53.688000	21.200000
	179.680000	54.024000	19.000000
	179.700000	54.300000	16.400000
	179.720000	54.528000	14.000000
	179.740000	54.708000	11.400000
	179.760000	54.852000	9.200000
	179.780000	54.936000	6.800000
	179.800000	54.972000	4.400000
	179.820000	54.960000	1.800000
	179.840000	54.912000	-0.400000
	179.860000	54.828000	-2.400000
	179.880000	54.696000	-4.400000
	179.900000	54.528000	-6.400000
	179.920000	54.324000	-8.400000
	179.940000	54.084000	-10.200000
	179.960000	53.820000	-11.800000
	179.980000	53.520000	-13.400000
	180.000000	53.196000	-14.800000
	180.020000	52.848000	-16.200000
	180.040000	52.464000	-17.600000
	180.060000	52.068000	-18.800000
	180.080000	51.636000	-20.200000
	180.100000	51.204000	-21.000000
	180.120000	50.736000	-22.200000
	180.140000	50.256000	-23.000000
	180.160000	49.752000	-24.200000
	180.180000	49.248000	-24.800000
	180.200000	48.732000	-25.400000
	180.220000	48.204000	-25.800000
	180.240000	47.664000	-26.400000
	180.260000	47.112000	-27.000000
	180.280000	46.560000	-27.400000
	180.300000	46.008000	-27.600000
	180.320000	45.456000	-27.600000
	180.340000	44.904000	-27.600000
	180.360000	44.352000	-27.600000
	180.380000	43.800000	-27.600000
	180.400000	43.248000	-27.600000
	180.420000	42.708000	-27.400000
	180.440000	42.180000	-27.000000
	180.460000	41.664000	-26.400000
	180.480000	41.160000	-25.800000
	180.500000	40.680000	-25.000000
	180.520000	40.200000	-24.400000
	180.540000	39.732000	-23.800000
	180.560000	39.288000	-23.200000
	180.580000	38.880000	-22.000000
	180.600000	38.484000	-20.800000
	180.620000	38.112000	-19.600000
	180.640000	37.752000	-18.800000
	180.660000	37.428000	-17.600000
	180.680000	37.116000	-16.600000
	180.700000	36.852000	-15.000000
	180.720000	36.612000	-13.600000
	180.740000	36.408000	-11.800000
	180.760000	36.228000	-10.400000
	180.780000	36.084000	-8.800000
	180.800000	35.976000	-7.200000
	180.820000	35.904000	-5.400000
	180.840000	35.868000	-3.600000
	180.860000	35.868000	-1.800000
	180.880000	35.892000	-0.200000
	180.900000	35.952000	1.400000
	180.920000	36.036000	2.800000
	180.940000	36.168000	4.600000
	180.960000	36.324000	6.200000
	180.980000	36.516000	8.000000
	181.000000	36.732000	9.400000
	181.020000	36.984000	11.000000
	181.040000	37.260000	12.400000
	181.060000	37.560000	13.800000
	181.080000	37.884000	15.000000
	181.100000	38.244000	16.400000
	181.120000	38.640000	18.000000
	181.140000	39.072000	19.800000
	181.160000	39.528000	21.400000
	181.180000	40.008000	22.800000
	181.200000	40.512000	24.000000
	181.220000	41.040000	25.200000
	181.240000	41.604000	26.600000
	181.260000	42.204000	28.200000
	181.280000	42.828000	29.800000
	181.300000	43.476000	31.200000
	181.320000	44.136000	32.200000
	181.340000	44.844000	33.600000
	181.360000	45.564000	34.800000
	181.380000	46.308000	36.200000
	181.400000	47.052000	36.800000
	181.420000	47.832000	37.800000
	181.440000	48.636000	38.800000
	181.460000	49.452000	40.000000
	181.480000	50.268000	40.600000
	181.500000	51.084000	40.800000
	181.520000	51.912000	41.000000
	181.540000	52.752000	41.400000
	181.560000	53.592000	41.800000
	181.580000	54.444000	42.200000
	181.600000	55.284000	42.200000
	181.620000	56.148000	42.600000
	181.640000	56.988000	42.400000
	181.660000	57.840000	42.600000
	181.680000	58.644000	41.600000
	181.700000	59.460000	41.200000
	181.720000	60.240000	40.000000
	181.740000	61.020000	39.600000
	181.760000	61.764000	38.400000
	181.780000	62.472000	37.200000
	181.800000	63.168000	35.800000
	181.820000	63.828000	34.400000
	181.840000	64.452000	33.000000
	181.860000	65.028000	31.000000
	181.880000	65.568000	29.000000
	181.900000	66.072000	27.000000
	181.920000	66.528000	25.000000
	181.940000	66.936000	22.800000
	181.960000	67.296000	20.400000
	181.980000	67.596000	17.800000
	182.000000	67.836000	15.000000
	182.020000	68.028000	12.200000
	182.040000	68.160000	9.400000
	182.060000	68.232000	6.600000
	182.080000	68.244000	3.600000
	182.100000	68.196000	0.600000
	182.120000	68.100000	-2.200000
	182.140000	67.944000	-5.000000
	182.160000	67.728000	-7.800000
	182.180000	67.464000	-10.600000
	182.200000	67.140000	-13.400000
	182.220000	66.756000	-16.200000
	182.240000	66.312000	-19.200000
	182.260000	65.820000	-22.000000
	182.280000	65.280000	-24.600000
	182.300000	64.680000	-27.200000
	182.320000	64.032000	-29.800000
	182.340000	63.336000	-32.400000
	182.360000	62.592000	-34.800000
	182.380000	61.776000	-37.600000
	182.400000	60.936000	-40.000000
	182.420000	60.048000	-42.400000
	182.440000	59.124000	-44.200000
	182.460000	58.128000	-46.800000
	182.480000	57.084000	-49.400000
	182.500000	56.004000	-52.000000
	182.520000	54.900000	-53.800000
	182.540000	53.772000	-55.200000
	182.560000	52.596000	-56.800000
	182.580000	51.348000	-59.200000
	182.600000	50.064000	-61.800000
	182.620000	48.768000	-63.800000
	182.640000	47.460000	-64.800000
	182.660000	46.104000	-66.000000
	182.680000	44.724000	-67.400000
	182.700000	43.332000	-68.800000
	182.720000	41.916000	-69.800000
	182.740000	40.452000	-71.200000
	182.760000	38.940000	-73.200000
	182.780000	37.404000	-75.200000
	182.800000	35.868000	-76.400000
	182.820000	34.344000	-76.600000
	182.840000	32.796000	-76.800000
	182.860000	31.212000	-77.600000
	182.880000	29.604000	-79.000000
	182.900000	27.960000	-80.600000
	182.920000	26.316000	-81.600000
	182.940000	24.636000	-82.800000
	182.960000	22.992000	-82.800000
	182.980000	21.312000	-83.400000
	183.000000	19.620000	-83.600000
	183.020000	17.928000	-84.400000
	183.040000	16.200000	-85.200000
	183.060000	14.472000	-85.800000
	183.080000	12.720000	-86.800000
	183.100000	10.956000	-87.400000
	183.120000	9.180000	-88.200000
	183.140000	7.392000	-88.800000
	183.160000	5.616000	-89.000000
	183.180000	3.816000	-89.400000
	183.200000	2.004000	-89.800000
	183.220000	0.192000	-90.400000
	183.240000	-1.608000	-90.400000
	183.260000	-3.456000	-91.000000
	183.280000	-5.292000	-91.400000
	183.300000	-7.116000	-91.800000
	183.320000	-8.928000	-91.200000
	183.340000	-10.740000	-90.800000
	183.360000	-12.576000	-91.000000
	183.380000	-14.412000	-91.400000
	183.400000	-16.260000	-92.000000
	183.420000	-18.084000	-91.800000
	183.440000	-19.860000	-90.800000
	183.460000	-21.624000	-89.400000
	183.480000	-23.400000	-88.600000
	183.500000	-25.164000	-88.400000
	183.520000	-26.916000	-88.200000
	183.540000	-28.644000	-87.400000
	183.560000	-30.348000	-86.400000
	183.580000	-32.016000	-85.000000
	183.600000	-33.660000	-83.600000
	183.620000	-35.268000	-82.000000
	183.640000	-36.852000	-80.600000
	183.660000	-38.400000	-79.000000
	183.680000	-39.936000	-77.800000
	183.700000	-41.388000	-75.600000
	183.720000	-42.804000	-73.400000
	183.740000	-44.160000	-70.400000
	183.760000	-45.480000	-68.200000
	183.780000	-46.740000	-65.600000
	183.800000	-47.940000	-63.000000
	183.820000	-49.104000	-60.400000
	183.840000	-50.208000	-57.800000
	183.860000	-51.264000	-55.400000
	183.880000	-52.260000	-52.600000
	183.900000	-53.160000	-49.200000
	183.920000	-53.988000	-45.400000
	183.940000	-54.744000	-41.400000
	183.960000	-55.428000	-37.800000
	183.980000	-56.052000	-34.400000
	184.000000	-56.592000	-30.800000
	184.020000	-57.072000	-27.400000
	184.040000	-57.456000	-23.400000
	184.060000	-57.756000	-19.400000
	184.080000	-57.972000	-15.000000
	184.100000	-58.116000	-11.000000
	184.120000	-58.188000	-7.200000
	184.140000	-58.188000	-3.600000
	184.160000	-58.104000	0.200000
	184.180000	-57.948000	4.000000
	184.200000	-57.720000	7.800000
	184.220000	-57.432000	11.200000
	184.240000	-57.084000	14.400000
	184.260000	-56.688000	17.200000
	184.280000	-56.232000	20.000000
	184.300000	-55.716000	22.800000
	184.320000	-55.140000	25.800000
	184.340000	-54.516000	28.600000
	184.360000	-53.844000	31.200000
	184.380000	-53.124000	33.600000
	184.400000	-52.356000	36.000000
	184.420000	-51.564000	38.000000
	184.440000	-50.736000	39.800000
	184.460000	-49.884000	41.200000
	184.480000	-48.984000	43.000000
	184.500000	-48.072000	44.400000
	184.520000	-47.124000	46.000000
	184.540000	-46.176000	46.800000
	184.560000	-45.192000	48.000000
	184.580000	-44.220000	48.400000
	184.600000	-43.224000	49.200000
	184.620000	-42.204000	49.800000
	184.640000	-41.184000	50.600000
	184.660000	-40.176000	50.800000
	184.680000	-39.204000	50.000000
	184.700000	-38.220000	49.400000
	184.720000	-37.224000	49.200000
	184.740000	-36.240000	49.400000
	184.760000	-35.292000	48.800000
	184.780000	-34.356000	47.800000
	184.800000	-33.432000	46.800000
	184.820000	-32.520000	46.200000
	184.840000	-31.656000	45.000000
	184.860000	-30.804000	43.800000
	184.880000	-29.976000	42.400000
	184.900000	-29.172000	41.400000
	184.920000	-28.428000	39.600000
	184.940000	-27.696000	38.000000
	184.960000	-27.000000	36.200000
	184.980000	-26.328000	35.000000
	185.000000	-25.716000	33.000000
	185.020000	-25.140000	31.000000
	185.040000	-24.600000	28.800000
	185.060000	-24.096000	27.000000
	185.080000	-23.628000	25.200000
	185.100000	-23.208000	23.200000
	185.120000	-22.836000	21.000000
	185.140000	-22.512000	18.600000
	185.160000	-22.224000	16.400000
	185.180000	-21.984000	14.200000
	185.200000	-21.792000	12.000000
	185.220000	-21.660000	9.400000
	185.240000	-21.576000	6.800000
	185.260000	-21.540000	4.200000
	185.280000	-21.540000	2.000000
	185.300000	-21.588000	-0.200000
	185.320000	-21.684000	-2.400000
	185.340000	-21.840000	-5.000000
	185.360000	-22.032000	-7.400000
	185.380000	-22.272000	-9.800000
	185.400000	-22.548000	-11.800000
	185.420000	-22.884000	-14.200000
	185.440000	-23.256000	-16.400000
	185.460000	-23.664000	-18.600000
	185.480000	-24.108000	-20.400000
	185.500000	-24.600000	-22.400000
	185.520000	-25.140000	-24.600000
	185.540000	-25.716000	-26.800000
	185.560000	-26.400000	-30.000000
	185.580000	-27.048000	-31.800000
	185.600000	-27.744000	-33.800000
	185.620000	-28.404000	-33.400000
	185.640000	-29.184000	-35.600000
	185.660000	-29.988000	-37.400000
	185.680000	-30.828000	-40.400000
	185.700000	-31.692000	-41.800000
	185.720000	-32.604000	-43.600000
	185.740000	-33.540000	-45.200000
	185.760000	-34.488000	-46.600000
	185.780000	-35.460000	-47.600000
	185.800000	-36.456000	-48.600000
	185.820000	-37.476000	-49.800000
	185.840000	-38.508000	-50.800000
	185.860000	-39.552000	-51.600000
	185.880000	-40.632000	-52.600000
	185.900000	-41.688000	-53.000000
	185.920000	-42.768000	-53.600000
	185.940000	-43.812000	-53.000000
	185.960000	-44.892000	-53.400000
	185.980000	-45.948000	-53.000000
	186.000000	-47.016000	-53.400000
	186.020000	-48.072000	-53.000000
	186.040000	-49.116000	-52.800000
	186.060000	-50.136000	-52.000000
	186.080000	-51.132000	-51.000000
	186.100000	-52.116000	-50.000000
	186.120000	-53.076000	-49.000000
	186.140000	-54.012000	-48.000000
	186.160000	-54.912000	-46.600000
	186.180000	-55.776000	-45.000000
	186.200000	-56.604000	-43.200000
	186.220000	-57.372000	-41.000000
	186.240000	-58.116000	-39.000000
	186.260000	-58.788000	-36.400000
	186.280000	-59.436000	-34.400000
	186.300000	-60.024000	-31.800000
	186.320000	-60.564000	-29.600000
	186.340000	-61.044000	-26.800000
	186.360000	-61.452000	-23.800000
	186.380000	-61.800000	-20.600000
	186.400000	-62.064000	-17.000000
	186.420000	-62.268000	-13.600000
	186.440000	-62.400000	-10.000000
	186.460000	-62.460000	-6.600000
	186.480000	-62.448000	-3.000000
	186.500000	-62.364000	0.600000
	186.520000	-62.220000	4.000000
	186.540000	-62.004000	7.400000
	186.560000	-61.728000	10.600000
	186.580000	-61.380000	14.000000
	186.600000	-60.960000	17.400000
	186.620000	-60.468000	21.000000
	186.640000	-59.916000	24.400000
	186.660000	-59.316000	27.400000
	186.680000	-58.644000	30.400000
	186.700000	-57.912000	33.400000
	186.720000	-57.120000	36.600000
	186.740000	-56.280000	39.400000
	186.760000	-55.368000	42.400000
	186.780000	-54.408000	45.200000
	186.800000	-53.364000	48.600000
	186.820000	-52.296000	51.200000
	186.840000	-51.180000	53.800000
	186.860000	-50.040000	55.400000
	186.880000	-48.852000	57.400000
	186.900000	-47.604000	59.600000
	186.920000	-46.308000	62.200000
	186.940000	-44.988000	64.400000
	186.960000	-43.632000	66.200000
	186.980000	-42.252000	67.600000
	187.000000	-40.848000	69.000000
	187.020000	-39.396000	70.600000
	187.040000	-37.968000	71.400000
	187.060000	-36.492000	72.600000
	187.080000	-35.016000	73.000000
	187.100000	-33.504000	74.400000
	187.120000	-31.980000	75.200000
	187.140000	-30.468000	75.800000
	187.160000	-28.908000	76.600000
	187.180000	-27.336000	77.400000
	187.200000	-25.776000	78.200000
	187.220000	-24.228000	78.000000
	187.240000	-22.668000	77.800000
	187.260000	-21.072000	78.400000
	187.280000	-19.488000	79.000000
	187.300000	-17.904000	79.400000
	187.320000	-16.320000	79.200000
	187.340000	-14.736000	79.200000
	187.360000	-13.188000	78.600000
	187.380000	-11.604000	78.600000
	187.400000	-10.032000	78.400000
	187.420000	-8.436000	79.200000
	187.440000	-6.900000	78.400000
	187.460000	-5.364000	77.800000
	187.480000	-3.816000	77.000000
	187.500000	-2.292000	76.800000
	187.520000	-0.732000	77.200000
	187.540000	0.780000	76.600000
	187.560000	2.316000	76.800000
	187.580000	3.816000	75.800000
	187.600000	5.304000	75.400000
	187.620000	6.768000	74.200000
	187.640000	8.220000	73.400000
	187.660000	9.672000	72.800000
	187.680000	11.124000	72.600000
	187.700000	12.540000	72.000000
	187.720000	13.944000	71.200000
	187.740000	15.312000	69.800000
	187.760000	16.680000	69.000000
	187.780000	18.012000	67.800000
	187.800000	19.344000	67.200000
	187.820000	20.640000	66.000000
	187.840000	21.960000	65.800000
	187.860000	23.244000	65.000000
	187.880000	24.504000	64.400000
	187.900000	25.740000	63.000000
	187.920000	26.940000	61.600000
	187.940000	28.176000	61.200000
	187.960000	29.328000	59.800000
	187.980000	30.480000	59.000000
	188.000000	31.548000	56.200000
	188.020000	32.652000	55.400000
	188.040000	33.720000	54.000000
	188.060000	34.764000	53.600000
	188.080000	35.760000	51.800000
	188.100000	36.732000	50.200000
	188.120000	37.680000	48.600000
	188.140000	38.580000	47.000000
	188.160000	39.456000	45.400000
	188.180000	40.308000	43.800000
	188.200000	41.136000	42.600000
	188.220000	41.916000	41.000000
	188.240000	42.660000	39.200000
	188.260000	43.356000	37.000000
	188.280000	44.040000	35.400000
	188.300000	44.676000	33.600000
	188.320000	45.276000	32.000000
	188.340000	45.816000	29.600000
	188.360000	46.320000	27.400000
	188.380000	46.788000	25.200000
	188.400000	47.208000	23.200000
	188.420000	47.592000	21.200000
	188.440000	47.928000	19.000000
	188.460000	48.240000	17.200000
	188.480000	48.504000	15.200000
	188.500000	48.720000	13.200000
	188.520000	48.888000	10.800000
	188.540000	49.020000	8.600000
	188.560000	49.116000	6.600000
	188.580000	49.164000	4.600000
	188.600000	49.176000	2.600000
	188.620000	49.152000	0.600000
	188.640000	49.104000	-1.000000
	188.660000	49.008000	-2.800000
	188.680000	48.888000	-4.400000
	188.700000	48.732000	-6.200000
	188.720000	48.552000	-7.600000
	188.740000	48.348000	-9.000000
	188.760000	48.120000	-10.200000
	188.780000	47.868000	-11.400000
	188.800000	47.592000	-12.600000
	188.820000	47.316000	-13.400000
	188.840000	47.028000	-14.000000
	188.860000	46.728000	-14.400000
	188.880000	46.392000	-15.400000
	188.900000	46.044000	-16.400000
	188.920000	45.684000	-17.400000
	188.940000	45.324000	-17.800000
	188.960000	44.952000	-18.200000
	188.980000	44.568000	-18.600000
	189.000000	44.184000	-19.000000
	189.020000	43.800000	-19.200000
	189.040000	43.416000	-19.200000
	189.060000	43.020000	-19.400000
	189.080000	42.624000	-19.600000
	189.100000	42.228000	-19.800000
	189.120000	41.832000	-19.800000
	189.140000	41.448000	-19.600000
	189.160000	41.076000	-19.200000
	189.180000	40.716000	-18.600000
	189.200000	40.368000	-18.000000
	189.220000	40.020000	-17.600000
	189.240000	39.684000	-17.200000
	189.260000	39.360000	-16.800000
	189.280000	39.060000	-16.000000
	189.300000	38.784000	-15.000000
	189.320000	38.520000	-14.000000
	189.340000	38.280000	-13.000000
	189.360000	38.052000	-12.200000
	189.380000	37.860000	-11.000000
	189.400000	37.680000	-10.000000
	189.420000	37.536000	-8.600000
	189.440000	37.416000	-7.400000
	189.460000	37.332000	-5.800000
	189.480000	37.272000	-4.400000
	189.500000	37.236000	-3.000000
	189.520000	37.224000	-1.800000
	189.540000	37.248000	-0.400000
	189.560000	37.296000	1.000000
	189.580000	37.380000	2.600000
	189.600000	37.488000	4.000000
	189.620000	37.632000	5.600000
	189.640000	37.800000	7.000000
	189.660000	37.992000	8.400000
	189.680000	38.196000	9.400000
	189.700000	38.436000	10.600000
	189.720000	38.712000	12.000000
	189.740000	39.012000	13.600000
	189.760000	39.336000	15.000000
	189.780000	39.684000	16.200000
	189.800000	40.068000	17.600000
	189.820000	40.476000	19.000000
	189.840000	40.908000	20.400000
	189.860000	41.376000	21.800000
	189.880000	41.880000	23.400000
	189.900000	42.420000	25.200000
	189.920000	42.984000	26.800000
	189.940000	43.560000	28.000000
	189.960000	44.148000	28.800000
	189.980000	44.772000	29.800000
	190.000000	45.444000	31.400000
	190.020000	46.140000	33.200000
	190.040000	46.860000	34.800000
	190.060000	47.580000	35.600000
	190.080000	48.336000	36.600000
	190.100000	49.116000	37.600000
	190.120000	49.908000	38.800000
	190.140000	50.712000	39.600000
	190.160000	51.516000	40.000000
	190.180000	52.356000	40.800000
	190.200000	53.196000	41.400000
	190.220000	54.048000	42.200000
	190.240000	54.900000	42.400000
	190.260000	55.764000	42.800000
	190.280000	56.616000	42.800000
	190.300000	57.468000	42.800000
	190.320000	58.320000	42.600000
	190.340000	59.184000	42.800000
	190.360000	60.036000	42.800000
	190.380000	60.876000	42.600000
	190.400000	61.680000	41.600000
	190.420000	62.472000	40.600000
	190.440000	63.240000	39.400000
	190.460000	63.996000	38.600000
	190.480000	64.716000	37.400000
	190.500000	65.412000	36.200000
	190.520000	66.060000	34.400000
	190.540000	66.672000	32.600000
	190.560000	67.236000	30.400000
	190.580000	67.788000	28.800000
	190.600000	68.292000	27.000000
	190.620000	68.748000	25.200000
	190.640000	69.132000	22.400000
	190.660000	69.468000	19.600000
	190.680000	69.756000	16.800000
	190.700000	69.984000	14.200000
	190.720000	70.152000	11.400000
	190.740000	70.260000	8.400000
	190.760000	70.308000	5.400000
	190.780000	70.296000	2.400000
	190.800000	70.212000	-0.800000
	190.820000	70.080000	-3.800000
	190.840000	69.888000	-6.800000
	190.860000	69.648000	-9.400000
	190.880000	69.348000	-12.200000
	190.900000	68.988000	-15.000000
	190.920000	68.568000	-18.000000
	190.940000	68.100000	-20.800000
	190.960000	67.584000	-23.400000
	190.980000	67.008000	-26.000000
	191.000000	66.384000	-28.600000
	191.020000	65.712000	-31.200000
	191.040000	64.968000	-34.000000
	191.060000	64.164000	-37.000000
	191.080000	63.312000	-40.000000
	191.100000	62.436000	-42.200000
	191.120000	61.500000	-44.400000
	191.140000	60.516000	-46.600000
	191.160000	59.472000	-49.400000
	191.180000	58.404000	-51.600000
	191.200000	57.276000	-54.000000
	191.220000	56.112000	-56.000000
	191.240000	54.900000	-58.400000
	191.260000	53.640000	-60.600000
	191.280000	52.356000	-62.600000
	191.300000	51.048000	-64.200000
	191.320000	49.716000	-65.400000
	191.340000	48.348000	-66.800000
	191.360000	46.932000	-68.600000
	191.380000	45.504000	-70.200000
	191.400000	44.040000	-71.800000
	191.420000	42.528000	-73.400000
	191.440000	41.004000	-75.000000
	191.460000	39.444000	-76.600000
	191.480000	37.872000	-77.600000
	191.500000	36.264000	-79.000000
	191.520000	34.644000	-80.000000
	191.540000	33.024000	-80.800000
	191.560000	31.332000	-82.200000
	191.580000	29.640000	-83.400000
	191.600000	27.936000	-84.800000
	191.620000	26.244000	-84.800000
	191.640000	24.528000	-85.200000
	191.660000	22.764000	-86.200000
	191.680000	20.952000	-88.200000
	191.700000	19.152000	-89.600000
	191.720000	17.340000	-90.400000
	191.740000	15.540000	-90.200000
	191.760000	13.692000	-91.000000
	191.780000	11.820000	-92.000000
	191.800000	9.936000	-93.400000
	191.820000	8.040000	-94.200000
	191.840000	6.132000	-94.800000
	191.860000	4.212000	-95.400000
	191.880000	2.256000	-96.400000
	191.900000	0.336000	-96.600000
	191.920000	-1.596000	-96.800000
	191.940000	-3.540000	-96.600000
	191.960000	-5.508000	-97.400000
	191.980000	-7.500000	-98.400000
	192.000000	-9.492000	-99.200000
	192.020000	-11.532000	-100.400000
	192.040000	-13.536000	-100.600000
	192.060000	-15.540000	-100.800000
	192.080000	-17.532000	-100.000000
	192.100000	-19.524000	-99.800000
	192.120000	-21.516000	-99.600000
	192.140000	-23.484000	-99.200000
	192.160000	-25.440000	-98.600000
	192.180000	-27.384000	-97.800000
	192.200000	-29.340000	-97.600000
	192.220000	-31.296000	-97.600000
	192.240000	-33.216000	-97.200000
	192.260000	-35.076000	-95.600000
	192.280000	-36.924000	-93.800000
	192.300000	-38.760000	-92.400000
	192.320000	-40.596000	-92.000000
	192.340000	-42.360000	-90.600000
	192.360000	-44.088000	-88.800000
	192.380000	-45.768000	-86.200000
	192.400000	-47.412000	-84.200000
	192.420000	-48.984000	-81.600000
	192.440000	-50.520000	-79.200000
	192.460000	-51.984000	-76.200000
	192.480000	-53.424000	-74.000000
	192.500000	-54.756000	-70.600000
	192.520000	-56.052000	-67.800000
	192.540000	-57.240000	-63.600000
	192.560000	-58.392000	-60.600000
	192.580000	-59.448000	-56.600000
	192.600000	-60.432000	-53.200000
	192.620000	-61.320000	-48.800000
	192.640000	-62.136000	-44.800000
	192.660000	-62.856000	-40.400000
	192.680000	-63.480000	-36.000000
	192.700000	-64.008000	-31.200000
	192.720000	-64.452000	-26.600000
	192.740000	-64.788000	-21.800000
	192.760000	-65.028000	-17.000000
	192.780000	-65.160000	-11.800000
	192.800000	-65.208000	-7.000000
	192.820000	-65.160000	-2.200000
	192.840000	-65.028000	2.200000
	192.860000	-64.800000	6.800000
	192.880000	-64.488000	11.200000
	192.900000	-64.092000	15.600000
	192.920000	-63.612000	19.800000
	192.940000	-63.060000	23.800000
	192.960000	-62.436000	27.600000
	192.980000	-61.728000	31.400000
	193.000000	-60.960000	35.000000
	193.020000	-60.108000	38.800000
	193.040000	-59.208000	42.000000
	193.060000	-58.224000	45.600000
	193.080000	-57.192000	48.600000
	193.100000	-56.136000	51.200000
	193.120000	-55.008000	53.600000
	193.140000	-53.844000	55.800000
	193.160000	-52.632000	58.400000
	193.180000	-51.384000	60.400000
	193.200000	-50.112000	62.200000
	193.220000	-48.792000	64.000000
	193.240000	-47.484000	65.000000
	193.260000	-46.152000	66.000000
	193.280000	-44.784000	66.800000
	193.300000	-43.440000	67.400000
	193.320000	-42.048000	68.400000
	193.340000	-40.668000	68.600000
	193.360000	-39.252000	69.800000
	193.380000	-37.884000	69.400000
	193.400000	-36.504000	69.400000
	193.420000	-35.136000	68.600000
	193.440000	-33.780000	68.400000
	193.460000	-32.448000	67.600000
	193.480000	-31.116000	67.000000
	193.500000	-29.796000	66.400000
	193.520000	-28.524000	65.400000
	193.540000	-27.264000	64.200000
	193.560000	-26.016000	63.000000
	193.580000	-24.792000	62.200000
	193.600000	-23.604000	61.000000
	193.620000	-22.452000	59.400000
	193.640000	-21.300000	58.200000
	193.660000	-20.196000	56.800000
	193.680000	-19.116000	55.600000
	193.700000	-18.096000	53.400000
	193.720000	-17.100000	51.600000
	193.740000	-16.152000	49.400000
	193.760000	-15.216000	48.000000
	193.780000	-14.340000	46.000000
	193.800000	-13.488000	44.400000
	193.820000	-12.708000	41.800000
	193.840000	-11.952000	39.800000
	193.860000	-11.256000	37.200000
	193.880000	-10.584000	35.400000
	193.900000	-9.972000	33.000000
	193.920000	-9.396000	31.000000
	193.940000	-8.868000	28.600000
	193.960000	-8.376000	26.600000
	193.980000	-7.932000	24.400000
	194.000000	-7.548000	22.000000
	194.020000	-7.200000	19.600000
	194.040000	-6.900000	17.200000
	194.060000	-6.648000	15.000000
	194.080000	-6.456000	12.400000
	194.100000	-6.312000	9.800000
	194.120000	-6.216000	7.200000
	194.140000	-6.168000	4.800000
	194.160000	-6.168000	2.400000
	194.180000	-6.216000	0.000000
	194.200000	-6.312000	-2.400000
	194.220000	-6.456000	-4.800000
	194.240000	-6.648000	-7.200000
	194.260000	-6.876000	-9.400000
	194.280000	-7.164000	-11.800000
	194.300000	-7.476000	-13.800000
	194.320000	-7.836000	-16.000000
	194.340000	-8.232000	-17.800000
	194.360000	-8.676000	-20.000000
	194.380000	-9.156000	-22.000000
	194.400000	-9.672000	-24.000000
	194.420000	-10.236000	-26.000000
	194.440000	-10.860000	-28.400000
	194.460000	-11.520000	-30.800000
	194.480000	-12.204000	-32.800000
	194.500000	-12.924000	-34.400000
	194.520000	-13.692000	-36.200000
	194.540000	-14.508000	-38.400000
	194.560000	-15.348000	-40.400000
	194.580000	-16.212000	-42.000000
	194.600000	-17.136000	-43.800000
	194.620000	-18.084000	-45.600000
	194.640000	-19.068000	-47.600000
	194.660000	-20.064000	-48.800000
	194.680000	-21.084000	-50.000000
	194.700000	-22.140000	-51.200000
	194.720000	-23.208000	-52.400000
	194.740000	-24.312000	-53.800000
	194.760000	-25.428000	-54.800000
	194.780000	-26.568000	-56.000000
	194.800000	-27.732000	-57.000000
	194.820000	-28.884000	-57.600000
	194.840000	-30.048000	-58.000000
	194.860000	-31.212000	-58.000000
	194.880000	-32.376000	-58.200000
	194.900000	-33.540000	-58.200000
	194.920000	-34.692000	-58.000000
	194.940000	-35.856000	-58.000000
	194.960000	-37.008000	-57.800000
	194.980000	-38.148000	-57.600000
	195.000000	-39.276000	-57.000000
	195.020000	-40.380000	-56.200000
	195.040000	-41.460000	-55.200000
	195.060000	-42.540000	-54.400000
	195.080000	-43.584000	-53.400000
	195.100000	-44.604000	-52.400000
	195.120000	-45.576000	-50.600000
	195.140000	-46.524000	-49.000000
	195.160000	-47.448000	-47.400000
	195.180000	-48.348000	-46.200000
	195.200000	-49.200000	-44.600000
	195.220000	-50.016000	-42.800000
	195.240000	-50.748000	-40.000000
	195.260000	-51.456000	-37.600000
	195.280000	-52.104000	-34.800000
	195.300000	-52.704000	-32.600000
	195.320000	-53.244000	-29.800000
	195.340000	-53.724000	-27.000000
	195.360000	-54.156000	-24.200000
	195.380000	-54.516000	-21.200000
	195.400000	-54.816000	-18.200000
	195.420000	-55.044000	-14.800000
	195.440000	-55.212000	-11.600000
	195.460000	-55.308000	-8.200000
	195.480000	-55.344000	-5.000000
	195.500000	-55.320000	-1.800000
	195.520000	-55.224000	1.400000
	195.540000	-55.056000	4.800000
	195.560000	-54.792000	8.800000
	195.580000	-54.504000	12.000000
	195.600000	-54.168000	14.800000
	195.620000	-53.796000	16.600000
	195.640000	-53.340000	19.400000
	195.660000	-52.824000	22.400000
	195.680000	-52.260000	25.600000
	195.700000	-51.636000	28.400000
	195.720000	-50.976000	30.800000
	195.740000	-50.256000	33.400000
	195.760000	-49.512000	35.400000
	195.780000	-48.708000	37.800000
	195.800000	-47.856000	40.000000
	195.820000	-46.944000	42.800000
	195.840000	-46.008000	45.000000
	195.860000	-45.036000	47.000000
	195.880000	-44.028000	48.600000
	195.900000	-42.972000	50.600000
	195.920000	-41.916000	52.000000
	195.940000	-40.848000	53.000000
	195.960000	-39.756000	53.600000
	195.980000	-38.640000	54.600000
	196.000000	-37.476000	56.200000
	196.020000	-36.312000	57.400000
	196.040000	-35.136000	58.400000
	196.060000	-33.972000	58.400000
	196.080000	-32.772000	59.000000
	196.100000	-31.572000	59.400000
	196.120000	-30.372000	60.000000
	196.140000	-29.208000	59.400000
	196.160000	-28.032000	59.000000
	196.180000	-26.844000	58.800000
	196.200000	-25.644000	59.400000
	196.220000	-24.468000	59.400000
	196.240000	-23.316000	58.800000
	196.260000	-22.176000	57.800000
	196.280000	-21.012000	57.600000
	196.300000	-19.872000	57.400000
	196.320000	-18.756000	57.000000
	196.340000	-17.664000	55.800000
	196.360000	-16.572000	55.000000
	196.380000	-15.492000	54.400000
	196.400000	-14.448000	53.600000
	196.420000	-13.428000	52.400000
	196.440000	-12.444000	50.800000
	196.460000	-11.484000	49.400000
	196.480000	-10.548000	48.000000
	196.500000	-9.612000	47.200000
	196.520000	-8.712000	46.200000
	196.540000	-7.836000	45.200000
	196.560000	-6.996000	43.600000
	196.580000	-6.180000	42.200000
	196.600000	-5.400000	40.600000
	196.620000	-4.656000	39.000000
	196.640000	-3.936000	37.400000
	196.660000	-3.252000	35.800000
	196.680000	-2.604000	34.200000
	196.700000	-1.992000	32.400000
	196.720000	-1.428000	30.400000
	196.740000	-0.888000	28.600000
	196.760000	-0.396000	26.600000
	196.780000	0.072000	25.000000
	196.800000	0.480000	22.800000
	196.820000	0.864000	21.000000
	196.840000	1.200000	18.800000
	196.860000	1.500000	17.000000
	196.880000	1.740000	14.600000
	196.900000	1.944000	12.400000
	196.920000	2.100000	10.000000
	196.940000	2.208000	7.800000
	196.960000	2.268000	5.400000
	196.980000	2.280000	3.000000
	197.000000	2.268000	1.000000
	197.020000	2.208000	-1.000000
	197.040000	2.100000	-3.000000
	197.060000	1.944000	-5.400000
	197.080000	1.740000	-7.800000
	197.100000	1.500000	-10.000000
	197.120000	1.224000	-12.000000
	197.140000	0.900000	-14.000000
	197.160000	0.540000	-16.000000
	197.180000	0.132000	-18.200000
	197.200000	-0.300000	-20.000000
	197.220000	-0.780000	-22.000000
	197.240000	-1.308000	-24.000000
	197.260000	-1.872000	-26.200000
	197.280000	-2.472000	-28.200000
	197.300000	-3.108000	-30.000000
	197.320000	-3.792000	-32.000000
	197.340000	-4.512000	-34.000000
	197.360000	-5.280000	-36.200000
	197.380000	-6.084000	-38.200000
	197.400000	-6.936000	-40.400000
	197.420000	-7.812000	-42.200000
	197.440000	-8.736000	-44.200000
	197.460000	-9.684000	-45.800000
	197.480000	-10.680000	-47.800000
	197.500000	-11.712000	-49.600000
	197.520000	-12.768000	-51.400000
	197.540000	-13.836000	-52.600000
	197.560000	-14.952000	-54.000000
	197.580000	-16.116000	-55.800000
	197.600000	-17.316000	-58.000000
	197.620000	-18.504000	-59.200000
	197.640000	-19.716000	-60.000000
	197.660000	-20.964000	-60.800000
	197.680000	-22.224000	-62.000000
	197.700000	-23.508000	-63.200000
	197.720000	-24.780000	-63.600000
	197.740000	-26.088000	-64.400000
	197.760000	-27.396000	-64.800000
	197.780000	-28.716000	-65.600000
	197.800000	-30.036000	-65.800000
	197.820000	-31.368000	-66.200000
	197.840000	-32.688000	-66.200000
	197.860000	-34.008000	-66.200000
	197.880000	-35.292000	-65.400000
	197.900000	-36.600000	-65.200000
	197.920000	-37.896000	-64.800000
	197.940000	-39.192000	-65.000000
	197.960000	-40.440000	-64.000000
	197.980000	-41.676000	-63.000000
	198.000000	-42.876000	-61.400000
	198.020000	-44.064000	-60.400000
	198.040000	-45.228000	-59.200000
	198.060000	-46.356000	-58.000000
	198.080000	-47.448000	-56.400000
	198.100000	-48.492000	-54.400000
	198.120000	-49.512000	-52.600000
	198.140000	-50.484000	-50.600000
	198.160000	-51.396000	-48.400000
	198.180000	-52.248000	-45.600000
	198.200000	-53.064000	-43.000000
	198.220000	-53.820000	-40.400000
	198.240000	-54.540000	-38.200000
	198.260000	-55.176000	-35.200000
	198.280000	-55.764000	-32.400000
	198.300000	-56.268000	-28.800000
	198.320000	-56.712000	-25.600000
	198.340000	-57.084000	-22.000000
	198.360000	-57.384000	-18.600000
	198.380000	-57.612000	-15.000000
	198.400000	-57.756000	-11.200000
	198.420000	-57.840000	-7.600000
	198.440000	-57.852000	-4.000000
	198.460000	-57.792000	-0.600000
	198.480000	-57.648000	3.200000
	198.500000	-57.444000	6.800000
	198.520000	-57.168000	10.400000
	198.540000	-56.844000	13.400000
	198.560000	-56.448000	16.600000
	198.580000	-55.992000	19.600000
	198.600000	-55.452000	23.200000
	198.620000	-54.864000	26.400000
	198.640000	-54.216000	29.600000
	198.660000	-53.520000	32.200000
	198.680000	-52.752000	35.200000
	198.700000	-51.948000	37.800000
	198.720000	-51.108000	40.200000
	198.740000	-50.220000	42.200000
	198.760000	-49.284000	44.400000
	198.780000	-48.288000	47.000000
	198.800000	-47.268000	49.200000
	198.820000	-46.200000	51.400000
	198.840000	-45.096000	53.200000
	198.860000	-43.956000	55.200000
	198.880000	-42.804000	56.600000
	198.900000	-41.628000	57.800000
	198.920000	-40.440000	58.600000
	198.940000	-39.228000	59.600000
	198.960000	-38.016000	60.200000
	198.980000	-36.756000	61.400000
	199.000000	-35.496000	62.200000
	199.020000	-34.236000	63.000000
	199.040000	-33.000000	62.600000
	199.060000	-31.740000	62.600000
	199.080000	-30.480000	62.600000
	199.100000	-29.208000	63.200000
	199.120000	-27.960000	63.000000
	199.140000	-26.688000	63.200000
	199.160000	-25.440000	62.800000
	199.180000	-24.204000	62.600000
	199.200000	-22.992000	61.600000
	199.220000	-21.804000	60.600000
	199.240000	-20.604000	60.000000
	199.260000	-19.440000	59.200000
	199.280000	-18.252000	59.200000
	199.300000	-17.112000	58.200000
	199.320000	-15.984000	57.600000
	199.340000	-14.892000	56.000000
	199.360000	-13.812000	55.000000
	199.380000	-12.768000	53.600000
	199.400000	-11.736000	52.600000
	199.420000	-10.740000	51.200000
	199.440000	-9.744000	50.400000
	199.460000	-8.820000	48.600000
	199.480000	-7.908000	47.200000
	199.500000	-7.044000	45.000000
	199.520000	-6.192000	43.800000
	199.540000	-5.364000	42.400000
	199.560000	-4.572000	41.200000
	199.580000	-3.816000	39.600000
	199.600000	-3.108000	37.600000
	199.620000	-2.424000	35.800000
	199.640000	-1.776000	34.000000
	199.660000	-1.176000	32.200000
	199.680000	-0.612000	30.200000
	199.700000	-0.096000	28.000000
	199.720000	0.384000	26.000000
	199.740000	0.816000	23.800000
	199.760000	1.212000	21.800000
	199.780000	1.572000	19.800000
	199.800000	1.884000	17.800000
	199.820000	2.148000	15.600000
	199.840000	2.364000	13.200000
	199.860000	2.544000	11.000000
	199.880000	2.676000	8.800000
	199.900000	2.760000	6.600000
	199.920000	2.796000	4.200000
	199.940000	2.796000	2.000000
	199.960000	2.748000	-0.200000
	199.980000	2.652000	-2.400000
	200.000000	2.508000	-4.800000
	200.020000	2.328000	-7.000000
	200.040000	2.100000	-9.200000
	200.060000	1.824000	-11.400000
	200.080000	1.512000	-13.600000
	200.100000	1.176000	-15.400000
	200.120000	0.804000	-17.000000
	200.140000	0.384000	-18.800000
	200.160000	-0.096000	-21.200000
	200.180000	-0.612000	-23.600000
	200.200000	-1.152000	-25.600000
	200.220000	-1.740000	-27.400000
	200.240000	-2.376000	-29.400000
	200.260000	-3.060000	-31.800000
	200.280000	-3.756000	-33.600000
	200.300000	-4.488000	-35.200000
	200.320000	-5.280000	-37.000000
	200.340000	-6.108000	-39.200000
	200.360000	-6.972000	-41.400000
	200.380000	-7.860000	-43.000000
	200.400000	-8.784000	-44.600000
	200.420000	-9.756000	-46.400000
	200.440000	-10.752000	-48.200000
	200.460000	-11.796000	-50.200000
	200.480000	-12.852000	-51.600000
	200.500000	-13.944000	-53.200000
	200.520000	-15.060000	-54.400000
	200.540000	-16.200000	-55.800000
	200.560000	-17.388000	-57.400000
	200.580000	-18.576000	-58.600000
	200.600000	-19.812000	-60.200000
	200.620000	-21.036000	-60.800000
	200.640000	-22.296000	-62.000000
	200.660000	-23.544000	-62.200000
	200.680000	-24.816000	-63.000000
	200.700000	-26.088000	-63.200000
	200.720000	-27.372000	-63.800000
	200.740000	-28.644000	-63.800000
	200.760000	-29.940000	-64.200000
	200.780000	-31.212000	-64.000000
	200.800000	-32.508000	-64.400000
	200.820000	-33.780000	-64.000000
	200.840000	-35.064000	-64.200000
	200.860000	-36.324000	-63.600000
	200.880000	-37.572000	-63.200000
	200.900000	-38.796000	-62.200000
	200.920000	-40.020000	-61.600000
	200.940000	-41.208000	-60.600000
	200.960000	-42.372000	-59.600000
	200.980000	-43.488000	-57.800000
	201.000000	-44.580000	-56.200000
	201.020000	-45.648000	-54.600000
	201.040000	-46.680000	-53.200000
	201.060000	-47.688000	-51.800000
	201.080000	-48.636000	-49.800000
	201.100000	-49.536000	-47.600000
	201.120000	-50.388000	-45.000000
	201.140000	-51.204000	-42.800000
	201.160000	-51.960000	-40.400000
	201.180000	-52.644000	-37.600000
	201.200000	-53.268000	-34.400000
	201.220000	-53.832000	-31.200000
	201.240000	-54.348000	-28.400000
	201.260000	-54.804000	-25.600000
	201.280000	-55.188000	-22.600000
	201.300000	-55.500000	-19.200000
	201.320000	-55.740000	-15.600000
	201.340000	-55.920000	-12.200000
	201.360000	-56.028000	-8.800000
	201.380000	-56.064000	-5.400000
	201.400000	-56.028000	-1.800000
	201.420000	-55.920000	1.800000
	201.440000	-55.740000	5.400000
	201.460000	-55.500000	8.800000
	201.480000	-55.212000	11.800000
	201.500000	-54.852000	14.800000
	201.520000	-54.432000	17.800000
	201.540000	-53.952000	21.000000
	201.560000	-53.436000	23.600000
	201.580000	-52.860000	26.200000
	201.600000	-52.224000	28.800000
	201.620000	-51.540000	31.600000
	201.640000	-50.784000	34.600000
	201.660000	-49.992000	37.200000
	201.680000	-49.140000	40.000000
	201.700000	-48.276000	41.800000
	201.720000	-47.352000	44.000000
	201.740000	-46.404000	45.600000
	201.760000	-45.420000	47.600000
	201.780000	-44.412000	49.000000
	201.800000	-43.368000	50.600000
	201.820000	-42.288000	52.200000
	201.840000	-41.172000	54.000000
	201.860000	-40.056000	55.200000
	201.880000	-38.940000	55.800000
	201.900000	-37.812000	56.000000
	201.920000	-36.648000	56.800000
	201.940000	-35.472000	57.800000
	201.960000	-34.296000	58.600000
	201.980000	-33.120000	58.800000
	202.000000	-31.944000	58.800000
	202.020000	-30.756000	59.000000
	202.040000	-29.568000	59.200000
	202.060000	-28.368000	59.600000
	202.080000	-27.216000	59.000000
	202.100000	-26.088000	58.000000
	202.120000	-24.972000	56.600000
	202.140000	-23.856000	56.000000
	202.160000	-22.740000	55.800000
	202.180000	-21.648000	55.400000
	202.200000	-20.568000	54.800000
	202.220000	-19.512000	53.800000
	202.240000	-18.468000	53.000000
	202.260000	-17.436000	52.200000
	202.280000	-16.416000	51.600000
	202.300000	-15.444000	50.400000
	202.320000	-14.508000	48.800000
	202.340000	-13.608000	46.800000
	202.360000	-12.732000	45.200000
	202.380000	-11.868000	44.000000
	202.400000	-11.040000	42.800000
	202.420000	-10.224000	41.800000
	202.440000	-9.456000	40.200000
	202.460000	-8.724000	38.600000
	202.480000	-8.040000	36.400000
	202.500000	-7.392000	34.400000
	202.520000	-6.768000	32.600000
	202.540000	-6.180000	31.000000
	202.560000	-5.628000	29.400000
	202.580000	-5.112000	27.600000
	202.600000	-4.644000	25.600000
	202.620000	-4.212000	23.600000
	202.640000	-3.828000	21.400000
	202.660000	-3.480000	19.400000
	202.680000	-3.180000	17.200000
	202.700000	-2.928000	15.000000
	202.720000	-2.724000	12.600000
	202.740000	-2.568000	10.200000
	202.760000	-2.460000	7.800000
	202.780000	-2.388000	5.600000
	202.800000	-2.364000	3.400000
	202.820000	-2.388000	1.200000
	202.840000	-2.460000	-1.200000
	202.860000	-2.568000	-3.400000
	202.880000	-2.724000	-5.600000
	202.900000	-2.928000	-7.800000
	202.920000	-3.180000	-10.200000
	202.940000	-3.468000	-12.400000
	202.960000	-3.804000	-14.600000
	202.980000	-4.176000	-16.600000
	203.000000	-4.596000	-18.800000
	203.020000	-5.052000	-20.800000
	203.040000	-5.556000	-23.000000
	203.060000	-6.096000	-25.000000
	203.080000	-6.672000	-27.000000
	203.100000	-7.284000	-28.800000
	203.120000	-7.944000	-30.800000
	203.140000	-8.652000	-33.000000
	203.160000	-9.408000	-35.400000
	203.180000	-10.200000	-37.600000
	203.200000	-11.028000	-39.600000
	203.220000	-11.904000	-41.600000
	203.240000	-12.816000	-43.600000
	203.260000	-13.764000	-45.600000
	203.280000	-14.748000	-47.400000
	203.300000	-15.768000	-49.200000
	203.320000	-16.836000	-51.200000
	203.340000	-17.916000	-52.800000
	203.360000	-19.044000	-54.600000
	203.380000	-20.196000	-56.000000
	203.400000	-21.396000	-58.000000
	203.420000	-22.620000	-59.600000
	203.440000	-23.856000	-61.000000
	203.460000	-25.092000	-61.600000
	203.480000	-26.364000	-62.400000
	203.500000	-27.660000	-63.400000
	203.520000	-28.968000	-64.600000
	203.540000	-30.288000	-65.400000
	203.560000	-31.608000	-65.800000
	203.580000	-32.952000	-66.400000
	203.600000	-34.260000	-66.200000
	203.620000	-35.568000	-66.000000
	203.640000	-36.876000	-65.400000
	203.660000	-38.208000	-65.800000
	203.680000	-39.528000	-66.000000
	203.700000	-40.836000	-66.000000
	203.720000	-42.108000	-65.000000
	203.740000	-43.380000	-64.200000
	203.760000	-44.628000	-63.200000
	203.780000	-45.864000	-62.600000
	203.800000	-47.076000	-61.600000
	203.820000	-48.264000	-60.600000
	203.840000	-49.404000	-59.000000
	203.860000	-50.496000	-57.000000
	203.880000	-51.552000	-54.800000
	203.900000	-52.596000	-53.200000
	203.920000	-53.592000	-51.600000
	203.940000	-54.528000	-49.600000
	203.960000	-55.392000	-46.600000
	203.980000	-56.196000	-43.400000
	204.000000	-56.952000	-40.400000
	204.020000	-57.648000	-37.600000
	204.040000	-58.284000	-34.800000
	204.060000	-58.860000	-31.800000
	204.080000	-59.352000	-28.400000
	204.100000	-59.784000	-25.000000
	204.120000	-60.132000	-21.200000
	204.140000	-60.408000	-17.600000
	204.160000	-60.600000	-13.600000
	204.180000	-60.720000	-9.800000
	204.200000	-60.768000	-6.000000
	204.220000	-60.744000	-2.400000
	204.240000	-60.624000	1.600000
	204.260000	-60.432000	5.600000
	204.280000	-60.156000	9.800000
	204.300000	-59.832000	13.200000
	204.320000	-59.424000	16.800000
	204.340000	-58.956000	20.000000
	204.360000	-58.404000	23.800000
	204.380000	-57.780000	27.400000
	204.400000	-57.108000	30.800000
	204.420000	-56.376000	33.800000
	204.440000	-55.596000	36.400000
	204.460000	-54.732000	39.600000
	204.480000	-53.808000	42.800000
	204.500000	-52.860000	45.600000
	204.520000	-51.852000	48.000000
	204.540000	-50.808000	50.000000
	204.560000	-49.692000	52.800000
	204.580000	-48.552000	55.000000
	204.600000	-47.376000	57.200000
	204.620000	-46.140000	59.200000
	204.640000	-44.904000	60.800000
	204.660000	-43.596000	63.000000
	204.680000	-42.300000	64.000000
	204.700000	-40.944000	66.000000
	204.720000	-39.600000	66.600000
	204.740000	-38.220000	68.000000
	204.760000	-36.852000	68.200000
	204.780000	-35.436000	69.400000
	204.800000	-34.032000	69.800000
	204.820000	-32.604000	70.800000
	204.840000	-31.188000	70.800000
	204.860000	-29.760000	71.200000
	204.880000	-28.344000	71.000000
	204.900000	-26.928000	71.000000
	204.920000	-25.524000	70.600000
	204.940000	-24.084000	71.000000
	204.960000	-22.692000	70.600000
	204.980000	-21.288000	70.600000
	205.000000	-19.908000	69.600000
	205.020000	-18.528000	69.400000
	205.040000	-17.136000	69.200000
	205.060000	-15.804000	68.400000
	205.080000	-14.448000	68.000000
	205.100000	-13.152000	66.400000
	205.120000	-11.820000	66.400000
	205.140000	-10.548000	65.000000
	205.160000	-9.276000	64.600000
	205.180000	-8.016000	63.400000
	205.200000	-6.792000	62.600000
	205.220000	-5.580000	61.600000
	205.240000	-4.416000	60.000000
	205.260000	-3.240000	59.200000
	205.280000	-2.100000	58.000000
	205.300000	-1.008000	56.800000
	205.320000	0.060000	55.000000
	205.340000	1.092000	53.200000
	205.360000	2.112000	52.000000
	205.380000	3.096000	50.600000
	205.400000	4.044000	49.200000
	205.420000	4.968000	47.600000
	205.440000	5.856000	46.000000
	205.460000	6.708000	44.400000
	205.480000	7.536000	42.800000
	205.500000	8.316000	41.000000
	205.520000	9.072000	39.400000
	205.540000	9.780000	37.400000
	205.560000	10.452000	35.600000
	205.580000	11.088000	33.600000
	205.600000	11.676000	31.600000
	205.620000	12.240000	29.800000
	205.640000	12.768000	28.000000
	205.660000	13.260000	26.400000
	205.680000	13.704000	24.400000
	205.700000	14.100000	22.200000
	205.720000	14.460000	20.000000
	205.740000	14.784000	18.000000
	205.760000	15.060000	16.000000
	205.780000	15.300000	14.000000
	205.800000	15.492000	11.800000
	205.820000	15.648000	9.800000
	205.840000	15.756000	7.600000
	205.860000	15.828000	5.600000
	205.880000	15.852000	3.400000
	205.900000	15.840000	1.400000
	205.920000	15.792000	-0.600000
	205.940000	15.708000	-2.400000
	205.960000	15.588000	-4.200000
	205.980000	15.420000	-6.200000
	206.000000	15.216000	-8.200000
	206.020000	14.976000	-10.200000
	206.040000	14.712000	-11.800000
	206.060000	14.424000	-13.200000
	206.080000	14.100000	-14.600000
	206.100000	13.752000	-16.000000
	206.120000	13.368000	-17.600000
	206.140000	12.948000	-19.200000
	206.160000	12.504000	-20.800000
	206.180000	12.024000	-22.400000
	206.200000	11.532000	-23.600000
	206.220000	10.992000	-25.200000
	206.240000	10.428000	-26.600000
	206.260000	9.828000	-28.400000
	206.280000	9.192000	-30.000000
	206.300000	8.544000	-31.400000
	206.320000	7.860000	-32.800000
	206.340000	7.164000	-33.800000
	206.360000	6.432000	-35.200000
	206.380000	5.676000	-36.400000
	206.400000	4.884000	-38.000000
	206.420000	4.080000	-39.200000
	206.440000	3.252000	-40.400000
	206.460000	2.424000	-41.000000
	206.480000	1.560000	-42.000000
	206.500000	0.684000	-42.800000
	206.520000	-0.216000	-44.000000
	206.540000	-1.140000	-45.000000
	206.560000	-2.064000	-45.800000
	206.580000	-3.012000	-46.600000
	206.600000	-3.960000	-47.000000
	206.620000	-4.944000	-48.000000
	206.640000	-5.916000	-48.400000
	206.660000	-6.900000	-49.000000
	206.680000	-7.872000	-48.800000
	206.700000	-8.856000	-49.000000
	206.720000	-9.840000	-49.000000
	206.740000	-10.824000	-49.200000
	206.760000	-11.832000	-49.600000
	206.780000	-12.828000	-49.800000
	206.800000	-13.836000	-50.200000
	206.820000	-14.808000	-49.600000
	206.840000	-15.792000	-49.400000
	206.860000	-16.764000	-48.800000
	206.880000	-17.736000	-48.800000
	206.900000	-18.660000	-47.800000
	206.920000	-19.572000	-46.800000
	206.940000	-20.484000	-45.800000
	206.960000	-21.384000	-45.400000
	206.980000	-22.272000	-45.000000
	207.000000	-23.124000	-44.000000
	207.020000	-23.976000	-43.200000
	207.040000	-24.780000	-41.800000
	207.060000	-25.560000	-40.600000
	207.080000	-26.304000	-38.800000
	207.100000	-27.036000	-37.600000
	207.120000	-27.732000	-36.200000
	207.140000	-28.404000	-35.000000
	207.160000	-29.028000	-33.200000
	207.180000	-29.628000	-31.600000
	207.200000	-30.180000	-29.600000
	207.220000	-30.720000	-28.200000
	207.240000	-31.200000	-26.200000
	207.260000	-31.656000	-24.600000
	207.280000	-32.064000	-22.400000
	207.300000	-32.448000	-20.800000
	207.320000	-32.784000	-18.800000
	207.340000	-33.072000	-16.800000
	207.360000	-33.324000	-14.600000
	207.380000	-33.540000	-12.600000
	207.400000	-33.720000	-10.800000
	207.420000	-33.852000	-8.800000
	207.440000	-33.948000	-6.800000
	207.460000	-34.008000	-4.800000
	207.480000	-34.032000	-3.000000
	207.500000	-34.020000	-1.200000
	207.520000	-33.960000	0.800000
	207.540000	-33.876000	2.600000
	207.560000	-33.756000	4.400000
	207.580000	-33.624000	5.600000
	207.600000	-33.456000	7.000000
	207.620000	-33.264000	8.200000
	207.640000	-33.048000	9.600000
	207.660000	-32.808000	10.800000
	207.680000	-32.556000	11.800000
	207.700000	-32.292000	12.600000
	207.720000	-32.016000	13.200000
	207.740000	-31.728000	13.800000
	207.760000	-31.416000	14.600000
	207.780000	-31.104000	15.200000
	207.800000	-30.768000	16.000000
	207.820000	-30.420000	16.600000
	207.840000	-30.072000	17.200000
	207.860000	-29.724000	17.400000
	207.880000	-29.376000	17.400000
	207.900000	-29.016000	17.600000
	207.920000	-28.656000	17.800000
	207.940000	-28.296000	18.000000
	207.960000	-27.936000	18.000000
	207.980000	-27.576000	18.000000
	208.000000	-27.228000	17.800000
	208.020000	-26.880000	17.600000
	208.040000	-26.556000	17.000000
	208.060000	-26.232000	16.600000
	208.080000	-25.932000	15.800000
	208.100000	-25.632000	15.400000
	208.120000	-25.356000	14.600000
	208.140000	-25.104000	13.800000
	208.160000	-24.876000	12.600000
	208.180000	-24.660000	11.600000
	208.200000	-24.468000	10.600000
	208.220000	-24.300000	9.600000
	208.240000	-24.168000	8.200000
	208.260000	-24.060000	6.800000
	208.280000	-23.976000	5.400000
	208.300000	-23.928000	4.000000
	208.320000	-23.904000	2.600000
	208.340000	-23.916000	1.000000
	208.360000	-23.952000	-0.400000
	208.380000	-24.024000	-2.000000
	208.400000	-24.132000	-3.600000
	208.420000	-24.276000	-5.400000
	208.440000	-24.456000	-7.200000
	208.460000	-24.660000	-8.800000
	208.480000	-24.888000	-10.200000
	208.500000	-25.140000	-11.400000
	208.520000	-25.428000	-12.800000
	208.540000	-25.752000	-14.400000
	208.560000	-26.112000	-16.200000
	208.580000	-26.508000	-18.000000
	208.600000	-26.928000	-19.600000
	208.620000	-27.384000	-21.200000
	208.640000	-27.864000	-22.600000
	208.660000	-28.392000	-24.400000
	208.680000	-28.956000	-26.200000
	208.700000	-29.556000	-28.200000
	208.720000	-30.192000	-30.000000
	208.740000	-30.840000	-31.400000
	208.760000	-31.536000	-33.000000
	208.780000	-32.256000	-34.400000
	208.800000	-33.012000	-36.200000
	208.820000	-33.792000	-37.600000
	208.840000	-34.596000	-39.000000
	208.860000	-35.436000	-40.400000
	208.880000	-36.300000	-41.800000
	208.900000	-37.188000	-43.200000
	208.920000	-38.100000	-44.400000
	208.940000	-39.036000	-45.600000
	208.960000	-39.984000	-46.600000
	208.980000	-40.956000	-47.600000
	209.000000	-41.952000	-48.600000
	209.020000	-42.960000	-49.600000
	209.040000	-43.980000	-50.400000
	209.060000	-44.976000	-50.400000
	209.080000	-46.020000	-51.000000
	209.100000	-47.052000	-51.200000
	209.120000	-48.096000	-52.000000
	209.140000	-49.128000	-51.800000
	209.160000	-50.172000	-52.000000
	209.180000	-51.216000	-52.000000
	209.200000	-52.236000	-51.800000
	209.220000	-53.244000	-51.200000
	209.240000	-54.252000	-50.600000
	209.260000	-55.260000	-50.400000
	209.280000	-56.232000	-49.800000
	209.300000	-57.180000	-48.800000
	209.320000	-58.092000	-47.200000
	209.340000	-59.004000	-46.200000
	209.360000	-59.880000	-45.000000
	209.380000	-60.720000	-43.800000
	209.400000	-61.500000	-41.600000
	209.420000	-62.244000	-39.400000
	209.440000	-62.940000	-37.000000
	209.460000	-63.600000	-35.000000
	209.480000	-64.188000	-32.400000
	209.500000	-64.728000	-29.800000
	209.520000	-65.208000	-26.800000
	209.540000	-65.640000	-24.200000
	209.560000	-66.000000	-21.200000
	209.580000	-66.300000	-18.200000
	209.600000	-66.528000	-14.800000
	209.620000	-66.684000	-11.400000
	209.640000	-66.768000	-7.800000
	209.660000	-66.780000	-4.200000
	209.680000	-66.732000	-0.800000
	209.700000	-66.600000	2.800000
	209.720000	-66.408000	6.200000
	209.740000	-66.132000	10.000000
	209.760000	-65.796000	13.400000
	209.780000	-65.388000	17.000000
	209.800000	-64.920000	20.200000
	209.820000	-64.392000	23.400000
	209.840000	-63.804000	26.400000
	209.860000	-63.132000	29.800000
	209.880000	-62.400000	33.200000
	209.900000	-61.608000	36.600000
	209.920000	-60.768000	39.400000
	209.940000	-59.868000	42.200000
	209.960000	-58.896000	45.200000
	209.980000	-57.888000	48.000000
	210.000000	-56.784000	51.400000
	210.020000	-55.644000	54.200000
	210.040000	-54.456000	57.200000
	210.060000	-53.244000	59.000000
	210.080000	-51.972000	61.200000
	210.100000	-50.652000	63.400000
	210.120000	-49.272000	66.200000
	210.140000	-47.892000	68.000000
	210.160000	-46.440000	70.200000
	210.180000	-45.000000	71.200000
	210.200000	-43.488000	73.400000
	210.220000	-41.976000	74.400000
	210.240000	-40.428000	76.200000
	210.260000	-38.880000	76.800000
	210.280000	-37.308000	77.800000
	210.300000	-35.700000	78.800000
	210.320000	-34.056000	80.400000
	210.340000	-32.412000	81.600000
	210.360000	-30.768000	82.200000
	210.380000	-29.112000	82.400000
	210.400000	-27.420000	83.200000
	210.420000	-25.728000	84.000000
	210.440000	-24.012000	85.000000
	210.460000	-22.308000	85.200000
	210.480000	-20.544000	86.400000
	210.500000	-18.828000	86.400000
	210.520000	-17.088000	87.000000
	210.540000	-15.372000	86.200000
	210.560000	-13.596000	87.200000
	210.580000	-11.808000	88.000000
	210.600000	-10.068000	88.400000
	210.620000	-8.304000	88.200000
	210.640000	-6.564000	87.400000
	210.660000	-4.764000	88.400000
	210.680000	-2.988000	88.600000
	210.700000	-1.212000	89.200000
	210.720000	0.576000	89.000000
	210.740000	2.364000	89.200000
	210.760000	4.152000	89.400000
	210.780000	5.904000	88.800000
	210.800000	7.656000	88.200000
	210.820000	9.432000	88.000000
	210.840000	11.208000	88.400000
	210.860000	12.984000	88.800000
	210.880000	14.760000	88.800000
	210.900000	16.548000	89.000000
	210.920000	18.312000	88.800000
	210.940000	20.052000	88.200000
	210.960000	21.792000	87.400000
	210.980000	23.520000	86.800000
	211.000000	25.284000	87.200000
	211.020000	27.024000	87.200000
	211.040000	28.788000	87.800000
	211.060000	30.504000	87.000000
	211.080000	32.232000	86.800000
	211.100000	33.948000	86.000000
	211.120000	35.652000	85.800000
	211.140000	37.356000	85.400000
	211.160000	39.048000	85.000000
	211.180000	40.692000	84.000000
	211.200000	42.312000	82.600000
	211.220000	43.920000	81.200000
	211.240000	45.552000	81.000000
	211.260000	47.136000	80.400000
	211.280000	48.684000	79.400000
	211.300000	50.220000	77.800000
	211.320000	51.744000	76.800000
	211.340000	53.208000	75.400000
	211.360000	54.612000	73.200000
	211.380000	55.968000	70.400000
	211.400000	57.324000	68.600000
	211.420000	58.632000	67.000000
	211.440000	59.880000	65.200000
	211.460000	61.032000	61.800000
	211.480000	62.148000	58.600000
	211.500000	63.216000	55.600000
	211.520000	64.236000	53.400000
	211.540000	65.172000	50.400000
	211.560000	66.036000	47.000000
	211.580000	66.840000	43.400000
	211.600000	67.572000	40.000000
	211.620000	68.232000	36.600000
	211.640000	68.808000	32.800000
	211.660000	69.312000	29.000000
	211.680000	69.732000	25.000000
	211.700000	70.068000	21.000000
	211.720000	70.320000	16.800000
	211.740000	70.488000	12.600000
	211.760000	70.572000	8.400000
	211.780000	70.572000	4.200000
	211.800000	70.488000	-2.369216E-13
	211.820000	70.332000	-4.000000
	211.840000	70.092000	-8.000000
	211.860000	69.804000	-11.400000
	211.880000	69.444000	-14.800000
	211.900000	69.024000	-17.800000
	211.920000	68.532000	-21.200000
	211.940000	67.968000	-24.600000
	211.960000	67.344000	-28.000000
	211.980000	66.648000	-31.400000
	212.000000	65.892000	-34.600000
	212.020000	65.088000	-37.600000
	212.040000	64.248000	-40.000000
	212.060000	63.360000	-42.200000
	212.080000	62.436000	-44.200000
	212.100000	61.452000	-46.600000
	212.120000	60.432000	-48.800000
	212.140000	59.352000	-51.400000
	212.160000	58.248000	-53.400000
	212.180000	57.120000	-55.200000
	212.200000	55.968000	-56.400000
	212.220000	54.792000	-57.600000
	212.240000	53.604000	-58.600000
	212.260000	52.368000	-60.000000
	212.280000	51.132000	-61.000000
	212.300000	49.860000	-62.400000
	212.320000	48.612000	-62.600000
	212.340000	47.328000	-63.400000
	212.360000	46.068000	-63.200000
	212.380000	44.784000	-63.800000
	212.400000	43.512000	-63.600000
	212.420000	42.192000	-64.600000
	212.440000	40.920000	-64.400000
	212.460000	39.624000	-64.800000
	212.480000	38.376000	-63.600000
	212.500000	37.092000	-63.800000
	212.520000	35.832000	-63.200000
	212.540000	34.584000	-63.200000
	212.560000	33.372000	-62.000000
	212.580000	32.172000	-61.000000
	212.600000	30.960000	-60.400000
	212.620000	29.772000	-60.000000
	212.640000	28.596000	-59.600000
	212.660000	27.468000	-58.200000
	212.680000	26.340000	-57.200000
	212.700000	25.236000	-56.000000
	212.720000	24.132000	-55.600000
	212.740000	23.064000	-54.600000
	212.760000	22.044000	-53.200000
	212.780000	21.036000	-51.600000
	212.800000	20.052000	-50.200000
	212.820000	19.080000	-49.400000
	212.840000	18.144000	-48.200000
	212.860000	17.232000	-47.000000
	212.880000	16.356000	-45.400000
	212.900000	15.516000	-43.800000
	212.920000	14.700000	-42.200000
	212.940000	13.920000	-40.600000
	212.960000	13.176000	-39.000000
	212.980000	12.456000	-37.400000
	213.000000	11.748000	-36.200000
	213.020000	11.064000	-35.200000
	213.040000	10.428000	-33.800000
	213.060000	9.828000	-32.000000
	213.080000	9.264000	-30.000000
	213.100000	8.712000	-28.600000
	213.120000	8.208000	-27.000000
	213.140000	7.728000	-25.600000
	213.160000	7.296000	-23.600000
	213.180000	6.888000	-22.000000
	213.200000	6.516000	-20.200000
	213.220000	6.168000	-18.800000
	213.240000	5.844000	-17.400000
	213.260000	5.556000	-16.000000
	213.280000	5.304000	-14.400000
	213.300000	5.076000	-12.800000
	213.320000	4.884000	-11.200000
	213.340000	4.716000	-9.800000
	213.360000	4.584000	-8.200000
	213.380000	4.476000	-6.800000
	213.400000	4.404000	-5.200000
	213.420000	4.356000	-3.800000
	213.440000	4.332000	-2.400000
	213.460000	4.320000	-1.400000
	213.480000	4.332000	-0.400000
	213.500000	4.368000	0.600000
	213.520000	4.428000	1.800000
	213.540000	4.500000	2.800000
	213.560000	4.584000	3.600000
	213.580000	4.680000	4.200000
	213.600000	4.800000	5.000000
	213.620000	4.920000	5.600000
	213.640000	5.052000	6.200000
	213.660000	5.184000	6.400000
	213.680000	5.328000	6.800000
	213.700000	5.472000	7.000000
	213.720000	5.628000	7.400000
	213.740000	5.784000	7.600000
	213.760000	5.940000	7.800000
	213.780000	6.072000	7.400000
	213.800000	6.204000	7.000000
	213.820000	6.324000	6.400000
	213.840000	6.444000	6.200000
	213.860000	6.552000	5.800000
	213.880000	6.660000	5.600000
	213.900000	6.756000	5.200000
	213.920000	6.840000	4.800000
	213.940000	6.900000	4.000000
	213.960000	6.948000	3.200000
	213.980000	6.984000	2.400000
	214.000000	7.008000	1.800000
	214.020000	7.020000	1.200000
	214.040000	7.008000	0.400000
	214.060000	6.972000	-0.600000
	214.080000	6.924000	-1.600000
	214.100000	6.852000	-2.600000
	214.120000	6.780000	-3.200000
	214.140000	6.672000	-4.200000
	214.160000	6.552000	-5.000000
	214.180000	6.396000	-6.400000
	214.200000	6.228000	-7.400000
	214.220000	6.036000	-8.600000
	214.240000	5.832000	-9.400000
	214.260000	5.604000	-10.400000
	214.280000	5.352000	-11.400000
	214.300000	5.064000	-12.800000
	214.320000	4.740000	-14.400000
	214.340000	4.380000	-16.200000
	214.360000	4.008000	-17.600000
	214.380000	3.600000	-19.000000
	214.400000	3.180000	-20.000000
	214.420000	2.712000	-21.600000
	214.440000	2.220000	-23.000000
	214.460000	1.680000	-25.000000
	214.480000	1.116000	-26.600000
	214.500000	0.516000	-28.400000
	214.520000	-0.108000	-29.800000
	214.540000	-0.780000	-31.600000
	214.560000	-1.476000	-33.200000
	214.580000	-2.220000	-35.200000
	214.600000	-2.988000	-36.800000
	214.620000	-3.792000	-38.600000
	214.640000	-4.620000	-40.000000
	214.660000	-5.484000	-41.600000
	214.680000	-6.384000	-43.200000
	214.700000	-7.332000	-45.200000
	214.720000	-8.328000	-47.400000
	214.740000	-9.348000	-49.400000
	214.760000	-10.416000	-51.400000
	214.780000	-11.520000	-53.200000
	214.800000	-12.648000	-55.000000
	214.820000	-13.800000	-56.400000
	214.840000	-14.988000	-57.800000
	214.860000	-16.224000	-59.600000
	214.880000	-17.508000	-61.800000
	214.900000	-18.792000	-63.400000
	214.920000	-20.136000	-65.200000
	214.940000	-21.480000	-66.200000
	214.960000	-22.848000	-67.600000
	214.980000	-24.228000	-68.200000
	215.000000	-25.620000	-69.000000
	215.020000	-27.072000	-70.400000
	215.040000	-28.536000	-71.800000
	215.060000	-30.024000	-73.400000
	215.080000	-31.524000	-74.200000
	215.100000	-33.048000	-75.200000
	215.120000	-34.584000	-76.000000
	215.140000	-36.120000	-76.600000
	215.160000	-37.668000	-77.000000
	215.180000	-39.216000	-77.200000
	215.200000	-40.764000	-77.400000
	215.220000	-42.288000	-77.000000
	215.240000	-43.824000	-76.800000
	215.260000	-45.360000	-76.600000
	215.280000	-46.908000	-77.000000
	215.300000	-48.420000	-76.600000
	215.320000	-49.908000	-75.800000
	215.340000	-51.348000	-74.000000
	215.360000	-52.776000	-72.600000
	215.380000	-54.156000	-70.800000
	215.400000	-55.536000	-69.800000
	215.420000	-56.844000	-67.800000
	215.440000	-58.116000	-66.000000
	215.460000	-59.316000	-63.000000
	215.480000	-60.480000	-60.600000
	215.500000	-61.596000	-58.000000
	215.520000	-62.640000	-55.400000
	215.540000	-63.636000	-52.600000
	215.560000	-64.548000	-49.200000
	215.580000	-65.388000	-45.800000
	215.600000	-66.144000	-41.800000
	215.620000	-66.828000	-38.000000
	215.640000	-67.428000	-34.000000
	215.660000	-67.932000	-29.800000
	215.680000	-68.340000	-25.200000
	215.700000	-68.652000	-20.400000
	215.720000	-68.868000	-15.600000
	215.740000	-68.988000	-10.800000
	215.760000	-69.012000	-6.000000
	215.780000	-68.940000	-1.200000
	215.800000	-68.784000	3.400000
	215.820000	-68.532000	8.000000
	215.840000	-68.196000	12.400000
	215.860000	-67.752000	17.200000
	215.880000	-67.236000	21.600000
	215.900000	-66.624000	26.200000
	215.920000	-65.940000	30.200000
	215.940000	-65.148000	34.800000
	215.960000	-64.296000	38.800000
	215.980000	-63.360000	43.000000
	216.000000	-62.352000	46.600000
	216.020000	-61.248000	50.800000
	216.040000	-60.084000	54.600000
	216.060000	-58.860000	58.200000
	216.080000	-57.600000	60.800000
	216.100000	-56.256000	63.800000
	216.120000	-54.876000	66.400000
	216.140000	-53.400000	70.000000
	216.160000	-51.900000	72.600000
	216.180000	-50.328000	75.800000
	216.200000	-48.756000	77.400000
	216.220000	-47.148000	79.200000
	216.240000	-45.492000	80.600000
	216.260000	-43.836000	82.000000
	216.280000	-42.132000	83.600000
	216.300000	-40.416000	84.600000
	216.320000	-38.628000	86.800000
	216.340000	-36.816000	88.600000
	216.360000	-35.028000	89.800000
	216.380000	-33.240000	89.800000
	216.400000	-31.452000	89.400000
	216.420000	-29.640000	89.800000
	216.440000	-27.804000	90.600000
	216.460000	-25.956000	91.600000
	216.480000	-24.120000	92.000000
	216.500000	-22.284000	92.000000
	216.520000	-20.448000	91.800000
	216.540000	-18.576000	92.400000
	216.560000	-16.728000	92.600000
	216.580000	-14.880000	92.800000
	216.600000	-13.068000	91.800000
	216.620000	-11.244000	91.400000
	216.640000	-9.456000	90.400000
	216.660000	-7.668000	90.000000
	216.680000	-5.880000	89.400000
	216.700000	-4.044000	90.200000
	216.720000	-2.220000	90.800000
	216.740000	-0.408000	91.200000
	216.760000	1.356000	90.000000
	216.780000	3.084000	88.400000
	216.800000	4.824000	87.200000
	216.820000	6.540000	86.400000
	216.840000	8.268000	86.400000
	216.860000	9.948000	85.400000
	216.880000	11.604000	84.400000
	216.900000	13.272000	83.400000
	216.920000	14.928000	83.000000
	216.940000	16.572000	82.800000
	216.960000	18.204000	82.200000
	216.980000	19.812000	81.400000
	217.000000	21.408000	80.600000
	217.020000	22.980000	79.600000
	217.040000	24.516000	78.400000
	217.060000	26.076000	77.800000
	217.080000	27.588000	76.800000
	217.100000	29.088000	76.200000
	217.120000	30.540000	74.400000
	217.140000	31.980000	73.200000
	217.160000	33.420000	72.200000
	217.180000	34.836000	71.600000
	217.200000	36.216000	70.600000
	217.220000	37.572000	69.200000
	217.240000	38.880000	67.400000
	217.260000	40.200000	66.400000
	217.280000	41.472000	65.000000
	217.300000	42.732000	64.200000
	217.320000	43.932000	62.200000
	217.340000	45.108000	60.600000
	217.360000	46.236000	58.400000
	217.380000	47.328000	56.600000
	217.400000	48.384000	54.600000
	217.420000	49.392000	52.600000
	217.440000	50.376000	50.800000
	217.460000	51.312000	48.800000
	217.480000	52.212000	47.000000
	217.500000	53.052000	44.600000
	217.520000	53.832000	42.000000
	217.540000	54.576000	39.400000
	217.560000	55.260000	36.800000
	217.580000	55.896000	34.400000
	217.600000	56.472000	31.600000
	217.620000	57.012000	29.200000
	217.640000	57.504000	26.800000
	217.660000	57.924000	24.200000
	217.680000	58.296000	21.400000
	217.700000	58.608000	18.400000
	217.720000	58.872000	15.800000
	217.740000	59.064000	12.800000
	217.760000	59.208000	10.000000
	217.780000	59.304000	7.200000
	217.800000	59.352000	4.800000
	217.820000	59.340000	2.200000
	217.840000	59.280000	-0.400000
	217.860000	59.160000	-3.200000
	217.880000	59.004000	-5.600000
	217.900000	58.800000	-8.000000
	217.920000	58.572000	-9.800000
	217.940000	58.296000	-11.800000
	217.960000	57.996000	-13.400000
	217.980000	57.660000	-15.200000
	218.000000	57.300000	-16.600000
	218.020000	56.904000	-18.200000
	218.040000	56.472000	-19.800000
	218.060000	56.016000	-21.400000
	218.080000	55.524000	-23.000000
	218.100000	55.020000	-24.200000
	218.120000	54.480000	-25.600000
	218.140000	53.940000	-26.400000
	218.160000	53.376000	-27.400000
	218.180000	52.812000	-27.800000
	218.200000	52.224000	-28.600000
	218.220000	51.624000	-29.200000
	218.240000	51.000000	-30.200000
	218.260000	50.376000	-30.800000
	218.280000	49.752000	-31.200000
	218.300000	49.128000	-31.200000
	218.320000	48.504000	-31.200000
	218.340000	47.880000	-31.200000
	218.360000	47.256000	-31.200000
	218.380000	46.644000	-31.000000
	218.400000	46.032000	-30.800000
	218.420000	45.444000	-30.200000
	218.440000	44.844000	-30.000000
	218.460000	44.268000	-29.400000
	218.480000	43.704000	-29.000000
	218.500000	43.164000	-28.000000
	218.520000	42.636000	-27.200000
	218.540000	42.120000	-26.400000
	218.560000	41.616000	-25.800000
	218.580000	41.136000	-25.000000
	218.600000	40.680000	-24.000000
	218.620000	40.272000	-22.400000
	218.640000	39.876000	-21.000000
	218.660000	39.516000	-19.400000
	218.680000	39.168000	-18.400000
	218.700000	38.856000	-17.000000
	218.720000	38.580000	-15.600000
	218.740000	38.340000	-13.800000
	218.760000	38.124000	-12.200000
	218.780000	37.932000	-10.800000
	218.800000	37.776000	-9.400000
	218.820000	37.668000	-7.600000
	218.840000	37.596000	-5.600000
	218.860000	37.560000	-3.600000
	218.880000	37.560000	-1.800000
	218.900000	37.596000	0.000000
	218.920000	37.668000	1.800000
	218.940000	37.776000	3.600000
	218.960000	37.908000	5.200000
	218.980000	38.076000	6.800000
	219.000000	38.268000	8.200000
	219.020000	38.496000	9.800000
	219.040000	38.748000	11.200000
	219.060000	39.036000	12.800000
	219.080000	39.348000	14.200000
	219.100000	39.684000	15.600000
	219.120000	40.044000	16.800000
	219.140000	40.440000	18.200000
	219.160000	40.860000	19.600000
	219.180000	41.304000	21.000000
	219.200000	41.784000	22.400000
	219.220000	42.300000	24.000000
	219.240000	42.840000	25.600000
	219.260000	43.392000	26.800000
	219.280000	43.968000	27.800000
	219.300000	44.568000	28.800000
	219.320000	45.204000	30.200000
	219.340000	45.864000	31.600000
	219.360000	46.536000	32.800000
	219.380000	47.220000	33.600000
	219.400000	47.928000	34.400000
	219.420000	48.648000	35.200000
	219.440000	49.380000	36.000000
	219.460000	50.112000	36.400000
	219.480000	50.868000	37.000000
	219.500000	51.624000	37.400000
	219.520000	52.380000	37.800000
	219.540000	53.148000	38.000000
	219.560000	53.916000	38.200000
	219.580000	54.696000	38.600000
	219.600000	55.452000	38.400000
	219.620000	56.208000	38.200000
	219.640000	56.940000	37.400000
	219.660000	57.684000	37.200000
	219.680000	58.404000	36.600000
	219.700000	59.100000	36.000000
	219.720000	59.772000	34.800000
	219.740000	60.432000	33.800000
	219.760000	61.080000	33.000000
	219.780000	61.692000	32.000000
	219.800000	62.268000	30.600000
	219.820000	62.808000	28.800000
	219.840000	63.300000	26.800000
	219.860000	63.756000	24.800000
	219.880000	64.176000	22.800000
	219.900000	64.560000	21.000000
	219.920000	64.896000	19.000000
	219.940000	65.184000	16.800000
	219.960000	65.424000	14.400000
	219.980000	65.616000	12.000000
	220.000000	65.748000	9.400000
	220.020000	65.820000	6.600000
	220.040000	65.844000	3.800000
	220.060000	65.808000	1.000000
	220.080000	65.736000	-1.400000
	220.100000	65.604000	-4.000000
	220.120000	65.424000	-6.400000
	220.140000	65.184000	-9.200000
	220.160000	64.896000	-11.800000
	220.180000	64.572000	-14.200000
	220.200000	64.200000	-16.400000
	220.220000	63.768000	-18.800000
	220.240000	63.288000	-21.400000
	220.260000	62.748000	-24.200000
	220.280000	62.172000	-26.600000
	220.300000	61.548000	-29.000000
	220.320000	60.876000	-31.200000
	220.340000	60.168000	-33.400000
	220.360000	59.412000	-35.600000
	220.380000	58.620000	-37.600000
	220.400000	57.780000	-39.800000
	220.420000	56.880000	-42.200000
	220.440000	55.956000	-44.400000
	220.460000	54.972000	-46.800000
	220.480000	53.964000	-48.600000
	220.500000	52.908000	-50.800000
	220.520000	51.828000	-52.400000
	220.540000	50.724000	-54.000000
	220.560000	49.572000	-55.600000
	220.580000	48.384000	-57.400000
	220.600000	47.136000	-59.800000
	220.620000	45.864000	-61.800000
	220.640000	44.580000	-63.400000
	220.660000	43.284000	-64.200000
	220.680000	41.976000	-64.800000
	220.700000	40.644000	-65.600000
	220.720000	39.264000	-67.000000
	220.740000	37.884000	-68.200000
	220.760000	36.456000	-69.800000
	220.780000	35.028000	-70.600000
	220.800000	33.564000	-72.000000
	220.820000	32.088000	-72.800000
	220.840000	30.564000	-74.400000
	220.860000	29.052000	-75.200000
	220.880000	27.516000	-76.200000
	220.900000	25.992000	-76.200000
	220.920000	24.432000	-77.000000
	220.940000	22.860000	-77.600000
	220.960000	21.300000	-78.200000
	220.980000	19.668000	-79.400000
	221.000000	18.048000	-80.200000
	221.020000	16.392000	-81.800000
	221.040000	14.784000	-81.400000
	221.060000	13.164000	-81.400000
