	120.000000	-4.320000	25.400000
	120.020000	-3.768000	26.600000
	120.040000	-3.204000	27.400000
	120.060000	-2.628000	28.200000
	120.080000	-2.052000	28.600000
	120.100000	-1.476000	28.800000
	120.120000	-0.900000	28.800000
	120.140000	-0.324000	28.800000
	120.160000	0.252000	28.800000
	120.180000	0.804000	28.400000
	120.200000	1.344000	27.800000
	120.220000	1.848000	26.600000
	120.240000	2.352000	25.800000
	120.260000	2.820000	24.600000
	120.280000	3.276000	23.800000
	120.300000	3.672000	22.000000
	120.320000	4.032000	20.200000
	120.340000	4.356000	18.000000
	120.360000	4.644000	16.200000
	120.380000	4.896000	14.400000
	120.400000	5.088000	12.200000
	120.420000	5.244000	10.000000
	120.440000	5.340000	7.400000
	120.460000	5.388000	5.000000
	120.480000	5.376000	2.200000
	120.500000	5.316000	-0.400000
	120.520000	5.220000	-2.800000
	120.540000	5.076000	-5.000000
	120.560000	4.896000	-7.000000
	120.580000	4.656000	-9.400000
	120.600000	4.392000	-11.400000
	120.620000	4.080000	-13.600000
	120.640000	3.732000	-15.400000
	120.660000	3.348000	-17.400000
	120.680000	2.952000	-18.800000
	120.700000	2.520000	-20.200000
	120.720000	2.064000	-21.400000
	120.740000	1.572000	-23.000000
	120.760000	1.068000	-24.200000
	120.780000	0.528000	-25.600000
	120.800000	-0.024000	-26.600000
	120.820000	-0.600000	-27.800000
	120.840000	-1.164000	-28.200000
	120.860000	-1.752000	-28.800000
	120.880000	-2.340000	-29.000000
	120.900000	-2.928000	-29.400000
	120.920000	-3.504000	-29.200000
	120.940000	-4.068000	-28.800000
	120.960000	-4.644000	-28.600000
	120.980000	-5.196000	-28.200000
	121.000000	-5.724000	-27.600000
	121.020000	-6.216000	-26.200000
	121.040000	-6.696000	-25.000000
	121.060000	-7.152000	-23.800000
	121.080000	-7.572000	-22.600000
	121.100000	-7.956000	-21.000000
	121.120000	-8.292000	-19.000000
	121.140000	-8.604000	-17.200000
	121.160000	-8.868000	-15.200000
	121.180000	-9.096000	-13.400000
	121.200000	-9.264000	-11.000000
	121.220000	-9.384000	-8.600000
	121.240000	-9.456000	-6.000000
	121.260000	-9.480000	-3.600000
	121.280000	-9.456000	-1.200000
	121.300000	-9.384000	1.200000
	121.320000	-9.264000	3.600000
	121.340000	-9.096000	6.000000
	121.360000	-8.880000	8.400000
	121.380000	-8.616000	10.800000
	121.400000	-8.316000	13.000000
	121.420000	-7.956000	15.400000
	121.440000	-7.572000	17.400000
	121.460000	-7.140000	19.600000
	121.480000	-6.684000	21.200000
	121.500000	-6.180000	23.200000
	121.520000	-5.640000	25.000000
	121.540000	-5.052000	27.200000
	121.560000	-4.440000	29.000000
	121.580000	-3.804000	30.600000
	121.600000	-3.156000	31.600000
	121.620000	-2.484000	32.600000
	121.640000	-1.788000	33.600000
	121.660000	-1.068000	34.800000
	121.680000	-0.336000	35.800000
	121.700000	0.396000	36.400000
	121.720000	1.116000	36.400000
	121.740000	1.848000	36.400000
	121.760000	2.580000	36.400000
	121.780000	3.312000	36.600000
	121.800000	4.020000	36.200000
	121.820000	4.704000	35.400000
	121.840000	5.364000	34.200000
	121.860000	6.000000	33.000000
	121.880000	6.600000	31.600000
	121.900000	7.164000	30.000000
	121.920000	7.692000	28.200000
	121.940000	8.184000	26.400000
	121.960000	8.628000	24.400000
	121.980000	9.012000	22.000000
	122.000000	9.348000	19.400000
	122.020000	9.624000	16.600000
	122.040000	9.840000	13.800000
	122.060000	9.996000	10.800000
	122.080000	10.092000	7.800000
	122.100000	10.128000	4.800000
	122.120000	10.104000	1.800000
	122.140000	10.020000	-1.200000
	122.160000	9.876000	-4.200000
	122.180000	9.660000	-7.400000
	122.200000	9.384000	-10.600000
	122.220000	9.072000	-13.400000
	122.240000	8.712000	-15.800000
	122.260000	8.304000	-18.000000
	122.280000	7.824000	-20.800000
	122.300000	7.308000	-23.400000
	122.320000	6.744000	-26.000000
	122.340000	6.156000	-27.800000
	122.360000	5.508000	-30.000000
	122.380000	4.824000	-32.000000
	122.400000	4.092000	-34.400000
	122.420000	3.348000	-36.000000
	122.440000	2.580000	-37.400000
	122.460000	1.788000	-38.400000
	122.480000	0.972000	-39.600000
	122.500000	0.144000	-40.600000
	122.520000	-0.696000	-41.400000
	122.540000	-1.536000	-41.800000
	122.560000	-2.388000	-42.200000
	122.580000	-3.228000	-42.200000
	122.600000	-4.068000	-42.200000
	122.620000	-4.896000	-41.800000
	122.640000	-5.700000	-41.200000
	122.660000	-6.492000	-40.400000
	122.680000	-7.260000	-39.400000
	122.700000	-8.004000	-38.400000
	122.720000	-8.712000	-37.000000
	122.740000	-9.384000	-35.400000
	122.760000	-10.032000	-33.800000
	122.780000	-10.632000	-32.000000
	122.800000	-11.184000	-30.000000
	122.820000	-11.700000	-27.800000
	122.840000	-12.168000	-25.600000
	122.860000	-12.588000	-23.400000
	122.880000	-12.948000	-20.800000
	122.900000	-13.260000	-18.200000
	122.920000	-13.512000	-15.400000
	122.940000	-13.704000	-12.600000
	122.960000	-13.836000	-9.600000
	122.980000	-13.908000	-6.600000
	123.000000	-13.920000	-3.600000
	123.020000	-13.872000	-0.600000
	123.040000	-13.776000	2.200000
	123.060000	-13.620000	5.000000
	123.080000	-13.416000	7.600000
	123.100000	-13.152000	10.400000
	123.120000	-12.840000	13.000000
	123.140000	-12.480000	15.600000
	123.160000	-12.084000	17.800000
	123.180000	-11.640000	20.000000
	123.200000	-11.160000	22.000000
	123.220000	-10.632000	24.200000
	123.240000	-10.068000	26.200000
	123.260000	-9.456000	28.400000
	123.280000	-8.820000	30.200000
	123.300000	-8.148000	32.000000
	123.320000	-7.440000	33.600000
	123.340000	-6.708000	35.200000
	123.360000	-5.976000	36.200000
	123.380000	-5.244000	36.600000
	123.400000	-4.488000	37.000000
	123.420000	-3.696000	38.000000
	123.440000	-2.892000	39.200000
	123.460000	-2.100000	39.800000
	123.480000	-1.320000	39.600000
	123.500000	-0.540000	39.200000
	123.520000	0.228000	38.800000
	123.540000	0.984000	38.400000
	123.560000	1.704000	37.400000
	123.580000	2.424000	36.600000
	123.600000	3.108000	35.400000
	123.620000	3.768000	34.400000
	123.640000	4.392000	32.800000
	123.660000	4.956000	30.800000
	123.680000	5.484000	28.600000
	123.700000	5.964000	26.200000
	123.720000	6.408000	24.200000
	123.740000	6.804000	22.000000
	123.760000	7.128000	19.400000
	123.780000	7.404000	16.600000
	123.800000	7.620000	13.600000
	123.820000	7.788000	11.000000
	123.840000	7.896000	8.200000
	123.860000	7.932000	5.200000
	123.880000	7.908000	2.000000
	123.900000	7.824000	-1.200000
	123.920000	7.692000	-4.000000
	123.940000	7.500000	-6.800000
	123.960000	7.272000	-9.200000
	123.980000	6.996000	-11.600000
	124.000000	6.672000	-13.800000
	124.020000	6.312000	-16.000000
	124.040000	5.904000	-18.200000
	124.060000	5.472000	-20.000000
	124.080000	5.004000	-21.800000
	124.100000	4.512000	-23.200000
	124.120000	3.984000	-24.800000
	124.140000	3.420000	-26.400000
	124.160000	2.832000	-28.000000
	124.180000	2.244000	-29.000000
	124.200000	1.632000	-29.800000
	124.220000	1.008000	-30.400000
	124.240000	0.372000	-31.200000
	124.260000	-0.252000	-31.400000
	124.280000	-0.876000	-31.400000
	124.300000	-1.500000	-31.200000
	124.320000	-2.124000	-31.200000
	124.340000	-2.712000	-30.600000
	124.360000	-3.288000	-29.800000
	124.380000	-3.840000	-28.600000
	124.400000	-4.392000	-28.000000
	124.420000	-4.908000	-27.000000
	124.440000	-5.388000	-25.800000
	124.460000	-5.820000	-23.800000
	124.480000	-6.228000	-22.000000
	124.500000	-6.600000	-20.200000
	124.520000	-6.936000	-18.600000
	124.540000	-7.212000	-16.400000
	124.560000	-7.440000	-14.000000
	124.580000	-7.620000	-11.400000
	124.600000	-7.752000	-9.000000
	124.620000	-7.836000	-6.600000
	124.640000	-7.872000	-4.200000
	124.660000	-7.860000	-1.800000
	124.680000	-7.800000	0.600000
	124.700000	-7.680000	3.200000
	124.720000	-7.512000	5.800000
	124.740000	-7.308000	8.200000
	124.760000	-7.056000	10.400000
	124.780000	-6.780000	12.200000
	124.800000	-6.456000	14.200000
	124.820000	-6.108000	15.800000
	124.840000	-5.700000	18.000000
	124.860000	-5.268000	19.800000
	124.880000	-4.800000	21.800000
	124.900000	-4.308000	23.200000
	124.920000	-3.780000	24.800000
	124.940000	-3.240000	26.000000
	124.960000	-2.688000	27.000000
	124.980000	-2.112000	27.800000
	125.000000	-1.500000	29.000000
	125.020000	-0.876000	30.200000
	125.040000	-0.252000	31.000000
	125.060000	0.360000	31.000000
	125.080000	0.996000	31.200000
	125.100000	1.620000	31.200000
	125.120000	2.244000	31.400000
	125.140000	2.844000	30.800000
	125.160000	3.432000	30.200000
	125.180000	3.996000	29.200000
	125.200000	4.536000	28.200000
	125.220000	5.052000	27.000000
	125.240000	5.532000	25.600000
	125.260000	5.964000	23.800000
	125.280000	6.360000	21.800000
	125.300000	6.720000	19.800000
	125.320000	7.044000	18.000000
	125.340000	7.320000	16.000000
	125.360000	7.548000	13.800000
	125.380000	7.716000	11.200000
	125.400000	7.836000	8.600000
	125.420000	7.896000	5.800000
	125.440000	7.896000	3.000000
	125.460000	7.836000	-1.476597E-14
	125.480000	7.716000	-3.000000
	125.500000	7.548000	-5.800000
	125.520000	7.332000	-8.400000
	125.540000	7.080000	-10.600000
	125.560000	6.780000	-12.800000
	125.580000	6.432000	-15.000000
	125.600000	6.036000	-17.400000
	125.620000	5.592000	-19.800000
	125.640000	5.124000	-21.800000
	125.660000	4.596000	-24.000000
	125.680000	4.056000	-25.600000
	125.700000	3.456000	-27.800000
	125.720000	2.856000	-29.000000
	125.740000	2.208000	-30.800000
	125.760000	1.548000	-31.800000
	125.780000	0.852000	-33.400000
	125.800000	0.144000	-34.400000
	125.820000	-0.588000	-35.600000
	125.840000	-1.320000	-36.200000
	125.860000	-2.064000	-36.800000
	125.880000	-2.796000	-36.800000
	125.900000	-3.540000	-37.000000
	125.920000	-4.272000	-36.800000
	125.940000	-5.004000	-36.800000
	125.960000	-5.712000	-36.200000
	125.980000	-6.408000	-35.600000
	126.000000	-7.080000	-34.600000
	126.020000	-7.740000	-33.800000
	126.040000	-8.352000	-32.400000
	126.060000	-8.940000	-31.000000
	126.080000	-9.480000	-29.000000
	126.100000	-10.008000	-27.600000
	126.120000	-10.488000	-25.800000
	126.140000	-10.920000	-24.000000
	126.160000	-11.304000	-21.600000
	126.180000	-11.640000	-19.200000
	126.200000	-11.940000	-17.000000
	126.220000	-12.168000	-14.400000
	126.240000	-12.348000	-11.800000
	126.260000	-12.468000	-8.800000
	126.280000	-12.540000	-6.200000
	126.300000	-12.552000	-3.400000
	126.320000	-12.504000	-0.600000
	126.340000	-12.408000	2.200000
	126.360000	-12.264000	4.800000
	126.380000	-12.072000	7.200000
	126.400000	-11.820000	9.800000
	126.420000	-11.520000	12.400000
	126.440000	-11.172000	15.000000
	126.460000	-10.788000	17.200000
	126.480000	-10.356000	19.400000
	126.500000	-9.876000	21.600000
	126.520000	-9.360000	23.800000
	126.540000	-8.796000	26.000000
	126.560000	-8.208000	27.800000
	126.580000	-7.584000	29.600000
	126.600000	-6.912000	31.400000
	126.620000	-6.216000	33.200000
	126.640000	-5.496000	34.800000
	126.660000	-4.764000	35.800000
	126.680000	-3.996000	37.000000
	126.700000	-3.204000	38.200000
	126.720000	-2.424000	39.000000
	126.740000	-1.632000	39.400000
	126.760000	-0.840000	39.400000
	126.780000	-0.036000	39.800000
	126.800000	0.756000	39.800000
	126.820000	1.524000	39.400000
	126.840000	2.280000	38.600000
	126.860000	3.012000	37.600000
	126.880000	3.744000	37.000000
	126.900000	4.440000	36.000000
	126.920000	5.100000	34.800000
	126.940000	5.712000	32.800000
	126.960000	6.300000	31.000000
	126.980000	6.852000	29.200000
	127.000000	7.356000	27.400000
	127.020000	7.800000	25.000000
	127.040000	8.184000	22.200000
	127.060000	8.520000	19.400000
	127.080000	8.796000	16.600000
	127.100000	9.024000	14.000000
	127.120000	9.192000	11.200000
	127.140000	9.300000	8.400000
	127.160000	9.336000	5.200000
	127.180000	9.300000	1.800000
	127.200000	9.204000	-1.600000
	127.220000	9.060000	-4.600000
	127.240000	8.856000	-7.400000
	127.260000	8.604000	-10.000000
	127.280000	8.292000	-12.800000
	127.300000	7.944000	-15.200000
	127.320000	7.536000	-17.800000
	127.340000	7.092000	-20.000000
	127.360000	6.600000	-22.400000
	127.380000	6.072000	-24.400000
	127.400000	5.520000	-26.200000
	127.420000	4.932000	-27.800000
	127.440000	4.308000	-29.400000
	127.460000	3.636000	-31.400000
	127.480000	2.952000	-33.000000
	127.500000	2.256000	-34.200000
	127.520000	1.536000	-35.000000
	127.540000	0.804000	-35.800000
	127.560000	0.072000	-36.400000
	127.580000	-0.660000	-36.600000
	127.600000	-1.392000	-36.600000
	127.620000	-2.124000	-36.600000
	127.640000	-2.844000	-36.400000
	127.660000	-3.552000	-36.000000
	127.680000	-4.236000	-35.200000
	127.700000	-4.908000	-34.400000
	127.720000	-5.556000	-33.400000
	127.740000	-6.180000	-32.400000
	127.760000	-6.768000	-31.000000
	127.780000	-7.320000	-29.400000
	127.800000	-7.836000	-27.600000
	127.820000	-8.304000	-25.600000
	127.840000	-8.724000	-23.400000
	127.860000	-9.096000	-21.000000
	127.880000	-9.420000	-18.600000
	127.900000	-9.696000	-16.200000
	127.920000	-9.924000	-13.800000
	127.940000	-10.104000	-11.400000
	127.960000	-10.236000	-9.000000
	127.980000	-10.308000	-6.400000
	128.000000	-10.320000	-3.600000
	128.020000	-10.272000	-0.600000
	128.040000	-10.176000	2.200000
	128.060000	-10.020000	5.000000
	128.080000	-9.816000	7.600000
	128.100000	-9.576000	10.000000
	128.120000	-9.288000	12.200000
	128.140000	-8.964000	14.200000
	128.160000	-8.580000	16.600000
	128.180000	-8.172000	18.600000
	128.200000	-7.716000	20.800000
	128.220000	-7.236000	22.400000
	128.240000	-6.708000	24.400000
	128.260000	-6.156000	26.000000
	128.280000	-5.580000	27.600000
	128.300000	-4.980000	28.800000
	128.320000	-4.356000	30.000000
	128.340000	-3.696000	31.400000
	128.360000	-3.024000	32.600000
	128.380000	-2.352000	33.400000
	128.400000	-1.668000	33.800000
	128.420000	-0.984000	34.000000
	128.440000	-0.288000	34.400000
	128.460000	0.396000	34.400000
	128.480000	1.068000	34.200000
	128.500000	1.728000	33.600000
	128.520000	2.364000	32.800000
	128.540000	3.000000	32.200000
	128.560000	3.600000	31.200000
	128.580000	4.176000	30.200000
	128.600000	4.704000	28.400000
	128.620000	5.208000	26.800000
	128.640000	5.676000	25.000000
	128.660000	6.096000	23.200000
	128.680000	6.468000	21.000000
	128.700000	6.792000	18.600000
	128.720000	7.068000	16.200000
	128.740000	7.284000	13.600000
	128.760000	7.440000	10.800000
	128.780000	7.548000	8.000000
	128.800000	7.608000	5.400000
	128.820000	7.608000	2.800000
	128.840000	7.548000	-1.476597E-14
	128.860000	7.428000	-3.000000
	128.880000	7.272000	-5.600000
	128.900000	7.056000	-8.200000
	128.920000	6.792000	-10.600000
	128.940000	6.480000	-13.200000
	128.960000	6.120000	-15.600000
	128.980000	5.736000	-17.600000
	129.000000	5.304000	-19.600000
	129.020000	4.848000	-21.200000
	129.040000	4.344000	-23.200000
	129.060000	3.804000	-25.000000
	129.080000	3.228000	-27.000000
	129.100000	2.628000	-28.600000
	129.120000	2.004000	-30.000000
	129.140000	1.380000	-30.800000
	129.160000	0.732000	-31.600000
	129.180000	0.072000	-32.200000
	129.200000	-0.624000	-33.400000
	129.220000	-1.308000	-34.000000
	129.240000	-2.004000	-34.600000
	129.260000	-2.676000	-34.200000
	129.280000	-3.348000	-34.000000
	129.300000	-4.008000	-33.400000
	129.320000	-4.656000	-33.000000
	129.340000	-5.292000	-32.400000
	129.360000	-5.904000	-31.600000
	129.380000	-6.480000	-30.400000
	129.400000	-7.032000	-29.000000
	129.420000	-7.536000	-27.200000
	129.440000	-8.016000	-25.600000
	129.460000	-8.448000	-23.600000
	129.480000	-8.844000	-21.800000
	129.500000	-9.204000	-19.800000
	129.520000	-9.528000	-18.000000
	129.540000	-9.804000	-16.000000
	129.560000	-10.020000	-13.600000
	129.580000	-10.176000	-10.800000
	129.600000	-10.284000	-8.000000
	129.620000	-10.344000	-5.400000
	129.640000	-10.344000	-2.800000
	129.660000	-10.296000	-0.200000
	129.680000	-10.188000	2.600000
	129.700000	-10.044000	5.000000
	129.720000	-9.840000	7.600000
	129.740000	-9.588000	10.000000
	129.760000	-9.288000	12.600000
	129.780000	-8.940000	15.000000
	129.800000	-8.568000	17.000000
	129.820000	-8.148000	19.000000
	129.840000	-7.692000	20.800000
	129.860000	-7.200000	22.800000
	129.880000	-6.660000	24.800000
	129.900000	-6.096000	26.600000
	129.920000	-5.496000	28.400000
	129.940000	-4.884000	29.600000
	129.960000	-4.236000	31.000000
	129.980000	-3.564000	32.200000
	130.000000	-2.868000	33.600000
	130.020000	-2.172000	34.400000
	130.040000	-1.440000	35.400000
	130.060000	-0.720000	35.800000
	130.080000	0.024000	36.600000
	130.100000	0.744000	36.400000
	130.120000	1.464000	36.400000
	130.140000	2.160000	35.600000
	130.160000	2.844000	35.000000
	130.180000	3.528000	34.400000
	130.200000	4.188000	33.800000
	130.220000	4.812000	32.800000
	130.240000	5.400000	31.200000
	130.260000	5.952000	29.400000
	130.280000	6.480000	27.800000
	130.300000	6.948000	25.800000
	130.320000	7.380000	23.800000
	130.340000	7.764000	21.400000
	130.360000	8.100000	19.200000
	130.380000	8.388000	16.800000
	130.400000	8.604000	14.000000
	130.420000	8.772000	11.200000
	130.440000	8.868000	8.000000
	130.460000	8.916000	5.200000
	130.480000	8.904000	2.200000
	130.500000	8.832000	-0.600000
	130.520000	8.700000	-3.600000
	130.540000	8.508000	-6.600000
	130.560000	8.268000	-9.400000
	130.580000	7.980000	-12.000000
	130.600000	7.644000	-14.400000
	130.620000	7.248000	-17.000000
	130.640000	6.816000	-19.400000
	130.660000	6.336000	-21.800000
	130.680000	5.832000	-23.600000
	130.700000	5.280000	-25.600000
	130.720000	4.692000	-27.400000
	130.740000	4.068000	-29.400000
	130.760000	3.420000	-31.000000
	130.780000	2.736000	-32.600000
	130.800000	2.040000	-33.800000
	130.820000	1.308000	-35.200000
	130.840000	0.588000	-35.800000
	130.860000	-0.156000	-36.600000
	130.880000	-0.912000	-37.000000
	130.900000	-1.668000	-37.600000
	130.920000	-2.424000	-37.800000
	130.940000	-3.168000	-37.600000
	130.960000	-3.900000	-37.200000
	130.980000	-4.620000	-36.600000
	131.000000	-5.328000	-36.000000
	131.020000	-6.024000	-35.400000
	131.040000	-6.696000	-34.600000
	131.060000	-7.320000	-33.200000
	131.080000	-7.920000	-31.600000
	131.100000	-8.484000	-29.800000
	131.120000	-9.012000	-28.200000
	131.140000	-9.492000	-26.200000
	131.160000	-9.924000	-24.000000
	131.180000	-10.308000	-21.600000
	131.200000	-10.656000	-19.400000
	131.220000	-10.944000	-17.000000
	131.240000	-11.184000	-14.600000
	131.260000	-11.364000	-11.800000
	131.280000	-11.496000	-9.200000
	131.300000	-11.580000	-6.600000
	131.320000	-11.604000	-4.000000
	131.340000	-11.568000	-1.200000
	131.360000	-11.472000	1.800000
	131.380000	-11.328000	4.600000
	131.400000	-11.148000	7.000000
	131.420000	-10.908000	9.400000
	131.440000	-10.620000	11.800000
	131.460000	-10.284000	14.400000
	131.480000	-9.912000	16.600000
	131.500000	-9.504000	18.600000
	131.520000	-9.048000	20.600000
	131.540000	-8.556000	22.600000
	131.560000	-8.016000	24.800000
	131.580000	-7.428000	27.000000
	131.600000	-6.816000	29.000000
	131.620000	-6.180000	30.600000
	131.640000	-5.532000	31.600000
	131.660000	-4.848000	32.800000
	131.680000	-4.152000	33.800000
	131.700000	-3.432000	35.000000
	131.720000	-2.712000	35.600000
	131.740000	-1.980000	36.200000
	131.760000	-1.248000	36.400000
	131.780000	-0.504000	36.800000
	131.800000	0.240000	37.000000
	131.820000	0.960000	36.800000
	131.840000	1.656000	36.000000
	131.860000	2.340000	35.000000
	131.880000	3.024000	34.400000
	131.900000	3.684000	33.800000
	131.920000	4.308000	32.800000
	131.940000	4.884000	31.000000
	131.960000	5.424000	29.000000
	131.980000	5.928000	27.000000
	132.000000	6.384000	25.000000
	132.020000	6.804000	23.000000
	132.040000	7.164000	20.600000
	132.060000	7.488000	18.400000
	132.080000	7.740000	15.600000
	132.100000	7.944000	13.000000
	132.120000	8.088000	10.000000
	132.140000	8.172000	7.200000
	132.160000	8.208000	4.400000
	132.180000	8.172000	1.400000
	132.200000	8.088000	-1.400000
	132.220000	7.944000	-4.400000
	132.240000	7.752000	-7.000000
	132.260000	7.512000	-9.600000
	132.280000	7.224000	-12.000000
	132.300000	6.888000	-14.400000
	132.320000	6.516000	-16.600000
	132.340000	6.096000	-18.800000
	132.360000	5.640000	-20.800000
	132.380000	5.136000	-23.000000
	132.400000	4.608000	-24.800000
	132.420000	4.056000	-26.400000
	132.440000	3.468000	-27.800000
	132.460000	2.856000	-29.200000
	132.480000	2.220000	-30.600000
	132.500000	1.560000	-31.800000
	132.520000	0.888000	-32.800000
	132.540000	0.204000	-33.600000
	132.560000	-0.468000	-33.800000
	132.580000	-1.164000	-34.200000
	132.600000	-1.860000	-34.400000
	132.620000	-2.556000	-34.800000
	132.640000	-3.216000	-34.200000
	132.660000	-3.852000	-33.200000
	132.680000	-4.476000	-32.000000
	132.700000	-5.100000	-31.400000
	132.720000	-5.700000	-30.800000
	132.740000	-6.264000	-29.800000
	132.760000	-6.792000	-28.200000
	132.780000	-7.296000	-26.600000
	132.800000	-7.752000	-24.800000
	132.820000	-8.160000	-22.800000
	132.840000	-8.520000	-20.400000
	132.860000	-8.844000	-18.200000
	132.880000	-9.120000	-16.000000
	132.900000	-9.348000	-13.800000
	132.920000	-9.516000	-11.200000
	132.940000	-9.636000	-8.600000
	132.960000	-9.708000	-6.000000
	132.980000	-9.732000	-3.600000
	133.000000	-9.696000	-1.000000
	133.020000	-9.600000	1.800000
	133.040000	-9.456000	4.600000
	133.060000	-9.276000	7.000000
	133.080000	-9.048000	9.200000
	133.100000	-8.772000	11.400000
	133.120000	-8.448000	13.800000
	133.140000	-8.088000	16.000000
	133.160000	-7.692000	18.000000
	133.180000	-7.248000	20.000000
	133.200000	-6.768000	22.000000
	133.220000	-6.252000	24.000000
	133.240000	-5.712000	25.600000
	133.260000	-5.136000	27.200000
	133.280000	-4.536000	28.600000
	133.300000	-3.912000	30.000000
	133.320000	-3.264000	31.200000
	133.340000	-2.604000	32.200000
	133.360000	-1.932000	33.000000
	133.380000	-1.260000	33.400000
	133.400000	-0.552000	34.200000
	133.420000	0.144000	34.600000
	133.440000	0.840000	35.000000
	133.460000	1.512000	34.400000
	133.480000	2.184000	34.000000
	133.500000	2.844000	33.400000
	133.520000	3.480000	32.800000
	133.540000	4.092000	31.800000
	133.560000	4.680000	30.600000
	133.580000	5.232000	29.200000
	133.600000	5.760000	27.800000
	133.620000	6.240000	26.000000
	133.640000	6.684000	24.200000
	133.660000	7.068000	21.800000
	133.680000	7.404000	19.400000
	133.700000	7.692000	16.800000
	133.720000	7.932000	14.400000
	133.740000	8.124000	12.000000
	133.760000	8.256000	9.400000
	133.780000	8.328000	6.600000
	133.800000	8.340000	3.600000
	133.820000	8.292000	0.600000
	133.840000	8.196000	-2.200000
	133.860000	8.040000	-5.000000
	133.880000	7.836000	-7.600000
	133.900000	7.572000	-10.400000
	133.920000	7.260000	-13.000000
	133.940000	6.900000	-15.600000
	133.960000	6.504000	-17.800000
	133.980000	6.060000	-20.000000
	134.000000	5.592000	-21.800000
	134.020000	5.064000	-24.000000
	134.040000	4.512000	-25.800000
	134.060000	3.912000	-28.000000
	134.080000	3.300000	-29.400000
	134.100000	2.652000	-31.000000
	134.120000	1.968000	-32.400000
	134.140000	1.272000	-33.800000
	134.160000	0.564000	-34.800000
	134.180000	-0.144000	-35.200000
	134.200000	-0.864000	-35.600000
	134.220000	-1.596000	-36.000000
	134.240000	-2.328000	-36.400000
	134.260000	-3.060000	-36.600000
	134.280000	-3.768000	-36.200000
	134.300000	-4.488000	-36.000000
	134.320000	-5.172000	-35.200000
	134.340000	-5.844000	-34.600000
	134.360000	-6.468000	-33.000000
	134.380000	-7.092000	-32.000000
	134.400000	-7.692000	-30.800000
	134.420000	-8.268000	-30.000000
	134.440000	-8.796000	-28.400000
	134.460000	-9.276000	-26.400000
	134.480000	-9.708000	-24.000000
	134.500000	-10.104000	-21.800000
	134.520000	-10.464000	-19.800000
	134.540000	-10.764000	-17.600000
	134.560000	-11.016000	-15.200000
	134.580000	-11.208000	-12.400000
	134.600000	-11.352000	-9.800000
	134.620000	-11.436000	-7.000000
	134.640000	-11.460000	-4.200000
	134.660000	-11.436000	-1.400000
	134.680000	-11.352000	1.400000
	134.700000	-11.220000	4.000000
	134.720000	-11.040000	6.600000
	134.740000	-10.812000	9.000000
	134.760000	-10.536000	11.400000
	134.780000	-10.212000	13.800000
	134.800000	-9.852000	16.000000
	134.820000	-9.444000	18.200000
	134.840000	-8.988000	20.400000
	134.860000	-8.496000	22.600000
	134.880000	-7.968000	24.600000
	134.900000	-7.416000	26.200000
	134.920000	-6.816000	28.000000
	134.940000	-6.192000	29.600000
	134.960000	-5.532000	31.400000
	134.980000	-4.848000	32.800000
	135.000000	-4.152000	34.000000
	135.020000	-3.432000	35.000000
	135.040000	-2.712000	35.600000
	135.060000	-1.968000	36.400000
	135.080000	-1.224000	36.800000
	135.100000	-0.468000	37.400000
	135.120000	0.288000	37.600000
	135.140000	1.020000	37.400000
	135.160000	1.740000	36.800000
	135.180000	2.436000	35.800000
	135.200000	3.132000	35.200000
	135.220000	3.792000	34.200000
	135.240000	4.428000	33.200000
	135.260000	5.028000	31.600000
	135.280000	5.604000	30.200000
	135.300000	6.132000	28.400000
	135.320000	6.624000	26.600000
	135.340000	7.056000	24.200000
	135.360000	7.452000	22.000000
	135.380000	7.776000	19.200000
	135.400000	8.064000	16.800000
	135.420000	8.292000	14.000000
	135.440000	8.472000	11.600000
	135.460000	8.580000	8.600000
	135.480000	8.628000	5.600000
	135.500000	8.616000	2.400000
	135.520000	8.544000	-0.600000
	135.540000	8.412000	-3.600000
	135.560000	8.232000	-6.400000
	135.580000	8.004000	-9.000000
	135.600000	7.716000	-11.600000
	135.620000	7.380000	-14.200000
	135.640000	7.008000	-16.600000
	135.660000	6.600000	-18.600000
	135.680000	6.144000	-20.600000
	135.700000	5.628000	-23.000000
	135.720000	5.088000	-25.200000
	135.740000	4.512000	-27.200000
	135.760000	3.924000	-28.400000
	135.780000	3.300000	-29.800000
	135.800000	2.640000	-31.200000
	135.820000	1.968000	-32.600000
	135.840000	1.284000	-33.600000
	135.860000	0.600000	-34.000000
	135.880000	-0.120000	-34.800000
	135.900000	-0.852000	-35.600000
	135.920000	-1.572000	-36.200000
	135.940000	-2.268000	-35.800000
	135.960000	-2.964000	-35.200000
	135.980000	-3.660000	-34.800000
	136.000000	-4.344000	-34.600000
	136.020000	-4.992000	-33.800000
	136.040000	-5.616000	-32.600000
	136.060000	-6.216000	-31.200000
	136.080000	-6.792000	-30.000000
	136.100000	-7.344000	-28.800000
	136.120000	-7.848000	-27.200000
	136.140000	-8.328000	-25.600000
	136.160000	-8.736000	-23.200000
	136.180000	-9.120000	-21.200000
	136.200000	-9.444000	-18.600000
	136.220000	-9.732000	-16.600000
	136.240000	-9.960000	-14.000000
	136.260000	-10.128000	-11.400000
	136.280000	-10.248000	-8.600000
	136.300000	-10.320000	-6.000000
	136.320000	-10.344000	-3.600000
	136.340000	-10.308000	-1.000000
	136.360000	-10.212000	1.800000
	136.380000	-10.068000	4.600000
	136.400000	-9.888000	7.000000
	136.420000	-9.660000	9.200000
	136.440000	-9.384000	11.400000
	136.460000	-9.060000	13.800000
	136.480000	-8.688000	16.200000
	136.500000	-8.280000	18.400000
	136.520000	-7.836000	20.400000
	136.540000	-7.368000	22.000000
	136.560000	-6.852000	23.800000
	136.580000	-6.300000	25.600000
	136.600000	-5.724000	27.400000
	136.620000	-5.124000	28.800000
	136.640000	-4.500000	30.000000
	136.660000	-3.840000	31.400000
	136.680000	-3.180000	32.400000
	136.700000	-2.496000	33.400000
	136.720000	-1.800000	34.000000
	136.740000	-1.092000	34.800000
	136.760000	-0.396000	35.000000
	136.780000	0.300000	35.000000
	136.800000	0.996000	34.800000
	136.820000	1.680000	34.600000
	136.840000	2.352000	34.200000
	136.860000	3.000000	33.400000
	136.880000	3.624000	32.400000
	136.900000	4.212000	31.000000
	136.920000	4.776000	29.600000
	136.940000	5.316000	28.200000
	136.960000	5.808000	26.600000
	136.980000	6.264000	24.800000
	137.000000	6.660000	22.400000
	137.020000	7.020000	20.200000
	137.040000	7.320000	17.600000
	137.060000	7.584000	15.400000
	137.080000	7.788000	12.800000
	137.100000	7.932000	10.200000
	137.120000	8.016000	7.200000
	137.140000	8.052000	4.400000
	137.160000	8.028000	1.600000
	137.180000	7.944000	-1.200000
	137.200000	7.800000	-4.200000
	137.220000	7.608000	-7.000000
	137.240000	7.368000	-9.600000
	137.260000	7.080000	-12.000000
	137.280000	6.756000	-14.200000
	137.300000	6.384000	-16.400000
	137.320000	5.964000	-18.600000
	137.340000	5.508000	-20.800000
	137.360000	5.016000	-22.800000
	137.380000	4.476000	-24.800000
	137.400000	3.900000	-26.800000
	137.420000	3.312000	-28.400000
	137.440000	2.712000	-29.400000
	137.460000	2.076000	-30.400000
	137.480000	1.392000	-32.000000
	137.500000	0.696000	-33.600000
	137.520000	0.000000	-34.600000
	137.540000	-0.696000	-34.800000
	137.560000	-1.392000	-34.800000
	137.580000	-2.100000	-35.000000
	137.600000	-2.796000	-35.000000
	137.620000	-3.480000	-34.800000
	137.640000	-4.152000	-34.200000
	137.660000	-4.812000	-33.600000
	137.680000	-5.460000	-33.000000
	137.700000	-6.084000	-32.200000
	137.720000	-6.672000	-31.000000
	137.740000	-7.236000	-29.600000
	137.760000	-7.752000	-27.800000
	137.780000	-8.256000	-26.400000
	137.800000	-8.712000	-24.600000
	137.820000	-9.132000	-23.000000
	137.840000	-9.480000	-20.400000
	137.860000	-9.792000	-18.000000
	137.880000	-10.056000	-15.400000
	137.900000	-10.284000	-13.400000
	137.920000	-10.452000	-11.000000
	137.940000	-10.572000	-8.600000
	137.960000	-10.632000	-5.800000
	137.980000	-10.644000	-3.200000
	138.000000	-10.596000	-0.400000
	138.020000	-10.488000	2.400000
	138.040000	-10.332000	5.200000
	138.060000	-10.128000	7.800000
	138.080000	-9.888000	10.000000
	138.100000	-9.588000	12.400000
	138.120000	-9.252000	14.600000
	138.140000	-8.868000	17.000000
	138.160000	-8.448000	19.000000
	138.180000	-7.992000	21.000000
	138.200000	-7.488000	23.000000
	138.220000	-6.960000	24.800000
	138.240000	-6.372000	27.000000
	138.260000	-5.784000	28.400000
	138.280000	-5.160000	30.000000
	138.300000	-4.524000	30.800000
	138.320000	-3.852000	32.200000
	138.340000	-3.156000	33.400000
	138.360000	-2.448000	34.600000
	138.380000	-1.728000	35.400000
	138.400000	-1.008000	35.800000
	138.420000	-0.288000	36.000000
	138.440000	0.432000	36.000000
	138.460000	1.152000	36.000000
	138.480000	1.860000	35.800000
	138.500000	2.556000	35.400000
	138.520000	3.228000	34.600000
	138.540000	3.876000	33.600000
	138.560000	4.488000	32.200000
	138.580000	5.076000	30.800000
	138.600000	5.640000	29.400000
	138.620000	6.168000	28.000000
	138.640000	6.648000	26.200000
	138.660000	7.080000	24.000000
	138.680000	7.464000	21.600000
	138.700000	7.800000	19.200000
	138.720000	8.076000	16.600000
	138.740000	8.304000	14.000000
	138.760000	8.472000	11.200000
	138.780000	8.580000	8.400000
	138.800000	8.628000	5.400000
	138.820000	8.616000	2.400000
	138.840000	8.544000	-0.600000
	138.860000	8.412000	-3.600000
	138.880000	8.232000	-6.400000
	138.900000	8.004000	-9.000000
	138.920000	7.728000	-11.400000
	138.940000	7.392000	-14.000000
	138.960000	7.008000	-16.600000
	138.980000	6.588000	-19.000000
	139.000000	6.120000	-21.200000
	139.020000	5.616000	-23.200000
	139.040000	5.076000	-25.200000
	139.060000	4.500000	-27.000000
	139.080000	3.888000	-28.800000
	139.100000	3.240000	-30.600000
	139.120000	2.580000	-32.000000
	139.140000	1.896000	-33.200000
	139.160000	1.200000	-34.000000
	139.180000	0.480000	-35.000000
	139.200000	-0.240000	-35.600000
	139.220000	-0.972000	-36.200000
	139.240000	-1.704000	-36.400000
	139.260000	-2.436000	-36.600000
	139.280000	-3.168000	-36.600000
	139.300000	-3.888000	-36.400000
	139.320000	-4.584000	-35.800000
	139.340000	-5.256000	-34.800000
	139.360000	-5.904000	-33.600000
	139.380000	-6.540000	-32.600000
	139.400000	-7.152000	-31.600000
	139.420000	-7.716000	-30.200000
	139.440000	-8.244000	-28.400000
	139.460000	-8.736000	-26.400000
	139.480000	-9.192000	-24.600000
	139.500000	-9.600000	-22.600000
	139.520000	-9.960000	-20.400000
	139.540000	-10.272000	-18.000000
	139.560000	-10.536000	-15.600000
	139.580000	-10.740000	-13.000000
	139.600000	-10.896000	-10.400000
	139.620000	-11.004000	-7.800000
	139.640000	-11.064000	-5.400000
	139.660000	-11.064000	-2.800000
	139.680000	-11.004000	0.000000
	139.700000	-10.884000	3.000000
	139.720000	-10.716000	5.800000
	139.740000	-10.500000	8.400000
	139.760000	-10.236000	10.800000
	139.780000	-9.936000	13.000000
	139.800000	-9.588000	15.200000
	139.820000	-9.204000	17.200000
	139.840000	-8.772000	19.400000
	139.860000	-8.304000	21.400000
	139.880000	-7.800000	23.400000
	139.900000	-7.260000	25.200000
	139.920000	-6.672000	27.200000
	139.940000	-6.060000	29.000000
	139.960000	-5.412000	30.800000
	139.980000	-4.752000	32.000000
	140.000000	-4.068000	33.200000
	140.020000	-3.360000	34.200000
	140.040000	-2.664000	34.800000
	140.060000	-1.956000	35.200000
	140.080000	-1.248000	35.200000
	140.100000	-0.516000	35.800000
	140.120000	0.216000	36.200000
	140.140000	0.924000	36.200000
	140.160000	1.632000	35.800000
	140.180000	2.328000	35.200000
	140.200000	3.000000	34.600000
	140.220000	3.660000	33.800000
	140.240000	4.272000	32.400000
	140.260000	4.860000	31.000000
	140.280000	5.388000	28.800000
	140.300000	5.904000	27.200000
	140.320000	6.372000	25.200000
	140.340000	6.804000	23.600000
	140.360000	7.176000	21.200000
	140.380000	7.500000	18.800000
	140.400000	7.764000	16.000000
	140.420000	7.980000	13.400000
	140.440000	8.136000	10.600000
	140.460000	8.232000	7.800000
	140.480000	8.268000	4.800000
	140.500000	8.256000	2.000000
	140.520000	8.184000	-0.800000
	140.540000	8.052000	-3.600000
	140.560000	7.872000	-6.400000
	140.580000	7.632000	-9.200000
	140.600000	7.344000	-11.800000
	140.620000	7.008000	-14.400000
	140.640000	6.648000	-16.400000
	140.660000	6.228000	-18.600000
	140.680000	5.772000	-20.600000
	140.700000	5.280000	-22.800000
	140.720000	4.752000	-24.600000
	140.740000	4.200000	-26.200000
	140.760000	3.588000	-28.200000
	140.780000	2.976000	-29.600000
	140.800000	2.304000	-31.600000
	140.820000	1.644000	-32.400000
	140.840000	0.972000	-33.400000
	140.860000	0.288000	-33.600000
	140.880000	-0.408000	-34.200000
	140.900000	-1.128000	-35.000000
	140.920000	-1.824000	-35.200000
	140.940000	-2.520000	-35.200000
	140.960000	-3.204000	-34.600000
	140.980000	-3.876000	-34.200000
	141.000000	-4.536000	-33.600000
	141.020000	-5.172000	-32.800000
	141.040000	-5.796000	-32.000000
	141.060000	-6.384000	-30.800000
	141.080000	-6.948000	-29.600000
	141.100000	-7.464000	-27.800000
	141.120000	-7.944000	-26.000000
	141.140000	-8.388000	-24.000000
	141.160000	-8.796000	-22.200000
	141.180000	-9.168000	-20.400000
	141.200000	-9.480000	-18.200000
	141.220000	-9.744000	-15.800000
	141.240000	-9.948000	-13.000000
	141.260000	-10.116000	-10.600000
	141.280000	-10.224000	-8.000000
	141.300000	-10.284000	-5.600000
	141.320000	-10.284000	-2.800000
	141.340000	-10.236000	-0.200000
	141.360000	-10.140000	2.400000
	141.380000	-9.984000	5.000000
	141.400000	-9.780000	7.600000
	141.420000	-9.528000	10.200000
	141.440000	-9.240000	12.400000
	141.460000	-8.904000	14.600000
	141.480000	-8.532000	16.600000
	141.500000	-8.100000	19.000000
	141.520000	-7.644000	21.000000
	141.540000	-7.140000	23.200000
	141.560000	-6.612000	24.800000
	141.580000	-6.060000	26.400000
	141.600000	-5.460000	28.000000
	141.620000	-4.848000	29.400000
	141.640000	-4.188000	31.200000
	141.660000	-3.540000	32.000000
	141.680000	-2.856000	33.200000
	141.700000	-2.172000	33.600000
	141.720000	-1.464000	34.600000
	141.740000	-0.756000	35.000000
	141.760000	-0.048000	35.400000
	141.780000	0.660000	35.400000
	141.800000	1.344000	35.000000
	141.820000	2.040000	34.800000
	141.840000	2.712000	34.200000
	141.860000	3.372000	33.800000
	141.880000	3.996000	32.600000
	141.900000	4.584000	31.200000
	141.920000	5.148000	29.600000
	141.940000	5.676000	28.000000
	141.960000	6.168000	26.400000
	141.980000	6.624000	24.600000
	142.000000	7.020000	22.400000
	142.020000	7.380000	20.200000
	142.040000	7.680000	17.600000
	142.060000	7.932000	15.200000
	142.080000	8.124000	12.400000
	142.100000	8.256000	9.600000
	142.120000	8.328000	6.600000
	142.140000	8.352000	3.800000
	142.160000	8.316000	1.000000
	142.180000	8.220000	-1.800000
	142.200000	8.064000	-4.800000
	142.220000	7.860000	-7.600000
	142.240000	7.620000	-10.000000
	142.260000	7.320000	-12.400000
	142.280000	6.960000	-15.000000
	142.300000	6.564000	-17.600000
	142.320000	6.120000	-20.000000
	142.340000	5.652000	-21.800000
	142.360000	5.136000	-23.800000
	142.380000	4.596000	-25.400000
	142.400000	4.020000	-27.200000
	142.420000	3.396000	-29.000000
	142.440000	2.748000	-30.800000
	142.460000	2.076000	-32.400000
	142.480000	1.404000	-33.200000
	142.500000	0.708000	-34.000000
	142.520000	0.000000	-34.600000
	142.540000	-0.732000	-35.600000
	142.560000	-1.452000	-36.000000
	142.580000	-2.184000	-36.400000
	142.600000	-2.904000	-36.200000
	142.620000	-3.624000	-36.200000
	142.640000	-4.320000	-35.600000
	142.660000	-4.992000	-34.800000
	142.680000	-5.652000	-33.800000
	142.700000	-6.276000	-32.600000
	142.720000	-6.876000	-31.400000
	142.740000	-7.452000	-30.000000
	142.760000	-8.004000	-28.800000
	142.780000	-8.520000	-27.400000
	142.800000	-8.988000	-25.600000
	142.820000	-9.408000	-23.400000
	142.840000	-9.792000	-21.200000
	142.860000	-10.128000	-19.000000
	142.880000	-10.416000	-16.800000
	142.900000	-10.644000	-14.200000
	142.920000	-10.824000	-11.600000
	142.940000	-10.956000	-9.000000
	142.960000	-11.028000	-6.400000
	142.980000	-11.040000	-3.600000
	143.000000	-11.004000	-0.800000
	143.020000	-10.920000	1.800000
	143.040000	-10.788000	4.200000
	143.060000	-10.596000	6.800000
	143.080000	-10.356000	9.400000
	143.100000	-10.068000	12.000000
	143.120000	-9.732000	14.400000
	143.140000	-9.372000	16.400000
	143.160000	-8.964000	18.400000
	143.180000	-8.520000	20.200000
	143.200000	-8.016000	22.600000
	143.220000	-7.476000	24.800000
	143.240000	-6.900000	27.000000
	143.260000	-6.300000	28.600000
	143.280000	-5.676000	30.000000
	143.300000	-5.040000	31.000000
	143.320000	-4.368000	32.200000
	143.340000	-3.684000	33.200000
	143.360000	-2.976000	34.400000
	143.380000	-2.256000	35.200000
	143.400000	-1.524000	36.000000
	143.420000	-0.792000	36.400000
	143.440000	-0.072000	36.400000
	143.460000	0.636000	36.000000
	143.480000	1.344000	35.600000
	143.500000	2.052000	35.400000
	143.520000	2.760000	35.400000
	143.540000	3.432000	34.800000
	143.560000	4.068000	33.600000
	143.580000	4.668000	31.800000
	143.600000	5.244000	30.200000
	143.620000	5.784000	28.600000
	143.640000	6.276000	26.800000
	143.660000	6.732000	24.800000
	143.680000	7.140000	22.600000
	143.700000	7.500000	20.400000
	143.720000	7.800000	17.800000
	143.740000	8.040000	15.000000
	143.760000	8.232000	12.200000
	143.780000	8.364000	9.400000
	143.800000	8.436000	6.600000
	143.820000	8.448000	3.600000
	143.840000	8.400000	0.600000
	143.860000	8.304000	-2.200000
	143.880000	8.148000	-5.000000
	143.900000	7.932000	-7.800000
	143.920000	7.668000	-10.600000
	143.940000	7.368000	-13.000000
	143.960000	7.020000	-15.200000
	143.980000	6.624000	-17.400000
	144.000000	6.180000	-19.800000
	144.020000	5.712000	-21.800000
	144.040000	5.196000	-23.800000
	144.060000	4.632000	-25.800000
	144.080000	4.044000	-27.800000
	144.100000	3.432000	-29.400000
	144.120000	2.796000	-30.600000
	144.140000	2.124000	-32.000000
	144.160000	1.440000	-33.200000
	144.180000	0.744000	-34.200000
	144.200000	0.036000	-34.800000
	144.220000	-0.672000	-35.200000
	144.240000	-1.392000	-35.600000
	144.260000	-2.100000	-35.600000
	144.280000	-2.808000	-35.600000
	144.300000	-3.492000	-35.000000
	144.320000	-4.176000	-34.600000
	144.340000	-4.848000	-34.000000
	144.360000	-5.496000	-33.400000
	144.380000	-6.120000	-32.400000
	144.400000	-6.708000	-31.000000
	144.420000	-7.260000	-29.400000
	144.440000	-7.776000	-27.600000
	144.460000	-8.256000	-25.800000
	144.480000	-8.700000	-24.000000
	144.500000	-9.096000	-22.000000
	144.520000	-9.456000	-20.000000
	144.540000	-9.768000	-17.800000
	144.560000	-10.032000	-15.600000
	144.580000	-10.236000	-13.000000
	144.600000	-10.392000	-10.400000
	144.620000	-10.488000	-7.600000
	144.640000	-10.536000	-5.000000
	144.660000	-10.524000	-2.200000
	144.680000	-10.464000	0.400000
	144.700000	-10.344000	3.200000
	144.720000	-10.176000	5.800000
	144.740000	-9.960000	8.400000
	144.760000	-9.696000	10.800000
	144.780000	-9.396000	13.000000
	144.800000	-9.048000	15.200000
	144.820000	-8.664000	17.200000
	144.840000	-8.232000	19.400000
	144.860000	-7.764000	21.400000
	144.880000	-7.260000	23.400000
	144.900000	-6.732000	25.000000
	144.920000	-6.168000	26.600000
	144.940000	-5.580000	28.000000
	144.960000	-4.932000	30.000000
	144.980000	-4.272000	31.600000
	145.000000	-3.600000	33.000000
	145.020000	-2.928000	33.400000
	145.040000	-2.232000	34.000000
	145.060000	-1.512000	34.800000
	145.080000	-0.804000	35.400000
	145.100000	-0.096000	35.600000
	145.120000	0.600000	35.200000
	145.140000	1.308000	35.200000
	145.160000	1.992000	34.800000
	145.180000	2.664000	34.400000
	145.200000	3.300000	33.200000
	145.220000	3.924000	32.200000
	145.240000	4.524000	31.000000
	145.260000	5.100000	30.000000
	145.280000	5.628000	28.400000
	145.300000	6.120000	26.600000
	145.320000	6.564000	24.400000
	145.340000	6.972000	22.400000
	145.360000	7.320000	20.000000
	145.380000	7.608000	17.400000
	145.400000	7.848000	14.600000
	145.420000	8.028000	11.800000
	145.440000	8.160000	9.200000
	145.460000	8.232000	6.400000
	145.480000	8.244000	3.600000
	145.500000	8.208000	0.800000
	145.520000	8.100000	-2.200000
	145.540000	7.956000	-4.800000
	145.560000	7.740000	-7.800000
	145.580000	7.488000	-10.200000
	145.600000	7.176000	-13.000000
	145.620000	6.828000	-15.200000
	145.640000	6.432000	-17.600000
	145.660000	6.000000	-19.600000
	145.680000	5.532000	-21.600000
	145.700000	5.028000	-23.400000
	145.720000	4.476000	-25.400000
	145.740000	3.876000	-27.600000
	145.760000	3.252000	-29.600000
	145.780000	2.616000	-31.000000
	145.800000	1.968000	-31.800000
	145.820000	1.296000	-32.600000
	145.840000	0.588000	-33.800000
	145.860000	-0.120000	-34.800000
	145.880000	-0.840000	-35.600000
	145.900000	-1.548000	-35.600000
	145.920000	-2.280000	-36.000000
	145.940000	-2.988000	-35.800000
	145.960000	-3.684000	-35.600000
	145.980000	-4.356000	-34.600000
	146.000000	-5.016000	-33.800000
	146.020000	-5.664000	-33.000000
	146.040000	-6.276000	-32.000000
	146.060000	-6.876000	-31.000000
	146.080000	-7.440000	-29.600000
	146.100000	-7.968000	-28.200000
	146.120000	-8.460000	-26.400000
	146.140000	-8.904000	-24.400000
	146.160000	-9.312000	-22.400000
	146.180000	-9.672000	-20.200000
	146.200000	-9.984000	-18.000000
	146.220000	-10.248000	-15.600000
	146.240000	-10.464000	-13.200000
	146.260000	-10.632000	-10.800000
	146.280000	-10.740000	-8.200000
	146.300000	-10.788000	-5.400000
	146.320000	-10.788000	-2.600000
	146.340000	-10.740000	0.000000
	146.360000	-10.632000	2.600000
	146.380000	-10.476000	5.200000
	146.400000	-10.260000	8.000000
	146.420000	-10.008000	10.400000
	146.440000	-9.696000	13.000000
	146.460000	-9.348000	15.200000
	146.480000	-8.964000	17.400000
	146.500000	-8.544000	19.200000
	146.520000	-8.088000	21.000000
	146.540000	-7.512000	24.200000
	146.560000	-6.972000	26.200000
	146.580000	-6.396000	28.200000
	146.600000	-5.856000	27.600000
	146.620000	-5.220000	29.200000
	146.640000	-4.572000	30.400000
	146.660000	-3.912000	32.400000
	146.680000	-3.228000	33.200000
	146.700000	-2.508000	34.400000
	146.720000	-1.788000	35.400000
	146.740000	-1.056000	36.200000
	146.760000	-0.336000	36.200000
	146.780000	0.384000	36.200000
	146.800000	1.092000	35.800000
	146.820000	1.800000	35.600000
	146.840000	2.496000	35.200000
	146.860000	3.168000	34.600000
	146.880000	3.816000	33.600000
	146.900000	4.440000	32.400000
	146.920000	5.028000	31.000000
	146.940000	5.568000	29.200000
	146.960000	6.072000	27.200000
	146.980000	6.540000	25.200000
	147.000000	6.972000	23.400000
	147.020000	7.356000	21.400000
	147.040000	7.680000	19.000000
	147.060000	7.944000	16.200000
	147.080000	8.160000	13.400000
	147.100000	8.316000	10.600000
	147.120000	8.412000	7.800000
	147.140000	8.448000	4.800000
	147.160000	8.436000	2.000000
	147.180000	8.364000	-0.800000
	147.200000	8.232000	-3.600000
	147.220000	8.040000	-6.600000
	147.240000	7.800000	-9.400000
	147.260000	7.512000	-12.000000
	147.280000	7.176000	-14.400000
	147.300000	6.804000	-16.600000
	147.320000	6.384000	-18.800000
	147.340000	5.916000	-21.000000
	147.360000	5.412000	-23.200000
	147.380000	4.860000	-25.400000
	147.400000	4.284000	-27.200000
	147.420000	3.672000	-29.000000
	147.440000	3.036000	-30.400000
	147.460000	2.388000	-31.600000
	147.480000	1.716000	-32.600000
	147.500000	1.032000	-33.400000
	147.520000	0.324000	-34.400000
	147.540000	-0.396000	-35.200000
	147.560000	-1.116000	-35.800000
	147.580000	-1.836000	-36.000000
	147.600000	-2.556000	-36.000000
	147.620000	-3.264000	-35.800000
	147.640000	-3.960000	-35.400000
	147.660000	-4.644000	-34.800000
	147.680000	-5.316000	-34.200000
	147.700000	-5.964000	-33.400000
	147.720000	-6.576000	-32.200000
	147.740000	-7.152000	-30.600000
	147.760000	-7.704000	-29.000000
	147.780000	-8.208000	-27.200000
	147.800000	-8.688000	-25.600000
	147.820000	-9.108000	-23.400000
	147.840000	-9.504000	-21.600000
	147.860000	-9.840000	-19.200000
	147.880000	-10.128000	-17.000000
	147.900000	-10.356000	-14.200000
	147.920000	-10.548000	-11.800000
	147.940000	-10.692000	-9.400000
	147.960000	-10.776000	-7.000000
	147.980000	-10.800000	-4.200000
	148.000000	-10.764000	-1.200000
	148.020000	-10.680000	1.600000
	148.040000	-10.536000	4.400000
	148.060000	-10.356000	6.800000
	148.080000	-10.128000	9.200000
	148.100000	-9.852000	11.400000
	148.120000	-9.528000	13.800000
	148.140000	-9.156000	16.200000
	148.160000	-8.748000	18.400000
	148.180000	-8.304000	20.400000
	148.200000	-7.836000	22.000000
	148.220000	-7.320000	23.800000
	148.240000	-6.756000	25.800000
	148.260000	-6.168000	27.800000
	148.280000	-5.556000	29.400000
	148.300000	-4.920000	30.600000
	148.320000	-4.248000	32.000000
	148.340000	-3.552000	33.400000
	148.360000	-2.868000	34.200000
	148.380000	-2.160000	34.800000
	148.400000	-1.452000	35.000000
	148.420000	-0.720000	35.800000
	148.440000	0.000000	36.000000
	148.460000	0.720000	36.200000
	148.480000	1.416000	35.600000
	148.500000	2.112000	35.200000
	148.520000	2.784000	34.400000
	148.540000	3.444000	33.800000
	148.560000	4.068000	32.600000
	148.580000	4.668000	31.400000
	148.600000	5.232000	29.800000
	148.620000	5.760000	28.200000
	148.640000	6.240000	26.200000
	148.660000	6.684000	24.200000
	148.680000	7.068000	21.800000
	148.700000	7.404000	19.400000
	148.720000	7.692000	16.800000
	148.740000	7.932000	14.400000
	148.760000	8.112000	11.800000
	148.780000	8.232000	9.000000
	148.800000	8.304000	6.200000
	148.820000	8.316000	3.400000
	148.840000	8.268000	0.600000
	148.860000	8.148000	-2.600000
	148.880000	7.980000	-5.600000
	148.900000	7.764000	-8.400000
	148.920000	7.500000	-10.800000
	148.940000	7.188000	-13.200000
	148.960000	6.828000	-15.600000
	148.980000	6.420000	-18.000000
	149.000000	5.976000	-20.200000
	149.020000	5.496000	-22.200000
	149.040000	4.980000	-24.000000
	149.060000	4.428000	-25.800000
	149.080000	3.828000	-27.800000
	149.100000	3.216000	-29.400000
	149.120000	2.568000	-31.000000
	149.140000	1.908000	-32.000000
	149.160000	1.224000	-33.200000
	149.180000	0.528000	-34.000000
	149.200000	-0.180000	-34.800000
	149.220000	-0.888000	-35.200000
	149.240000	-1.596000	-35.400000
	149.260000	-2.304000	-35.400000
	149.280000	-3.024000	-35.600000
	149.300000	-3.720000	-35.400000
	149.320000	-4.404000	-35.000000
	149.340000	-5.052000	-33.800000
	149.360000	-5.688000	-32.800000
	149.380000	-6.288000	-31.400000
	149.400000	-6.876000	-30.400000
	149.420000	-7.428000	-29.000000
	149.440000	-7.968000	-28.000000
	149.460000	-8.448000	-26.200000
	149.480000	-8.892000	-24.400000
	149.500000	-9.264000	-21.600000
	149.520000	-9.612000	-19.400000
	149.540000	-9.912000	-17.000000
	149.560000	-10.164000	-15.000000
	149.580000	-10.356000	-12.400000
	149.600000	-10.500000	-9.800000
	149.620000	-10.596000	-7.200000
	149.640000	-10.644000	-4.800000
	149.660000	-10.632000	-2.200000
	149.680000	-10.560000	0.600000
	149.700000	-10.428000	3.600000
	149.720000	-10.248000	6.400000
	149.740000	-9.996000	9.400000
	149.760000	-9.732000	11.600000
	149.780000	-9.420000	13.800000
	149.800000	-9.096000	15.000000
	149.820000	-8.700000	17.200000
	149.840000	-8.268000	19.200000
	149.860000	-7.788000	21.800000
	149.880000	-7.284000	23.600000
	149.900000	-6.732000	25.600000
	149.920000	-6.168000	27.000000
	149.940000	-5.568000	28.600000
	149.960000	-4.932000	30.000000
	149.980000	-4.272000	31.600000
	150.000000	-3.576000	33.200000
	150.020000	-2.892000	34.000000
	150.040000	-2.184000	34.800000
	150.060000	-1.488000	34.800000
	150.080000	-0.768000	35.400000
	150.100000	-0.048000	35.600000
	150.120000	0.672000	36.000000
	150.140000	1.368000	35.600000
	150.160000	2.064000	35.200000
	150.180000	2.748000	34.600000
	150.200000	3.408000	34.000000
	150.220000	4.032000	32.800000
	150.240000	4.632000	31.400000
	150.260000	5.208000	30.000000
	150.280000	5.748000	28.600000
	150.300000	6.240000	26.800000
	150.320000	6.684000	24.600000
	150.340000	7.080000	22.200000
	150.360000	7.428000	19.800000
	150.380000	7.728000	17.400000
	150.400000	7.968000	14.800000
	150.420000	8.160000	12.200000
	150.440000	8.292000	9.400000
	150.460000	8.364000	6.600000
	150.480000	8.376000	3.600000
	150.500000	8.328000	0.600000
	150.520000	8.232000	-2.200000
	150.540000	8.076000	-5.000000
	150.560000	7.872000	-7.600000
	150.580000	7.620000	-10.200000
	150.600000	7.308000	-12.800000
	150.620000	6.960000	-15.200000
	150.640000	6.552000	-17.800000
	150.660000	6.120000	-19.800000
	150.680000	5.628000	-22.200000
	150.700000	5.100000	-24.200000
	150.720000	4.548000	-26.200000
	150.740000	3.972000	-27.600000
	150.760000	3.372000	-28.800000
	150.780000	2.724000	-30.400000
	150.800000	2.040000	-32.200000
	150.820000	1.344000	-33.800000
	150.840000	0.648000	-34.600000
	150.860000	-0.048000	-34.800000
	150.880000	-0.768000	-35.200000
	150.900000	-1.488000	-35.600000
	150.920000	-2.196000	-35.800000
	150.940000	-2.904000	-35.600000
	150.960000	-3.612000	-35.400000
	150.980000	-4.320000	-35.400000
	151.000000	-4.992000	-34.800000
	151.020000	-5.652000	-34.000000
	151.040000	-6.276000	-32.600000
	151.060000	-6.876000	-31.400000
	151.080000	-7.440000	-29.800000
	151.100000	-7.980000	-28.400000
	151.120000	-8.484000	-26.800000
	151.140000	-8.940000	-25.000000
	151.160000	-9.348000	-22.800000
	151.180000	-9.708000	-20.400000
	151.200000	-10.020000	-18.000000
	151.220000	-10.284000	-15.600000
	151.240000	-10.500000	-13.200000
	151.260000	-10.668000	-10.800000
	151.280000	-10.788000	-8.400000
	151.300000	-10.848000	-5.800000
	151.320000	-10.848000	-3.000000
	151.340000	-10.800000	-0.200000
	151.360000	-10.692000	2.600000
	151.380000	-10.536000	5.200000
	151.400000	-10.320000	8.000000
	151.420000	-10.068000	10.400000
	151.440000	-9.780000	12.600000
	151.460000	-9.444000	14.600000
	151.480000	-9.060000	16.800000
	151.500000	-8.628000	19.200000
	151.520000	-8.160000	21.400000
	151.540000	-7.644000	23.600000
	151.560000	-7.116000	25.200000
	151.580000	-6.552000	26.800000
	151.600000	-5.964000	28.000000
	151.620000	-5.328000	29.800000
	151.640000	-4.668000	31.400000
	151.660000	-3.996000	32.800000
	151.680000	-3.300000	33.800000
	151.700000	-2.604000	34.400000
	151.720000	-1.884000	35.200000
	151.740000	-1.164000	35.600000
	151.760000	-0.432000	36.200000
	151.780000	0.288000	36.200000
	151.800000	0.996000	36.000000
	151.820000	1.704000	35.600000
	151.840000	2.388000	35.000000
	151.860000	3.060000	34.400000
	151.880000	3.708000	33.400000
	151.900000	4.344000	32.600000
	151.920000	4.932000	31.200000
	151.940000	5.484000	29.600000
	151.960000	5.988000	27.400000
	151.980000	6.468000	25.600000
	152.000000	6.888000	23.400000
	152.020000	7.272000	21.400000
	152.040000	7.596000	18.800000
	152.060000	7.872000	16.400000
	152.080000	8.088000	13.600000
	152.100000	8.256000	11.000000
	152.120000	8.364000	8.200000
	152.140000	8.412000	5.400000
	152.160000	8.400000	2.400000
	152.180000	8.328000	-0.600000
	152.200000	8.196000	-3.600000
	152.220000	8.016000	-6.400000
	152.240000	7.788000	-9.000000
	152.260000	7.500000	-11.600000
	152.280000	7.164000	-14.200000
	152.300000	6.792000	-16.600000
	152.320000	6.384000	-18.600000
	152.340000	5.928000	-20.600000
	152.360000	5.424000	-22.800000
	152.380000	4.884000	-25.000000
	152.400000	4.308000	-27.000000
	152.420000	3.708000	-28.600000
	152.440000	3.096000	-29.800000
	152.460000	2.460000	-30.800000
	152.480000	1.776000	-32.200000
	152.500000	1.068000	-33.800000
	152.520000	0.360000	-35.000000
	152.540000	-0.336000	-35.200000
	152.560000	-1.044000	-35.200000
	152.580000	-1.764000	-35.400000
	152.600000	-2.484000	-35.800000
	152.620000	-3.192000	-35.800000
	152.640000	-3.888000	-35.400000
	152.660000	-4.560000	-34.600000
	152.680000	-5.208000	-33.600000
	152.700000	-5.844000	-32.600000
	152.720000	-6.444000	-31.400000
	152.740000	-7.032000	-30.400000
	152.760000	-7.560000	-28.600000
	152.780000	-8.076000	-27.200000
	152.800000	-8.544000	-25.200000
	152.820000	-8.976000	-23.600000
	152.840000	-9.360000	-21.400000
	152.860000	-9.696000	-19.200000
	152.880000	-9.996000	-17.000000
	152.900000	-10.236000	-14.600000
	152.920000	-10.416000	-12.000000
	152.940000	-10.548000	-9.200000
	152.960000	-10.620000	-6.400000
	152.980000	-10.644000	-3.800000
	153.000000	-10.608000	-1.000000
	153.020000	-10.524000	1.600000
	153.040000	-10.392000	4.200000
	153.060000	-10.212000	6.600000
	153.080000	-9.984000	9.000000
	153.100000	-9.708000	11.400000
	153.120000	-9.384000	13.800000
	153.140000	-9.012000	16.200000
	153.160000	-8.604000	18.400000
	153.180000	-8.148000	20.600000
	153.200000	-7.668000	22.400000
	153.220000	-7.152000	24.200000
	153.240000	-6.600000	25.800000
	153.260000	-6.024000	27.400000
	153.280000	-5.400000	29.200000
	153.300000	-4.764000	30.600000
	153.320000	-4.092000	32.200000
	153.340000	-3.420000	33.000000
	153.360000	-2.724000	34.000000
	153.380000	-2.028000	34.400000
	153.400000	-1.308000	35.200000
	153.420000	-0.588000	35.600000
	153.440000	0.144000	36.200000
	153.460000	0.852000	36.000000
	153.480000	1.548000	35.600000
	153.500000	2.232000	34.800000
	153.520000	2.904000	34.200000
	153.540000	3.552000	33.400000
	153.560000	4.176000	32.400000
	153.580000	4.764000	31.000000
	153.600000	5.328000	29.600000
	153.620000	5.844000	27.800000
	153.640000	6.324000	26.000000
	153.660000	6.756000	23.800000
	153.680000	7.140000	21.600000
	153.700000	7.476000	19.200000
	153.720000	7.752000	16.600000
	153.740000	7.980000	14.000000
	153.760000	8.148000	11.200000
	153.780000	8.268000	8.600000
	153.800000	8.328000	5.800000
	153.820000	8.328000	3.000000
	153.840000	8.268000	-2.953193E-14
	153.860000	8.148000	-3.000000
	153.880000	7.980000	-5.800000
	153.900000	7.752000	-8.600000
	153.920000	7.476000	-11.200000
	153.940000	7.152000	-13.800000
	153.960000	6.780000	-16.200000
	153.980000	6.372000	-18.400000
	154.000000	5.916000	-20.600000
	154.020000	5.424000	-22.600000
	154.040000	4.896000	-24.600000
	154.060000	4.332000	-26.400000
	154.080000	3.744000	-28.000000
	154.100000	3.108000	-29.800000
	154.120000	2.472000	-31.000000
	154.140000	1.800000	-32.400000
	154.160000	1.116000	-33.200000
	154.180000	0.396000	-34.600000
	154.200000	-0.312000	-35.200000
	154.220000	-1.032000	-35.800000
	154.240000	-1.752000	-35.800000
	154.260000	-2.472000	-36.000000
	154.280000	-3.180000	-35.800000
	154.300000	-3.876000	-35.400000
	154.320000	-4.560000	-34.800000
	154.340000	-5.220000	-34.000000
	154.360000	-5.856000	-33.000000
	154.380000	-6.468000	-31.800000
	154.400000	-7.044000	-30.400000
	154.420000	-7.596000	-29.000000
	154.440000	-8.112000	-27.400000
	154.460000	-8.604000	-26.000000
	154.480000	-9.048000	-24.200000
	154.500000	-9.444000	-22.200000
	154.520000	-9.792000	-19.800000
	154.540000	-10.092000	-17.400000
	154.560000	-10.344000	-15.000000
	154.580000	-10.536000	-12.400000
	154.600000	-10.680000	-9.800000
	154.620000	-10.776000	-7.200000
	154.640000	-10.812000	-4.600000
	154.660000	-10.800000	-2.000000
	154.680000	-10.728000	0.800000
	154.700000	-10.608000	3.400000
	154.720000	-10.428000	6.200000
	154.740000	-10.200000	8.800000
	154.760000	-9.936000	11.200000
	154.780000	-9.624000	13.400000
	154.800000	-9.276000	15.400000
	154.820000	-8.868000	17.800000
	154.840000	-8.424000	20.000000
	154.860000	-7.944000	22.200000
	154.880000	-7.440000	23.800000
	154.900000	-6.900000	25.400000
	154.920000	-6.312000	27.200000
	154.940000	-5.700000	29.000000
	154.960000	-5.064000	30.600000
	154.980000	-4.416000	31.600000
	155.000000	-3.720000	33.000000
	155.020000	-3.012000	34.200000
	155.040000	-2.292000	35.400000
	155.060000	-1.596000	35.400000
	155.080000	-0.864000	35.800000
	155.100000	-0.144000	35.800000
	155.120000	0.588000	36.400000
	155.140000	1.284000	35.800000
	155.160000	1.992000	35.600000
	155.180000	2.688000	35.000000
	155.200000	3.360000	34.600000
	155.220000	3.984000	33.200000
	155.240000	4.584000	31.600000
	155.260000	5.148000	29.800000
	155.280000	5.700000	28.600000
	155.300000	6.204000	27.000000
	155.320000	6.672000	25.400000
	155.340000	7.080000	23.000000
	155.360000	7.440000	20.600000
	155.380000	7.752000	18.000000
	155.400000	8.004000	15.400000
	155.420000	8.196000	12.600000
	155.440000	8.328000	9.600000
	155.460000	8.412000	6.800000
	155.480000	8.436000	4.000000
	155.500000	8.400000	1.200000
	155.520000	8.304000	-1.800000
	155.540000	8.148000	-4.800000
	155.560000	7.944000	-7.600000
	155.580000	7.692000	-10.200000
	155.600000	7.392000	-12.600000
	155.620000	7.044000	-15.000000
	155.640000	6.648000	-17.400000
	155.660000	6.204000	-19.800000
	155.680000	5.724000	-22.000000
	155.700000	5.208000	-24.000000
	155.720000	4.668000	-25.600000
	155.740000	4.092000	-27.200000
	155.760000	3.480000	-28.800000
	155.780000	2.832000	-30.600000
	155.800000	2.172000	-32.000000
	155.820000	1.488000	-33.200000
	155.840000	0.792000	-34.000000
	155.860000	0.072000	-35.000000
	155.880000	-0.648000	-35.600000
	155.900000	-1.380000	-36.200000
	155.920000	-2.100000	-36.200000
	155.940000	-2.820000	-36.200000
	155.960000	-3.516000	-35.600000
	155.980000	-4.212000	-35.200000
	156.000000	-4.884000	-34.400000
	156.020000	-5.544000	-33.800000
	156.040000	-6.180000	-32.800000
	156.060000	-6.780000	-31.600000
	156.080000	-7.344000	-30.000000
	156.100000	-7.872000	-28.200000
	156.120000	-8.376000	-26.600000
	156.140000	-8.832000	-24.800000
	156.160000	-9.252000	-23.000000
	156.180000	-9.624000	-20.800000
	156.200000	-9.948000	-18.600000
	156.220000	-10.224000	-16.200000
	156.240000	-10.452000	-13.800000
	156.260000	-10.632000	-11.400000
	156.280000	-10.740000	-8.600000
	156.300000	-10.800000	-5.800000
	156.320000	-10.812000	-3.000000
	156.340000	-10.776000	-0.600000
	156.360000	-10.680000	2.000000
	156.380000	-10.524000	4.800000
	156.400000	-10.320000	7.600000
	156.420000	-10.068000	10.200000
	156.440000	-9.768000	12.600000
	156.460000	-9.432000	14.800000
	156.480000	-9.060000	16.800000
	156.500000	-8.652000	18.600000
	156.520000	-8.196000	20.600000
	156.540000	-7.620000	24.000000
	156.560000	-7.080000	26.200000
	156.580000	-6.504000	28.200000
	156.600000	-5.976000	27.400000
	156.620000	-5.352000	28.800000
	156.640000	-4.704000	30.000000
	156.660000	-4.020000	32.600000
	156.680000	-3.324000	33.800000
	156.700000	-2.616000	34.800000
	156.720000	-1.920000	35.000000
	156.740000	-1.212000	35.200000
	156.760000	-0.504000	35.200000
	156.780000	0.216000	35.600000
	156.800000	0.948000	36.000000
	156.820000	1.656000	36.000000
	156.840000	2.352000	35.600000
	156.860000	3.000000	34.200000
	156.880000	3.648000	33.200000
	156.900000	4.260000	31.800000
	156.920000	4.860000	31.000000
	156.940000	5.400000	29.200000
	156.960000	5.916000	27.600000
	156.980000	6.384000	25.400000
	157.000000	6.816000	23.600000
	157.020000	7.188000	21.200000
	157.040000	7.512000	18.800000
	157.060000	7.788000	16.200000
	157.080000	8.004000	13.600000
	157.100000	8.160000	10.800000
	157.120000	8.256000	7.800000
	157.140000	8.304000	5.000000
	157.160000	8.292000	2.200000
	157.180000	8.220000	-0.600000
	157.200000	8.100000	-3.400000
	157.220000	7.920000	-6.200000
	157.240000	7.680000	-9.000000
	157.260000	7.380000	-12.000000
	157.280000	7.044000	-14.600000
	157.300000	6.672000	-16.800000
	157.320000	6.264000	-18.600000
	157.340000	5.808000	-20.600000
	157.360000	5.316000	-22.600000
	157.380000	4.776000	-24.800000
	157.400000	4.200000	-26.800000
	157.420000	3.600000	-28.600000
	157.440000	2.976000	-30.000000
	157.460000	2.328000	-31.200000
	157.480000	1.644000	-32.600000
	157.500000	0.948000	-33.800000
	157.520000	0.240000	-34.800000
	157.540000	-0.456000	-35.000000
	157.560000	-1.164000	-35.200000
	157.580000	-1.872000	-35.200000
	157.600000	-2.592000	-35.600000
	157.620000	-3.300000	-35.600000
	157.640000	-3.996000	-35.400000
	157.660000	-4.668000	-34.600000
	157.680000	-5.328000	-33.800000
	157.700000	-5.952000	-32.600000
	157.720000	-6.552000	-31.400000
	157.740000	-7.116000	-29.800000
	157.760000	-7.668000	-28.600000
	157.780000	-8.184000	-27.200000
	157.800000	-8.652000	-25.600000
	157.820000	-9.072000	-23.400000
	157.840000	-9.444000	-21.000000
	157.860000	-9.780000	-18.800000
	157.880000	-10.068000	-16.600000
	157.900000	-10.308000	-14.400000
	157.920000	-10.488000	-11.800000
	157.940000	-10.608000	-9.000000
	157.960000	-10.680000	-6.200000
	157.980000	-10.704000	-3.600000
	158.000000	-10.668000	-1.000000
	158.020000	-10.584000	1.600000
	158.040000	-10.440000	4.400000
	158.060000	-10.260000	6.800000
	158.080000	-10.020000	9.400000
	158.100000	-9.732000	11.800000
	158.120000	-9.396000	14.400000
	158.140000	-9.012000	16.800000
	158.160000	-8.616000	18.600000
	158.180000	-8.172000	20.400000
	158.200000	-7.692000	22.000000
	158.220000	-7.152000	24.400000
	158.240000	-6.588000	26.400000
	158.260000	-5.988000	28.400000
	158.280000	-5.364000	29.800000
	158.300000	-4.728000	31.000000
	158.320000	-4.080000	31.800000
	158.340000	-3.396000	32.800000
	158.360000	-2.688000	34.000000
	158.380000	-1.968000	35.200000
	158.400000	-1.260000	35.600000
	158.420000	-0.528000	36.000000
	158.440000	0.192000	36.000000
	158.460000	0.912000	36.200000
	158.480000	1.608000	35.600000
	158.500000	2.304000	35.200000
	158.520000	2.976000	34.400000
	158.540000	3.624000	33.600000
	158.560000	4.248000	32.400000
	158.580000	4.848000	31.200000
	158.600000	5.412000	29.800000
	158.620000	5.940000	28.200000
	158.640000	6.408000	26.000000
	158.660000	6.840000	23.800000
	158.680000	7.224000	21.400000
	158.700000	7.572000	19.400000
	158.720000	7.860000	17.000000
	158.740000	8.088000	14.400000
	158.760000	8.256000	11.400000
	158.780000	8.364000	8.400000
	158.800000	8.412000	5.400000
	158.820000	8.412000	2.600000
	158.840000	8.352000	-0.200000
	158.860000	8.244000	-2.800000
	158.880000	8.064000	-5.800000
	158.900000	7.848000	-8.400000
	158.920000	7.560000	-11.400000
	158.940000	7.248000	-13.600000
	158.960000	6.876000	-16.200000
	158.980000	6.480000	-18.000000
	159.000000	6.012000	-20.600000
	159.020000	5.520000	-22.600000
	159.040000	4.980000	-25.000000
	159.060000	4.416000	-26.600000
	159.080000	3.816000	-28.400000
	159.100000	3.180000	-30.000000
	159.120000	2.520000	-31.600000
	159.140000	1.836000	-33.000000
	159.160000	1.152000	-33.800000
	159.180000	0.456000	-34.400000
	159.200000	-0.252000	-34.800000
	159.220000	-0.972000	-35.400000
	159.240000	-1.692000	-35.800000
	159.260000	-2.424000	-36.200000
	159.280000	-3.156000	-36.400000
	159.300000	-3.864000	-36.200000
	159.320000	-4.536000	-35.200000
	159.340000	-5.208000	-34.200000
	159.360000	-5.856000	-33.200000
	159.380000	-6.492000	-32.600000
	159.400000	-7.068000	-31.000000
	159.420000	-7.620000	-29.400000
	159.440000	-8.136000	-27.400000
	159.460000	-8.628000	-26.000000
	159.480000	-9.084000	-24.400000
	159.500000	-9.492000	-22.600000
	159.520000	-9.840000	-20.200000
	159.540000	-10.140000	-17.600000
	159.560000	-10.392000	-15.000000
	159.580000	-10.596000	-12.600000
	159.600000	-10.752000	-10.200000
	159.620000	-10.848000	-7.600000
	159.640000	-10.896000	-5.000000
	159.660000	-10.884000	-2.200000
	159.680000	-10.812000	0.600000
	159.700000	-10.692000	3.400000
	159.720000	-10.512000	6.200000
	159.740000	-10.296000	8.600000
	159.760000	-10.020000	11.200000
	159.780000	-9.720000	13.200000
	159.800000	-9.372000	15.400000
	159.820000	-8.988000	17.200000
	159.840000	-8.544000	19.600000
	159.860000	-8.064000	21.800000
	159.880000	-7.548000	24.000000
	159.900000	-7.008000	25.600000
	159.920000	-6.420000	27.400000
	159.940000	-5.808000	29.000000
	159.960000	-5.172000	30.600000
	159.980000	-4.524000	31.600000
	160.000000	-3.840000	32.800000
	160.020000	-3.132000	34.000000
	160.040000	-2.412000	35.200000
	160.060000	-1.692000	35.800000
	160.080000	-0.972000	36.000000
	160.100000	-0.264000	35.800000
	160.120000	0.456000	35.800000
	160.140000	1.164000	35.600000
	160.160000	1.872000	35.600000
	160.180000	2.556000	35.000000
	160.200000	3.228000	34.400000
	160.220000	3.864000	33.200000
	160.240000	4.464000	31.800000
	160.260000	5.028000	30.000000
	160.280000	5.568000	28.400000
	160.300000	6.072000	26.800000
	160.320000	6.528000	25.000000
	160.340000	6.948000	23.000000
	160.360000	7.308000	20.600000
	160.380000	7.620000	18.200000
	160.400000	7.872000	15.400000
	160.420000	8.076000	12.800000
	160.440000	8.220000	10.000000
	160.460000	8.304000	7.200000
	160.480000	8.328000	4.200000
	160.500000	8.292000	1.200000
	160.520000	8.196000	-1.800000
	160.540000	8.052000	-4.600000
	160.560000	7.860000	-7.200000
	160.580000	7.620000	-9.600000
	160.600000	7.320000	-12.200000
	160.620000	6.984000	-14.600000
	160.640000	6.588000	-17.200000
	160.660000	6.156000	-19.400000
	160.680000	5.676000	-21.800000
	160.700000	5.172000	-23.600000
	160.720000	4.632000	-25.400000
	160.740000	4.056000	-27.000000
	160.760000	3.444000	-28.800000
	160.780000	2.808000	-30.400000
	160.800000	2.148000	-31.800000
	160.820000	1.464000	-33.000000
	160.840000	0.756000	-34.200000
	160.860000	0.048000	-35.000000
	160.880000	-0.660000	-35.400000
	160.900000	-1.356000	-35.200000
	160.920000	-2.064000	-35.200000
	160.940000	-2.760000	-35.000000
	160.960000	-3.456000	-35.000000
	160.980000	-4.140000	-34.600000
	161.000000	-4.824000	-34.400000
	161.020000	-5.484000	-33.800000
	161.040000	-6.108000	-32.800000
	161.060000	-6.696000	-31.200000
	161.080000	-7.248000	-29.400000
	161.100000	-7.788000	-28.000000
	161.120000	-8.280000	-26.400000
	161.140000	-8.736000	-24.800000
	161.160000	-9.144000	-22.600000
	161.180000	-9.504000	-20.400000
	161.200000	-9.816000	-18.000000
	161.220000	-10.080000	-15.600000
	161.240000	-10.296000	-13.200000
	161.260000	-10.464000	-10.800000
	161.280000	-10.572000	-8.200000
	161.300000	-10.632000	-5.600000
	161.320000	-10.644000	-3.000000
	161.340000	-10.596000	-0.400000
	161.360000	-10.488000	2.400000
	161.380000	-10.320000	5.400000
	161.400000	-10.104000	8.200000
	161.420000	-9.852000	10.600000
	161.440000	-9.564000	12.600000
	161.460000	-9.228000	14.600000
	161.480000	-8.844000	16.800000
	161.500000	-8.412000	19.200000
	161.520000	-7.956000	21.200000
	161.540000	-7.464000	23.000000
	161.560000	-6.936000	24.600000
	161.580000	-6.360000	26.600000
	161.600000	-5.760000	28.400000
	161.620000	-5.136000	30.000000
	161.640000	-4.488000	31.200000
	161.660000	-3.816000	32.400000
	161.680000	-3.120000	33.600000
	161.700000	-2.424000	34.400000
	161.720000	-1.716000	35.000000
	161.740000	-1.008000	35.200000
	161.760000	-0.288000	35.600000
	161.780000	0.420000	35.600000
	161.800000	1.128000	35.600000
	161.820000	1.824000	35.200000
	161.840000	2.508000	34.800000
	161.860000	3.168000	34.000000
	161.880000	3.804000	33.000000
	161.900000	4.416000	31.800000
	161.920000	4.992000	30.400000
	161.940000	5.532000	28.800000
	161.960000	6.036000	27.000000
	161.980000	6.492000	25.000000
	162.000000	6.912000	23.000000
	162.020000	7.272000	20.600000
	162.040000	7.596000	18.400000
	162.060000	7.860000	15.800000
	162.080000	8.076000	13.400000
	162.100000	8.220000	10.400000
	162.120000	8.304000	7.400000
	162.140000	8.340000	4.400000
	162.160000	8.316000	1.600000
	162.180000	8.232000	-1.200000
	162.200000	8.088000	-4.200000
	162.220000	7.896000	-7.000000
	162.240000	7.656000	-9.600000
	162.260000	7.356000	-12.200000
	162.280000	7.020000	-14.600000
	162.300000	6.624000	-17.200000
	162.320000	6.204000	-19.200000
	162.340000	5.724000	-21.600000
	162.360000	5.232000	-23.200000
	162.380000	4.680000	-25.400000
	162.400000	4.104000	-27.000000
	162.420000	3.492000	-29.000000
	162.440000	2.868000	-30.200000
	162.460000	2.220000	-31.400000
	162.480000	1.536000	-32.600000
	162.500000	0.840000	-33.800000
	162.520000	0.132000	-34.800000
	162.540000	-0.576000	-35.200000
	162.560000	-1.296000	-35.600000
	162.580000	-2.016000	-35.800000
	162.600000	-2.736000	-36.000000
	162.620000	-3.444000	-35.800000
	162.640000	-4.140000	-35.400000
	162.660000	-4.812000	-34.600000
	162.680000	-5.472000	-33.800000
	162.700000	-6.108000	-32.800000
	162.720000	-6.720000	-31.800000
	162.740000	-7.308000	-30.600000
	162.760000	-7.872000	-29.400000
	162.780000	-8.388000	-27.800000
	162.800000	-8.856000	-25.800000
	162.820000	-9.264000	-23.200000
	162.840000	-9.636000	-20.800000
	162.860000	-9.972000	-18.600000
	162.880000	-10.260000	-16.600000
	162.900000	-10.500000	-14.400000
	162.920000	-10.680000	-11.800000
	162.940000	-10.812000	-9.200000
	162.960000	-10.884000	-6.400000
	162.980000	-10.896000	-3.600000
	163.000000	-10.860000	-0.800000
	163.020000	-10.776000	1.800000
	163.040000	-10.632000	4.400000
	163.060000	-10.440000	7.000000
	163.080000	-10.200000	9.600000
	163.100000	-9.924000	11.800000
	163.120000	-9.600000	14.000000
	163.140000	-9.228000	16.200000
	163.160000	-8.808000	18.600000
	163.180000	-8.352000	20.800000
	163.200000	-7.860000	22.800000
	163.220000	-7.332000	24.600000
	163.240000	-6.768000	26.400000
	163.260000	-6.180000	28.000000
	163.280000	-5.568000	29.400000
	163.300000	-4.932000	30.600000
	163.320000	-4.260000	32.000000
	163.340000	-3.564000	33.400000
	163.360000	-2.856000	34.600000
	163.380000	-2.136000	35.400000
	163.400000	-1.416000	35.800000
	163.420000	-0.684000	36.200000
	163.440000	0.024000	36.000000
	163.460000	0.732000	35.800000
	163.480000	1.440000	35.400000
	163.500000	2.148000	35.400000
	163.520000	2.832000	35.000000
	163.540000	3.492000	34.200000
	163.560000	4.116000	32.800000
	163.580000	4.716000	31.400000
	163.600000	5.268000	29.600000
	163.620000	5.796000	28.000000
	163.640000	6.276000	26.000000
	163.660000	6.720000	24.200000
	163.680000	7.116000	22.000000
	163.700000	7.464000	19.800000
	163.720000	7.764000	17.400000
	163.740000	8.004000	14.800000
	163.760000	8.184000	12.000000
	163.780000	8.304000	9.000000
	163.800000	8.364000	6.000000
	163.820000	8.376000	3.200000
	163.840000	8.316000	0.200000
	163.860000	8.208000	-2.600000
	163.880000	8.040000	-5.600000
	163.900000	7.824000	-8.200000
	163.920000	7.548000	-11.000000
	163.940000	7.224000	-13.600000
	163.960000	6.864000	-16.000000
	163.980000	6.468000	-18.000000
	164.000000	6.036000	-19.800000
	164.020000	5.556000	-21.800000
	164.040000	5.040000	-23.800000
	164.060000	4.476000	-26.000000
	164.080000	3.888000	-27.800000
	164.100000	3.252000	-29.800000
	164.120000	2.604000	-31.200000
	164.140000	1.920000	-32.800000
	164.160000	1.248000	-33.400000
	164.180000	0.552000	-34.200000
	164.200000	-0.144000	-34.400000
	164.220000	-0.864000	-35.200000
	164.240000	-1.584000	-35.600000
	164.260000	-2.304000	-36.000000
	164.280000	-3.024000	-36.000000
	164.300000	-3.720000	-35.600000
	164.320000	-4.404000	-35.000000
	164.340000	-5.064000	-34.000000
	164.360000	-5.712000	-33.200000
	164.380000	-6.336000	-32.200000
	164.400000	-6.924000	-31.000000
	164.420000	-7.476000	-29.400000
	164.440000	-7.992000	-27.600000
	164.460000	-8.472000	-25.800000
	164.480000	-8.916000	-24.000000
	164.500000	-9.312000	-22.000000
	164.520000	-9.660000	-19.800000
	164.540000	-9.960000	-17.400000
	164.560000	-10.212000	-15.000000
	164.580000	-10.416000	-12.600000
	164.600000	-10.560000	-10.000000
	164.620000	-10.644000	-7.200000
	164.640000	-10.680000	-4.400000
	164.660000	-10.668000	-1.800000
	164.680000	-10.608000	0.600000
	164.700000	-10.488000	3.200000
	164.720000	-10.320000	5.800000
	164.740000	-10.104000	8.400000
	164.760000	-9.840000	10.800000
	164.780000	-9.528000	13.200000
	164.800000	-9.168000	15.600000
	164.820000	-8.772000	17.800000
	164.840000	-8.340000	19.800000
	164.860000	-7.860000	21.800000
	164.880000	-7.344000	23.800000
	164.900000	-6.804000	25.600000
	164.920000	-6.228000	27.200000
	164.940000	-5.628000	28.600000
	164.960000	-4.980000	30.400000
	164.980000	-4.320000	31.800000
	165.000000	-3.636000	33.200000
	165.020000	-2.952000	33.800000
	165.040000	-2.256000	34.400000
	165.060000	-1.560000	34.600000
	165.080000	-0.840000	35.200000
	165.100000	-0.120000	35.600000
	165.120000	0.612000	36.200000
	165.140000	1.308000	35.800000
	165.160000	2.004000	35.400000
	165.180000	2.664000	34.200000
	165.200000	3.324000	33.600000
	165.220000	3.948000	32.400000
	165.240000	4.560000	31.600000
	165.260000	5.136000	30.200000
	165.280000	5.664000	28.600000
	165.300000	6.156000	26.600000
	165.320000	6.600000	24.400000
	165.340000	6.996000	22.200000
	165.360000	7.344000	19.800000
	165.380000	7.644000	17.400000
	165.400000	7.896000	15.000000
	165.420000	8.088000	12.400000
	165.440000	8.220000	9.600000
	165.460000	8.292000	6.600000
	165.480000	8.304000	3.600000
	165.500000	8.256000	0.600000
	165.520000	8.160000	-2.200000
	165.540000	8.004000	-5.000000
	165.560000	7.800000	-7.600000
	165.580000	7.536000	-10.400000
	165.600000	7.224000	-13.000000
	165.620000	6.864000	-15.600000
	165.640000	6.468000	-17.800000
	165.660000	6.036000	-19.800000
	165.680000	5.556000	-21.800000
	165.700000	5.040000	-23.800000
	165.720000	4.488000	-25.800000
	165.740000	3.912000	-27.400000
	165.760000	3.288000	-29.200000
	165.780000	2.652000	-30.600000
	165.800000	1.992000	-32.000000
	165.820000	1.320000	-32.800000
	165.840000	0.600000	-34.200000
	165.860000	-0.120000	-35.200000
	165.880000	-0.828000	-35.800000
	165.900000	-1.524000	-35.400000
	165.920000	-2.232000	-35.200000
	165.940000	-2.952000	-35.400000
	165.960000	-3.660000	-35.600000
	165.980000	-4.356000	-35.400000
	166.000000	-5.028000	-34.600000
	166.020000	-5.676000	-33.600000
	166.040000	-6.300000	-32.400000
	166.060000	-6.888000	-31.000000
	166.080000	-7.440000	-29.400000
	166.100000	-7.956000	-27.600000
	166.120000	-8.448000	-26.000000
	166.140000	-8.904000	-24.400000
	166.160000	-9.324000	-22.800000
	166.180000	-9.696000	-20.800000
	166.200000	-10.020000	-18.600000
	166.220000	-10.284000	-16.000000
	166.240000	-10.500000	-13.400000
	166.260000	-10.668000	-10.800000
	166.280000	-10.776000	-8.200000
	166.300000	-10.824000	-5.400000
	166.320000	-10.824000	-2.600000
	166.340000	-10.776000	0.000000
	166.360000	-10.668000	2.600000
	166.380000	-10.500000	5.400000
	166.400000	-10.284000	8.200000
	166.420000	-10.032000	10.600000
	166.440000	-9.732000	12.800000
	166.460000	-9.396000	14.800000
	166.480000	-9.012000	17.000000
	166.500000	-8.592000	19.000000
	166.520000	-8.124000	21.200000
	166.540000	-7.620000	23.200000
	166.560000	-7.080000	25.200000
	166.580000	-6.504000	27.000000
	166.600000	-5.904000	28.600000
	166.620000	-5.268000	30.200000
	166.640000	-4.608000	31.600000
	166.660000	-3.924000	33.000000
	166.680000	-3.240000	33.800000
	166.700000	-2.544000	34.400000
	166.720000	-1.824000	35.000000
	166.740000	-1.092000	35.800000
	166.760000	-0.360000	36.400000
	166.780000	0.360000	36.400000
	166.800000	1.068000	36.000000
	166.820000	1.776000	35.600000
	166.840000	2.472000	35.200000
	166.860000	3.144000	34.600000
	166.880000	3.792000	33.600000
	166.900000	4.416000	32.400000
	166.920000	5.004000	31.000000
	166.940000	5.544000	29.200000
	166.960000	6.048000	27.200000
	166.980000	6.516000	25.200000
	167.000000	6.948000	23.400000
	167.020000	7.320000	21.200000
	167.040000	7.656000	19.000000
	167.060000	7.932000	16.400000
	167.080000	8.148000	13.800000
	167.100000	8.304000	10.800000
	167.120000	8.400000	7.800000
	167.140000	8.448000	5.000000
	167.160000	8.424000	2.000000
	167.180000	8.352000	-0.800000
	167.200000	8.220000	-3.800000
	167.220000	8.040000	-6.400000
	167.240000	7.800000	-9.200000
	167.260000	7.512000	-11.800000
	167.280000	7.164000	-14.600000
	167.300000	6.780000	-17.000000
	167.320000	6.348000	-19.400000
	167.340000	5.892000	-21.200000
	167.360000	5.400000	-23.000000
	167.380000	4.860000	-24.800000
	167.400000	4.284000	-26.800000
	167.420000	3.660000	-29.000000
	167.440000	3.024000	-30.600000
	167.460000	2.364000	-32.000000
	167.480000	1.692000	-32.800000
	167.500000	0.996000	-33.800000
	167.520000	0.300000	-34.400000
	167.540000	-0.420000	-35.200000
	167.560000	-1.140000	-35.600000
	167.580000	-1.860000	-36.000000
	167.600000	-2.568000	-35.800000
	167.620000	-3.264000	-35.400000
	167.640000	-3.984000	-35.400000
	167.660000	-4.668000	-35.000000
	167.680000	-5.340000	-34.600000
	167.700000	-5.964000	-33.000000
	167.720000	-6.576000	-31.800000
	167.740000	-7.152000	-30.200000
	167.760000	-7.704000	-29.000000
	167.780000	-8.220000	-27.400000
	167.800000	-8.700000	-25.800000
	167.820000	-9.132000	-23.800000
	167.840000	-9.516000	-21.600000
	167.860000	-9.852000	-19.200000
	167.880000	-10.140000	-16.800000
	167.900000	-10.380000	-14.400000
	167.920000	-10.560000	-11.800000
	167.940000	-10.692000	-9.200000
	167.960000	-10.764000	-6.400000
	167.980000	-10.800000	-4.000000
	168.000000	-10.764000	-1.200000
	168.020000	-10.680000	1.400000
	168.040000	-10.536000	4.400000
	168.060000	-10.356000	6.800000
	168.080000	-10.128000	9.200000
	168.100000	-9.840000	11.600000
	168.120000	-9.516000	14.000000
	168.140000	-9.156000	16.200000
	168.160000	-8.760000	18.000000
	168.180000	-8.304000	20.200000
	168.200000	-7.812000	22.400000
	168.220000	-7.284000	24.600000
	168.240000	-6.732000	26.200000
	168.260000	-6.144000	27.800000
	168.280000	-5.532000	29.200000
	168.300000	-4.884000	30.800000
	168.320000	-4.212000	32.200000
	168.340000	-3.528000	33.400000
	168.360000	-2.832000	34.200000
	168.380000	-2.124000	34.800000
	168.400000	-1.404000	35.400000
	168.420000	-0.684000	35.800000
	168.440000	0.024000	35.800000
	168.460000	0.732000	35.600000
	168.480000	1.440000	35.400000
	168.500000	2.148000	35.400000
	168.520000	2.832000	35.000000
	168.540000	3.480000	34.000000
	168.560000	4.104000	32.600000
	168.580000	4.692000	31.000000
	168.600000	5.256000	29.600000
	168.620000	5.772000	27.800000
	168.640000	6.264000	26.200000
	168.660000	6.708000	24.200000
	168.680000	7.104000	22.200000
	168.700000	7.440000	19.600000
	168.720000	7.716000	16.800000
	168.740000	7.956000	14.200000
	168.760000	8.136000	11.600000
	168.780000	8.268000	9.200000
	168.800000	8.328000	6.200000
	168.820000	8.328000	3.200000
	168.840000	8.268000	-2.953193E-14
	168.860000	8.148000	-3.000000
	168.880000	7.980000	-5.800000
	168.900000	7.764000	-8.400000
	168.920000	7.500000	-10.800000
	168.940000	7.188000	-13.200000
	168.960000	6.816000	-15.800000
	168.980000	6.396000	-18.400000
	169.000000	5.940000	-20.800000
	169.020000	5.448000	-22.800000
	169.040000	4.932000	-24.400000
	169.060000	4.380000	-26.000000
	169.080000	3.792000	-27.600000
	169.100000	3.180000	-29.200000
	169.120000	2.532000	-30.800000
	169.140000	1.860000	-32.200000
	169.160000	1.164000	-33.600000
	169.180000	0.456000	-34.600000
	169.200000	-0.240000	-35.000000
	169.220000	-0.960000	-35.400000
	169.240000	-1.680000	-35.600000
	169.260000	-2.400000	-36.000000
	169.280000	-3.096000	-35.600000
	169.300000	-3.792000	-35.200000
	169.320000	-4.476000	-34.600000
	169.340000	-5.148000	-34.200000
	169.360000	-5.784000	-33.200000
	169.380000	-6.396000	-32.000000
	169.400000	-6.972000	-30.400000
	169.420000	-7.524000	-29.000000
	169.440000	-8.040000	-27.400000
	169.460000	-8.532000	-26.000000
	169.480000	-8.976000	-24.200000
	169.500000	-9.384000	-22.400000
	169.520000	-9.732000	-20.000000
	169.540000	-10.032000	-17.600000
	169.560000	-10.272000	-14.800000
	169.580000	-10.464000	-12.200000
	169.600000	-10.608000	-9.600000
	169.620000	-10.704000	-7.200000
	169.640000	-10.740000	-4.600000
	169.660000	-10.716000	-1.800000
	169.680000	-10.644000	1.000000
	169.700000	-10.524000	3.600000
	169.720000	-10.356000	6.000000
	169.740000	-10.140000	8.400000
	169.760000	-9.876000	10.800000
	169.780000	-9.564000	13.200000
	169.800000	-9.204000	15.600000
	169.820000	-8.808000	17.800000
	169.840000	-8.376000	19.800000
	169.860000	-7.896000	21.800000
	169.880000	-7.380000	23.800000
	169.900000	-6.828000	25.800000
	169.920000	-6.252000	27.400000
	169.940000	-5.652000	28.800000
	169.960000	-5.028000	30.000000
	169.980000	-4.368000	31.400000
	170.000000	-3.684000	32.800000
	170.020000	-2.976000	34.200000
	170.040000	-2.268000	35.000000
	170.060000	-1.548000	35.600000
	170.080000	-0.840000	35.600000
	170.100000	-0.120000	35.800000
	170.120000	0.588000	35.600000
	170.140000	1.308000	35.800000
	170.160000	1.992000	35.200000
	170.180000	2.676000	34.800000
	170.200000	3.324000	33.600000
	170.220000	3.972000	33.000000
	170.240000	4.572000	31.600000
	170.260000	5.148000	30.400000
	170.280000	5.676000	28.400000
	170.300000	6.180000	26.800000
	170.320000	6.636000	24.800000
	170.340000	7.044000	22.800000
	170.360000	7.392000	20.200000
	170.380000	7.692000	17.600000
	170.400000	7.944000	15.000000
	170.420000	8.136000	12.400000
	170.440000	8.268000	9.600000
	170.460000	8.340000	6.600000
	170.480000	8.364000	3.800000
	170.500000	8.328000	1.000000
	170.520000	8.220000	-2.000000
	170.540000	8.064000	-5.000000
	170.560000	7.848000	-8.000000
	170.580000	7.596000	-10.400000
	170.600000	7.284000	-13.000000
	170.620000	6.936000	-15.200000
	170.640000	6.540000	-17.600000
	170.660000	6.096000	-19.800000
	170.680000	5.616000	-22.000000
	170.700000	5.100000	-24.000000
	170.720000	4.548000	-25.800000
	170.740000	3.960000	-27.600000
	170.760000	3.336000	-29.400000
	170.780000	2.688000	-31.000000
	170.800000	2.016000	-32.400000
	170.820000	1.332000	-33.400000
	170.840000	0.636000	-34.200000
	170.860000	-0.060000	-34.600000
	170.880000	-0.780000	-35.200000
	170.900000	-1.488000	-35.400000
	170.920000	-2.232000	-36.200000
	170.940000	-2.952000	-36.200000
	170.960000	-3.660000	-36.200000
	170.980000	-4.332000	-35.000000
	171.000000	-5.004000	-34.200000
	171.020000	-5.664000	-33.400000
	171.040000	-6.300000	-32.800000
	171.060000	-6.900000	-31.600000
	171.080000	-7.476000	-30.200000
	171.100000	-8.004000	-28.400000
	171.120000	-8.496000	-26.600000
	171.140000	-8.940000	-24.400000
	171.160000	-9.348000	-22.400000
	171.180000	-9.708000	-20.200000
	171.200000	-10.032000	-18.200000
	171.220000	-10.296000	-15.800000
	171.240000	-10.512000	-13.400000
	171.260000	-10.668000	-10.600000
	171.280000	-10.788000	-8.200000
	171.300000	-10.848000	-5.600000
	171.320000	-10.860000	-3.200000
	171.340000	-10.800000	-0.200000
	171.360000	-10.692000	2.600000
	171.380000	-10.524000	5.600000
	171.400000	-10.332000	7.800000
	171.420000	-10.080000	10.200000
	171.440000	-9.792000	12.200000
	171.460000	-9.444000	14.800000
	171.480000	-9.060000	17.000000
	171.500000	-8.640000	19.200000
	171.520000	-8.172000	21.200000
	171.540000	-7.680000	23.000000
	171.560000	-7.140000	25.000000
	171.580000	-6.576000	26.600000
	171.600000	-5.964000	28.600000
	171.620000	-5.328000	30.200000
	171.640000	-4.668000	31.800000
	171.660000	-3.996000	32.800000
	171.680000	-3.312000	33.600000
	171.700000	-2.616000	34.200000
	171.720000	-1.896000	35.000000
	171.740000	-1.164000	35.800000
	171.760000	-0.420000	36.600000
	171.780000	0.300000	36.600000
	171.800000	1.008000	36.200000
	171.820000	1.704000	35.400000
	171.840000	2.388000	34.800000
	171.860000	3.060000	34.200000
	171.880000	3.696000	33.200000
	171.900000	4.320000	32.200000
	171.920000	4.920000	31.000000
	171.940000	5.472000	29.600000
	171.960000	5.976000	27.600000
	171.980000	6.432000	25.200000
	172.000000	6.864000	23.200000
	172.020000	7.248000	21.200000
	172.040000	7.584000	19.200000
	172.060000	7.848000	16.400000
	172.080000	8.064000	13.600000
	172.100000	8.220000	10.600000
	172.120000	8.328000	8.000000
	172.140000	8.364000	5.000000
	172.160000	8.352000	2.200000
	172.180000	8.280000	-0.800000
	172.200000	8.148000	-3.600000
	172.220000	7.956000	-6.600000
	172.240000	7.716000	-9.400000
	172.260000	7.440000	-11.800000
	172.280000	7.104000	-14.200000
	172.300000	6.720000	-16.600000
	172.320000	6.288000	-19.200000
	172.340000	5.820000	-21.400000
	172.360000	5.316000	-23.400000
	172.380000	4.788000	-25.000000
	172.400000	4.224000	-26.600000
	172.420000	3.612000	-28.400000
	172.440000	2.976000	-30.200000
	172.460000	2.316000	-31.800000
	172.480000	1.656000	-32.600000
	172.500000	0.972000	-33.400000
	172.520000	0.264000	-34.200000
	172.540000	-0.444000	-35.000000
	172.560000	-1.164000	-35.600000
	172.580000	-1.872000	-35.600000
	172.600000	-2.592000	-35.800000
	172.620000	-3.300000	-35.600000
	172.640000	-4.008000	-35.600000
	172.660000	-4.680000	-34.800000
	172.680000	-5.340000	-34.000000
	172.700000	-5.964000	-32.600000
	172.720000	-6.576000	-31.600000
	172.740000	-7.152000	-30.200000
	172.760000	-7.692000	-28.800000
	172.780000	-8.208000	-27.200000
	172.800000	-8.688000	-25.600000
	172.820000	-9.120000	-23.800000
	172.840000	-9.492000	-21.400000
	172.860000	-9.828000	-19.000000
	172.880000	-10.116000	-16.600000
	172.900000	-10.356000	-14.400000
	172.920000	-10.536000	-11.800000
	172.940000	-10.668000	-9.200000
	172.960000	-10.740000	-6.400000
	172.980000	-10.752000	-3.600000
	173.000000	-10.716000	-0.800000
	173.020000	-10.632000	1.800000
	173.040000	-10.500000	4.200000
	173.060000	-10.308000	6.800000
	173.080000	-10.068000	9.400000
	173.100000	-9.780000	12.000000
	173.120000	-9.456000	14.200000
	173.140000	-9.096000	16.200000
	173.160000	-8.688000	18.200000
	173.180000	-8.244000	20.200000
	173.200000	-7.752000	22.400000
	173.220000	-7.236000	24.200000
	173.240000	-6.672000	26.200000
	173.260000	-6.084000	27.800000
	173.280000	-5.460000	29.600000
	173.300000	-4.812000	31.000000
	173.320000	-4.140000	32.400000
	173.340000	-3.456000	33.400000
	173.360000	-2.748000	34.400000
	173.380000	-2.040000	35.000000
	173.400000	-1.320000	35.600000
	173.420000	-0.588000	36.000000
	173.440000	0.132000	36.200000
	173.460000	0.840000	36.000000
	173.480000	1.524000	35.200000
	173.500000	2.220000	34.800000
	173.520000	2.904000	34.400000
	173.540000	3.552000	33.800000
	173.560000	4.176000	32.600000
	173.580000	4.764000	31.000000
	173.600000	5.328000	29.600000
	173.620000	5.856000	28.000000
	173.640000	6.348000	26.400000
	173.660000	6.792000	24.400000
	173.680000	7.176000	22.000000
	173.700000	7.512000	19.400000
	173.720000	7.800000	16.800000
	173.740000	8.040000	14.400000
	173.760000	8.220000	11.800000
	173.780000	8.328000	8.800000
	173.800000	8.376000	5.600000
	173.820000	8.376000	2.600000
	173.840000	8.316000	-0.200000
	173.860000	8.208000	-2.800000
	173.880000	8.028000	-5.800000
	173.900000	7.812000	-8.400000
	173.920000	7.524000	-11.400000
	173.940000	7.200000	-13.800000
	173.960000	6.828000	-16.400000
	173.980000	6.408000	-18.600000
	174.000000	5.964000	-20.600000
	174.020000	5.472000	-22.600000
	174.040000	4.956000	-24.200000
	174.060000	4.380000	-26.400000
	174.080000	3.792000	-28.000000
	174.100000	3.156000	-30.000000
	174.120000	2.508000	-31.200000
	174.140000	1.824000	-32.800000
	174.160000	1.140000	-33.600000
	174.180000	0.432000	-34.600000
	174.200000	-0.288000	-35.200000
	174.220000	-1.008000	-35.800000
	174.240000	-1.716000	-35.800000
	174.260000	-2.436000	-35.800000
	174.280000	-3.144000	-35.600000
	174.300000	-3.840000	-35.400000
	174.320000	-4.524000	-34.800000
	174.340000	-5.184000	-34.000000
	174.360000	-5.832000	-33.200000
	174.380000	-6.444000	-32.000000
	174.400000	-7.044000	-31.000000
	174.420000	-7.620000	-29.800000
	174.440000	-8.148000	-28.400000
	174.460000	-8.628000	-26.400000
	174.480000	-9.060000	-24.000000
	174.500000	-9.456000	-21.800000
	174.520000	-9.804000	-19.600000
	174.540000	-10.104000	-17.400000
	174.560000	-10.356000	-15.000000
	174.580000	-10.560000	-12.600000
	174.600000	-10.704000	-10.000000
	174.620000	-10.788000	-7.200000
	174.640000	-10.824000	-4.400000
	174.660000	-10.812000	-1.800000
	174.680000	-10.752000	0.600000
	174.700000	-10.632000	3.200000
	174.720000	-10.464000	5.800000
	174.740000	-10.236000	8.600000
	174.760000	-9.960000	11.200000
	174.780000	-9.648000	13.600000
	174.800000	-9.288000	15.800000
	174.820000	-8.892000	17.800000
	174.840000	-8.448000	20.000000
	174.860000	-7.980000	21.800000
	174.880000	-7.464000	23.800000
	174.900000	-6.912000	25.600000
	174.920000	-6.324000	27.600000
	174.940000	-5.712000	29.200000
	174.960000	-5.088000	30.400000
	174.980000	-4.440000	31.400000
	175.000000	-3.756000	32.600000
	175.020000	-3.036000	34.200000
	175.040000	-2.316000	35.400000
	175.060000	-1.608000	35.800000
	175.080000	-0.900000	35.600000
	175.100000	-0.168000	35.800000
	175.120000	0.552000	36.000000
	175.140000	1.260000	36.000000
	175.160000	1.944000	35.200000
	175.180000	2.628000	34.600000
	175.200000	3.300000	34.000000
	175.220000	3.936000	33.200000
	175.240000	4.548000	32.000000
	175.260000	5.112000	30.200000
	175.280000	5.652000	28.600000
	175.300000	6.144000	26.600000
	175.320000	6.600000	24.800000
	175.340000	7.008000	22.600000
	175.360000	7.368000	20.400000
	175.380000	7.680000	18.000000
	175.400000	7.932000	15.400000
	175.420000	8.124000	12.600000
	175.440000	8.256000	9.600000
	175.460000	8.340000	6.800000
	175.480000	8.364000	4.000000
	175.500000	8.328000	1.200000
	175.520000	8.232000	-1.800000
	175.540000	8.076000	-4.800000
	175.560000	7.872000	-7.600000
	175.580000	7.608000	-10.400000
	175.600000	7.296000	-13.000000
	175.620000	6.936000	-15.600000
	175.640000	6.552000	-17.600000
	175.660000	6.132000	-19.400000
	175.680000	5.664000	-21.200000
	175.700000	5.148000	-23.400000
	175.720000	4.596000	-25.600000
	175.740000	4.008000	-27.600000
	175.760000	3.384000	-29.400000
	175.780000	2.724000	-31.200000
	175.800000	2.064000	-32.400000
	175.820000	1.380000	-33.400000
	175.840000	0.696000	-33.800000
	175.860000	0.000000	-34.400000
	175.880000	-0.708000	-34.800000
	175.900000	-1.428000	-35.400000
	175.920000	-2.160000	-36.000000
	175.940000	-2.880000	-36.200000
	175.960000	-3.588000	-36.000000
	175.980000	-4.272000	-35.200000
	176.000000	-4.944000	-34.400000
	176.020000	-5.580000	-33.200000
	176.040000	-6.204000	-32.200000
	176.060000	-6.792000	-30.800000
	176.080000	-7.368000	-29.800000
	176.100000	-7.896000	-28.200000
	176.120000	-8.388000	-26.600000
	176.140000	-8.832000	-24.400000
	176.160000	-9.252000	-22.600000
	176.180000	-9.624000	-20.600000
	176.200000	-9.948000	-18.600000
	176.220000	-10.212000	-16.000000
	176.240000	-10.428000	-13.400000
	176.260000	-10.596000	-10.800000
	176.280000	-10.704000	-8.200000
	176.300000	-10.764000	-5.600000
	176.320000	-10.764000	-2.800000
	176.340000	-10.728000	-0.400000
	176.360000	-10.620000	2.400000
	176.380000	-10.476000	4.800000
	176.400000	-10.272000	7.600000
	176.420000	-10.032000	9.800000
	176.440000	-9.732000	12.400000
	176.460000	-9.396000	14.600000
	176.480000	-9.012000	17.000000
	176.500000	-8.604000	18.800000
	176.520000	-8.136000	21.000000
	176.540000	-7.644000	22.800000
	176.560000	-7.116000	24.800000
	176.580000	-6.564000	26.200000
	176.600000	-5.976000	27.800000
	176.620000	-5.352000	29.400000
	176.640000	-4.704000	31.000000
	176.660000	-4.044000	32.200000
	176.680000	-3.348000	33.400000
	176.700000	-2.652000	34.200000
	176.720000	-1.944000	35.000000
	176.740000	-1.248000	35.000000
	176.760000	-0.540000	35.200000
	176.780000	0.180000	35.400000
	176.800000	0.888000	35.600000
	176.820000	1.572000	35.200000
	176.840000	2.244000	34.400000
	176.860000	2.892000	33.400000
	176.880000	3.540000	32.800000
	176.900000	4.152000	31.800000
	176.920000	4.752000	31.000000
	176.940000	5.292000	29.200000
	176.960000	5.796000	27.400000
	176.980000	6.252000	25.000000
	177.000000	6.672000	23.000000
	177.020000	7.044000	20.800000
	177.040000	7.356000	18.400000
	177.060000	7.632000	16.000000
	177.080000	7.848000	13.400000
	177.100000	8.004000	10.800000
	177.120000	8.100000	7.800000
	177.140000	8.136000	4.800000
	177.160000	8.124000	2.000000
	177.180000	8.040000	-1.000000
	177.200000	7.908000	-3.800000
	177.220000	7.728000	-6.600000
	177.240000	7.500000	-9.000000
	177.260000	7.212000	-11.600000
	177.280000	6.876000	-14.200000
	177.300000	6.492000	-16.800000
	177.320000	6.084000	-18.800000
	177.340000	5.628000	-20.800000
	177.360000	5.124000	-22.800000
	177.380000	4.596000	-24.800000
	177.400000	4.020000	-26.800000
	177.420000	3.432000	-28.200000
	177.440000	2.808000	-29.800000
	177.460000	2.172000	-30.800000
	177.480000	1.500000	-32.200000
	177.500000	0.804000	-33.400000
	177.520000	0.108000	-34.400000
	177.540000	-0.588000	-34.800000
	177.560000	-1.308000	-35.200000
	177.580000	-2.028000	-35.600000
	177.600000	-2.736000	-35.800000
	177.620000	-3.420000	-35.200000
	177.640000	-4.092000	-34.400000
	177.660000	-4.752000	-33.600000
	177.680000	-5.400000	-33.000000
	177.700000	-6.024000	-32.200000
	177.720000	-6.624000	-31.200000
	177.740000	-7.188000	-29.800000
	177.760000	-7.728000	-28.400000
	177.780000	-8.232000	-26.800000
	177.800000	-8.688000	-25.000000
	177.820000	-9.108000	-23.000000
	177.840000	-9.480000	-20.800000
	177.860000	-9.804000	-18.600000
	177.880000	-10.080000	-16.200000
	177.900000	-10.296000	-13.600000
	177.920000	-10.476000	-11.200000
	177.940000	-10.584000	-8.400000
	177.960000	-10.656000	-6.000000
	177.980000	-10.668000	-3.200000
	178.000000	-10.632000	-0.800000
	178.020000	-10.536000	2.000000
	178.040000	-10.380000	4.800000
	178.060000	-10.188000	7.400000
	178.080000	-9.936000	10.000000
	178.100000	-9.648000	12.200000
	178.120000	-9.312000	14.600000
	178.140000	-8.940000	16.600000
	178.160000	-8.532000	18.600000
	178.180000	-8.076000	20.600000
	178.200000	-7.584000	22.600000
	178.220000	-7.056000	24.600000
	178.240000	-6.492000	26.400000
	178.260000	-5.904000	28.000000
	178.280000	-5.268000	29.800000
	178.300000	-4.620000	31.200000
	178.320000	-3.948000	32.600000
	178.340000	-3.276000	33.200000
	178.360000	-2.568000	34.200000
	178.380000	-1.848000	35.000000
	178.400000	-1.128000	35.800000
	178.420000	-0.408000	36.000000
	178.440000	0.312000	36.000000
	178.460000	1.032000	36.000000
	178.480000	1.740000	35.800000
	178.500000	2.436000	35.400000
	178.520000	3.108000	34.600000
	178.540000	3.756000	33.600000
	178.560000	4.380000	32.400000
	178.580000	4.980000	31.200000
	178.600000	5.532000	29.600000
	178.620000	6.036000	27.600000
	178.640000	6.504000	25.400000
	178.660000	6.936000	23.400000
	178.680000	7.320000	21.400000
	178.700000	7.656000	19.200000
	178.720000	7.932000	16.600000
	178.740000	8.160000	14.000000
	178.760000	8.328000	11.200000
	178.780000	8.436000	8.400000
	178.800000	8.484000	5.400000
	178.820000	8.472000	2.400000
	178.840000	8.412000	-0.400000
	178.860000	8.292000	-3.200000
	178.880000	8.112000	-6.000000
	178.900000	7.872000	-9.000000
	178.920000	7.584000	-11.800000
	178.940000	7.260000	-14.200000
	178.960000	6.888000	-16.400000
	178.980000	6.480000	-18.400000
	179.000000	6.024000	-20.600000
	179.020000	5.520000	-22.800000
	179.040000	4.980000	-25.000000
	179.060000	4.392000	-27.200000
	179.080000	3.792000	-28.800000
	179.100000	3.144000	-30.600000
	179.120000	2.484000	-31.800000
	179.140000	1.800000	-33.200000
	179.160000	1.104000	-34.000000
	179.180000	0.396000	-34.800000
	179.200000	-0.324000	-35.400000
	179.220000	-1.044000	-35.800000
	179.240000	-1.764000	-36.000000
	179.260000	-2.472000	-35.800000
	179.280000	-3.180000	-35.600000
	179.300000	-3.888000	-35.400000
	179.320000	-4.596000	-35.400000
	179.340000	-5.280000	-35.000000
	179.360000	-5.940000	-34.200000
	179.380000	-6.564000	-32.800000
	179.400000	-7.164000	-31.400000
	179.420000	-7.716000	-29.600000
	179.440000	-8.244000	-28.000000
	179.460000	-8.724000	-26.000000
	179.480000	-9.168000	-24.200000
	179.500000	-9.564000	-22.000000
	179.520000	-9.924000	-20.000000
	179.540000	-10.236000	-17.800000
	179.560000	-10.500000	-15.600000
	179.580000	-10.704000	-13.000000
	179.600000	-10.860000	-10.400000
	179.620000	-10.956000	-7.600000
	179.640000	-10.992000	-4.800000
	179.660000	-10.980000	-2.000000
	179.680000	-10.908000	0.800000
	179.700000	-10.788000	3.400000
	179.720000	-10.608000	6.200000
	179.740000	-10.392000	8.600000
	179.760000	-10.128000	11.000000
	179.780000	-9.816000	13.200000
	179.800000	-9.456000	15.600000
	179.820000	-9.060000	17.800000
	179.840000	-8.628000	19.800000
	179.860000	-8.148000	21.800000
	179.880000	-7.632000	23.800000
	179.900000	-7.080000	25.800000
	179.920000	-6.504000	27.400000
	179.940000	-5.904000	28.800000
	179.960000	-5.268000	30.200000
	179.980000	-4.608000	31.600000
	180.000000	-3.924000	33.000000
	180.020000	-3.228000	34.000000
	180.040000	-2.520000	34.800000
	180.060000	-1.800000	35.400000
	180.080000	-1.068000	36.000000
	180.100000	-0.336000	36.400000
	180.120000	0.396000	36.600000
	180.140000	1.104000	36.200000
	180.160000	1.812000	35.800000
	180.180000	2.496000	35.000000
	180.200000	3.168000	34.400000
	180.220000	3.792000	33.000000
	180.240000	4.392000	31.600000
	180.260000	4.968000	30.000000
	180.280000	5.520000	28.800000
	180.300000	6.036000	27.400000
	180.320000	6.492000	25.400000
	180.340000	6.900000	23.000000
	180.360000	7.260000	20.400000
	180.380000	7.572000	18.000000
	180.400000	7.836000	15.600000
	180.420000	8.040000	13.000000
	180.440000	8.196000	10.400000
	180.460000	8.280000	7.400000
	180.480000	8.316000	4.600000
	180.500000	8.280000	1.400000
	180.520000	8.196000	-1.400000
	180.540000	8.040000	-4.600000
	180.560000	7.848000	-7.200000
	180.580000	7.608000	-9.800000
	180.600000	7.320000	-12.000000
	180.620000	6.972000	-14.600000
	180.640000	6.576000	-17.200000
	180.660000	6.144000	-19.600000
	180.680000	5.676000	-21.600000
	180.700000	5.172000	-23.400000
	180.720000	4.632000	-25.200000
	180.740000	4.044000	-27.200000
	180.760000	3.444000	-28.800000
	180.780000	2.808000	-30.400000
	180.800000	2.160000	-31.400000
	180.820000	1.476000	-32.800000
	180.840000	0.792000	-33.600000
	180.860000	0.096000	-34.400000
	180.880000	-0.624000	-35.000000
	180.900000	-1.344000	-35.600000
	180.920000	-2.064000	-36.000000
	180.940000	-2.760000	-35.600000
	180.960000	-3.456000	-35.200000
	180.980000	-4.140000	-34.600000
	181.000000	-4.800000	-34.000000
	181.020000	-5.448000	-33.200000
	181.040000	-6.072000	-32.200000
	181.060000	-6.672000	-31.200000
	181.080000	-7.224000	-29.600000
	181.100000	-7.740000	-27.800000
	181.120000	-8.232000	-26.000000
	181.140000	-8.700000	-24.600000
	181.160000	-9.120000	-23.000000
	181.180000	-9.480000	-20.800000
	181.200000	-9.792000	-18.200000
	181.220000	-10.056000	-15.600000
	181.240000	-10.272000	-13.200000
	181.260000	-10.428000	-10.600000
	181.280000	-10.536000	-8.000000
	181.300000	-10.596000	-5.400000
	181.320000	-10.596000	-2.800000
	181.340000	-10.536000	2.953193E-14
	181.360000	-10.428000	2.800000
	181.380000	-10.272000	5.400000
	181.400000	-10.068000	7.800000
	181.420000	-9.816000	10.200000
	181.440000	-9.516000	12.600000
	181.460000	-9.168000	15.000000
	181.480000	-8.784000	17.200000
	181.500000	-8.364000	19.200000
	181.520000	-7.908000	21.000000
	181.540000	-7.404000	23.000000
	181.560000	-6.864000	25.000000
	181.580000	-6.300000	26.800000
	181.600000	-5.700000	28.400000
	181.620000	-5.076000	29.800000
	181.640000	-4.428000	31.200000
	181.660000	-3.756000	32.400000
	181.680000	-3.072000	33.400000
	181.700000	-2.364000	34.400000
	181.720000	-1.656000	35.000000
	181.740000	-0.948000	35.400000
	181.760000	-0.240000	35.400000
	181.780000	0.468000	35.400000
	181.800000	1.176000	35.400000
	181.820000	1.884000	35.400000
	181.840000	2.568000	35.000000
	181.860000	3.240000	34.400000
	181.880000	3.864000	33.000000
	181.900000	4.464000	31.600000
	181.920000	5.028000	29.800000
	181.940000	5.580000	28.600000
	181.960000	6.084000	27.000000
	181.980000	6.552000	25.400000
	182.000000	6.948000	22.800000
	182.020000	7.308000	20.400000
	182.040000	7.608000	17.600000
	182.060000	7.872000	15.400000
	182.080000	8.076000	12.800000
	182.100000	8.220000	10.200000
	182.120000	8.304000	7.200000
	182.140000	8.328000	4.200000
	182.160000	8.304000	1.400000
	182.180000	8.220000	-1.400000
	182.200000	8.076000	-4.200000
	182.220000	7.872000	-7.200000
	182.240000	7.620000	-10.000000
	182.260000	7.320000	-12.600000
	182.280000	6.984000	-14.800000
	182.300000	6.600000	-17.000000
	182.320000	6.168000	-19.200000
	182.340000	5.688000	-21.600000
	182.360000	5.172000	-23.800000
	182.380000	4.632000	-25.600000
	182.400000	4.056000	-27.200000
	182.420000	3.456000	-28.600000
	182.440000	2.820000	-30.200000
	182.460000	2.160000	-31.600000
	182.480000	1.464000	-33.200000
	182.500000	0.768000	-34.200000
	182.520000	0.048000	-35.200000
	182.540000	-0.660000	-35.400000
	182.560000	-1.392000	-36.000000
	182.580000	-2.100000	-35.800000
	182.600000	-2.820000	-36.000000
	182.620000	-3.528000	-35.600000
	182.640000	-4.248000	-35.800000
	182.660000	-4.920000	-35.000000
	182.680000	-5.580000	-34.200000
	182.700000	-6.204000	-32.600000
	182.720000	-6.828000	-31.800000
	182.740000	-7.404000	-30.400000
	182.760000	-7.944000	-29.000000
	182.780000	-8.448000	-27.000000
	182.800000	-8.916000	-25.200000
	182.820000	-9.348000	-23.400000
	182.840000	-9.732000	-21.400000
	182.860000	-10.056000	-19.000000
	182.880000	-10.332000	-16.400000
	182.900000	-10.560000	-13.800000
	182.920000	-10.752000	-11.600000
	182.940000	-10.884000	-9.200000
	182.960000	-10.956000	-6.600000
	182.980000	-10.980000	-3.800000
	183.000000	-10.944000	-1.000000
	183.020000	-10.860000	1.600000
	183.040000	-10.716000	4.400000
	183.060000	-10.524000	7.000000
	183.080000	-10.284000	9.600000
	183.100000	-9.996000	12.000000
	183.120000	-9.672000	14.200000
	183.140000	-9.312000	16.200000
	183.160000	-8.892000	18.400000
	183.180000	-8.436000	20.600000
	183.200000	-7.932000	23.000000
	183.220000	-7.416000	24.600000
	183.240000	-6.852000	26.400000
	183.260000	-6.264000	27.800000
	183.280000	-5.640000	29.600000
	183.300000	-5.004000	30.800000
	183.320000	-4.332000	32.200000
	183.340000	-3.636000	33.400000
	183.360000	-2.928000	34.600000
	183.380000	-2.220000	35.200000
	183.400000	-1.500000	35.600000
	183.420000	-0.756000	36.200000
	183.440000	-0.024000	36.600000
	183.460000	0.696000	36.600000
	183.480000	1.392000	35.800000
	183.500000	2.088000	35.200000
	183.520000	2.760000	34.400000
	183.540000	3.420000	33.800000
	183.560000	4.056000	32.800000
	183.580000	4.656000	31.600000
	183.600000	5.220000	30.000000
	183.620000	5.748000	28.200000
	183.640000	6.240000	26.400000
	183.660000	6.684000	24.400000
	183.680000	7.080000	22.200000
	183.700000	7.440000	20.000000
	183.720000	7.740000	17.600000
	183.740000	7.980000	15.000000
	183.760000	8.160000	12.000000
	183.780000	8.280000	9.000000
	183.800000	8.352000	6.200000
	183.820000	8.352000	3.200000
	183.840000	8.304000	0.400000
	183.860000	8.196000	-2.600000
	183.880000	8.040000	-5.200000
	183.900000	7.824000	-8.000000
	183.920000	7.548000	-10.800000
	183.940000	7.236000	-13.400000
	183.960000	6.888000	-15.600000
	183.980000	6.492000	-17.600000
	184.000000	6.036000	-20.000000
	184.020000	5.544000	-22.400000
	184.040000	5.016000	-24.600000
	184.060000	4.464000	-26.200000
	184.080000	3.864000	-28.000000
	184.100000	3.252000	-29.400000
	184.120000	2.604000	-31.000000
	184.140000	1.944000	-32.000000
	184.160000	1.272000	-33.000000
	184.180000	0.588000	-33.600000
	184.200000	-0.120000	-34.400000
	184.220000	-0.864000	-35.600000
	184.240000	-1.596000	-36.400000
	184.260000	-2.304000	-36.400000
	184.280000	-3.000000	-35.600000
	184.300000	-3.684000	-34.800000
	184.320000	-4.368000	-34.400000
	184.340000	-5.028000	-33.800000
	184.360000	-5.676000	-33.200000
	184.380000	-6.300000	-32.200000
	184.400000	-6.888000	-31.000000
	184.420000	-7.440000	-29.400000
	184.440000	-7.944000	-27.400000
	184.460000	-8.424000	-25.600000
	184.480000	-8.868000	-23.800000
	184.500000	-9.276000	-22.200000
	184.520000	-9.624000	-20.000000
	184.540000	-9.924000	-17.600000
	184.560000	-10.176000	-15.000000
	184.580000	-10.380000	-12.600000
	184.600000	-10.524000	-10.000000
	184.620000	-10.608000	-7.200000
	184.640000	-10.644000	-4.400000
	184.660000	-10.632000	-1.800000
	184.680000	-10.572000	0.600000
	184.700000	-10.452000	3.200000
	184.720000	-10.284000	5.800000
	184.740000	-10.056000	8.600000
	184.760000	-9.792000	11.000000
	184.780000	-9.480000	13.400000
	184.800000	-9.120000	15.600000
	184.820000	-8.724000	17.800000
	184.840000	-8.280000	20.000000
	184.860000	-7.812000	21.800000
	184.880000	-7.296000	23.800000
	184.900000	-6.756000	25.400000
	184.920000	-6.168000	27.400000
	184.940000	-5.556000	29.000000
	184.960000	-4.920000	30.600000
	184.980000	-4.260000	31.800000
	185.000000	-3.576000	33.000000
	185.020000	-2.880000	34.000000
	185.040000	-2.184000	34.600000
	185.060000	-1.488000	34.800000
	185.080000	-0.780000	35.000000
	185.100000	-0.060000	35.400000
	185.120000	0.672000	36.000000
	185.140000	1.392000	36.200000
	185.160000	2.076000	35.600000
	185.180000	2.736000	34.400000
	185.200000	3.384000	33.200000
	185.220000	4.020000	32.400000
	185.240000	4.632000	31.600000
	185.260000	5.196000	30.200000
	185.280000	5.724000	28.400000
	185.300000	6.204000	26.200000
	185.320000	6.648000	24.200000
	185.340000	7.044000	22.000000
	185.360000	7.392000	19.800000
	185.380000	7.692000	17.400000
	185.400000	7.932000	14.800000
	185.420000	8.112000	12.000000
	185.440000	8.244000	9.200000
	185.460000	8.316000	6.400000
	185.480000	8.340000	3.800000
	185.500000	8.292000	0.800000
	185.520000	8.184000	-2.200000
	185.540000	8.016000	-5.400000
	185.560000	7.800000	-8.200000
	185.580000	7.536000	-10.800000
	185.600000	7.224000	-13.200000
	185.620000	6.864000	-15.600000
	185.640000	6.468000	-17.800000
	185.660000	6.036000	-19.800000
	185.680000	5.556000	-21.800000
	185.700000	5.028000	-24.000000
	185.720000	4.464000	-26.200000
	185.740000	3.864000	-28.200000
	185.760000	3.252000	-29.600000
	185.780000	2.604000	-31.000000
	185.800000	1.944000	-32.000000
	185.820000	1.248000	-33.400000
	185.840000	0.540000	-34.400000
	185.860000	-0.168000	-35.200000
	185.880000	-0.888000	-35.600000
	185.900000	-1.608000	-35.800000
	185.920000	-2.328000	-36.000000
	185.940000	-3.036000	-35.800000
	185.960000	-3.744000	-35.600000
	185.980000	-4.452000	-35.400000
	186.000000	-5.124000	-34.800000
	186.020000	-5.760000	-33.600000
	186.040000	-6.372000	-32.000000
	186.060000	-6.984000	-31.000000
	186.080000	-7.560000	-30.000000
	186.100000	-8.100000	-28.800000
	186.120000	-8.592000	-26.800000
	186.140000	-9.048000	-24.800000
	186.160000	-9.456000	-22.600000
	186.180000	-9.816000	-20.400000
	186.200000	-10.128000	-18.000000
	186.220000	-10.392000	-15.600000
	186.240000	-10.608000	-13.200000
	186.260000	-10.776000	-10.800000
	186.280000	-10.884000	-8.200000
	186.300000	-10.932000	-5.400000
	186.320000	-10.932000	-2.600000
	186.340000	-10.884000	0.000000
	186.360000	-10.788000	2.400000
	186.380000	-10.632000	5.000000
	186.400000	-10.428000	7.600000
	186.420000	-10.164000	10.400000
	186.440000	-9.864000	12.800000
	186.460000	-9.516000	15.200000
	186.480000	-9.132000	17.200000
	186.500000	-8.700000	19.400000
	186.520000	-8.232000	21.400000
	186.540000	-7.728000	23.400000
	186.560000	-7.188000	25.200000
	186.580000	-6.612000	27.000000
	186.600000	-6.000000	28.800000
	186.620000	-5.364000	30.400000
	186.640000	-4.704000	31.800000
	186.660000	-4.032000	32.800000
	186.680000	-3.336000	33.800000
	186.700000	-2.616000	34.800000
	186.720000	-1.896000	35.600000
	186.740000	-1.176000	36.000000
	186.760000	-0.456000	36.000000
	186.780000	0.264000	36.000000
	186.800000	0.996000	36.200000
	186.820000	1.704000	36.000000
	186.840000	2.412000	35.800000
	186.860000	3.084000	34.800000
	186.880000	3.732000	33.800000
	186.900000	4.356000	32.400000
	186.920000	4.944000	31.000000
	186.940000	5.496000	29.400000
	186.960000	6.012000	27.600000
	186.980000	6.504000	26.000000
	187.000000	6.948000	24.200000
	187.020000	7.332000	22.000000
	187.040000	7.656000	19.200000
	187.060000	7.932000	16.400000
	187.080000	8.160000	13.800000
	187.100000	8.316000	11.000000
	187.120000	8.424000	8.200000
	187.140000	8.472000	5.200000
	187.160000	8.460000	2.400000
	187.180000	8.388000	-0.600000
	187.200000	8.256000	-3.600000
	187.220000	8.076000	-6.400000
	187.240000	7.836000	-9.200000
	187.260000	7.548000	-11.800000
	187.280000	7.224000	-14.200000
	187.300000	6.852000	-16.400000
	187.320000	6.432000	-18.600000
	187.340000	5.964000	-21.000000
	187.360000	5.448000	-23.400000
	187.380000	4.908000	-25.400000
	187.400000	4.332000	-27.200000
	187.420000	3.744000	-28.400000
	187.440000	3.120000	-29.800000
	187.460000	2.472000	-31.000000
	187.480000	1.800000	-32.400000
	187.500000	1.092000	-33.800000
	187.520000	0.384000	-34.800000
	187.540000	-0.348000	-35.800000
	187.560000	-1.056000	-35.800000
	187.580000	-1.788000	-36.200000
	187.600000	-2.496000	-35.800000
	187.620000	-3.204000	-35.800000
	187.640000	-3.888000	-35.000000
	187.660000	-4.584000	-34.800000
	187.680000	-5.256000	-34.200000
	187.700000	-5.892000	-33.400000
	187.720000	-6.492000	-31.800000
	187.740000	-7.068000	-30.200000
	187.760000	-7.632000	-29.000000
	187.780000	-8.148000	-27.600000
	187.800000	-8.616000	-25.800000
	187.820000	-9.036000	-23.400000
	187.840000	-9.420000	-21.200000
	187.860000	-9.768000	-19.200000
	187.880000	-10.056000	-17.000000
	187.900000	-10.296000	-14.600000
	187.920000	-10.476000	-11.800000
	187.940000	-10.608000	-9.200000
	187.960000	-10.680000	-6.400000
	187.980000	-10.704000	-3.800000
	188.000000	-10.680000	-1.200000
	188.020000	-10.596000	1.400000
	188.040000	-10.464000	4.000000
	188.060000	-10.284000	6.600000
	188.080000	-10.056000	9.000000
	188.100000	-9.792000	11.200000
	188.120000	-9.468000	13.600000
	188.140000	-9.108000	15.800000
	188.160000	-8.700000	18.200000
	188.180000	-8.256000	20.200000
	188.200000	-7.764000	22.400000
	188.220000	-7.236000	24.400000
	188.240000	-6.684000	26.200000
	188.260000	-6.096000	27.800000
	188.280000	-5.484000	29.200000
	188.300000	-4.836000	30.800000
	188.320000	-4.176000	32.000000
	188.340000	-3.480000	33.400000
	188.360000	-2.784000	34.200000
	188.380000	-2.088000	34.800000
	188.400000	-1.392000	34.800000
	188.420000	-0.684000	35.000000
	188.440000	0.036000	35.400000
	188.460000	0.744000	35.600000
	188.480000	1.440000	35.400000
	188.500000	2.124000	34.800000
	188.520000	2.808000	34.400000
	188.540000	3.456000	33.600000
	188.560000	4.080000	32.600000
	188.580000	4.656000	30.800000
	188.600000	5.220000	29.400000
	188.620000	5.748000	27.800000
	188.640000	6.240000	26.400000
	188.660000	6.672000	24.200000
	188.680000	7.044000	21.600000
	188.700000	7.380000	19.000000
	188.720000	7.668000	16.600000
	188.740000	7.908000	14.400000
	188.760000	8.076000	11.600000
	188.780000	8.184000	8.600000
	188.800000	8.232000	5.400000
	188.820000	8.232000	2.600000
	188.840000	8.172000	-0.200000
	188.860000	8.064000	-2.800000
	188.880000	7.884000	-5.800000
	188.900000	7.668000	-8.400000
	188.920000	7.392000	-11.200000
	188.940000	7.080000	-13.400000
	188.960000	6.720000	-15.800000
	188.980000	6.312000	-18.000000
	189.000000	5.856000	-20.400000
	189.020000	5.364000	-22.600000
	189.040000	4.848000	-24.400000
	189.060000	4.284000	-26.200000
	189.080000	3.696000	-27.800000
	189.100000	3.060000	-29.800000
	189.120000	2.424000	-31.000000
	189.140000	1.752000	-32.400000
	189.160000	1.080000	-33.000000
	189.180000	0.396000	-33.800000
	189.200000	-0.312000	-34.400000
	189.220000	-1.020000	-35.000000
	189.240000	-1.752000	-35.800000
	189.260000	-2.460000	-35.800000
	189.280000	-3.168000	-35.800000
	189.300000	-3.852000	-35.000000
	189.320000	-4.536000	-34.600000
	189.340000	-5.196000	-33.800000
	189.360000	-5.844000	-33.200000
	189.380000	-6.444000	-31.800000
	189.400000	-7.032000	-30.600000
	189.420000	-7.572000	-28.800000
	189.440000	-8.088000	-27.400000
	189.460000	-8.568000	-25.600000
	189.480000	-9.000000	-23.800000
	189.500000	-9.396000	-21.800000
	189.520000	-9.732000	-19.400000
	189.540000	-10.032000	-17.200000
	189.560000	-10.272000	-14.600000
	189.580000	-10.464000	-12.200000
	189.600000	-10.596000	-9.400000
	189.620000	-10.680000	-6.800000
	189.640000	-10.716000	-4.200000
	189.660000	-10.704000	-1.800000
	189.680000	-10.632000	0.800000
	189.700000	-10.500000	3.600000
	189.720000	-10.320000	6.400000
	189.740000	-10.092000	9.000000
	189.760000	-9.828000	11.200000
	189.780000	-9.504000	13.600000
	189.800000	-9.144000	15.800000
	189.820000	-8.736000	18.200000
	189.840000	-8.292000	20.200000
	189.860000	-7.812000	22.200000
	189.880000	-7.296000	24.000000
	189.900000	-6.756000	25.600000
	189.920000	-6.180000	27.200000
	189.940000	-5.568000	28.800000
	189.960000	-4.920000	30.600000
	189.980000	-4.260000	32.000000
	190.000000	-3.576000	33.200000
	190.020000	-2.880000	34.000000
	190.040000	-2.160000	35.000000
	190.060000	-1.440000	35.600000
	190.080000	-0.720000	36.000000
	190.100000	0.000000	36.000000
	190.120000	0.720000	36.000000
	190.140000	1.440000	36.000000
	190.160000	2.136000	35.600000
	190.180000	2.808000	34.800000
	190.200000	3.456000	33.600000
	190.220000	4.104000	32.800000
	190.240000	4.716000	31.800000
	190.260000	5.292000	30.600000
	190.280000	5.808000	28.400000
	190.300000	6.300000	26.400000
	190.320000	6.744000	24.200000
	190.340000	7.140000	22.200000
	190.360000	7.488000	19.800000
	190.380000	7.788000	17.400000
	190.400000	8.040000	15.000000
	190.420000	8.220000	12.200000
	190.440000	8.340000	9.200000
	190.460000	8.412000	6.200000
	190.480000	8.424000	3.400000
	190.500000	8.376000	0.600000
	190.520000	8.268000	-2.400000
	190.540000	8.112000	-5.200000
	190.560000	7.896000	-8.000000
	190.580000	7.632000	-10.600000
	190.600000	7.320000	-13.200000
	190.620000	6.972000	-15.400000
	190.640000	6.564000	-17.800000
	190.660000	6.120000	-20.000000
	190.680000	5.628000	-22.400000
	190.700000	5.112000	-24.200000
	190.720000	4.548000	-26.200000
	190.740000	3.960000	-27.800000
	190.760000	3.348000	-29.400000
	190.780000	2.700000	-30.800000
	190.800000	2.040000	-32.000000
	190.820000	1.332000	-33.600000
	190.840000	0.636000	-34.400000
	190.860000	-0.096000	-35.600000
	190.880000	-0.816000	-35.800000
	190.900000	-1.548000	-36.400000
	190.920000	-2.268000	-36.200000
	190.940000	-2.976000	-36.000000
	190.960000	-3.684000	-35.600000
	190.980000	-4.380000	-35.200000
	191.000000	-5.076000	-35.000000
	191.020000	-5.736000	-34.200000
	191.040000	-6.360000	-33.000000
	191.060000	-6.948000	-31.200000
	191.080000	-7.512000	-29.600000
	191.100000	-8.064000	-28.400000
	191.120000	-8.568000	-27.000000
	191.140000	-9.036000	-25.400000
	191.160000	-9.444000	-23.000000
	191.180000	-9.816000	-20.800000
	191.200000	-10.128000	-18.200000
	191.220000	-10.392000	-15.800000
	191.240000	-10.608000	-13.200000
	191.260000	-10.776000	-10.800000
	191.280000	-10.884000	-8.200000
	191.300000	-10.932000	-5.400000
	191.320000	-10.932000	-2.600000
	191.340000	-10.884000	0.000000
	191.360000	-10.788000	2.400000
	191.380000	-10.632000	5.000000
	191.400000	-10.428000	7.600000
	191.420000	-10.164000	10.400000
	191.440000	-9.864000	12.800000
	191.460000	-9.516000	15.200000
	191.480000	-9.132000	17.200000
	191.500000	-8.700000	19.400000
	191.520000	-8.232000	21.400000
	191.540000	-7.728000	23.400000
	191.560000	-7.188000	25.200000
	191.580000	-6.612000	27.000000
	191.600000	-6.000000	28.800000
	191.620000	-5.364000	30.400000
	191.640000	-4.704000	31.800000
	191.660000	-4.032000	32.800000
	191.680000	-3.336000	33.800000
	191.700000	-2.628000	34.600000
	191.720000	-1.908000	35.400000
	191.740000	-1.176000	36.000000
	191.760000	-0.456000	36.200000
	191.780000	0.276000	36.400000
	191.800000	0.996000	36.200000
	191.820000	1.716000	36.200000
	191.840000	2.412000	35.600000
	191.860000	3.084000	34.800000
	191.880000	3.732000	33.600000
	191.900000	4.356000	32.400000
	191.920000	4.944000	31.000000
	191.940000	5.508000	29.600000
	191.960000	6.012000	27.600000
	191.980000	6.492000	25.800000
	192.000000	6.912000	23.400000
	192.020000	7.296000	21.400000
	192.040000	7.620000	18.800000
	192.060000	7.896000	16.400000
	192.080000	8.124000	13.800000
	192.100000	8.292000	11.200000
	192.120000	8.400000	8.400000
	192.140000	8.448000	5.400000
	192.160000	8.424000	2.200000
	192.180000	8.352000	-0.800000
	192.200000	8.220000	-3.800000
	192.220000	8.040000	-6.400000
	192.240000	7.800000	-9.200000
	192.260000	7.512000	-11.800000
	192.280000	7.176000	-14.400000
	192.300000	6.792000	-16.800000
	192.320000	6.372000	-19.000000
	192.340000	5.916000	-21.000000
	192.360000	5.412000	-23.000000
	192.380000	4.872000	-25.000000
	192.400000	4.284000	-27.200000
	192.420000	3.684000	-28.800000
	192.440000	3.048000	-30.400000
	192.460000	2.400000	-31.400000
	192.480000	1.716000	-32.800000
	192.500000	1.020000	-33.800000
	192.520000	0.312000	-34.800000
	192.540000	-0.396000	-35.200000
	192.560000	-1.128000	-35.800000
	192.580000	-1.848000	-36.000000
	192.600000	-2.556000	-36.000000
	192.620000	-3.252000	-35.400000
	192.640000	-3.948000	-35.000000
	192.660000	-4.644000	-34.800000
	192.680000	-5.304000	-34.200000
	192.700000	-5.940000	-33.200000
	192.720000	-6.552000	-31.800000
	192.740000	-7.140000	-30.600000
	192.760000	-7.692000	-29.200000
	192.780000	-8.208000	-27.600000
	192.800000	-8.676000	-25.600000
	192.820000	-9.108000	-23.600000
	192.840000	-9.480000	-21.200000
	192.860000	-9.828000	-19.200000
	192.880000	-10.116000	-16.800000
	192.900000	-10.356000	-14.600000
	192.920000	-10.536000	-11.800000
	192.940000	-10.668000	-9.200000
	192.960000	-10.752000	-6.600000
	192.980000	-10.776000	-4.000000
	193.000000	-10.740000	-1.200000
	193.020000	-10.656000	1.600000
	193.040000	-10.524000	4.200000
	193.060000	-10.344000	6.600000
	193.080000	-10.104000	9.200000
	193.100000	-9.816000	11.800000
	193.120000	-9.492000	14.200000
	193.140000	-9.132000	16.200000
	193.160000	-8.724000	18.200000
	193.180000	-8.268000	20.400000
	193.200000	-7.776000	22.600000
	193.220000	-7.248000	24.600000
	193.240000	-6.696000	26.200000
	193.260000	-6.096000	28.000000
	193.280000	-5.484000	29.400000
	193.300000	-4.824000	31.200000
	193.320000	-4.164000	32.200000
	193.340000	-3.480000	33.400000
	193.360000	-2.796000	33.800000
	193.380000	-2.076000	34.800000
	193.400000	-1.356000	35.400000
	193.420000	-0.624000	36.200000
	193.440000	0.084000	36.000000
	193.460000	0.804000	36.000000
	193.480000	1.500000	35.400000
	193.500000	2.196000	35.200000
	193.520000	2.856000	34.200000
	193.540000	3.504000	33.400000
	193.560000	4.140000	32.400000
	193.580000	4.752000	31.600000
	193.600000	5.316000	30.200000
	193.620000	5.832000	28.200000
	193.640000	6.312000	26.000000
	193.660000	6.744000	23.800000
	193.680000	7.128000	21.600000
	193.700000	7.464000	19.200000
	193.720000	7.752000	16.800000
	193.740000	7.980000	14.200000
	193.760000	8.160000	11.600000
	193.780000	8.280000	8.800000
	193.800000	8.340000	6.000000
	193.820000	8.328000	2.800000
	193.840000	8.268000	-0.200000
	193.860000	8.148000	-3.200000
	193.880000	7.980000	-5.800000
	193.900000	7.752000	-8.600000
	193.920000	7.488000	-11.000000
	193.940000	7.164000	-13.600000
	193.960000	6.804000	-15.800000
	193.980000	6.384000	-18.400000
	194.000000	5.940000	-20.400000
	194.020000	5.448000	-22.600000
	194.040000	4.920000	-24.400000
	194.060000	4.356000	-26.400000
	194.080000	3.768000	-28.000000
	194.100000	3.144000	-29.600000
	194.120000	2.496000	-31.000000
	194.140000	1.812000	-32.600000
	194.160000	1.128000	-33.600000
	194.180000	0.420000	-34.600000
	194.200000	-0.288000	-35.000000
	194.220000	-1.008000	-35.600000
	194.240000	-1.728000	-35.800000
	194.260000	-2.448000	-36.000000
	194.280000	-3.156000	-35.800000
	194.300000	-3.852000	-35.400000
	194.320000	-4.524000	-34.600000
	194.340000	-5.184000	-33.800000
	194.360000	-5.832000	-33.000000
	194.380000	-6.456000	-32.200000
	194.400000	-7.056000	-31.200000
	194.420000	-7.608000	-29.600000
	194.440000	-8.124000	-27.800000
	194.460000	-8.592000	-25.600000
	194.480000	-9.024000	-23.600000
	194.500000	-9.420000	-21.600000
	194.520000	-9.768000	-19.600000
	194.540000	-10.068000	-17.400000
	194.560000	-10.320000	-15.000000
	194.580000	-10.524000	-12.600000
	194.600000	-10.668000	-10.000000
	194.620000	-10.752000	-7.200000
	194.640000	-10.788000	-4.400000
	194.660000	-10.776000	-1.800000
	194.680000	-10.704000	0.800000
	194.700000	-10.572000	3.600000
	194.720000	-10.392000	6.400000
	194.740000	-10.164000	9.000000
	194.760000	-9.900000	11.200000
	194.780000	-9.588000	13.400000
	194.800000	-9.240000	15.400000
	194.820000	-8.832000	17.800000
	194.840000	-8.388000	20.000000
	194.860000	-7.896000	22.400000
	194.880000	-7.380000	24.200000
	194.900000	-6.840000	25.800000
	194.920000	-6.264000	27.200000
	194.940000	-5.664000	28.600000
	194.960000	-5.016000	30.400000
	194.980000	-4.368000	31.600000
	195.000000	-3.684000	33.000000
	195.020000	-2.976000	34.000000
	195.040000	-2.256000	35.200000
	195.060000	-1.524000	36.000000
	195.080000	-0.816000	36.000000
	195.100000	-0.084000	36.200000
	195.120000	0.624000	35.800000
	195.140000	1.344000	36.000000
	195.160000	2.040000	35.400000
	195.180000	2.724000	35.000000
	195.200000	3.384000	34.000000
	195.220000	4.020000	33.000000
	195.240000	4.620000	31.600000
	195.260000	5.184000	30.000000
	195.280000	5.712000	28.200000
	195.300000	6.216000	26.600000
	195.320000	6.672000	24.800000
	195.340000	7.080000	22.800000
	195.360000	7.428000	20.200000
	195.380000	7.728000	17.600000
	195.400000	7.980000	15.000000
	195.420000	8.172000	12.400000
	195.440000	8.304000	9.600000
	195.460000	8.376000	6.600000
	195.480000	8.400000	3.800000
	195.500000	8.364000	1.000000
	195.520000	8.268000	-1.800000
	195.540000	8.112000	-4.800000
	195.560000	7.908000	-7.600000
	195.580000	7.644000	-10.400000
	195.600000	7.332000	-13.000000
	195.620000	6.972000	-15.600000
	195.640000	6.576000	-17.800000
	195.660000	6.132000	-20.000000
	195.680000	5.664000	-21.800000
	195.700000	5.148000	-23.800000
	195.720000	4.596000	-25.600000
	195.740000	3.996000	-27.800000
	195.760000	3.360000	-29.800000
	195.780000	2.712000	-31.400000
	195.800000	2.040000	-32.600000
	195.820000	1.368000	-33.200000
	195.840000	0.672000	-34.000000
	195.860000	-0.036000	-34.600000
	195.880000	-0.756000	-35.400000
	195.900000	-1.488000	-36.000000
	195.920000	-2.208000	-36.200000
	195.940000	-2.928000	-36.200000
	195.960000	-3.624000	-35.600000
	195.980000	-4.320000	-35.200000
	196.000000	-4.992000	-34.400000
	196.020000	-5.640000	-33.600000
	196.040000	-6.264000	-32.400000
	196.060000	-6.864000	-31.200000
	196.080000	-7.440000	-30.000000
	196.100000	-7.968000	-28.400000
	196.120000	-8.460000	-26.600000
	196.140000	-8.904000	-24.400000
	196.160000	-9.324000	-22.600000
	196.180000	-9.696000	-20.600000
	196.200000	-10.032000	-18.800000
	196.220000	-10.296000	-16.200000
	196.240000	-10.512000	-13.600000
	196.260000	-10.668000	-10.600000
	196.280000	-10.788000	-8.200000
	196.300000	-10.848000	-5.600000
	196.320000	-10.848000	-3.000000
	196.340000	-10.788000	0.000000
	196.360000	-10.680000	2.800000
	196.380000	-10.524000	5.400000
	196.400000	-10.320000	7.800000
	196.420000	-10.068000	10.200000
