	120.000000	19.644000	27.800000
	120.020000	20.112000	25.600000
	120.040000	20.556000	23.800000
	120.060000	20.964000	22.000000
	120.080000	21.324000	20.200000
	120.100000	21.636000	18.000000
	120.120000	21.912000	15.800000
	120.140000	22.164000	14.000000
	120.160000	22.380000	12.400000
	120.180000	22.560000	10.800000
	120.200000	22.692000	8.800000
	120.220000	22.788000	6.800000
	120.240000	22.836000	4.600000
	120.260000	22.860000	2.800000
	120.280000	22.848000	1.000000
	120.300000	22.812000	-0.400000
	120.320000	22.740000	-2.000000
	120.340000	22.632000	-3.600000
	120.360000	22.488000	-5.400000
	120.380000	22.320000	-7.000000
	120.400000	22.128000	-8.400000
	120.420000	21.912000	-9.600000
	120.440000	21.660000	-11.000000
	120.460000	21.396000	-12.200000
	120.480000	21.108000	-13.400000
	120.500000	20.796000	-14.400000
	120.520000	20.460000	-15.600000
	120.540000	20.112000	-16.600000
	120.560000	19.752000	-17.400000
	120.580000	19.356000	-18.400000
	120.600000	18.948000	-19.400000
	120.620000	18.528000	-20.400000
	120.640000	18.096000	-21.000000
	120.660000	17.628000	-22.000000
	120.680000	17.148000	-23.000000
	120.700000	16.644000	-24.200000
	120.720000	16.140000	-24.800000
	120.740000	15.600000	-25.800000
	120.760000	15.072000	-26.200000
	120.780000	14.520000	-27.000000
	120.800000	13.980000	-27.000000
	120.820000	13.416000	-27.600000
	120.840000	12.840000	-28.000000
	120.860000	12.264000	-28.600000
	120.880000	11.688000	-28.800000
	120.900000	11.112000	-28.800000
	120.920000	10.512000	-29.200000
	120.940000	9.912000	-29.600000
	120.960000	9.324000	-29.800000
	120.980000	8.748000	-29.400000
	121.000000	8.148000	-29.400000
	121.020000	7.560000	-29.400000
	121.040000	6.972000	-29.600000
	121.060000	6.408000	-29.000000
	121.080000	5.832000	-28.800000
	121.100000	5.268000	-28.400000
	121.120000	4.716000	-28.200000
	121.140000	4.164000	-27.800000
	121.160000	3.624000	-27.400000
	121.180000	3.096000	-27.000000
	121.200000	2.592000	-26.200000
	121.220000	2.100000	-25.400000
	121.240000	1.620000	-24.600000
	121.260000	1.152000	-24.000000
	121.280000	0.684000	-23.600000
	121.300000	0.240000	-23.000000
	121.320000	-0.180000	-22.200000
	121.340000	-0.564000	-20.800000
	121.360000	-0.948000	-19.800000
	121.380000	-1.308000	-18.800000
	121.400000	-1.656000	-18.200000
	121.420000	-1.956000	-16.800000
	121.440000	-2.244000	-15.600000
	121.460000	-2.496000	-14.000000
	121.480000	-2.748000	-13.200000
	121.500000	-2.952000	-11.800000
	121.520000	-3.144000	-10.800000
	121.540000	-3.300000	-9.200000
	121.560000	-3.444000	-8.200000
	121.580000	-3.552000	-6.800000
	121.600000	-3.636000	-5.600000
	121.620000	-3.684000	-4.000000
	121.640000	-3.708000	-2.600000
	121.660000	-3.708000	-1.200000
	121.680000	-3.696000	-0.200000
	121.700000	-3.660000	0.800000
	121.720000	-3.588000	2.000000
	121.740000	-3.492000	3.400000
	121.760000	-3.372000	4.800000
	121.780000	-3.240000	5.800000
	121.800000	-3.096000	6.600000
	121.820000	-2.940000	7.200000
	121.840000	-2.760000	8.000000
	121.860000	-2.556000	9.000000
	121.880000	-2.340000	10.000000
	121.900000	-2.124000	10.600000
	121.920000	-1.896000	11.000000
	121.940000	-1.656000	11.400000
	121.960000	-1.404000	12.000000
	121.980000	-1.152000	12.400000
	122.000000	-0.888000	12.800000
	122.020000	-0.624000	13.000000
	122.040000	-0.348000	13.400000
	122.060000	-0.072000	13.600000
	122.080000	0.228000	14.200000
	122.100000	0.528000	14.600000
	122.120000	0.840000	15.200000
	122.140000	1.140000	15.200000
	122.160000	1.440000	15.200000
	122.180000	1.728000	14.800000
	122.200000	2.028000	14.800000
	122.220000	2.328000	14.800000
	122.240000	2.628000	15.000000
	122.260000	2.916000	14.800000
	122.280000	3.192000	14.400000
	122.300000	3.456000	13.800000
	122.320000	3.708000	13.200000
	122.340000	3.960000	12.800000
	122.360000	4.200000	12.400000
	122.380000	4.428000	12.000000
	122.400000	4.632000	11.200000
	122.420000	4.824000	10.400000
	122.440000	4.980000	9.200000
	122.460000	5.124000	8.200000
	122.480000	5.244000	7.000000
	122.500000	5.352000	6.200000
	122.520000	5.424000	5.000000
	122.540000	5.472000	3.800000
	122.560000	5.496000	2.400000
	122.580000	5.496000	1.200000
	122.600000	5.472000	0.000000
	122.620000	5.424000	-1.200000
	122.640000	5.352000	-2.400000
	122.660000	5.244000	-3.800000
	122.680000	5.100000	-5.400000
	122.700000	4.932000	-7.000000
	122.720000	4.740000	-8.400000
	122.740000	4.524000	-9.600000
	122.760000	4.272000	-11.000000
	122.780000	3.984000	-12.600000
	122.800000	3.672000	-14.200000
	122.820000	3.324000	-15.800000
	122.840000	2.952000	-17.200000
	122.860000	2.544000	-18.800000
	122.880000	2.112000	-20.200000
	122.900000	1.644000	-21.800000
	122.920000	1.140000	-23.400000
	122.940000	0.588000	-25.400000
	122.960000	-0.012000	-27.600000
	122.980000	-0.660000	-30.000000
	123.000000	-1.332000	-32.000000
	123.020000	-2.040000	-33.800000
	123.040000	-2.784000	-35.400000
	123.060000	-3.564000	-37.200000
	123.080000	-4.380000	-39.000000
	123.100000	-5.232000	-40.800000
	123.120000	-6.132000	-42.800000
	123.140000	-7.080000	-45.000000
	123.160000	-8.076000	-47.400000
	123.180000	-9.084000	-49.200000
	123.200000	-10.128000	-50.800000
	123.220000	-11.196000	-52.000000
	123.240000	-12.324000	-54.000000
	123.260000	-13.488000	-56.000000
	123.280000	-14.700000	-58.400000
	123.300000	-15.960000	-60.600000
	123.320000	-17.232000	-62.400000
	123.340000	-18.516000	-63.600000
	123.360000	-19.824000	-64.400000
	123.380000	-21.168000	-65.600000
	123.400000	-22.560000	-67.400000
	123.420000	-23.976000	-69.200000
	123.440000	-25.440000	-71.200000
	123.460000	-26.928000	-72.800000
	123.480000	-28.416000	-74.000000
	123.500000	-29.916000	-74.600000
	123.520000	-31.416000	-74.800000
	123.540000	-32.964000	-75.800000
	123.560000	-34.500000	-76.400000
	123.580000	-36.060000	-77.400000
	123.600000	-37.608000	-77.400000
	123.620000	-39.204000	-78.400000
	123.640000	-40.764000	-78.400000
	123.660000	-42.336000	-78.800000
	123.680000	-43.908000	-78.400000
	123.700000	-45.468000	-78.400000
	123.720000	-47.016000	-78.000000
	123.740000	-48.516000	-76.800000
	123.760000	-50.040000	-76.200000
	123.780000	-51.528000	-75.200000
	123.800000	-52.992000	-74.600000
	123.820000	-54.420000	-73.000000
	123.840000	-55.788000	-71.000000
	123.860000	-57.120000	-68.800000
	123.880000	-58.428000	-66.800000
	123.900000	-59.700000	-65.200000
	123.920000	-60.912000	-63.200000
	123.940000	-62.028000	-60.000000
	123.960000	-63.096000	-56.600000
	123.980000	-64.080000	-52.800000
	124.000000	-65.016000	-49.800000
	124.020000	-65.880000	-46.400000
	124.040000	-66.660000	-43.000000
	124.060000	-67.356000	-39.000000
	124.080000	-67.956000	-34.600000
	124.100000	-68.472000	-30.200000
	124.120000	-68.880000	-25.400000
	124.140000	-69.204000	-20.800000
	124.160000	-69.444000	-16.200000
	124.180000	-69.588000	-11.800000
	124.200000	-69.624000	-7.000000
	124.220000	-69.552000	-1.800000
	124.240000	-69.384000	3.400000
	124.260000	-69.120000	8.400000
	124.280000	-68.772000	13.000000
	124.300000	-68.340000	17.400000
	124.320000	-67.824000	21.600000
	124.340000	-67.212000	26.000000
	124.360000	-66.516000	30.400000
	124.380000	-65.736000	34.800000
	124.400000	-64.872000	39.000000
	124.420000	-63.912000	43.400000
	124.440000	-62.868000	47.800000
	124.460000	-61.776000	51.600000
	124.480000	-60.612000	55.000000
	124.500000	-59.388000	58.000000
	124.520000	-58.104000	61.200000
	124.540000	-56.760000	64.200000
	124.560000	-55.344000	67.400000
	124.580000	-53.868000	70.600000
	124.600000	-52.320000	74.000000
	124.620000	-50.748000	76.600000
	124.640000	-49.116000	79.200000
	124.660000	-47.472000	80.800000
	124.680000	-45.816000	82.200000
	124.700000	-44.136000	83.000000
	124.720000	-42.420000	84.200000
	124.740000	-40.668000	85.800000
	124.760000	-38.880000	87.600000
	124.780000	-37.080000	89.000000
	124.800000	-35.232000	90.600000
	124.820000	-33.396000	91.400000
	124.840000	-31.548000	92.200000
	124.860000	-29.724000	91.800000
	124.880000	-27.864000	92.200000
	124.900000	-26.028000	92.000000
	124.920000	-24.132000	93.200000
	124.940000	-22.260000	93.400000
	124.960000	-20.388000	94.000000
	124.980000	-18.540000	93.200000
	125.000000	-16.680000	93.000000
	125.020000	-14.784000	93.400000
	125.040000	-12.924000	93.600000
	125.060000	-11.064000	93.600000
	125.080000	-9.216000	92.800000
	125.100000	-7.380000	92.400000
	125.120000	-5.580000	91.400000
	125.140000	-3.756000	91.000000
	125.160000	-1.932000	90.800000
	125.180000	-0.120000	91.000000
	125.200000	1.644000	90.000000
	125.220000	3.396000	88.800000
	125.240000	5.196000	88.600000
	125.260000	6.936000	88.200000
	125.280000	8.700000	88.400000
	125.300000	10.416000	87.000000
	125.320000	12.120000	86.400000
	125.340000	13.800000	85.000000
	125.360000	15.444000	83.800000
	125.380000	17.136000	83.600000
	125.400000	18.804000	83.400000
	125.420000	20.460000	83.600000
	125.440000	22.056000	82.000000
	125.460000	23.652000	80.800000
	125.480000	25.224000	79.400000
	125.500000	26.784000	78.800000
	125.520000	28.308000	77.600000
	125.540000	29.832000	76.800000
	125.560000	31.320000	75.600000
	125.580000	32.760000	74.200000
	125.600000	34.188000	72.600000
	125.620000	35.628000	71.800000
	125.640000	37.068000	71.800000
	125.660000	38.448000	71.000000
	125.680000	39.780000	69.200000
	125.700000	41.100000	67.200000
	125.720000	42.396000	65.800000
	125.740000	43.656000	64.600000
	125.760000	44.880000	63.000000
	125.780000	46.068000	61.200000
	125.800000	47.244000	59.800000
	125.820000	48.360000	58.000000
	125.840000	49.428000	56.000000
	125.860000	50.460000	53.600000
	125.880000	51.444000	51.400000
	125.900000	52.416000	49.800000
	125.920000	53.316000	47.600000
	125.940000	54.180000	45.600000
	125.960000	54.984000	42.800000
	125.980000	55.752000	40.600000
	126.000000	56.460000	38.000000
	126.020000	57.120000	35.600000
	126.040000	57.720000	32.800000
	126.060000	58.272000	30.200000
	126.080000	58.764000	27.400000
	126.100000	59.196000	24.600000
	126.120000	59.568000	21.600000
	126.140000	59.892000	18.800000
	126.160000	60.168000	16.200000
	126.180000	60.384000	13.600000
	126.200000	60.528000	10.600000
	126.220000	60.624000	7.600000
	126.240000	60.660000	4.600000
	126.260000	60.648000	2.000000
	126.280000	60.576000	-0.800000
	126.300000	60.468000	-3.200000
	126.320000	60.312000	-5.600000
	126.340000	60.108000	-7.800000
	126.360000	59.856000	-10.200000
	126.380000	59.568000	-12.400000
	126.400000	59.244000	-14.400000
	126.420000	58.896000	-16.000000
	126.440000	58.500000	-17.800000
	126.460000	58.080000	-19.400000
	126.480000	57.600000	-21.600000
	126.500000	57.108000	-23.200000
	126.520000	56.580000	-25.000000
	126.540000	56.052000	-25.800000
	126.560000	55.488000	-27.000000
	126.580000	54.900000	-28.000000
	126.600000	54.288000	-29.400000
	126.620000	53.652000	-30.600000
	126.640000	53.004000	-31.600000
	126.660000	52.344000	-32.400000
	126.680000	51.696000	-32.600000
	126.700000	51.024000	-33.000000
	126.720000	50.340000	-33.400000
	126.740000	49.644000	-34.200000
	126.760000	48.960000	-34.400000
	126.780000	48.288000	-34.200000
	126.800000	47.604000	-34.000000
	126.820000	46.932000	-33.800000
	126.840000	46.248000	-34.000000
	126.860000	45.576000	-33.800000
	126.880000	44.904000	-33.800000
	126.900000	44.256000	-33.200000
	126.920000	43.644000	-32.200000
	126.940000	43.044000	-31.000000
	126.960000	42.456000	-30.000000
	126.980000	41.880000	-29.400000
	127.000000	41.328000	-28.600000
	127.020000	40.800000	-27.600000
	127.040000	40.296000	-26.400000
	127.060000	39.804000	-25.400000
	127.080000	39.348000	-24.200000
	127.100000	38.916000	-23.000000
	127.120000	38.532000	-21.200000
	127.140000	38.160000	-19.800000
	127.160000	37.824000	-18.200000
	127.180000	37.512000	-17.000000
	127.200000	37.248000	-15.200000
	127.220000	37.008000	-13.600000
	127.240000	36.816000	-11.600000
	127.260000	36.648000	-10.000000
	127.280000	36.528000	-8.000000
	127.300000	36.432000	-6.400000
	127.320000	36.384000	-4.400000
	127.340000	36.360000	-2.800000
	127.360000	36.384000	-0.800000
	127.380000	36.444000	1.000000
	127.400000	36.540000	3.000000
	127.420000	36.672000	4.800000
	127.440000	36.828000	6.400000
	127.460000	37.020000	8.000000
	127.480000	37.248000	9.600000
	127.500000	37.500000	11.200000
	127.520000	37.788000	12.800000
	127.540000	38.088000	14.000000
	127.560000	38.436000	15.600000
	127.580000	38.808000	17.000000
	127.600000	39.216000	18.800000
	127.620000	39.648000	20.200000
	127.640000	40.104000	21.600000
	127.660000	40.596000	23.000000
	127.680000	41.112000	24.400000
	127.700000	41.664000	26.000000
	127.720000	42.240000	27.400000
	127.740000	42.840000	28.800000
	127.760000	43.464000	30.000000
	127.780000	44.112000	31.200000
	127.800000	44.772000	32.200000
	127.820000	45.456000	33.200000
	127.840000	46.152000	34.000000
	127.860000	46.884000	35.200000
	127.880000	47.616000	36.000000
	127.900000	48.360000	36.800000
	127.920000	49.116000	37.200000
	127.940000	49.884000	37.800000
	127.960000	50.676000	38.600000
	127.980000	51.444000	38.800000
	128.000000	52.248000	39.400000
	128.020000	53.028000	39.200000
	128.040000	53.820000	39.600000
	128.060000	54.600000	39.200000
	128.080000	55.368000	39.000000
	128.100000	56.148000	38.800000
	128.120000	56.892000	38.200000
	128.140000	57.624000	37.600000
	128.160000	58.332000	36.400000
	128.180000	59.040000	35.800000
	128.200000	59.736000	35.200000
	128.220000	60.408000	34.600000
	128.240000	61.032000	33.200000
	128.260000	61.632000	31.600000
	128.280000	62.196000	29.800000
	128.300000	62.736000	28.400000
	128.320000	63.240000	26.800000
	128.340000	63.696000	25.000000
	128.360000	64.104000	22.800000
	128.380000	64.464000	20.400000
	128.400000	64.776000	18.000000
	128.420000	65.040000	15.600000
	128.440000	65.256000	13.200000
	128.460000	65.424000	10.800000
	128.480000	65.544000	8.400000
	128.500000	65.604000	5.800000
	128.520000	65.616000	3.200000
	128.540000	65.568000	0.400000
	128.560000	65.460000	-2.400000
	128.580000	65.304000	-5.200000
	128.600000	65.088000	-8.000000
	128.620000	64.836000	-10.400000
	128.640000	64.512000	-13.200000
	128.660000	64.152000	-15.600000
	128.680000	63.732000	-18.400000
	128.700000	63.264000	-20.800000
	128.720000	62.748000	-23.400000
	128.740000	62.184000	-25.800000
	128.760000	61.584000	-28.000000
	128.780000	60.924000	-30.400000
	128.800000	60.204000	-33.000000
	128.820000	59.436000	-35.800000
	128.840000	58.632000	-38.200000
	128.860000	57.792000	-40.200000
	128.880000	56.904000	-42.200000
	128.900000	55.956000	-44.600000
	128.920000	54.972000	-47.000000
	128.940000	53.952000	-49.200000
	128.960000	52.884000	-51.200000
	128.980000	51.792000	-53.000000
	129.000000	50.640000	-55.200000
	129.020000	49.488000	-56.600000
	129.040000	48.276000	-58.600000
	129.060000	47.064000	-59.600000
	129.080000	45.756000	-62.200000
	129.100000	44.484000	-63.200000
	129.120000	43.164000	-65.000000
	129.140000	41.868000	-64.800000
	129.160000	40.500000	-66.400000
	129.180000	39.132000	-67.200000
	129.200000	37.716000	-69.200000
	129.220000	36.288000	-70.200000
	129.240000	34.812000	-72.000000
	129.260000	33.336000	-73.000000
	129.280000	31.872000	-73.600000
	129.300000	30.372000	-74.000000
	129.320000	28.872000	-74.400000
	129.340000	27.336000	-75.600000
	129.360000	25.788000	-76.400000
	129.380000	24.228000	-77.400000
	129.400000	22.656000	-78.000000
	129.420000	21.072000	-78.600000
	129.440000	19.500000	-78.800000
	129.460000	17.892000	-79.400000
	129.480000	16.296000	-79.600000
	129.500000	14.652000	-80.800000
	129.520000	13.008000	-81.400000
	129.540000	11.352000	-82.400000
	129.560000	9.720000	-82.200000
	129.580000	8.040000	-82.800000
	129.600000	6.408000	-82.400000
	129.620000	4.740000	-83.000000
	129.640000	3.084000	-82.600000
	129.660000	1.404000	-83.400000
	129.680000	-0.276000	-83.600000
	129.700000	-1.944000	-83.800000
	129.720000	-3.648000	-84.200000
	129.740000	-5.328000	-84.200000
	129.760000	-7.008000	-84.400000
	129.780000	-8.640000	-83.200000
	129.800000	-10.296000	-82.800000
	129.820000	-11.940000	-82.200000
	129.840000	-13.620000	-83.000000
	129.860000	-15.228000	-82.200000
	129.880000	-16.836000	-81.600000
	129.900000	-18.408000	-79.800000
	129.920000	-20.028000	-80.000000
	129.940000	-21.600000	-79.400000
	129.960000	-23.160000	-79.200000
	129.980000	-24.684000	-77.600000
	130.000000	-26.184000	-76.400000
	130.020000	-27.660000	-75.000000
	130.040000	-29.088000	-73.400000
	130.060000	-30.516000	-72.200000
	130.080000	-31.908000	-70.800000
	130.100000	-33.288000	-70.000000
	130.120000	-34.608000	-68.200000
	130.140000	-35.880000	-66.200000
	130.160000	-37.116000	-63.800000
	130.180000	-38.316000	-61.800000
	130.200000	-39.468000	-59.800000
	130.220000	-40.560000	-57.400000
	130.240000	-41.628000	-55.200000
	130.260000	-42.648000	-53.000000
	130.280000	-43.632000	-51.200000
	130.300000	-44.532000	-48.400000
	130.320000	-45.384000	-45.600000
	130.340000	-46.164000	-42.200000
	130.360000	-46.908000	-39.600000
	130.380000	-47.592000	-36.800000
	130.400000	-48.216000	-34.200000
	130.420000	-48.768000	-31.000000
	130.440000	-49.272000	-28.000000
	130.460000	-49.716000	-25.000000
	130.480000	-50.100000	-22.200000
	130.500000	-50.400000	-18.800000
	130.520000	-50.640000	-15.400000
	130.540000	-50.820000	-12.000000
	130.560000	-50.940000	-9.000000
	130.580000	-51.000000	-6.000000
	130.600000	-51.000000	-3.000000
	130.620000	-50.940000	0.000000
	130.640000	-50.832000	2.800000
	130.660000	-50.664000	5.600000
	130.680000	-50.460000	8.000000
	130.700000	-50.208000	10.400000
	130.720000	-49.920000	12.400000
	130.740000	-49.584000	14.600000
	130.760000	-49.212000	16.600000
	130.780000	-48.804000	18.600000
	130.800000	-48.384000	20.000000
	130.820000	-47.928000	21.400000
	130.840000	-47.436000	22.800000
	130.860000	-46.908000	24.600000
	130.880000	-46.356000	26.200000
	130.900000	-45.792000	27.400000
	130.920000	-45.192000	28.600000
	130.940000	-44.580000	29.600000
	130.960000	-43.956000	30.600000
	130.980000	-43.332000	31.000000
	131.000000	-42.684000	31.600000
	131.020000	-42.036000	32.000000
	131.040000	-41.376000	32.600000
	131.060000	-40.728000	32.600000
	131.080000	-40.068000	32.800000
	131.100000	-39.420000	32.600000
	131.120000	-38.772000	32.600000
	131.140000	-38.136000	32.200000
	131.160000	-37.500000	32.000000
	131.180000	-36.888000	31.400000
	131.200000	-36.264000	31.200000
	131.220000	-35.676000	30.400000
	131.240000	-35.100000	29.800000
	131.260000	-34.572000	28.200000
	131.280000	-34.056000	27.000000
	131.300000	-33.552000	25.800000
	131.320000	-33.084000	24.800000
	131.340000	-32.640000	23.600000
	131.360000	-32.244000	21.800000
	131.380000	-31.872000	20.200000
	131.400000	-31.536000	18.400000
	131.420000	-31.236000	16.800000
	131.440000	-30.960000	15.200000
	131.460000	-30.732000	13.400000
	131.480000	-30.528000	11.800000
	131.500000	-30.372000	9.800000
	131.520000	-30.252000	8.000000
	131.540000	-30.180000	5.800000
	131.560000	-30.156000	3.600000
	131.580000	-30.168000	1.400000
	131.600000	-30.228000	-0.800000
	131.620000	-30.324000	-2.800000
	131.640000	-30.456000	-4.800000
	131.660000	-30.624000	-6.600000
	131.680000	-30.828000	-8.400000
	131.700000	-31.068000	-10.200000
	131.720000	-31.344000	-12.000000
	131.740000	-31.656000	-13.800000
	131.760000	-32.016000	-15.800000
	131.780000	-32.400000	-17.600000
	131.800000	-32.820000	-19.400000
	131.820000	-33.276000	-21.000000
	131.840000	-33.780000	-23.000000
	131.860000	-34.308000	-24.800000
	131.880000	-34.872000	-26.600000
	131.900000	-35.460000	-28.000000
	131.920000	-36.084000	-29.600000
	131.940000	-36.744000	-31.200000
	131.960000	-37.440000	-33.000000
	131.980000	-38.172000	-34.800000
	132.000000	-38.916000	-36.200000
	132.020000	-39.672000	-37.200000
	132.040000	-40.464000	-38.200000
	132.060000	-41.280000	-39.400000
	132.080000	-42.120000	-40.800000
	132.100000	-42.972000	-41.800000
	132.120000	-43.824000	-42.400000
	132.140000	-44.700000	-43.000000
	132.160000	-45.588000	-43.600000
	132.180000	-46.488000	-44.400000
	132.200000	-47.388000	-44.800000
	132.220000	-48.276000	-44.800000
	132.240000	-49.188000	-45.000000
	132.260000	-50.076000	-44.800000
	132.280000	-50.952000	-44.600000
	132.300000	-51.816000	-43.800000
	132.320000	-52.668000	-43.200000
	132.340000	-53.520000	-42.800000
	132.360000	-54.348000	-42.200000
	132.380000	-55.164000	-41.600000
	132.400000	-55.944000	-40.400000
	132.420000	-56.688000	-39.000000
	132.440000	-57.408000	-37.400000
	132.460000	-58.092000	-35.800000
	132.480000	-58.752000	-34.400000
	132.500000	-59.364000	-32.600000
	132.520000	-59.940000	-30.800000
	132.540000	-60.456000	-28.400000
	132.560000	-60.936000	-26.200000
	132.580000	-61.356000	-23.600000
	132.600000	-61.740000	-21.400000
	132.620000	-62.064000	-18.800000
	132.640000	-62.328000	-16.200000
	132.660000	-62.520000	-13.000000
	132.680000	-62.664000	-10.000000
	132.700000	-62.748000	-7.000000
	132.720000	-62.772000	-4.200000
	132.740000	-62.724000	-1.000000
	132.760000	-62.616000	2.200000
	132.780000	-62.460000	5.200000
	132.800000	-62.244000	8.000000
	132.820000	-61.980000	10.600000
	132.840000	-61.644000	13.600000
	132.860000	-61.260000	16.400000
	132.880000	-60.804000	19.600000
	132.900000	-60.300000	22.400000
	132.920000	-59.736000	25.400000
	132.940000	-59.124000	28.000000
	132.960000	-58.464000	30.600000
	132.980000	-57.732000	33.400000
	133.000000	-56.964000	36.000000
	133.020000	-56.124000	39.000000
	133.040000	-55.248000	41.400000
	133.060000	-54.312000	44.200000
	133.080000	-53.316000	46.800000
	133.100000	-52.284000	49.400000
	133.120000	-51.216000	51.600000
	133.140000	-50.112000	53.400000
	133.160000	-48.960000	55.400000
	133.180000	-47.748000	57.800000
	133.200000	-46.536000	59.600000
	133.220000	-45.288000	61.200000
	133.240000	-44.016000	62.200000
	133.260000	-42.684000	64.200000
	133.280000	-41.328000	66.000000
	133.300000	-39.948000	67.800000
	133.320000	-38.568000	68.600000
	133.340000	-37.152000	69.600000
	133.360000	-35.688000	71.000000
	133.380000	-34.224000	72.400000
	133.400000	-32.724000	73.800000
	133.420000	-31.272000	73.600000
	133.440000	-29.736000	74.800000
	133.460000	-28.248000	74.600000
	133.480000	-26.688000	76.400000
	133.500000	-25.164000	76.200000
	133.520000	-23.592000	77.600000
	133.540000	-22.020000	77.800000
	133.560000	-20.448000	78.600000
	133.580000	-18.888000	78.400000
	133.600000	-17.328000	78.200000
	133.620000	-15.756000	78.200000
	133.640000	-14.136000	79.200000
	133.660000	-12.540000	79.800000
	133.680000	-10.920000	80.600000
	133.700000	-9.324000	80.200000
	133.720000	-7.716000	80.400000
	133.740000	-6.132000	79.800000
	133.760000	-4.548000	79.600000
	133.780000	-2.952000	79.400000
	133.800000	-1.320000	80.200000
	133.820000	0.288000	80.600000
	133.840000	1.872000	80.400000
	133.860000	3.432000	79.200000
	133.880000	5.016000	78.800000
	133.900000	6.600000	78.800000
	133.920000	8.184000	79.200000
	133.940000	9.756000	79.000000
	133.960000	11.316000	78.600000
	133.980000	12.840000	77.600000
	134.000000	14.364000	76.800000
	134.020000	15.900000	76.400000
	134.040000	17.448000	76.800000
	134.060000	18.960000	76.600000
	134.080000	20.472000	76.200000
	134.100000	21.984000	75.600000
	134.120000	23.484000	75.400000
	134.140000	24.960000	74.800000
	134.160000	26.400000	73.600000
	134.180000	27.852000	72.800000
	134.200000	29.292000	72.200000
	134.220000	30.720000	72.000000
	134.240000	32.124000	71.200000
	134.260000	33.480000	69.800000
	134.280000	34.860000	69.000000
	134.300000	36.204000	68.000000
	134.320000	37.560000	68.000000
	134.340000	38.844000	66.400000
	134.360000	40.128000	65.400000
	134.380000	41.388000	63.800000
	134.400000	42.624000	63.000000
	134.420000	43.824000	61.600000
	134.440000	44.976000	59.800000
	134.460000	46.116000	58.200000
	134.480000	47.208000	56.400000
	134.500000	48.288000	55.200000
	134.520000	49.332000	53.600000
	134.540000	50.340000	52.200000
	134.560000	51.300000	50.200000
	134.580000	52.200000	47.800000
	134.600000	53.076000	45.600000
	134.620000	53.916000	43.600000
	134.640000	54.696000	41.600000
	134.660000	55.428000	39.200000
	134.680000	56.088000	36.200000
	134.700000	56.724000	33.800000
	134.720000	57.288000	31.000000
	134.740000	57.804000	28.600000
	134.760000	58.272000	25.800000
	134.780000	58.692000	23.400000
	134.800000	59.052000	20.800000
	134.820000	59.352000	18.000000
	134.840000	59.604000	15.200000
	134.860000	59.796000	12.400000
	134.880000	59.928000	9.600000
	134.900000	59.988000	6.400000
	134.920000	60.012000	3.600000
	134.940000	59.976000	0.800000
	134.960000	59.892000	-1.600000
	134.980000	59.748000	-4.400000
	135.000000	59.568000	-6.800000
	135.020000	59.340000	-9.200000
	135.040000	59.064000	-11.400000
	135.060000	58.740000	-13.800000
	135.080000	58.380000	-16.000000
	135.100000	57.984000	-18.000000
	135.120000	57.552000	-19.800000
	135.140000	57.096000	-21.400000
	135.160000	56.592000	-23.200000
	135.180000	56.064000	-24.800000
	135.200000	55.476000	-27.000000
	135.220000	54.888000	-28.400000
	135.240000	54.276000	-29.800000
	135.260000	53.652000	-30.400000
	135.280000	52.992000	-31.600000
	135.300000	52.308000	-32.800000
	135.320000	51.588000	-34.400000
	135.340000	50.868000	-35.400000
	135.360000	50.112000	-36.600000
	135.380000	49.368000	-37.000000
	135.400000	48.612000	-37.600000
	135.420000	47.868000	-37.400000
	135.440000	47.100000	-37.800000
	135.460000	46.320000	-38.200000
	135.480000	45.540000	-38.800000
	135.500000	44.784000	-38.600000
	135.520000	44.016000	-38.400000
	135.540000	43.260000	-38.000000
	135.560000	42.492000	-38.200000
	135.580000	41.748000	-37.800000
	135.600000	41.004000	-37.600000
	135.620000	40.284000	-36.800000
	135.640000	39.564000	-36.400000
	135.660000	38.868000	-35.600000
	135.680000	38.196000	-34.800000
	135.700000	37.548000	-33.600000
	135.720000	36.912000	-32.600000
	135.740000	36.288000	-31.800000
	135.760000	35.688000	-31.000000
	135.780000	35.124000	-29.800000
	135.800000	34.584000	-28.400000
	135.820000	34.080000	-26.800000
	135.840000	33.576000	-25.800000
	135.860000	33.120000	-24.400000
	135.880000	32.688000	-23.200000
	135.900000	32.304000	-21.200000
	135.920000	31.944000	-19.600000
	135.940000	31.620000	-17.800000
	135.960000	31.320000	-16.400000
	135.980000	31.068000	-14.600000
	136.000000	30.852000	-12.800000
	136.020000	30.672000	-10.800000
	136.040000	30.528000	-9.000000
	136.060000	30.420000	-7.200000
	136.080000	30.360000	-5.200000
	136.100000	30.324000	-3.400000
	136.120000	30.324000	-1.600000
	136.140000	30.372000	0.200000
	136.160000	30.456000	2.200000
	136.180000	30.576000	4.200000
	136.200000	30.720000	5.800000
	136.220000	30.900000	7.400000
	136.240000	31.116000	9.000000
	136.260000	31.356000	10.600000
	136.280000	31.632000	12.200000
	136.300000	31.932000	13.600000
	136.320000	32.280000	15.400000
	136.340000	32.640000	16.800000
	136.360000	33.036000	18.400000
	136.380000	33.456000	19.600000
	136.400000	33.912000	21.200000
	136.420000	34.404000	22.800000
	136.440000	34.920000	24.400000
	136.460000	35.472000	26.000000
	136.480000	36.048000	27.400000
	136.500000	36.648000	28.800000
	136.520000	37.284000	30.200000
	136.540000	37.932000	31.400000
	136.560000	38.616000	32.800000
	136.580000	39.312000	33.800000
	136.600000	40.044000	35.200000
	136.620000	40.788000	36.200000
	136.640000	41.568000	37.600000
	136.660000	42.348000	38.400000
	136.680000	43.152000	39.400000
	136.700000	43.944000	39.600000
	136.720000	44.760000	40.200000
	136.740000	45.588000	40.600000
	136.760000	46.428000	41.400000
	136.780000	47.280000	42.000000
	136.800000	48.132000	42.400000
	136.820000	48.984000	42.600000
	136.840000	49.848000	42.800000
	136.860000	50.700000	42.800000
	136.880000	51.552000	42.800000
	136.900000	52.392000	42.400000
	136.920000	53.232000	42.200000
	136.940000	54.060000	41.800000
	136.960000	54.864000	41.200000
	136.980000	55.656000	40.400000
	137.000000	56.436000	39.600000
	137.020000	57.192000	38.800000
	137.040000	57.912000	37.600000
	137.060000	58.608000	36.200000
	137.080000	59.268000	34.600000
	137.100000	59.916000	33.400000
	137.120000	60.528000	32.000000
	137.140000	61.104000	30.600000
	137.160000	61.632000	28.600000
	137.180000	62.112000	26.400000
	137.200000	62.556000	24.200000
	137.220000	62.940000	21.800000
	137.240000	63.288000	19.600000
	137.260000	63.576000	17.000000
	137.280000	63.828000	14.800000
	137.300000	64.008000	12.000000
	137.320000	64.140000	9.400000
	137.340000	64.212000	6.400000
	137.360000	64.236000	3.800000
	137.380000	64.212000	1.200000
	137.400000	64.128000	-1.400000
	137.420000	63.984000	-4.200000
	137.440000	63.780000	-7.200000
	137.460000	63.528000	-10.000000
	137.480000	63.228000	-12.600000
	137.500000	62.892000	-14.800000
	137.520000	62.484000	-17.400000
	137.540000	62.040000	-19.800000
	137.560000	61.536000	-22.600000
	137.580000	60.996000	-24.800000
	137.600000	60.396000	-27.400000
	137.620000	59.748000	-29.800000
	137.640000	59.040000	-32.600000
	137.660000	58.296000	-35.000000
	137.680000	57.504000	-37.400000
	137.700000	56.676000	-39.400000
	137.720000	55.800000	-41.600000
	137.740000	54.876000	-43.800000
	137.760000	53.928000	-45.800000
	137.780000	52.932000	-47.800000
	137.800000	51.900000	-49.600000
	137.820000	50.820000	-51.800000
	137.840000	49.728000	-53.400000
	137.860000	48.600000	-55.000000
	137.880000	47.460000	-56.000000
	137.900000	46.272000	-57.600000
	137.920000	45.072000	-58.800000
	137.940000	43.836000	-60.400000
	137.960000	42.564000	-61.800000
	137.980000	41.280000	-63.200000
	138.000000	39.948000	-64.800000
	138.020000	38.628000	-65.600000
	138.040000	37.260000	-67.000000
	138.060000	35.892000	-67.600000
	138.080000	34.524000	-68.400000
	138.100000	33.156000	-68.400000
	138.120000	31.800000	-68.200000
	138.140000	30.372000	-69.200000
	138.160000	28.944000	-70.200000
	138.180000	27.480000	-72.000000
	138.200000	26.052000	-72.000000
	138.220000	24.600000	-72.400000
	138.240000	23.160000	-72.000000
	138.260000	21.696000	-72.600000
	138.280000	20.220000	-73.000000
	138.300000	18.720000	-74.000000
	138.320000	17.208000	-74.800000
	138.340000	15.708000	-75.200000
	138.360000	14.232000	-74.800000
	138.380000	12.756000	-74.200000
	138.400000	11.292000	-73.600000
	138.420000	9.792000	-74.000000
	138.440000	8.292000	-74.400000
	138.460000	6.792000	-75.000000
	138.480000	5.304000	-74.800000
	138.500000	3.816000	-74.600000
	138.520000	2.328000	-74.400000
	138.540000	0.852000	-74.200000
	138.560000	-0.624000	-74.000000
	138.580000	-2.088000	-73.600000
	138.600000	-3.528000	-73.000000
	138.620000	-4.956000	-72.200000
	138.640000	-6.396000	-71.800000
	138.660000	-7.824000	-71.600000
	138.680000	-9.240000	-71.400000
	138.700000	-10.644000	-70.800000
	138.720000	-12.036000	-70.200000
	138.740000	-13.404000	-69.400000
	138.760000	-14.748000	-68.400000
	138.780000	-16.092000	-67.600000
	138.800000	-17.376000	-66.200000
	138.820000	-18.648000	-65.000000
	138.840000	-19.884000	-63.200000
	138.860000	-21.120000	-62.400000
	138.880000	-22.320000	-61.200000
	138.900000	-23.484000	-60.000000
	138.920000	-24.624000	-58.400000
	138.940000	-25.728000	-56.800000
	138.960000	-26.808000	-55.400000
	138.980000	-27.864000	-54.000000
	139.000000	-28.872000	-52.400000
	139.020000	-29.856000	-50.800000
	139.040000	-30.780000	-48.600000
	139.060000	-31.680000	-46.800000
	139.080000	-32.556000	-45.000000
	139.100000	-33.360000	-43.000000
	139.120000	-34.116000	-40.600000
	139.140000	-34.812000	-37.600000
	139.160000	-35.508000	-35.800000
	139.180000	-36.156000	-34.000000
	139.200000	-36.744000	-32.200000
	139.220000	-37.284000	-29.600000
	139.240000	-37.788000	-27.200000
	139.260000	-38.244000	-25.000000
	139.280000	-38.664000	-23.000000
	139.300000	-39.036000	-20.800000
	139.320000	-39.360000	-18.600000
	139.340000	-39.636000	-16.200000
	139.360000	-39.864000	-13.800000
	139.380000	-40.056000	-11.600000
	139.400000	-40.188000	-9.200000
	139.420000	-40.284000	-7.000000
	139.440000	-40.332000	-4.600000
	139.460000	-40.356000	-2.800000
	139.480000	-40.332000	-0.800000
	139.500000	-40.272000	1.000000
	139.520000	-40.176000	3.000000
	139.540000	-40.056000	4.600000
	139.560000	-39.912000	6.000000
	139.580000	-39.744000	7.200000
	139.600000	-39.552000	8.400000
	139.620000	-39.348000	9.400000
	139.640000	-39.132000	10.200000
	139.660000	-38.904000	10.800000
	139.680000	-38.664000	11.400000
	139.700000	-38.412000	12.000000
	139.720000	-38.160000	12.400000
	139.740000	-37.908000	12.600000
	139.760000	-37.644000	12.800000
	139.780000	-37.380000	13.000000
	139.800000	-37.116000	13.200000
	139.820000	-36.852000	13.200000
	139.840000	-36.588000	13.200000
	139.860000	-36.324000	13.200000
	139.880000	-36.072000	13.000000
	139.900000	-35.820000	12.800000
	139.920000	-35.580000	12.400000
	139.940000	-35.352000	12.000000
	139.960000	-35.136000	11.400000
	139.980000	-34.932000	10.800000
	140.000000	-34.740000	10.200000
	140.020000	-34.572000	9.400000
	140.040000	-34.428000	8.400000
	140.060000	-34.308000	7.200000
	140.080000	-34.200000	6.200000
	140.100000	-34.116000	5.200000
	140.120000	-34.056000	4.200000
	140.140000	-34.032000	2.800000
	140.160000	-34.020000	1.600000
	140.180000	-34.032000	0.400000
	140.200000	-34.080000	-0.800000
	140.220000	-34.152000	-2.200000
	140.240000	-34.248000	-3.600000
	140.260000	-34.356000	-4.600000
	140.280000	-34.500000	-5.800000
	140.300000	-34.668000	-7.000000
	140.320000	-34.860000	-8.400000
	140.340000	-35.076000	-9.600000
	140.360000	-35.316000	-10.800000
	140.380000	-35.580000	-12.000000
	140.400000	-35.868000	-13.200000
	140.420000	-36.180000	-14.400000
	140.440000	-36.516000	-15.600000
	140.460000	-36.864000	-16.600000
	140.480000	-37.248000	-17.800000
	140.500000	-37.656000	-19.000000
	140.520000	-38.100000	-20.600000
	140.540000	-38.556000	-21.800000
	140.560000	-39.036000	-23.000000
	140.580000	-39.540000	-24.000000
	140.600000	-40.080000	-25.400000
	140.620000	-40.632000	-26.600000
	140.640000	-41.196000	-27.600000
	140.660000	-41.772000	-28.200000
	140.680000	-42.372000	-29.000000
	140.700000	-43.008000	-30.200000
	140.720000	-43.644000	-31.200000
	140.740000	-44.292000	-32.000000
	140.760000	-44.940000	-32.200000
	140.780000	-45.612000	-32.800000
	140.800000	-46.296000	-33.400000
	140.820000	-46.992000	-34.200000
	140.840000	-47.688000	-34.600000
	140.860000	-48.384000	-34.800000
	140.880000	-49.080000	-34.800000
	140.900000	-49.776000	-34.800000
	140.920000	-50.484000	-35.000000
	140.940000	-51.180000	-35.000000
	140.960000	-51.876000	-35.000000
	140.980000	-52.560000	-34.600000
	141.000000	-53.232000	-34.200000
	141.020000	-53.892000	-33.600000
	141.040000	-54.528000	-32.800000
	141.060000	-55.152000	-32.000000
	141.080000	-55.752000	-31.000000
	141.100000	-56.340000	-30.200000
	141.120000	-56.904000	-29.200000
	141.140000	-57.432000	-28.000000
	141.160000	-57.924000	-26.400000
	141.180000	-58.392000	-24.800000
	141.200000	-58.836000	-23.400000
	141.220000	-59.244000	-22.000000
	141.240000	-59.604000	-20.200000
	141.260000	-59.928000	-18.200000
	141.280000	-60.204000	-16.000000
	141.300000	-60.432000	-13.800000
	141.320000	-60.600000	-11.200000
	141.340000	-60.732000	-8.800000
	141.360000	-60.804000	-6.200000
	141.380000	-60.840000	-4.000000
	141.400000	-60.816000	-1.400000
	141.420000	-60.744000	1.000000
	141.440000	-60.624000	3.600000
	141.460000	-60.456000	6.000000
	141.480000	-60.252000	8.200000
	141.500000	-59.988000	10.600000
	141.520000	-59.676000	13.000000
	141.540000	-59.316000	15.600000
	141.560000	-58.920000	17.800000
	141.580000	-58.488000	19.800000
	141.600000	-58.008000	21.800000
	141.620000	-57.480000	24.000000
	141.640000	-56.904000	26.400000
	141.660000	-56.280000	28.800000
	141.680000	-55.620000	31.000000
	141.700000	-54.888000	33.600000
	141.720000	-54.132000	35.800000
	141.740000	-53.316000	38.400000
	141.760000	-52.464000	40.400000
	141.780000	-51.576000	42.600000
	141.800000	-50.652000	44.400000
	141.820000	-49.692000	46.200000
	141.840000	-48.684000	48.200000
	141.860000	-47.640000	50.200000
	141.880000	-46.560000	52.200000
	141.900000	-45.456000	53.800000
	141.920000	-44.292000	55.800000
	141.940000	-43.140000	57.000000
	141.960000	-41.940000	58.600000
	141.980000	-40.752000	59.000000
	142.000000	-39.504000	60.600000
	142.020000	-38.208000	62.200000
	142.040000	-36.900000	64.200000
	142.060000	-35.592000	65.200000
	142.080000	-34.284000	65.400000
	142.100000	-32.904000	66.600000
	142.120000	-31.536000	67.600000
	142.140000	-30.144000	69.000000
	142.160000	-28.788000	68.600000
	142.180000	-27.372000	69.400000
	142.200000	-25.968000	69.600000
	142.220000	-24.528000	71.000000
	142.240000	-23.076000	71.600000
	142.260000	-21.624000	72.400000
	142.280000	-20.160000	72.800000
	142.300000	-18.708000	72.800000
	142.320000	-17.196000	73.800000
	142.340000	-15.708000	74.200000
	142.360000	-14.196000	75.200000
	142.380000	-12.720000	74.600000
	142.400000	-11.220000	74.800000
	142.420000	-9.732000	74.400000
	142.440000	-8.220000	75.000000
	142.460000	-6.696000	75.400000
	142.480000	-5.172000	76.000000
	142.500000	-3.636000	76.400000
	142.520000	-2.124000	76.200000
	142.540000	-0.588000	76.400000
	142.560000	0.888000	75.400000
	142.580000	2.388000	75.200000
	142.600000	3.876000	74.400000
	142.620000	5.388000	75.000000
	142.640000	6.888000	75.000000
	142.660000	8.376000	75.000000
	142.680000	9.888000	75.000000
	142.700000	11.400000	75.200000
	142.720000	12.876000	75.000000
	142.740000	14.340000	74.200000
	142.760000	15.792000	73.200000
	142.780000	17.256000	73.000000
	142.800000	18.708000	72.800000
	142.820000	20.160000	72.800000
	142.840000	21.600000	72.400000
	142.860000	23.028000	72.000000
	142.880000	24.444000	71.400000
	142.900000	25.860000	71.000000
	142.920000	27.264000	70.600000
	142.940000	28.632000	69.800000
	142.960000	30.000000	69.000000
	142.980000	31.344000	68.000000
	143.000000	32.676000	67.400000
	143.020000	34.008000	66.800000
	143.040000	35.316000	66.200000
	143.060000	36.600000	65.400000
	143.080000	37.848000	64.000000
	143.100000	39.060000	62.400000
	143.120000	40.272000	61.200000
	143.140000	41.460000	60.200000
	143.160000	42.636000	59.600000
	143.180000	43.776000	58.400000
	143.200000	44.868000	56.800000
	143.220000	45.960000	55.400000
	143.240000	47.004000	53.800000
	143.260000	48.012000	52.400000
	143.280000	48.972000	50.200000
	143.300000	49.908000	48.400000
	143.320000	50.808000	46.600000
	143.340000	51.660000	44.800000
	143.360000	52.476000	42.800000
	143.380000	53.244000	40.600000
	143.400000	53.964000	38.400000
	143.420000	54.624000	35.800000
	143.440000	55.248000	33.400000
	143.460000	55.824000	31.000000
	143.480000	56.352000	28.800000
	143.500000	56.832000	26.400000
	143.520000	57.252000	23.800000
	143.540000	57.624000	21.200000
	143.560000	57.936000	18.400000
	143.580000	58.200000	15.800000
	143.600000	58.404000	13.000000
	143.620000	58.560000	10.400000
	143.640000	58.656000	7.600000
	143.660000	58.692000	4.800000
	143.680000	58.680000	2.000000
	143.700000	58.620000	-0.600000
	143.720000	58.512000	-3.000000
	143.740000	58.356000	-5.400000
	143.760000	58.152000	-7.800000
	143.780000	57.912000	-10.000000
	143.800000	57.612000	-12.400000
	143.820000	57.288000	-14.400000
	143.840000	56.928000	-16.400000
	143.860000	56.532000	-18.000000
	143.880000	56.100000	-19.800000
	143.900000	55.620000	-21.800000
	143.920000	55.128000	-23.400000
	143.940000	54.600000	-25.000000
	143.960000	54.048000	-26.200000
	143.980000	53.460000	-27.800000
	144.000000	52.836000	-29.400000
	144.020000	52.212000	-30.600000
	144.040000	51.564000	-31.600000
	144.060000	50.892000	-32.400000
	144.080000	50.184000	-33.800000
	144.100000	49.464000	-35.000000
	144.120000	48.732000	-36.000000
	144.140000	48.012000	-36.200000
	144.160000	47.268000	-36.600000
	144.180000	46.536000	-36.600000
	144.200000	45.792000	-37.000000
	144.220000	45.060000	-36.800000
	144.240000	44.304000	-37.200000
	144.260000	43.548000	-37.400000
	144.280000	42.804000	-37.600000
	144.300000	42.084000	-37.000000
	144.320000	41.352000	-36.600000
	144.340000	40.620000	-36.400000
	144.360000	39.888000	-36.600000
	144.380000	39.192000	-36.000000
	144.400000	38.508000	-35.200000
	144.420000	37.848000	-34.000000
	144.440000	37.188000	-33.400000
	144.460000	36.552000	-32.600000
	144.480000	35.928000	-32.000000
	144.500000	35.340000	-30.800000
	144.520000	34.764000	-29.800000
	144.540000	34.224000	-28.400000
	144.560000	33.708000	-27.200000
	144.580000	33.228000	-25.600000
	144.600000	32.772000	-24.200000
	144.620000	32.340000	-22.800000
	144.640000	31.944000	-21.400000
	144.660000	31.572000	-20.000000
	144.680000	31.236000	-18.400000
	144.700000	30.924000	-17.000000
	144.720000	30.660000	-15.200000
	144.740000	30.420000	-13.600000
	144.760000	30.228000	-11.600000
	144.780000	30.060000	-10.000000
	144.800000	29.940000	-8.000000
	144.820000	29.844000	-6.400000
	144.840000	29.796000	-4.400000
	144.860000	29.784000	-2.600000
	144.880000	29.808000	-0.600000
	144.900000	29.868000	1.200000
	144.920000	29.964000	3.000000
	144.940000	30.096000	4.800000
	144.960000	30.264000	6.600000
	144.980000	30.456000	8.200000
	145.000000	30.684000	9.800000
	145.020000	30.948000	11.400000
	145.040000	31.236000	13.000000
	145.060000	31.560000	14.600000
	145.080000	31.908000	16.000000
	145.100000	32.292000	17.600000
	145.120000	32.700000	19.000000
	145.140000	33.144000	20.600000
	145.160000	33.624000	22.200000
	145.180000	34.128000	23.800000
	145.200000	34.644000	25.000000
	145.220000	35.196000	26.200000
	145.240000	35.784000	27.600000
	145.260000	36.408000	29.400000
	145.280000	37.056000	31.000000
	145.300000	37.716000	32.200000
	145.320000	38.412000	33.400000
	145.340000	39.108000	34.200000
	145.360000	39.852000	35.600000
	145.380000	40.608000	36.600000
	145.400000	41.400000	38.200000
	145.420000	42.192000	39.000000
	145.440000	42.996000	39.800000
	145.460000	43.812000	40.200000
	145.480000	44.652000	41.000000
	145.500000	45.492000	41.600000
	145.520000	46.356000	42.400000
	145.540000	47.208000	42.600000
	145.560000	48.084000	43.200000
	145.580000	48.948000	43.200000
	145.600000	49.812000	43.400000
	145.620000	50.676000	43.200000
	145.640000	51.540000	43.200000
	145.660000	52.404000	43.200000
	145.680000	53.244000	42.800000
	145.700000	54.072000	42.200000
	145.720000	54.900000	41.600000
	145.740000	55.704000	41.000000
	145.760000	56.496000	40.400000
	145.780000	57.252000	39.200000
	145.800000	57.984000	38.000000
	145.820000	58.692000	36.600000
	145.840000	59.364000	35.200000
	145.860000	60.024000	34.000000
	145.880000	60.624000	32.200000
	145.900000	61.200000	30.600000
	145.920000	61.728000	28.400000
	145.940000	62.232000	26.800000
	145.960000	62.688000	24.800000
	145.980000	63.096000	22.800000
	146.000000	63.444000	20.200000
	146.020000	63.744000	17.600000
	146.040000	63.984000	14.800000
	146.060000	64.176000	12.200000
	146.080000	64.320000	9.600000
	146.100000	64.416000	7.200000
	146.120000	64.452000	4.600000
	146.140000	64.428000	1.800000
	146.160000	64.344000	-1.200000
	146.180000	64.200000	-4.200000
	146.200000	63.996000	-7.200000
	146.220000	63.744000	-10.000000
	146.240000	63.456000	-12.400000
	146.260000	63.108000	-14.800000
	146.280000	62.712000	-17.200000
	146.300000	62.256000	-20.000000
	146.320000	61.752000	-22.600000
	146.340000	61.200000	-25.200000
	146.360000	60.588000	-27.800000
	146.380000	59.940000	-30.200000
	146.400000	59.232000	-32.800000
	146.420000	58.488000	-35.000000
	146.440000	57.696000	-37.400000
	146.460000	56.868000	-39.400000
	146.480000	56.004000	-41.400000
	146.500000	55.092000	-43.400000
	146.520000	54.120000	-45.800000
	146.540000	53.100000	-48.400000
	146.560000	52.044000	-50.800000
	146.580000	50.988000	-52.200000
	146.600000	49.884000	-53.600000
	146.620000	48.768000	-54.600000
	146.640000	47.592000	-56.600000
	146.660000	46.416000	-57.800000
	146.680000	45.204000	-59.400000
	146.700000	43.968000	-60.400000
	146.720000	42.696000	-62.000000
	146.740000	41.400000	-63.400000
	146.760000	40.068000	-65.000000
	146.780000	38.724000	-66.200000
	146.800000	37.344000	-67.600000
	146.820000	35.988000	-68.000000
	146.840000	34.596000	-68.800000
	146.860000	33.216000	-68.800000
	146.880000	31.800000	-69.800000
	146.900000	30.372000	-70.400000
	146.920000	28.932000	-71.400000
	146.940000	27.504000	-71.600000
	146.960000	26.052000	-72.000000
	146.980000	24.588000	-72.400000
	147.000000	23.112000	-73.200000
	147.020000	21.636000	-73.600000
	147.040000	20.136000	-74.200000
	147.060000	18.648000	-74.400000
	147.080000	17.160000	-74.600000
	147.100000	15.672000	-74.400000
	147.120000	14.148000	-75.000000
	147.140000	12.648000	-75.200000
	147.160000	11.160000	-75.200000
	147.180000	9.648000	-75.000000
	147.200000	8.112000	-75.600000
	147.220000	6.588000	-76.200000
	147.240000	5.100000	-75.800000
	147.260000	3.624000	-74.800000
	147.280000	2.148000	-74.000000
	147.300000	0.660000	-74.000000
	147.320000	-0.828000	-74.200000
	147.340000	-2.304000	-74.200000
	147.360000	-3.768000	-73.800000
	147.380000	-5.208000	-73.000000
	147.400000	-6.660000	-72.600000
	147.420000	-8.088000	-72.000000
	147.440000	-9.504000	-71.600000
	147.460000	-10.920000	-71.000000
	147.480000	-12.312000	-70.400000
	147.500000	-13.692000	-69.800000
	147.520000	-15.048000	-68.800000
	147.540000	-16.404000	-68.200000
	147.560000	-17.724000	-67.200000
	147.580000	-19.032000	-66.400000
	147.600000	-20.292000	-64.800000
	147.620000	-21.528000	-63.400000
	147.640000	-22.728000	-61.600000
	147.660000	-23.916000	-60.400000
	147.680000	-25.068000	-59.000000
	147.700000	-26.172000	-57.400000
	147.720000	-27.240000	-55.400000
	147.740000	-28.284000	-53.600000
	147.760000	-29.304000	-52.200000
	147.780000	-30.288000	-50.800000
	147.800000	-31.224000	-49.000000
	147.820000	-32.124000	-47.000000
	147.840000	-32.976000	-44.800000
	147.860000	-33.804000	-43.000000
	147.880000	-34.584000	-41.000000
	147.900000	-35.316000	-39.000000
	147.920000	-36.000000	-36.600000
	147.940000	-36.636000	-34.200000
	147.960000	-37.248000	-32.200000
	147.980000	-37.812000	-30.200000
	148.000000	-38.328000	-28.200000
	148.020000	-38.784000	-25.600000
	148.040000	-39.192000	-23.000000
	148.060000	-39.564000	-20.600000
	148.080000	-39.888000	-18.400000
	148.100000	-40.164000	-16.200000
	148.120000	-40.392000	-13.800000
	148.140000	-40.572000	-11.400000
	148.160000	-40.716000	-9.200000
	148.180000	-40.812000	-7.000000
	148.200000	-40.872000	-5.000000
	148.220000	-40.884000	-2.800000
	148.240000	-40.860000	-0.800000
	148.260000	-40.800000	1.200000
	148.280000	-40.716000	2.800000
	148.300000	-40.596000	4.400000
	148.320000	-40.452000	5.800000
	148.340000	-40.284000	7.200000
	148.360000	-40.092000	8.400000
	148.380000	-39.888000	9.400000
	148.400000	-39.660000	10.400000
	148.420000	-39.420000	11.200000
	148.440000	-39.168000	12.000000
	148.460000	-38.916000	12.400000
	148.480000	-38.664000	12.600000
	148.500000	-38.400000	12.800000
	148.520000	-38.136000	13.000000
	148.540000	-37.872000	13.200000
	148.560000	-37.608000	13.200000
	148.580000	-37.344000	13.200000
	148.600000	-37.068000	13.400000
	148.620000	-36.804000	13.400000
	148.640000	-36.528000	13.600000
	148.660000	-36.264000	13.400000
	148.680000	-36.012000	13.200000
	148.700000	-35.772000	12.600000
	148.720000	-35.544000	12.000000
	148.740000	-35.328000	11.400000
	148.760000	-35.136000	10.600000
	148.780000	-34.956000	9.800000
	148.800000	-34.788000	9.000000
	148.820000	-34.644000	8.200000
	148.840000	-34.524000	7.200000
	148.860000	-34.428000	6.000000
	148.880000	-34.356000	4.800000
	148.900000	-34.320000	3.400000
	148.920000	-34.308000	2.000000
	148.940000	-34.320000	0.600000
	148.960000	-34.344000	-0.400000
	148.980000	-34.404000	-1.600000
	149.000000	-34.488000	-2.800000
	149.020000	-34.608000	-4.400000
	149.040000	-34.740000	-5.600000
	149.060000	-34.896000	-6.800000
	149.080000	-35.064000	-7.600000
	149.100000	-35.268000	-8.800000
	149.120000	-35.496000	-10.000000
	149.140000	-35.748000	-11.400000
	149.160000	-36.024000	-12.600000
	149.180000	-36.324000	-13.800000
	149.200000	-36.648000	-15.000000
	149.220000	-36.996000	-16.200000
	149.240000	-37.368000	-17.400000
	149.260000	-37.776000	-18.800000
	149.280000	-38.196000	-20.000000
	149.300000	-38.652000	-21.400000
	149.320000	-39.132000	-22.600000
	149.340000	-39.636000	-24.000000
	149.360000	-40.152000	-25.000000
	149.380000	-40.680000	-25.800000
	149.400000	-41.244000	-26.800000
	149.420000	-41.820000	-27.800000
	149.440000	-42.420000	-29.000000
	149.460000	-43.020000	-29.600000
	149.480000	-43.656000	-30.600000
	149.500000	-44.304000	-31.400000
	149.520000	-44.964000	-32.400000
	149.540000	-45.624000	-32.800000
	149.560000	-46.308000	-33.400000
	149.580000	-47.004000	-34.000000
	149.600000	-47.700000	-34.600000
	149.620000	-48.384000	-34.600000
	149.640000	-49.068000	-34.400000
	149.660000	-49.752000	-34.200000
	149.680000	-50.448000	-34.400000
	149.700000	-51.132000	-34.400000
	149.720000	-51.816000	-34.400000
	149.740000	-52.476000	-33.800000
	149.760000	-53.136000	-33.400000
	149.780000	-53.784000	-32.800000
	149.800000	-54.420000	-32.400000
	149.820000	-55.044000	-31.800000
	149.840000	-55.644000	-31.000000
	149.860000	-56.220000	-30.000000
	149.880000	-56.772000	-28.800000
	149.900000	-57.300000	-27.600000
	149.920000	-57.792000	-26.200000
	149.940000	-58.260000	-24.800000
	149.960000	-58.680000	-23.000000
	149.980000	-59.076000	-21.400000
	150.000000	-59.424000	-19.400000
	150.020000	-59.736000	-17.600000
	150.040000	-60.012000	-15.600000
	150.060000	-60.228000	-13.400000
	150.080000	-60.408000	-11.200000
	150.100000	-60.528000	-8.600000
	150.120000	-60.612000	-6.400000
	150.140000	-60.636000	-3.800000
	150.160000	-60.612000	-1.400000
	150.180000	-60.540000	1.200000
	150.200000	-60.420000	3.600000
	150.220000	-60.252000	6.000000
	150.240000	-60.036000	8.400000
	150.260000	-59.784000	10.600000
	150.280000	-59.484000	12.800000
	150.300000	-59.148000	14.800000
	150.320000	-58.752000	17.200000
	150.340000	-58.320000	19.400000
	150.360000	-57.828000	22.000000
	150.380000	-57.300000	24.200000
	150.400000	-56.724000	26.600000
	150.420000	-56.100000	28.800000
	150.440000	-55.428000	31.200000
	150.460000	-54.708000	33.600000
	150.480000	-53.940000	36.000000
	150.500000	-53.148000	38.000000
	150.520000	-52.320000	39.800000
	150.540000	-51.444000	41.600000
	150.560000	-50.508000	44.000000
	150.580000	-49.536000	46.400000
	150.600000	-48.540000	48.400000
	150.620000	-47.520000	49.800000
	150.640000	-46.428000	51.800000
	150.660000	-45.336000	53.400000
	150.680000	-44.184000	55.600000
	150.700000	-43.044000	56.400000
	150.720000	-41.856000	58.000000
	150.740000	-40.644000	59.000000
	150.760000	-39.396000	60.800000
	150.780000	-38.112000	62.400000
	150.800000	-36.840000	63.400000
	150.820000	-35.544000	64.200000
	150.840000	-34.224000	64.800000
	150.860000	-32.880000	66.000000
	150.880000	-31.536000	66.800000
	150.900000	-30.180000	67.400000
	150.920000	-28.788000	68.200000
	150.940000	-27.360000	69.600000
	150.960000	-25.932000	70.800000
	150.980000	-24.504000	71.400000
	151.000000	-23.076000	71.400000
	151.020000	-21.624000	71.800000
	151.040000	-20.184000	72.000000
	151.060000	-18.720000	72.600000
	151.080000	-17.244000	73.000000
	151.100000	-15.756000	73.800000
	151.120000	-14.268000	74.200000
	151.140000	-12.804000	74.000000
	151.160000	-11.292000	74.400000
	151.180000	-9.792000	74.600000
	151.200000	-8.292000	75.200000
	151.220000	-6.804000	74.800000
	151.240000	-5.292000	75.000000
	151.260000	-3.756000	75.600000
	151.280000	-2.244000	76.000000
	151.300000	-0.732000	76.000000
	151.320000	0.756000	75.200000
	151.340000	2.268000	75.200000
	151.360000	3.768000	75.000000
	151.380000	5.256000	75.000000
	151.400000	6.744000	74.600000
	151.420000	8.220000	74.200000
	151.440000	9.708000	74.200000
	151.460000	11.196000	74.200000
	151.480000	12.660000	74.000000
	151.500000	14.148000	74.000000
	151.520000	15.588000	73.200000
	151.540000	17.052000	73.200000
	151.560000	18.468000	72.000000
	151.580000	19.908000	72.000000
	151.600000	21.324000	71.200000
	151.620000	22.740000	71.200000
	151.640000	24.144000	70.600000
	151.660000	25.548000	70.400000
	151.680000	26.940000	70.000000
	151.700000	28.332000	69.800000
	151.720000	29.664000	68.600000
	151.740000	31.020000	68.000000
	151.760000	32.316000	66.400000
	151.780000	33.636000	66.200000
	151.800000	34.908000	64.800000
	151.820000	36.180000	64.400000
	151.840000	37.416000	63.000000
	151.860000	38.628000	62.000000
	151.880000	39.816000	60.600000
	151.900000	41.004000	59.800000
	151.920000	42.168000	59.000000
	151.940000	43.296000	58.000000
	151.960000	44.388000	56.400000
	151.980000	45.456000	54.800000
	152.000000	46.488000	53.200000
	152.020000	47.484000	51.600000
	152.040000	48.432000	49.600000
	152.060000	49.368000	48.000000
	152.080000	50.244000	46.000000
	152.100000	51.096000	44.400000
	152.120000	51.888000	42.000000
	152.140000	52.644000	40.000000
	152.160000	53.352000	37.600000
	152.180000	54.012000	35.400000
	152.200000	54.636000	33.200000
	152.220000	55.200000	30.800000
	152.240000	55.728000	28.600000
	152.260000	56.196000	26.000000
	152.280000	56.616000	23.600000
	152.300000	56.976000	20.800000
	152.320000	57.288000	18.200000
	152.340000	57.540000	15.400000
	152.360000	57.732000	12.600000
	152.380000	57.876000	9.800000
	152.400000	57.972000	7.200000
	152.420000	58.020000	4.800000
	152.440000	58.008000	2.200000
	152.460000	57.948000	-0.400000
	152.480000	57.840000	-3.000000
	152.500000	57.696000	-5.200000
	152.520000	57.504000	-7.400000
	152.540000	57.264000	-9.600000
	152.560000	56.988000	-11.800000
	152.580000	56.676000	-13.800000
	152.600000	56.328000	-15.600000
	152.620000	55.932000	-17.600000
	152.640000	55.512000	-19.400000
	152.660000	55.068000	-21.000000
	152.680000	54.588000	-22.400000
	152.700000	54.072000	-24.000000
	152.720000	53.532000	-25.600000
	152.740000	52.968000	-27.000000
	152.760000	52.380000	-28.200000
	152.780000	51.756000	-29.600000
	152.800000	51.132000	-30.600000
	152.820000	50.484000	-31.600000
	152.840000	49.824000	-32.200000
	152.860000	49.140000	-33.200000
	152.880000	48.444000	-34.000000
	152.900000	47.736000	-34.800000
	152.920000	47.016000	-35.400000
	152.940000	46.296000	-35.800000
	152.960000	45.576000	-36.000000
	152.980000	44.868000	-35.800000
	153.000000	44.160000	-35.600000
	153.020000	43.440000	-35.600000
	153.040000	42.720000	-35.800000
	153.060000	42.012000	-35.800000
	153.080000	41.304000	-35.600000
	153.100000	40.608000	-35.200000
	153.120000	39.924000	-34.800000
	153.140000	39.264000	-34.000000
	153.160000	38.604000	-33.400000
	153.180000	37.956000	-32.800000
	153.200000	37.332000	-32.200000
	153.220000	36.720000	-31.400000
	153.240000	36.144000	-30.200000
	153.260000	35.592000	-29.000000
	153.280000	35.076000	-27.400000
	153.300000	34.548000	-26.600000
	153.320000	34.056000	-25.600000
	153.340000	33.588000	-24.800000
	153.360000	33.168000	-23.000000
	153.380000	32.772000	-21.400000
	153.400000	32.400000	-19.800000
	153.420000	32.064000	-18.400000
	153.440000	31.752000	-17.000000
	153.460000	31.476000	-15.400000
	153.480000	31.236000	-13.800000
	153.500000	31.032000	-12.000000
	153.520000	30.864000	-10.200000
	153.540000	30.732000	-8.400000
	153.560000	30.636000	-6.600000
	153.580000	30.588000	-4.600000
	153.600000	30.564000	-2.800000
	153.620000	30.576000	-1.000000
	153.640000	30.624000	0.600000
	153.660000	30.720000	2.600000
	153.680000	30.852000	4.600000
	153.700000	31.008000	6.400000
	153.720000	31.188000	7.800000
	153.740000	31.404000	9.200000
	153.760000	31.656000	10.800000
	153.780000	31.944000	12.600000
	153.800000	32.256000	14.200000
	153.820000	32.604000	15.800000
	153.840000	32.976000	17.200000
	153.860000	33.384000	18.800000
	153.880000	33.828000	20.400000
	153.900000	34.296000	22.000000
	153.920000	34.800000	23.600000
	153.940000	35.316000	24.800000
	153.960000	35.880000	26.400000
	153.980000	36.468000	27.800000
	154.000000	37.092000	29.600000
	154.020000	37.740000	31.000000
	154.040000	38.400000	32.200000
	154.060000	39.096000	33.400000
	154.080000	39.804000	34.400000
	154.100000	40.536000	35.600000
	154.120000	41.280000	36.400000
	154.140000	42.060000	37.600000
	154.160000	42.876000	39.000000
	154.180000	43.704000	40.400000
	154.200000	44.544000	41.400000
	154.220000	45.384000	41.800000
	154.240000	46.236000	42.200000
	154.260000	47.088000	42.400000
	154.280000	47.952000	42.800000
	154.300000	48.828000	43.200000
	154.320000	49.704000	43.600000
	154.340000	50.604000	44.200000
	154.360000	51.492000	44.400000
	154.380000	52.368000	44.400000
	154.400000	53.220000	43.600000
	154.420000	54.072000	43.000000
	154.440000	54.936000	42.800000
	154.460000	55.776000	42.600000
	154.480000	56.604000	42.200000
	154.500000	57.408000	41.200000
	154.520000	58.188000	40.200000
	154.540000	58.944000	39.000000
	154.560000	59.664000	37.600000
	154.580000	60.360000	36.200000
	154.600000	61.020000	34.600000
	154.620000	61.644000	33.000000
	154.640000	62.232000	31.200000
	154.660000	62.772000	29.200000
	154.680000	63.276000	27.200000
	154.700000	63.732000	25.000000
	154.720000	64.152000	23.000000
	154.740000	64.512000	20.600000
	154.760000	64.836000	18.400000
	154.780000	65.088000	15.600000
	154.800000	65.292000	13.000000
	154.820000	65.424000	9.800000
	154.840000	65.508000	7.000000
	154.860000	65.532000	4.000000
	154.880000	65.508000	1.400000
	154.900000	65.424000	-1.400000
	154.920000	65.280000	-4.200000
	154.940000	65.088000	-7.000000
	154.960000	64.824000	-10.000000
	154.980000	64.512000	-12.800000
	155.000000	64.140000	-15.800000
	155.020000	63.732000	-18.200000
	155.040000	63.264000	-20.800000
	155.060000	62.748000	-23.200000
	155.080000	62.172000	-26.000000
	155.100000	61.560000	-28.400000
	155.120000	60.876000	-31.200000
	155.140000	60.156000	-33.600000
	155.160000	59.376000	-36.400000
	155.180000	58.560000	-38.600000
	155.200000	57.696000	-41.000000
	155.220000	56.796000	-43.000000
	155.240000	55.848000	-45.200000
	155.260000	54.852000	-47.400000
	155.280000	53.796000	-50.000000
	155.300000	52.716000	-52.200000
	155.320000	51.600000	-54.200000
	155.340000	50.460000	-55.600000
	155.360000	49.284000	-57.200000
	155.380000	48.096000	-58.400000
	155.400000	46.872000	-59.800000
	155.420000	45.624000	-61.000000
	155.440000	44.304000	-63.200000
	155.460000	43.008000	-64.400000
	155.480000	41.664000	-66.000000
	155.500000	40.320000	-66.400000
	155.520000	38.916000	-68.200000
	155.540000	37.500000	-69.400000
	155.560000	36.084000	-70.600000
	155.580000	34.644000	-71.200000
	155.600000	33.204000	-71.600000
	155.620000	31.752000	-72.200000
	155.640000	30.288000	-72.600000
	155.660000	28.800000	-73.400000
	155.680000	27.276000	-74.600000
	155.700000	25.764000	-75.400000
	155.720000	24.216000	-76.400000
	155.740000	22.704000	-76.200000
	155.760000	21.168000	-76.600000
	155.780000	19.644000	-76.200000
	155.800000	18.096000	-76.800000
	155.820000	16.536000	-77.200000
	155.840000	14.964000	-78.000000
	155.860000	13.392000	-78.400000
	155.880000	11.808000	-78.800000
	155.900000	10.260000	-78.400000
	155.920000	8.676000	-78.600000
	155.940000	7.104000	-78.400000
	155.960000	5.496000	-79.400000
	155.980000	3.924000	-79.200000
	156.000000	2.364000	-79.000000
	156.020000	0.816000	-78.000000
	156.040000	-0.768000	-78.200000
	156.060000	-2.340000	-78.400000
	156.080000	-3.912000	-78.800000
	156.100000	-5.436000	-77.800000
	156.120000	-7.008000	-77.800000
	156.140000	-8.544000	-77.200000
	156.160000	-10.104000	-77.800000
	156.180000	-11.592000	-76.400000
	156.200000	-13.092000	-75.800000
	156.220000	-14.556000	-74.200000
	156.240000	-16.044000	-74.200000
	156.260000	-17.472000	-73.000000
	156.280000	-18.924000	-72.800000
	156.300000	-20.316000	-71.200000
	156.320000	-21.708000	-70.600000
	156.340000	-23.052000	-68.800000
	156.360000	-24.384000	-67.800000
	156.380000	-25.692000	-66.400000
	156.400000	-26.964000	-65.200000
	156.420000	-28.188000	-63.400000
	156.440000	-29.412000	-62.000000
	156.460000	-30.588000	-60.400000
	156.480000	-31.752000	-59.400000
	156.500000	-32.832000	-57.000000
	156.520000	-33.888000	-55.000000
	156.540000	-34.896000	-52.400000
	156.560000	-35.868000	-50.600000
	156.580000	-36.792000	-48.400000
	156.600000	-37.680000	-46.400000
	156.620000	-38.532000	-44.400000
	156.640000	-39.324000	-42.200000
	156.660000	-40.080000	-40.000000
	156.680000	-40.776000	-37.400000
	156.700000	-41.436000	-35.200000
	156.720000	-42.024000	-32.400000
	156.740000	-42.564000	-29.800000
	156.760000	-43.056000	-27.000000
	156.780000	-43.500000	-24.600000
	156.800000	-43.896000	-22.200000
	156.820000	-44.232000	-19.600000
	156.840000	-44.508000	-16.800000
	156.860000	-44.736000	-14.000000
	156.880000	-44.916000	-11.400000
	156.900000	-45.048000	-9.000000
	156.920000	-45.132000	-6.600000
	156.940000	-45.156000	-4.000000
	156.960000	-45.144000	-1.600000
	156.980000	-45.084000	0.800000
	157.000000	-44.988000	2.800000
	157.020000	-44.844000	5.000000
	157.040000	-44.664000	7.000000
	157.060000	-44.460000	8.800000
	157.080000	-44.232000	10.200000
	157.100000	-43.980000	11.400000
	157.120000	-43.704000	12.600000
	157.140000	-43.404000	13.800000
	157.160000	-43.080000	15.000000
	157.180000	-42.744000	16.000000
	157.200000	-42.396000	16.800000
	157.220000	-42.036000	17.400000
	157.240000	-41.652000	18.200000
	157.260000	-41.256000	19.000000
	157.280000	-40.848000	19.800000
	157.300000	-40.440000	20.200000
	157.320000	-40.020000	20.600000
	157.340000	-39.612000	20.600000
	157.360000	-39.192000	20.800000
	157.380000	-38.784000	20.600000
	157.400000	-38.364000	20.800000
	157.420000	-37.956000	20.600000
	157.440000	-37.548000	20.600000
	157.460000	-37.164000	20.000000
	157.480000	-36.792000	19.400000
	157.500000	-36.432000	18.600000
	157.520000	-36.072000	18.200000
	157.540000	-35.736000	17.600000
	157.560000	-35.412000	17.000000
	157.580000	-35.124000	15.800000
	157.600000	-34.848000	14.800000
	157.620000	-34.608000	13.400000
	157.640000	-34.392000	12.200000
	157.660000	-34.200000	10.800000
	157.680000	-34.032000	9.600000
	157.700000	-33.900000	8.200000
	157.720000	-33.804000	6.600000
	157.740000	-33.744000	4.800000
	157.760000	-33.708000	3.200000
	157.780000	-33.708000	1.600000
	157.800000	-33.744000	0.000000
	157.820000	-33.816000	-1.800000
	157.840000	-33.924000	-3.600000
	157.860000	-34.056000	-5.200000
	157.880000	-34.212000	-6.600000
	157.900000	-34.404000	-8.000000
	157.920000	-34.632000	-9.600000
	157.940000	-34.884000	-11.200000
	157.960000	-35.160000	-12.600000
	157.980000	-35.472000	-14.000000
	158.000000	-35.820000	-15.600000
	158.020000	-36.192000	-17.200000
	158.040000	-36.576000	-18.400000
	158.060000	-37.008000	-19.800000
	158.080000	-37.464000	-21.200000
	158.100000	-37.956000	-23.000000
	158.120000	-38.460000	-24.200000
	158.140000	-39.000000	-25.600000
	158.160000	-39.564000	-26.800000
	158.180000	-40.164000	-28.400000
	158.200000	-40.776000	-29.600000
	158.220000	-41.424000	-31.000000
	158.240000	-42.084000	-32.000000
	158.260000	-42.780000	-33.400000
	158.280000	-43.476000	-34.200000
	158.300000	-44.196000	-35.200000
	158.320000	-44.916000	-35.600000
	158.340000	-45.660000	-36.400000
	158.360000	-46.404000	-36.800000
	158.380000	-47.160000	-37.400000
	158.400000	-47.928000	-37.800000
	158.420000	-48.696000	-38.200000
	158.440000	-49.464000	-38.400000
	158.460000	-50.232000	-38.400000
	158.480000	-50.988000	-38.200000
	158.500000	-51.744000	-38.000000
	158.520000	-52.476000	-37.400000
	158.540000	-53.208000	-37.000000
	158.560000	-53.928000	-36.400000
	158.580000	-54.636000	-36.000000
	158.600000	-55.320000	-35.200000
	158.620000	-55.980000	-34.200000
	158.640000	-56.628000	-33.200000
	158.660000	-57.240000	-32.000000
	158.680000	-57.816000	-30.600000
	158.700000	-58.356000	-28.800000
	158.720000	-58.872000	-27.200000
	158.740000	-59.364000	-25.800000
	158.760000	-59.808000	-24.200000
	158.780000	-60.216000	-22.400000
	158.800000	-60.564000	-20.000000
	158.820000	-60.864000	-17.600000
	158.840000	-61.128000	-15.200000
	158.860000	-61.344000	-13.000000
	158.880000	-61.512000	-10.800000
	158.900000	-61.608000	-8.000000
	158.920000	-61.656000	-5.200000
	158.940000	-61.644000	-2.200000
	158.960000	-61.584000	0.400000
	158.980000	-61.464000	3.200000
	159.000000	-61.308000	5.600000
	159.020000	-61.092000	8.200000
	159.040000	-60.828000	10.600000
	159.060000	-60.504000	13.400000
	159.080000	-60.096000	16.600000
	159.100000	-59.676000	19.200000
	159.120000	-59.208000	21.600000
	159.140000	-58.740000	22.600000
	159.160000	-58.188000	24.800000
	159.180000	-57.588000	27.000000
	159.200000	-56.916000	30.400000
	159.220000	-56.196000	33.200000
	159.240000	-55.428000	36.000000
	159.260000	-54.624000	38.200000
	159.280000	-53.772000	40.400000
	159.300000	-52.860000	42.800000
	159.320000	-51.912000	45.200000
	159.340000	-50.940000	47.200000
	159.360000	-49.932000	48.800000
	159.380000	-48.888000	50.400000
	159.400000	-47.760000	53.000000
	159.420000	-46.608000	55.400000
	159.440000	-45.420000	57.800000
	159.460000	-44.244000	58.600000
	159.480000	-43.020000	59.800000
	159.500000	-41.760000	61.000000
	159.520000	-40.476000	62.800000
	159.540000	-39.168000	64.200000
	159.560000	-37.836000	65.400000
	159.580000	-36.444000	67.200000
	159.600000	-35.076000	68.200000
	159.620000	-33.708000	68.800000
	159.640000	-32.340000	68.400000
	159.660000	-30.912000	69.400000
	159.680000	-29.472000	70.600000
	159.700000	-28.032000	71.800000
	159.720000	-26.568000	72.400000
	159.740000	-25.080000	73.200000
	159.760000	-23.592000	74.000000
	159.780000	-22.116000	74.200000
	159.800000	-20.628000	74.200000
	159.820000	-19.092000	75.000000
	159.840000	-17.556000	76.000000
	159.860000	-16.008000	77.000000
	159.880000	-14.472000	77.000000
	159.900000	-12.936000	77.000000
	159.920000	-11.412000	76.600000
	159.940000	-9.888000	76.400000
	159.960000	-8.340000	76.600000
	159.980000	-6.792000	77.000000
	160.000000	-5.232000	77.600000
	160.020000	-3.696000	77.400000
	160.040000	-2.136000	77.600000
	160.060000	-0.576000	77.600000
	160.080000	0.984000	78.000000
	160.100000	2.544000	78.000000
	160.120000	4.104000	78.000000
	160.140000	5.652000	77.800000
	160.160000	7.200000	77.600000
	160.180000	8.712000	76.800000
	160.200000	10.248000	76.600000
	160.220000	11.772000	76.200000
	160.240000	13.320000	76.800000
	160.260000	14.844000	76.600000
	160.280000	16.332000	76.000000
	160.300000	17.832000	75.200000
	160.320000	19.320000	74.600000
	160.340000	20.832000	75.000000
	160.360000	22.308000	74.600000
	160.380000	23.784000	74.400000
	160.400000	25.224000	73.200000
	160.420000	26.664000	72.600000
	160.440000	28.104000	72.000000
	160.460000	29.532000	71.800000
	160.480000	30.936000	71.200000
	160.500000	32.304000	70.000000
	160.520000	33.672000	69.000000
	160.540000	35.028000	68.200000
	160.560000	36.384000	68.000000
	160.580000	37.716000	67.400000
	160.600000	39.000000	66.200000
	160.620000	40.272000	64.800000
	160.640000	41.520000	63.400000
	160.660000	42.768000	62.800000
	160.680000	43.968000	61.600000
	160.700000	45.144000	60.400000
	160.720000	46.272000	58.400000
	160.740000	47.388000	57.000000
	160.760000	48.456000	55.200000
	160.780000	49.524000	54.200000
	160.800000	50.532000	52.400000
	160.820000	51.492000	50.600000
	160.840000	52.392000	47.800000
	160.860000	53.268000	45.600000
	160.880000	54.120000	43.800000
	160.900000	54.912000	42.000000
	160.920000	55.644000	39.600000
	160.940000	56.328000	36.800000
	160.960000	56.964000	34.200000
	160.980000	57.552000	31.800000
	161.000000	58.080000	29.200000
	161.020000	58.560000	26.600000
	161.040000	58.980000	23.800000
	161.060000	59.352000	21.200000
	161.080000	59.664000	18.400000
	161.100000	59.916000	15.600000
	161.120000	60.108000	12.600000
	161.140000	60.240000	9.600000
	161.160000	60.312000	6.600000
	161.180000	60.324000	3.600000
	161.200000	60.288000	0.800000
	161.220000	60.204000	-1.800000
	161.240000	60.072000	-4.200000
	161.260000	59.892000	-6.600000
	161.280000	59.664000	-9.000000
	161.300000	59.388000	-11.400000
	161.320000	59.064000	-13.800000
	161.340000	58.692000	-16.200000
	161.360000	58.284000	-18.400000
	161.380000	57.852000	-20.200000
	161.400000	57.384000	-21.800000
	161.420000	56.880000	-23.400000
	161.440000	56.328000	-25.400000
	161.460000	55.740000	-27.400000
	161.480000	55.140000	-29.000000
	161.500000	54.492000	-30.600000
	161.520000	53.844000	-31.600000
	161.540000	53.160000	-33.000000
	161.560000	52.464000	-33.800000
	161.580000	51.744000	-35.000000
	161.600000	51.000000	-36.000000
	161.620000	50.244000	-37.000000
	161.640000	49.464000	-38.000000
	161.660000	48.672000	-38.800000
	161.680000	47.880000	-39.400000
	161.700000	47.088000	-39.600000
	161.720000	46.284000	-39.800000
	161.740000	45.492000	-39.800000
	161.760000	44.676000	-40.200000
	161.780000	43.884000	-40.000000
	161.800000	43.080000	-40.200000
	161.820000	42.288000	-39.800000
	161.840000	41.496000	-39.800000
	161.860000	40.704000	-39.600000
	161.880000	39.948000	-39.000000
	161.900000	39.192000	-38.400000
	161.920000	38.460000	-37.400000
	161.940000	37.740000	-36.800000
	161.960000	37.044000	-35.800000
	161.980000	36.348000	-35.200000
	162.000000	35.676000	-34.400000
	162.020000	35.028000	-33.600000
	162.040000	34.428000	-32.000000
	162.060000	33.840000	-30.600000
	162.080000	33.276000	-29.200000
	162.100000	32.736000	-28.200000
	162.120000	32.220000	-27.000000
	162.140000	31.740000	-25.600000
	162.160000	31.284000	-24.200000
	162.180000	30.876000	-22.400000
	162.200000	30.492000	-20.800000
	162.220000	30.144000	-19.000000
	162.240000	29.820000	-17.600000
	162.260000	29.544000	-15.800000
	162.280000	29.304000	-14.000000
	162.300000	29.100000	-12.000000
	162.320000	28.920000	-10.400000
	162.340000	28.788000	-8.600000
	162.360000	28.692000	-6.800000
	162.380000	28.644000	-4.600000
	162.400000	28.620000	-2.800000
	162.420000	28.644000	-0.800000
	162.440000	28.692000	0.800000
	162.460000	28.788000	2.800000
	162.480000	28.920000	4.600000
	162.500000	29.088000	6.600000
	162.520000	29.280000	8.200000
	162.540000	29.496000	9.600000
	162.560000	29.748000	11.000000
	162.580000	30.036000	12.600000
	162.600000	30.360000	14.400000
	162.620000	30.708000	16.000000
	162.640000	31.080000	17.400000
	162.660000	31.476000	18.600000
	162.680000	31.908000	20.000000
	162.700000	32.364000	21.400000
	162.720000	32.856000	23.000000
	162.740000	33.384000	24.600000
	162.760000	33.948000	26.400000
	162.780000	34.524000	27.800000
	162.800000	35.124000	29.000000
	162.820000	35.748000	30.000000
	162.840000	36.408000	31.400000
	162.860000	37.092000	32.800000
	162.880000	37.788000	34.000000
	162.900000	38.520000	35.200000
	162.920000	39.252000	36.000000
	162.940000	40.020000	37.200000
	162.960000	40.800000	38.000000
	162.980000	41.604000	39.200000
	163.000000	42.420000	40.000000
	163.020000	43.224000	40.400000
	163.040000	44.052000	40.800000
	163.060000	44.892000	41.200000
	163.080000	45.744000	42.000000
	163.100000	46.596000	42.400000
	163.120000	47.448000	42.600000
	163.140000	48.300000	42.600000
	163.160000	49.140000	42.400000
	163.180000	49.980000	42.200000
	163.200000	50.820000	42.000000
	163.220000	51.648000	41.800000
	163.240000	52.464000	41.400000
	163.260000	53.256000	40.600000
	163.280000	54.060000	40.200000
	163.300000	54.828000	39.400000
	163.320000	55.596000	39.000000
	163.340000	56.316000	37.600000
	163.360000	57.024000	36.600000
	163.380000	57.684000	34.800000
	163.400000	58.332000	33.600000
	163.420000	58.932000	31.800000
	163.440000	59.508000	30.400000
	163.460000	60.036000	28.400000
	163.480000	60.528000	26.600000
	163.500000	60.984000	24.600000
	163.520000	61.392000	22.600000
	163.540000	61.764000	20.600000
	163.560000	62.076000	18.200000
	163.580000	62.328000	15.600000
	163.600000	62.532000	12.800000
	163.620000	62.688000	10.200000
	163.640000	62.796000	7.800000
	163.660000	62.844000	5.200000
	163.680000	62.832000	2.400000
	163.700000	62.772000	-0.400000
	163.720000	62.652000	-3.200000
	163.740000	62.496000	-5.600000
	163.760000	62.280000	-8.200000
	163.780000	62.016000	-10.600000
	163.800000	61.680000	-13.600000
	163.820000	61.308000	-16.200000
	163.840000	60.900000	-18.600000
	163.860000	60.444000	-20.600000
	163.880000	59.928000	-23.000000
	163.900000	59.364000	-25.600000
	163.920000	58.764000	-28.000000
	163.940000	58.128000	-30.000000
	163.960000	57.420000	-32.400000
	163.980000	56.664000	-35.000000
	164.000000	55.872000	-37.600000
	164.020000	55.056000	-39.400000
	164.040000	54.192000	-41.200000
	164.060000	53.268000	-43.400000
	164.080000	52.320000	-45.600000
	164.100000	51.336000	-47.600000
	164.120000	50.340000	-48.800000
	164.140000	49.284000	-50.600000
	164.160000	48.204000	-52.200000
	164.180000	47.100000	-54.000000
	164.200000	45.972000	-55.200000
	164.220000	44.808000	-56.600000
	164.240000	43.596000	-58.400000
	164.260000	42.384000	-59.800000
	164.280000	41.172000	-60.600000
	164.300000	39.936000	-61.000000
	164.320000	38.664000	-62.000000
	164.340000	37.380000	-63.200000
	164.360000	36.096000	-64.000000
	164.380000	34.800000	-64.400000
	164.400000	33.468000	-65.200000
	164.420000	32.112000	-66.400000
	164.440000	30.756000	-67.400000
	164.460000	29.388000	-68.000000
	164.480000	28.032000	-68.000000
	164.500000	26.652000	-68.400000
	164.520000	25.296000	-68.200000
	164.540000	23.880000	-69.200000
	164.560000	22.488000	-69.400000
	164.580000	21.084000	-70.200000
	164.600000	19.704000	-69.600000
	164.620000	18.312000	-69.600000
	164.640000	16.896000	-69.800000
	164.660000	15.480000	-70.400000
	164.680000	14.052000	-71.000000
	164.700000	12.624000	-71.200000
	164.720000	11.220000	-71.000000
	164.740000	9.804000	-70.800000
	164.760000	8.424000	-70.000000
	164.780000	7.044000	-69.600000
	164.800000	5.676000	-68.800000
	164.820000	4.284000	-69.000000
	164.840000	2.904000	-69.000000
	164.860000	1.536000	-69.000000
	164.880000	0.192000	-68.200000
	164.900000	-1.164000	-67.800000
	164.920000	-2.496000	-67.200000
	164.940000	-3.828000	-67.000000
	164.960000	-5.160000	-66.600000
	164.980000	-6.480000	-66.400000
	165.000000	-7.776000	-65.800000
	165.020000	-9.024000	-64.400000
	165.040000	-10.260000	-63.000000
	165.060000	-11.484000	-61.800000
	165.080000	-12.696000	-61.200000
	165.100000	-13.884000	-60.400000
	165.120000	-15.060000	-59.600000
	165.140000	-16.200000	-58.400000
	165.160000	-17.328000	-57.400000
	165.180000	-18.408000	-55.800000
	165.200000	-19.452000	-54.200000
	165.220000	-20.472000	-52.400000
	165.240000	-21.468000	-51.000000
	165.260000	-22.440000	-49.800000
	165.280000	-23.364000	-48.200000
	165.300000	-24.264000	-46.600000
	165.320000	-25.128000	-44.800000
	165.340000	-25.956000	-43.200000
	165.360000	-26.748000	-41.400000
	165.380000	-27.516000	-39.800000
	165.400000	-28.236000	-38.000000
	165.420000	-28.920000	-36.200000
	165.440000	-29.556000	-34.000000
	165.460000	-30.168000	-32.200000
	165.480000	-30.732000	-30.200000
	165.500000	-31.260000	-28.400000
	165.520000	-31.752000	-26.400000
	165.540000	-32.196000	-24.400000
	165.560000	-32.604000	-22.400000
	165.580000	-32.964000	-20.200000
	165.600000	-33.300000	-18.400000
	165.620000	-33.588000	-16.400000
	165.640000	-33.840000	-14.600000
	165.660000	-34.044000	-12.400000
	165.680000	-34.224000	-10.600000
	165.700000	-34.368000	-8.800000
	165.720000	-34.464000	-7.000000
	165.740000	-34.524000	-5.000000
	165.760000	-34.560000	-3.200000
	165.780000	-34.572000	-1.800000
	165.800000	-34.548000	-0.400000
	165.820000	-34.488000	1.200000
	165.840000	-34.404000	2.800000
	165.860000	-34.308000	4.000000
	165.880000	-34.188000	5.000000
	165.900000	-34.056000	5.800000
	165.920000	-33.912000	6.600000
	165.940000	-33.768000	7.000000
	165.960000	-33.612000	7.400000
	165.980000	-33.444000	7.800000
	166.000000	-33.264000	8.400000
	166.020000	-33.096000	8.600000
	166.040000	-32.928000	8.600000
	166.060000	-32.772000	8.200000
	166.080000	-32.616000	8.000000
	166.100000	-32.472000	7.600000
	166.120000	-32.340000	7.200000
	166.140000	-32.220000	6.600000
	166.160000	-32.124000	5.800000
	166.180000	-32.028000	5.200000
	166.200000	-31.944000	4.600000
	166.220000	-31.872000	4.200000
	166.240000	-31.824000	3.400000
	166.260000	-31.788000	2.600000
	166.280000	-31.764000	1.800000
	166.300000	-31.764000	1.000000
	166.320000	-31.788000	5.551115E-17
	166.340000	-31.836000	-1.200000
	166.360000	-31.884000	-2.000000
	166.380000	-31.956000	-2.800000
	166.400000	-32.040000	-3.400000
	166.420000	-32.160000	-4.600000
	166.440000	-32.292000	-5.600000
	166.460000	-32.436000	-6.600000
	166.480000	-32.592000	-7.200000
	166.500000	-32.772000	-8.000000
	166.520000	-32.988000	-9.200000
	166.540000	-33.228000	-10.600000
	166.560000	-33.480000	-11.800000
	166.580000	-33.756000	-12.800000
	166.600000	-34.044000	-13.600000
	166.620000	-34.368000	-14.800000
	166.640000	-34.704000	-15.800000
	166.660000	-35.064000	-17.000000
	166.680000	-35.436000	-17.800000
	166.700000	-35.832000	-18.800000
	166.720000	-36.252000	-19.800000
	166.740000	-36.708000	-21.200000
	166.760000	-37.176000	-22.400000
	166.780000	-37.668000	-23.600000
	166.800000	-38.172000	-24.400000
	166.820000	-38.700000	-25.400000
	166.840000	-39.252000	-26.400000
	166.860000	-39.816000	-27.400000
	166.880000	-40.404000	-28.400000
	166.900000	-41.004000	-29.200000
	166.920000	-41.616000	-30.000000
	166.940000	-42.240000	-30.600000
	166.960000	-42.888000	-31.400000
	166.980000	-43.560000	-32.400000
	167.000000	-44.244000	-33.400000
	167.020000	-44.928000	-34.000000
	167.040000	-45.624000	-34.400000
	167.060000	-46.344000	-35.000000
	167.080000	-47.076000	-35.800000
	167.100000	-47.820000	-36.600000
	167.120000	-48.552000	-36.800000
	167.140000	-49.284000	-36.800000
	167.160000	-50.016000	-36.600000
	167.180000	-50.736000	-36.400000
	167.200000	-51.456000	-36.200000
	167.220000	-52.164000	-35.800000
	167.240000	-52.884000	-35.800000
	167.260000	-53.580000	-35.400000
	167.280000	-54.264000	-35.000000
	167.300000	-54.924000	-34.000000
	167.320000	-55.584000	-33.400000
	167.340000	-56.220000	-32.600000
	167.360000	-56.832000	-31.800000
	167.380000	-57.420000	-30.600000
	167.400000	-57.984000	-29.400000
	167.420000	-58.524000	-28.200000
	167.440000	-59.016000	-26.600000
	167.460000	-59.472000	-24.800000
	167.480000	-59.892000	-22.800000
	167.500000	-60.288000	-21.200000
	167.520000	-60.636000	-19.400000
	167.540000	-60.936000	-17.400000
	167.560000	-61.188000	-15.000000
	167.580000	-61.392000	-12.600000
	167.600000	-61.548000	-10.200000
	167.620000	-61.644000	-7.600000
	167.640000	-61.692000	-5.000000
	167.660000	-61.680000	-2.200000
	167.680000	-61.620000	0.400000
	167.700000	-61.512000	3.000000
	167.720000	-61.356000	5.400000
	167.740000	-61.164000	7.600000
	167.760000	-60.924000	9.800000
	167.780000	-60.624000	12.200000
	167.800000	-60.276000	14.800000
	167.820000	-59.880000	17.400000
	167.840000	-59.460000	19.400000
	167.860000	-58.992000	21.400000
	167.880000	-58.464000	23.600000
	167.900000	-57.888000	26.200000
	167.920000	-57.264000	28.800000
	167.940000	-56.592000	31.200000
	167.960000	-55.872000	33.600000
	167.980000	-55.092000	36.200000
	168.000000	-54.288000	38.400000
	168.020000	-53.448000	40.400000
	168.040000	-52.560000	42.200000
	168.060000	-51.636000	44.200000
	168.080000	-50.640000	46.800000
	168.100000	-49.632000	48.800000
	168.120000	-48.564000	51.200000
	168.140000	-47.496000	52.400000
	168.160000	-46.368000	54.400000
	168.180000	-45.216000	55.800000
	168.200000	-44.028000	57.800000
	168.220000	-42.816000	59.200000
	168.240000	-41.592000	60.400000
	168.260000	-40.332000	61.600000
	168.280000	-39.048000	62.800000
	168.300000	-37.740000	64.200000
	168.320000	-36.432000	65.000000
	168.340000	-35.100000	65.800000
	168.360000	-33.708000	67.200000
	168.380000	-32.292000	69.000000
	168.400000	-30.888000	70.200000
	168.420000	-29.496000	70.200000
	168.440000	-28.092000	70.000000
	168.460000	-26.640000	70.800000
	168.480000	-25.176000	72.000000
	168.500000	-23.700000	73.200000
	168.520000	-22.224000	73.600000
	168.540000	-20.736000	74.000000
	168.560000	-19.212000	74.800000
	168.580000	-17.700000	75.400000
	168.600000	-16.200000	75.600000
	168.620000	-14.700000	75.200000
	168.640000	-13.176000	75.400000
	168.660000	-11.628000	76.200000
	168.680000	-10.080000	77.000000
	168.700000	-8.520000	77.600000
	168.720000	-6.972000	77.600000
	168.740000	-5.448000	77.200000
	168.760000	-3.948000	76.200000
	168.780000	-2.424000	75.800000
	168.800000	-0.864000	76.400000
	168.820000	0.696000	77.400000
	168.840000	2.244000	77.800000
	168.860000	3.768000	77.200000
	168.880000	5.316000	77.000000
	168.900000	6.840000	76.600000
	168.920000	8.400000	77.200000
	168.940000	9.912000	76.600000
	168.960000	11.448000	76.800000
	168.980000	12.972000	76.200000
	169.000000	14.508000	76.600000
	169.020000	16.020000	76.200000
	169.040000	17.520000	75.800000
	169.060000	19.032000	75.400000
	169.080000	20.556000	75.600000
	169.100000	22.044000	75.400000
	169.120000	23.520000	74.800000
	169.140000	24.972000	73.600000
	169.160000	26.436000	73.200000
	169.180000	27.876000	72.600000
	169.200000	29.316000	72.400000
	169.220000	30.720000	71.400000
	169.240000	32.124000	70.800000
	169.260000	33.516000	70.000000
	169.280000	34.896000	69.600000
	169.300000	36.264000	69.000000
	169.320000	37.620000	68.400000
	169.340000	38.964000	67.800000
	169.360000	40.272000	66.800000
	169.380000	41.556000	65.600000
	169.400000	42.804000	64.000000
	169.420000	44.052000	63.000000
	169.440000	45.240000	61.400000
	169.460000	46.416000	60.200000
	169.480000	47.544000	58.200000
	169.500000	48.660000	57.000000
	169.520000	49.740000	55.400000
	169.540000	50.772000	53.800000
	169.560000	51.780000	52.000000
	169.580000	52.740000	50.000000
	169.600000	53.652000	48.000000
	169.620000	54.504000	45.400000
	169.640000	55.320000	43.000000
	169.660000	56.112000	41.000000
	169.680000	56.844000	39.000000
	169.700000	57.516000	36.600000
	169.720000	58.116000	33.400000
	169.740000	58.680000	30.600000
	169.760000	59.196000	28.000000
	169.780000	59.652000	25.600000
	169.800000	60.048000	22.800000
	169.820000	60.372000	19.600000
	169.840000	60.648000	16.600000
	169.860000	60.864000	13.600000
	169.880000	61.032000	11.000000
	169.900000	61.140000	8.200000
	169.920000	61.188000	5.400000
	169.940000	61.176000	2.400000
	169.960000	61.104000	-0.600000
	169.980000	60.972000	-3.600000
	170.000000	60.792000	-6.400000
	170.020000	60.576000	-8.800000
	170.040000	60.312000	-11.000000
	170.060000	59.988000	-13.400000
	170.080000	59.628000	-15.800000
	170.100000	59.220000	-18.200000
	170.120000	58.788000	-20.000000
	170.140000	58.296000	-22.200000
	170.160000	57.768000	-24.200000
	170.180000	57.204000	-26.400000
	170.200000	56.604000	-28.200000
	170.220000	55.992000	-29.600000
	170.240000	55.344000	-31.000000
	170.260000	54.672000	-32.200000
	170.280000	53.952000	-34.000000
	170.300000	53.208000	-35.600000
	170.320000	52.452000	-37.000000
	170.340000	51.684000	-37.800000
	170.360000	50.892000	-38.600000
	170.380000	50.088000	-39.400000
	170.400000	49.260000	-40.400000
	170.420000	48.432000	-41.000000
	170.440000	47.592000	-41.600000
	170.460000	46.752000	-41.800000
	170.480000	45.900000	-42.200000
	170.500000	45.036000	-42.600000
	170.520000	44.208000	-42.400000
	170.540000	43.368000	-42.200000
	170.560000	42.540000	-41.600000
	170.580000	41.688000	-42.000000
	170.600000	40.848000	-42.000000
	170.620000	40.032000	-41.800000
	170.640000	39.228000	-41.000000
	170.660000	38.448000	-40.000000
	170.680000	37.668000	-39.400000
	170.700000	36.900000	-38.800000
	170.720000	36.156000	-38.200000
	170.740000	35.424000	-37.400000
	170.760000	34.716000	-36.400000
	170.780000	34.032000	-35.400000
	170.800000	33.372000	-34.200000
	170.820000	32.724000	-33.200000
	170.840000	32.112000	-32.000000
	170.860000	31.536000	-30.600000
	170.880000	30.996000	-28.800000
	170.900000	30.480000	-27.200000
	170.920000	29.976000	-26.000000
	170.940000	29.520000	-24.600000
	170.960000	29.088000	-23.200000
	170.980000	28.692000	-21.400000
	171.000000	28.332000	-19.800000
	171.020000	28.008000	-18.000000
	171.040000	27.720000	-16.200000
	171.060000	27.468000	-14.400000
	171.080000	27.240000	-12.800000
	171.100000	27.060000	-11.000000
	171.120000	26.916000	-9.200000
	171.140000	26.820000	-7.000000
	171.160000	26.760000	-5.000000
	171.180000	26.724000	-3.200000
	171.200000	26.724000	-1.600000
	171.220000	26.772000	0.200000
	171.240000	26.856000	2.200000
	171.260000	26.976000	4.200000
	171.280000	27.120000	5.800000
	171.300000	27.300000	7.400000
	171.320000	27.516000	9.000000
	171.340000	27.756000	10.600000
	171.360000	28.032000	12.200000
	171.380000	28.332000	13.600000
	171.400000	28.668000	15.200000
	171.420000	29.028000	16.600000
	171.440000	29.412000	18.000000
	171.460000	29.820000	19.200000
	171.480000	30.264000	20.600000
	171.500000	30.756000	22.400000
	171.520000	31.272000	24.200000
	171.540000	31.800000	25.600000
	171.560000	32.340000	26.400000
	171.580000	32.916000	27.400000
	171.600000	33.540000	29.000000
	171.620000	34.188000	30.800000
	171.640000	34.860000	32.400000
	171.660000	35.532000	33.200000
	171.680000	36.228000	34.000000
	171.700000	36.960000	35.000000
	171.720000	37.704000	36.200000
	171.740000	38.460000	37.200000
	171.760000	39.216000	37.600000
	171.780000	39.996000	38.200000
	171.800000	40.812000	39.200000
	171.820000	41.628000	40.200000
	171.840000	42.444000	40.800000
	171.860000	43.260000	40.800000
	171.880000	44.100000	41.200000
	171.900000	44.928000	41.400000
	171.920000	45.756000	41.600000
	171.940000	46.572000	41.200000
	171.960000	47.412000	41.400000
	171.980000	48.240000	41.400000
	172.000000	49.056000	41.400000
	172.020000	49.860000	40.800000
	172.040000	50.640000	40.000000
	172.060000	51.420000	39.400000
	172.080000	52.200000	39.000000
	172.100000	52.968000	38.800000
	172.120000	53.700000	38.000000
	172.140000	54.384000	36.400000
	172.160000	55.044000	34.600000
	172.180000	55.692000	33.200000
	172.200000	56.316000	32.200000
	172.220000	56.916000	31.200000
	172.240000	57.468000	29.600000
	172.260000	57.984000	27.800000
	172.280000	58.452000	25.600000
	172.300000	58.896000	23.800000
	172.320000	59.304000	22.000000
	172.340000	59.652000	20.000000
	172.360000	59.952000	17.600000
	172.380000	60.204000	15.000000
	172.400000	60.420000	12.800000
	172.420000	60.576000	10.400000
	172.440000	60.684000	8.000000
	172.460000	60.744000	5.400000
	172.480000	60.744000	2.800000
	172.500000	60.696000	0.200000
	172.520000	60.600000	-2.400000
	172.540000	60.456000	-4.800000
	172.560000	60.252000	-7.400000
	172.580000	60.000000	-10.000000
	172.600000	59.712000	-12.400000
	172.620000	59.376000	-14.600000
	172.640000	58.992000	-16.800000
	172.660000	58.560000	-19.200000
	172.680000	58.080000	-21.600000
	172.700000	57.564000	-23.800000
	172.720000	57.000000	-26.000000
	172.740000	56.400000	-28.000000
	172.760000	55.752000	-30.200000
	172.780000	55.068000	-32.200000
	172.800000	54.336000	-34.400000
	172.820000	53.568000	-36.400000
	172.840000	52.740000	-38.800000
	172.860000	51.876000	-41.000000
	172.880000	51.000000	-42.800000
	172.900000	50.088000	-44.200000
	172.920000	49.140000	-45.600000
	172.940000	48.156000	-47.400000
	172.960000	47.160000	-48.800000
	172.980000	46.164000	-49.600000
	173.000000	45.108000	-50.800000
	173.020000	44.004000	-52.600000
	173.040000	42.888000	-54.600000
	173.060000	41.760000	-55.800000
	173.080000	40.644000	-56.000000
	173.100000	39.468000	-57.000000
	173.120000	38.280000	-58.000000
	173.140000	37.068000	-59.600000
	173.160000	35.856000	-60.200000
	173.180000	34.656000	-60.400000
	173.200000	33.444000	-60.400000
	173.220000	32.208000	-60.800000
	173.240000	30.936000	-62.000000
	173.260000	29.676000	-62.800000
	173.280000	28.416000	-63.200000
	173.300000	27.156000	-63.000000
	173.320000	25.860000	-63.600000
	173.340000	24.576000	-64.000000
	173.360000	23.304000	-64.200000
	173.380000	22.044000	-63.600000
	173.400000	20.772000	-63.400000
	173.420000	19.488000	-63.600000
	173.440000	18.180000	-64.400000
	173.460000	16.896000	-64.600000
	173.480000	15.612000	-64.600000
	173.500000	14.376000	-63.400000
	173.520000	13.128000	-62.800000
	173.540000	11.868000	-62.400000
	173.560000	10.596000	-63.000000
	173.580000	9.348000	-63.000000
	173.600000	8.112000	-62.600000
	173.620000	6.888000	-61.800000
	173.640000	5.664000	-61.400000
	173.660000	4.464000	-60.800000
	173.680000	3.288000	-60.000000
	173.700000	2.112000	-59.200000
	173.720000	0.948000	-58.600000
	173.740000	-0.204000	-58.200000
	173.760000	-1.344000	-57.600000
	173.780000	-2.460000	-56.800000
	173.800000	-3.564000	-56.000000
	173.820000	-4.632000	-54.800000
	173.840000	-5.676000	-53.600000
	173.860000	-6.708000	-52.400000
	173.880000	-7.716000	-51.400000
	173.900000	-8.712000	-50.600000
	173.920000	-9.672000	-49.400000
	173.940000	-10.620000	-48.400000
	173.960000	-11.532000	-47.000000
	173.980000	-12.408000	-45.600000
	174.000000	-13.248000	-43.800000
	174.020000	-14.088000	-42.600000
	174.040000	-14.892000	-41.400000
	174.060000	-15.660000	-40.200000
	174.080000	-16.404000	-38.600000
	174.100000	-17.112000	-37.000000
	174.120000	-17.784000	-35.400000
	174.140000	-18.396000	-33.200000
	174.160000	-18.984000	-31.200000
	174.180000	-19.548000	-29.400000
	174.200000	-20.076000	-28.000000
	174.220000	-20.580000	-26.600000
	174.240000	-21.048000	-25.000000
	174.260000	-21.492000	-23.600000
	174.280000	-21.888000	-21.800000
	174.300000	-22.260000	-20.200000
	174.320000	-22.584000	-18.200000
	174.340000	-22.884000	-16.600000
	174.360000	-23.148000	-14.800000
	174.380000	-23.376000	-13.200000
	174.400000	-23.580000	-11.600000
	174.420000	-23.748000	-10.000000
	174.440000	-23.892000	-8.600000
	174.460000	-24.000000	-7.000000
	174.480000	-24.084000	-5.600000
	174.500000	-24.132000	-4.000000
	174.520000	-24.156000	-2.600000
	174.540000	-24.156000	-1.200000
	174.560000	-24.144000	-0.200000
	174.580000	-24.108000	0.800000
	174.600000	-24.048000	1.800000
	174.620000	-23.976000	2.800000
	174.640000	-23.892000	3.600000
	174.660000	-23.808000	4.000000
	174.680000	-23.712000	4.400000
	174.700000	-23.616000	4.600000
	174.720000	-23.508000	5.000000
	174.740000	-23.400000	5.200000
	174.760000	-23.292000	5.400000
	174.780000	-23.196000	5.200000
	174.800000	-23.100000	5.000000
	174.820000	-23.016000	4.600000
	174.840000	-22.932000	4.400000
	174.860000	-22.872000	3.800000
	174.880000	-22.824000	3.200000
	174.900000	-22.788000	2.400000
	174.920000	-22.764000	1.800000
	174.940000	-22.764000	1.000000
	174.960000	-22.788000	0.000000
	174.980000	-22.824000	-1.000000
	175.000000	-22.872000	-1.800000
	175.020000	-22.932000	-2.400000
	175.040000	-23.016000	-3.200000
	175.060000	-23.112000	-4.000000
	175.080000	-23.220000	-4.800000
	175.100000	-23.340000	-5.400000
	175.120000	-23.472000	-6.000000
	175.140000	-23.616000	-6.600000
	175.160000	-23.784000	-7.400000
	175.180000	-23.964000	-8.200000
	175.200000	-24.168000	-9.200000
	175.220000	-24.372000	-9.800000
	175.240000	-24.600000	-10.600000
	175.260000	-24.852000	-11.400000
	175.280000	-25.128000	-12.600000
	175.300000	-25.428000	-13.800000
	175.320000	-25.740000	-14.800000
	175.340000	-26.088000	-16.000000
	175.360000	-26.460000	-17.200000
	175.380000	-26.856000	-18.600000
	175.400000	-27.264000	-19.600000
	175.420000	-27.696000	-20.600000
	175.440000	-28.164000	-21.800000
	175.460000	-28.656000	-23.200000
	175.480000	-29.172000	-24.600000
	175.500000	-29.712000	-25.800000
	175.520000	-30.288000	-27.200000
	175.540000	-30.888000	-28.600000
	175.560000	-31.524000	-30.200000
	175.580000	-32.172000	-31.400000
	175.600000	-32.844000	-32.600000
	175.620000	-33.540000	-33.600000
	175.640000	-34.260000	-34.800000
	175.660000	-35.016000	-36.200000
	175.680000	-35.784000	-37.400000
	175.700000	-36.576000	-38.600000
	175.720000	-37.404000	-39.800000
	175.740000	-38.244000	-41.000000
	175.760000	-39.120000	-42.400000
	175.780000	-39.996000	-43.200000
	175.800000	-40.896000	-44.200000
	175.820000	-41.784000	-44.400000
	175.840000	-42.708000	-45.200000
	175.860000	-43.644000	-45.800000
	175.880000	-44.592000	-46.800000
	175.900000	-45.528000	-47.000000
	175.920000	-46.476000	-47.200000
	175.940000	-47.436000	-47.400000
	175.960000	-48.396000	-47.800000
	175.980000	-49.356000	-48.000000
	176.000000	-50.304000	-47.800000
	176.020000	-51.240000	-47.400000
	176.040000	-52.164000	-46.800000
	176.060000	-53.100000	-46.600000
	176.080000	-54.012000	-46.200000
	176.100000	-54.912000	-45.800000
	176.120000	-55.788000	-44.800000
	176.140000	-56.640000	-43.800000
	176.160000	-57.456000	-42.400000
	176.180000	-58.236000	-40.800000
	176.200000	-58.992000	-39.200000
	176.220000	-59.712000	-37.600000
	176.240000	-60.408000	-36.200000
	176.260000	-61.056000	-34.400000
	176.280000	-61.668000	-32.600000
	176.300000	-62.208000	-30.000000
	176.320000	-62.700000	-27.400000
	176.340000	-63.132000	-24.400000
	176.360000	-63.528000	-22.000000
	176.380000	-63.864000	-19.400000
	176.400000	-64.140000	-16.800000
	176.420000	-64.344000	-13.600000
	176.440000	-64.488000	-10.400000
	176.460000	-64.572000	-7.200000
	176.480000	-64.584000	-4.000000
	176.500000	-64.536000	-0.800000
	176.520000	-64.416000	2.600000
	176.540000	-64.236000	5.800000
	176.560000	-63.996000	9.000000
	176.580000	-63.708000	11.800000
	176.600000	-63.372000	14.400000
	176.620000	-62.976000	17.000000
	176.640000	-62.508000	20.000000
	176.660000	-61.992000	23.000000
	176.680000	-61.416000	26.000000
	176.700000	-60.792000	28.600000
	176.720000	-60.108000	31.400000
	176.740000	-59.364000	34.200000
	176.760000	-58.572000	37.000000
	176.780000	-57.708000	40.000000
	176.800000	-56.808000	42.600000
	176.820000	-55.860000	45.200000
	176.840000	-54.864000	47.400000
	176.860000	-53.808000	50.000000
	176.880000	-52.692000	52.800000
	176.900000	-51.564000	55.000000
	176.920000	-50.400000	56.800000
	176.940000	-49.176000	58.600000
	176.960000	-47.916000	60.800000
	176.980000	-46.620000	63.000000
	177.000000	-45.312000	64.400000
	177.020000	-43.956000	66.000000
	177.040000	-42.564000	67.600000
	177.060000	-41.148000	69.400000
	177.080000	-39.696000	71.000000
	177.100000	-38.244000	72.000000
	177.120000	-36.768000	73.000000
	177.140000	-35.280000	73.600000
	177.160000	-33.780000	74.400000
	177.180000	-32.256000	75.200000
	177.200000	-30.708000	76.200000
	177.220000	-29.136000	77.400000
	177.240000	-27.528000	78.800000
	177.260000	-25.932000	79.600000
	177.280000	-24.312000	80.400000
	177.300000	-22.728000	80.000000
	177.320000	-21.132000	80.000000
	177.340000	-19.500000	80.200000
	177.360000	-17.856000	81.200000
	177.380000	-16.188000	82.400000
	177.400000	-14.556000	82.400000
	177.420000	-12.912000	82.400000
	177.440000	-11.280000	81.800000
	177.460000	-9.624000	82.200000
	177.480000	-7.956000	82.600000
	177.500000	-6.288000	83.200000
	177.520000	-4.620000	83.400000
	177.540000	-2.952000	83.400000
	177.560000	-1.284000	83.400000
	177.580000	0.360000	83.000000
	177.600000	2.004000	82.600000
	177.620000	3.672000	82.600000
	177.640000	5.364000	83.400000
	177.660000	7.032000	83.800000
	177.680000	8.688000	83.600000
	177.700000	10.344000	83.000000
	177.720000	11.988000	82.600000
	177.740000	13.632000	82.400000
	177.760000	15.264000	82.000000
	177.780000	16.872000	81.400000
	177.800000	18.480000	80.800000
	177.820000	20.100000	80.600000
	177.840000	21.744000	81.200000
	177.860000	23.352000	81.200000
	177.880000	24.936000	80.600000
	177.900000	26.508000	79.400000
	177.920000	28.116000	79.400000
	177.940000	29.688000	79.200000
	177.960000	31.248000	79.000000
	177.980000	32.772000	77.600000
	178.000000	34.284000	76.600000
	178.020000	35.808000	76.000000
	178.040000	37.296000	75.400000
	178.060000	38.784000	75.000000
	178.080000	40.248000	74.000000
	178.100000	41.700000	73.400000
	178.120000	43.152000	72.800000
	178.140000	44.556000	71.800000
	178.160000	45.936000	70.600000
	178.180000	47.268000	68.600000
	178.200000	48.588000	67.200000
	178.220000	49.872000	65.600000
	178.240000	51.120000	64.200000
	178.260000	52.332000	62.400000
	178.280000	53.520000	60.800000
	178.300000	54.648000	58.800000
	178.320000	55.740000	56.800000
	178.340000	56.784000	54.400000
	178.360000	57.780000	52.200000
	178.380000	58.704000	49.400000
	178.400000	59.580000	46.600000
	178.420000	60.408000	43.800000
	178.440000	61.188000	41.400000
	178.460000	61.896000	38.600000
	178.480000	62.556000	35.800000
	178.500000	63.144000	32.600000
	178.520000	63.672000	29.600000
	178.540000	64.128000	26.200000
	178.560000	64.524000	23.000000
	178.580000	64.860000	19.800000
	178.600000	65.124000	16.600000
	178.620000	65.316000	13.200000
	178.640000	65.436000	9.600000
	178.660000	65.484000	6.000000
	178.680000	65.472000	2.600000
	178.700000	65.388000	-0.800000
	178.720000	65.244000	-4.000000
	178.740000	65.040000	-7.200000
	178.760000	64.776000	-10.200000
	178.780000	64.464000	-13.000000
	178.800000	64.092000	-15.800000
	178.820000	63.660000	-18.600000
	178.840000	63.180000	-21.400000
	178.860000	62.652000	-24.000000
	178.880000	62.076000	-26.400000
	178.900000	61.452000	-28.800000
	178.920000	60.780000	-31.200000
	178.940000	60.072000	-33.400000
	178.960000	59.316000	-35.600000
	178.980000	58.524000	-37.600000
	179.000000	57.708000	-39.400000
	179.020000	56.856000	-41.000000
	179.040000	55.980000	-42.400000
	179.060000	55.056000	-44.200000
	179.080000	54.108000	-45.800000
	179.100000	53.148000	-47.200000
	179.120000	52.176000	-48.000000
	179.140000	51.216000	-48.200000
	179.160000	50.220000	-48.800000
	179.180000	49.200000	-49.600000
	179.200000	48.156000	-51.000000
	179.220000	47.124000	-51.600000
	179.240000	46.104000	-51.600000
	179.260000	45.084000	-51.200000
	179.280000	44.028000	-51.600000
	179.300000	42.996000	-51.800000
	179.320000	41.964000	-52.000000
	179.340000	40.956000	-51.200000
	179.360000	39.936000	-51.000000
	179.380000	38.916000	-50.800000
	179.400000	37.920000	-50.600000
	179.420000	36.948000	-49.800000
	179.440000	36.000000	-48.600000
	179.460000	35.064000	-47.600000
	179.480000	34.140000	-46.800000
	179.500000	33.228000	-46.200000
	179.520000	32.352000	-45.200000
	179.540000	31.488000	-44.200000
	179.560000	30.672000	-42.600000
	179.580000	29.844000	-41.800000
	179.600000	29.064000	-40.400000
	179.620000	28.296000	-39.600000
	179.640000	27.588000	-37.600000
	179.660000	26.892000	-36.200000
	179.680000	26.220000	-34.600000
	179.700000	25.584000	-33.400000
	179.720000	24.984000	-31.800000
	179.740000	24.420000	-30.000000
	179.760000	23.880000	-28.400000
	179.780000	23.376000	-26.800000
	179.800000	22.908000	-25.200000
	179.820000	22.476000	-23.400000
	179.840000	22.080000	-21.600000
	179.860000	21.720000	-19.800000
	179.880000	21.396000	-18.000000
	179.900000	21.108000	-16.200000
	179.920000	20.856000	-14.400000
	179.940000	20.640000	-12.600000
	179.960000	20.472000	-10.600000
	179.980000	20.340000	-8.600000
	180.000000	20.244000	-6.600000
	180.020000	20.172000	-5.000000
	180.040000	20.136000	-3.400000
	180.060000	20.148000	-1.600000
	180.080000	20.196000	0.400000
	180.100000	20.280000	2.400000
	180.120000	20.388000	4.000000
	180.140000	20.532000	5.600000
	180.160000	20.700000	7.000000
	180.180000	20.892000	8.400000
	180.200000	21.108000	9.600000
	180.220000	21.360000	11.000000
	180.240000	21.636000	12.400000
	180.260000	21.936000	13.800000
	180.280000	22.248000	14.800000
	180.300000	22.584000	15.800000
	180.320000	22.944000	16.800000
	180.340000	23.340000	18.200000
	180.360000	23.748000	19.400000
	180.380000	24.168000	20.400000
	180.400000	24.600000	21.000000
	180.420000	25.068000	22.000000
	180.440000	25.560000	23.200000
	180.460000	26.064000	24.400000
	180.480000	26.592000	25.400000
	180.500000	27.144000	26.400000
	180.520000	27.720000	27.600000
	180.540000	28.284000	28.200000
	180.560000	28.860000	28.600000
	180.580000	29.448000	28.800000
	180.600000	30.060000	29.600000
	180.620000	30.684000	30.400000
	180.640000	31.308000	31.000000
	180.660000	31.944000	31.400000
	180.680000	32.580000	31.600000
	180.700000	33.216000	31.800000
	180.720000	33.852000	31.800000
	180.740000	34.476000	31.600000
	180.760000	35.112000	31.600000
	180.780000	35.748000	31.600000
	180.800000	36.396000	32.000000
	180.820000	37.032000	32.000000
	180.840000	37.656000	31.800000
	180.860000	38.268000	31.200000
	180.880000	38.880000	30.800000
	180.900000	39.480000	30.400000
	180.920000	40.056000	29.800000
	180.940000	40.632000	29.200000
	180.960000	41.184000	28.400000
	180.980000	41.736000	28.000000
	181.000000	42.252000	27.000000
	181.020000	42.756000	26.200000
	181.040000	43.224000	24.800000
	181.060000	43.680000	23.800000
	181.080000	44.112000	22.600000
	181.100000	44.520000	21.600000
	181.120000	44.892000	20.200000
	181.140000	45.240000	18.800000
	181.160000	45.564000	17.400000
	181.180000	45.852000	16.000000
	181.200000	46.104000	14.400000
	181.220000	46.332000	12.800000
	181.240000	46.524000	11.200000
	181.260000	46.680000	9.600000
	181.280000	46.788000	7.600000
	181.300000	46.872000	5.800000
	181.320000	46.920000	4.000000
	181.340000	46.932000	2.400000
	181.360000	46.908000	0.600000
	181.380000	46.848000	-1.200000
	181.400000	46.764000	-2.800000
	181.420000	46.632000	-4.600000
	181.440000	46.476000	-6.200000
	181.460000	46.272000	-8.200000
	181.480000	46.044000	-9.800000
	181.500000	45.792000	-11.400000
	181.520000	45.516000	-12.600000
	181.540000	45.216000	-13.800000
	181.560000	44.880000	-15.200000
	181.580000	44.520000	-16.600000
	181.600000	44.136000	-18.000000
	181.620000	43.728000	-19.200000
	181.640000	43.296000	-20.400000
	181.660000	42.816000	-22.000000
	181.680000	42.312000	-23.600000
	181.700000	41.772000	-25.400000
	181.720000	41.244000	-26.200000
	181.740000	40.680000	-27.200000
	181.760000	40.104000	-27.800000
	181.780000	39.492000	-29.200000
	181.800000	38.868000	-30.200000
	181.820000	38.208000	-31.600000
	181.840000	37.536000	-32.600000
	181.860000	36.852000	-33.600000
	181.880000	36.156000	-34.200000
	181.900000	35.424000	-35.200000
	181.920000	34.692000	-36.000000
	181.940000	33.960000	-36.600000
	181.960000	33.228000	-36.600000
	181.980000	32.472000	-37.000000
	182.000000	31.692000	-37.800000
	182.020000	30.924000	-38.400000
	182.040000	30.144000	-38.800000
	182.060000	29.364000	-38.800000
	182.080000	28.572000	-39.200000
	182.100000	27.768000	-39.600000
	182.120000	26.988000	-39.600000
	182.140000	26.196000	-39.600000
	182.160000	25.416000	-39.200000
	182.180000	24.624000	-39.400000
	182.200000	23.844000	-39.200000
	182.220000	23.064000	-39.200000
	182.240000	22.296000	-38.800000
	182.260000	21.516000	-38.800000
	182.280000	20.760000	-38.400000
	182.300000	20.004000	-38.200000
	182.320000	19.272000	-37.400000
	182.340000	18.552000	-36.800000
	182.360000	17.844000	-36.000000
	182.380000	17.148000	-35.400000
	182.400000	16.452000	-35.000000
	182.420000	15.780000	-34.400000
	182.440000	15.120000	-33.800000
	182.460000	14.484000	-32.800000
	182.480000	13.860000	-32.000000
	182.500000	13.272000	-30.800000
	182.520000	12.696000	-29.800000
	182.540000	12.156000	-28.400000
	182.560000	11.616000	-27.600000
	182.580000	11.112000	-26.400000
	182.600000	10.620000	-25.600000
	182.620000	10.164000	-24.200000
	182.640000	9.732000	-23.000000
	182.660000	9.324000	-21.600000
	182.680000	8.940000	-20.400000
	182.700000	8.580000	-19.200000
	182.720000	8.256000	-17.800000
	182.740000	7.968000	-16.200000
	182.760000	7.704000	-14.600000
	182.780000	7.464000	-13.200000
	182.800000	7.260000	-11.800000
	182.820000	7.092000	-10.200000
	182.840000	6.948000	-8.600000
	182.860000	6.828000	-7.200000
	182.880000	6.732000	-6.000000
	182.900000	6.684000	-4.400000
	182.920000	6.660000	-2.800000
	182.940000	6.672000	-1.000000
	182.960000	6.696000	0.200000
	182.980000	6.756000	1.600000
	183.000000	6.840000	2.800000
	183.020000	6.960000	4.400000
	183.040000	7.092000	5.600000
	183.060000	7.248000	6.800000
	183.080000	7.416000	7.600000
	183.100000	7.608000	8.600000
	183.120000	7.812000	9.400000
	183.140000	8.040000	10.400000
	183.160000	8.280000	11.200000
	183.180000	8.532000	12.000000
	183.200000	8.796000	12.600000
	183.220000	9.072000	13.200000
	183.240000	9.372000	14.000000
	183.260000	9.672000	14.600000
	183.280000	9.984000	15.200000
	183.300000	10.320000	15.800000
	183.320000	10.668000	16.600000
	183.340000	11.028000	17.400000
	183.360000	11.388000	17.800000
	183.380000	11.772000	18.400000
	183.400000	12.156000	18.800000
	183.420000	12.552000	19.400000
	183.440000	12.948000	19.600000
	183.460000	13.356000	20.000000
	183.480000	13.764000	20.200000
	183.500000	14.172000	20.400000
	183.520000	14.592000	20.600000
	183.540000	15.000000	20.600000
	183.560000	15.420000	20.800000
	183.580000	15.828000	20.600000
	183.600000	16.248000	20.800000
	183.620000	16.668000	20.800000
	183.640000	17.076000	20.800000
	183.660000	17.472000	20.400000
	183.680000	17.856000	19.800000
	183.700000	18.252000	19.600000
	183.720000	18.636000	19.400000
	183.740000	19.008000	19.200000
	183.760000	19.368000	18.600000
	183.780000	19.716000	18.000000
	183.800000	20.052000	17.400000
	183.820000	20.376000	16.800000
	183.840000	20.688000	16.200000
	183.860000	20.988000	15.600000
	183.880000	21.264000	14.800000
	183.900000	21.516000	13.800000
	183.920000	21.744000	12.600000
	183.940000	21.948000	11.400000
	183.960000	22.140000	10.400000
	183.980000	22.308000	9.400000
	184.000000	22.452000	8.400000
	184.020000	22.572000	7.200000
	184.040000	22.668000	6.000000
	184.060000	22.740000	4.800000
	184.080000	22.776000	3.400000
	184.100000	22.776000	1.800000
	184.120000	22.752000	0.200000
	184.140000	22.704000	-1.200000
	184.160000	22.632000	-2.400000
	184.180000	22.524000	-3.800000
	184.200000	22.392000	-5.200000
	184.220000	22.236000	-6.600000
	184.240000	22.056000	-7.800000
	184.260000	21.852000	-9.000000
	184.280000	21.624000	-10.200000
	184.300000	21.372000	-11.400000
	184.320000	21.084000	-12.800000
	184.340000	20.772000	-14.200000
	184.360000	20.436000	-15.600000
	184.380000	20.076000	-16.800000
	184.400000	19.692000	-18.000000
	184.420000	19.272000	-19.400000
	184.440000	18.828000	-20.800000
	184.460000	18.348000	-22.400000
	184.480000	17.832000	-24.000000
	184.500000	17.292000	-25.600000
	184.520000	16.716000	-27.200000
	184.540000	16.116000	-28.600000
	184.560000	15.492000	-30.000000
	184.580000	14.832000	-31.400000
	184.600000	14.148000	-32.800000
	184.620000	13.440000	-34.200000
	184.640000	12.708000	-35.400000
	184.660000	11.952000	-36.600000
	184.680000	11.136000	-38.400000
	184.700000	10.308000	-40.000000
	184.720000	9.456000	-41.600000
	184.740000	8.592000	-42.400000
	184.760000	7.680000	-43.800000
	184.780000	6.744000	-45.200000
	184.800000	5.772000	-47.000000
	184.820000	4.800000	-48.000000
	184.840000	3.792000	-49.200000
	184.860000	2.784000	-49.800000
	184.880000	1.740000	-51.000000
	184.900000	0.696000	-51.600000
	184.920000	-0.396000	-53.000000
	184.940000	-1.500000	-54.000000
	184.960000	-2.640000	-55.600000
	184.980000	-3.768000	-56.200000
	185.000000	-4.896000	-56.600000
	185.020000	-6.036000	-56.600000
	185.040000	-7.212000	-57.400000
	185.060000	-8.400000	-58.400000
	185.080000	-9.588000	-59.200000
	185.100000	-10.776000	-59.400000
	185.120000	-11.988000	-59.800000
	185.140000	-13.212000	-60.400000
	185.160000	-14.412000	-60.600000
	185.180000	-15.588000	-60.000000
	185.200000	-16.764000	-59.200000
	185.220000	-17.964000	-59.200000
	185.240000	-19.176000	-59.800000
	185.260000	-20.364000	-60.000000
	185.280000	-21.516000	-59.200000
	185.300000	-22.656000	-58.000000
	185.320000	-23.796000	-57.200000
	185.340000	-24.924000	-56.800000
	185.360000	-26.028000	-56.200000
	185.380000	-27.120000	-55.400000
	185.400000	-28.200000	-54.600000
	185.420000	-29.256000	-53.800000
	185.440000	-30.288000	-52.800000
	185.460000	-31.296000	-51.600000
	185.480000	-32.280000	-50.400000
	185.500000	-33.228000	-49.000000
	185.520000	-34.140000	-47.400000
	185.540000	-35.028000	-45.800000
	185.560000	-35.868000	-44.000000
	185.580000	-36.672000	-42.200000
	185.600000	-37.440000	-40.200000
	185.620000	-38.172000	-38.400000
	185.640000	-38.856000	-36.400000
	185.660000	-39.492000	-34.200000
	185.680000	-40.080000	-31.800000
	185.700000	-40.632000	-29.600000
	185.720000	-41.124000	-27.200000
	185.740000	-41.568000	-24.800000
	185.760000	-41.964000	-22.200000
	185.780000	-42.312000	-19.800000
	185.800000	-42.612000	-17.400000
	185.820000	-42.852000	-14.800000
	185.840000	-43.044000	-12.200000
	185.860000	-43.176000	-9.400000
	185.880000	-43.260000	-6.800000
	185.900000	-43.296000	-4.200000
	185.920000	-43.284000	-1.800000
	185.940000	-43.224000	0.600000
	185.960000	-43.116000	3.000000
	185.980000	-42.960000	5.400000
	186.000000	-42.768000	7.600000
	186.020000	-42.540000	9.600000
	186.040000	-42.288000	11.200000
	186.060000	-42.000000	12.800000
	186.080000	-41.688000	14.200000
	186.100000	-41.340000	15.800000
	186.120000	-40.968000	17.200000
	186.140000	-40.560000	18.800000
	186.160000	-40.128000	20.200000
	186.180000	-39.684000	21.400000
	186.200000	-39.216000	22.400000
	186.220000	-38.736000	23.200000
	186.240000	-38.208000	24.600000
	186.260000	-37.668000	25.800000
	186.280000	-37.104000	27.200000
	186.300000	-36.540000	27.800000
	186.320000	-35.952000	28.600000
	186.340000	-35.364000	29.000000
	186.360000	-34.764000	29.600000
	186.380000	-34.152000	30.000000
	186.400000	-33.540000	30.400000
	186.420000	-32.916000	30.800000
	186.440000	-32.316000	30.600000
	186.460000	-31.704000	30.600000
	186.480000	-31.104000	30.200000
	186.500000	-30.504000	30.200000
	186.520000	-29.904000	30.000000
	186.540000	-29.328000	29.600000
	186.560000	-28.752000	29.200000
	186.580000	-28.200000	28.400000
	186.600000	-27.660000	27.800000
	186.620000	-27.144000	26.800000
	186.640000	-26.652000	25.800000
	186.660000	-26.184000	24.600000
	186.680000	-25.740000	23.400000
	186.700000	-25.320000	22.200000
	186.720000	-24.924000	21.000000
	186.740000	-24.552000	19.800000
	186.760000	-24.204000	18.600000
	186.780000	-23.892000	17.200000
	186.800000	-23.628000	15.400000
	186.820000	-23.400000	13.400000
	186.840000	-23.196000	11.600000
	186.860000	-23.028000	10.000000
	186.880000	-22.896000	8.400000
	186.900000	-22.812000	6.400000
	186.920000	-22.764000	4.400000
	186.940000	-22.764000	2.200000
	186.960000	-22.800000	0.200000
	186.980000	-22.872000	-1.800000
	187.000000	-22.980000	-3.600000
	187.020000	-23.124000	-5.400000
	187.040000	-23.304000	-7.200000
	187.060000	-23.520000	-9.000000
	187.080000	-23.784000	-11.000000
	187.100000	-24.084000	-13.000000
	187.120000	-24.420000	-15.000000
	187.140000	-24.780000	-16.600000
	187.160000	-25.176000	-18.200000
	187.180000	-25.620000	-20.000000
	187.200000	-26.100000	-22.000000
	187.220000	-26.616000	-24.000000
	187.240000	-27.156000	-25.600000
	187.260000	-27.744000	-27.400000
	187.280000	-28.368000	-29.200000
	187.300000	-29.040000	-31.400000
	187.320000	-29.748000	-33.400000
	187.340000	-30.492000	-35.400000
	187.360000	-31.260000	-37.000000
	187.380000	-32.076000	-38.800000
	187.400000	-32.928000	-40.600000
	187.420000	-33.804000	-42.400000
	187.440000	-34.692000	-43.600000
	187.460000	-35.604000	-44.600000
	187.480000	-36.552000	-45.800000
	187.500000	-37.524000	-47.200000
	187.520000	-38.520000	-48.600000
	187.540000	-39.564000	-50.200000
	187.560000	-40.596000	-51.200000
	187.580000	-41.664000	-52.400000
	187.600000	-42.708000	-52.400000
	187.620000	-43.776000	-53.000000
	187.640000	-44.844000	-53.000000
	187.660000	-45.912000	-53.400000
	187.680000	-47.004000	-53.800000
	187.700000	-48.084000	-54.000000
	187.720000	-49.164000	-54.200000
	187.740000	-50.232000	-53.800000
	187.760000	-51.300000	-53.600000
	187.780000	-52.380000	-53.600000
	187.800000	-53.424000	-53.200000
	187.820000	-54.432000	-52.200000
	187.840000	-55.428000	-50.800000
	187.860000	-56.400000	-49.600000
	187.880000	-57.360000	-48.800000
	187.900000	-58.272000	-47.400000
	187.920000	-59.160000	-46.000000
	187.940000	-59.988000	-43.800000
	187.960000	-60.780000	-41.800000
	187.980000	-61.524000	-39.400000
	188.000000	-62.232000	-37.400000
	188.020000	-62.880000	-35.000000
	188.040000	-63.492000	-32.800000
	188.060000	-64.032000	-30.000000
	188.080000	-64.512000	-27.200000
	188.100000	-64.908000	-23.600000
	188.120000	-65.256000	-20.400000
	188.140000	-65.532000	-17.000000
	188.160000	-65.748000	-14.000000
	188.180000	-65.880000	-10.400000
	188.200000	-65.940000	-6.800000
	188.220000	-65.928000	-3.000000
	188.240000	-65.844000	0.600000
	188.260000	-65.688000	4.200000
	188.280000	-65.460000	7.800000
	188.300000	-65.184000	11.000000
	188.320000	-64.824000	14.400000
	188.340000	-64.392000	17.800000
	188.360000	-63.900000	21.400000
	188.380000	-63.360000	24.400000
	188.400000	-62.772000	27.000000
	188.420000	-62.088000	30.200000
	188.440000	-61.344000	33.600000
	188.460000	-60.528000	37.400000
	188.480000	-59.664000	40.400000
	188.500000	-58.752000	43.200000
	188.520000	-57.792000	45.600000
	188.540000	-56.760000	48.400000
	188.560000	-55.680000	51.200000
	188.580000	-54.528000	54.400000
	188.600000	-53.352000	56.800000
	188.620000	-52.128000	59.200000
	188.640000	-50.844000	61.400000
	188.660000	-49.524000	63.800000
	188.680000	-48.168000	66.000000
	188.700000	-46.800000	67.400000
	188.720000	-45.384000	69.000000
	188.740000	-43.908000	71.000000
	188.760000	-42.420000	73.000000
	188.780000	-40.932000	74.200000
	188.800000	-39.420000	74.800000
	188.820000	-37.884000	75.600000
	188.840000	-36.300000	77.200000
	188.860000	-34.692000	78.800000
	188.880000	-33.060000	80.400000
	188.900000	-31.428000	81.200000
	188.920000	-29.784000	81.800000
	188.940000	-28.140000	82.000000
	188.960000	-26.472000	82.600000
	188.980000	-24.816000	82.800000
	189.000000	-23.124000	83.600000
	189.020000	-21.420000	84.200000
	189.040000	-19.692000	85.400000
	189.060000	-17.952000	86.200000
	189.080000	-16.164000	87.600000
	189.100000	-14.460000	87.200000
	189.120000	-12.756000	86.600000
	189.140000	-11.100000	84.400000
	189.160000	-9.372000	84.800000
	189.180000	-7.644000	85.200000
	189.200000	-5.928000	86.200000
	189.220000	-4.188000	86.400000
	189.240000	-2.448000	86.600000
	189.260000	-0.684000	87.400000
	189.280000	1.020000	86.800000
	189.300000	2.748000	86.600000
	189.320000	4.452000	85.600000
	189.340000	6.180000	86.000000
	189.360000	7.872000	85.400000
	189.380000	9.588000	85.600000
	189.400000	11.328000	85.800000
	189.420000	13.044000	86.200000
	189.440000	14.736000	85.800000
	189.460000	16.404000	84.600000
	189.480000	18.084000	84.000000
	189.500000	19.752000	83.600000
	189.520000	21.432000	83.800000
	189.540000	23.112000	83.800000
	189.560000	24.792000	84.000000
	189.580000	26.436000	83.400000
	189.600000	28.080000	82.800000
	189.620000	29.688000	81.600000
	189.640000	31.320000	81.400000
	189.660000	32.892000	80.200000
	189.680000	34.488000	80.000000
	189.700000	36.060000	79.000000
	189.720000	37.656000	79.400000
	189.740000	39.204000	78.600000
	189.760000	40.728000	77.800000
	189.780000	42.204000	75.800000
	189.800000	43.680000	74.600000
	189.820000	45.120000	73.200000
	189.840000	46.560000	72.600000
	189.860000	47.952000	71.200000
	189.880000	49.344000	70.400000
	189.900000	50.676000	68.600000
	189.920000	51.972000	67.000000
	189.940000	53.220000	64.600000
	189.960000	54.444000	62.800000
	189.980000	55.632000	61.000000
	190.000000	56.760000	59.000000
	190.020000	57.828000	56.400000
	190.040000	58.872000	54.000000
	190.060000	59.856000	51.600000
	190.080000	60.792000	49.400000
	190.100000	61.656000	46.400000
	190.120000	62.460000	43.400000
	190.140000	63.204000	40.200000
	190.160000	63.876000	37.000000
	190.180000	64.500000	34.000000
	190.200000	65.052000	30.800000
	190.220000	65.532000	27.600000
	190.240000	65.928000	23.800000
	190.260000	66.264000	20.200000
	190.280000	66.528000	16.600000
	190.300000	66.732000	13.400000
	190.320000	66.852000	9.800000
	190.340000	66.900000	6.200000
	190.360000	66.876000	2.400000
	190.380000	66.792000	-1.000000
	190.400000	66.648000	-4.200000
	190.420000	66.432000	-7.400000
	190.440000	66.144000	-10.800000
	190.460000	65.796000	-14.200000
	190.480000	65.388000	-17.400000
	190.500000	64.932000	-20.200000
	190.520000	64.416000	-23.000000
	190.540000	63.864000	-25.400000
	190.560000	63.252000	-28.000000
	190.580000	62.592000	-30.400000
	190.600000	61.872000	-33.200000
	190.620000	61.104000	-35.800000
	190.640000	60.300000	-38.200000
	190.660000	59.472000	-40.000000
	190.680000	58.608000	-41.600000
	190.700000	57.708000	-43.200000
	190.720000	56.772000	-45.000000
	190.740000	55.812000	-46.600000
	190.760000	54.828000	-48.000000
	190.780000	53.820000	-49.200000
	190.800000	52.800000	-50.200000
	190.820000	51.768000	-51.000000
	190.840000	50.712000	-51.800000
	190.860000	49.632000	-52.800000
	190.880000	48.552000	-53.600000
	190.900000	47.460000	-54.200000
	190.920000	46.392000	-54.000000
	190.940000	45.276000	-54.600000
	190.960000	44.196000	-54.400000
	190.980000	43.104000	-54.800000
	191.000000	42.036000	-54.000000
	191.020000	40.956000	-54.000000
	191.040000	39.876000	-53.800000
	191.060000	38.820000	-53.600000
	191.080000	37.764000	-53.200000
	191.100000	36.732000	-52.400000
	191.120000	35.724000	-51.600000
	191.140000	34.740000	-50.400000
	191.160000	33.780000	-49.200000
	191.180000	32.808000	-48.600000
	191.200000	31.860000	-48.000000
	191.220000	30.912000	-47.800000
	191.240000	30.036000	-46.200000
	191.260000	29.172000	-44.800000
	191.280000	28.368000	-42.400000
	191.300000	27.552000	-41.400000
	191.320000	26.772000	-40.000000
	191.340000	26.016000	-39.200000
	191.360000	25.296000	-37.600000
	191.380000	24.624000	-35.800000
	191.400000	23.964000	-34.200000
	191.420000	23.328000	-32.800000
	191.440000	22.728000	-31.600000
	191.460000	22.152000	-30.200000
	191.480000	21.648000	-28.000000
	191.500000	21.144000	-26.400000
	191.520000	20.700000	-24.200000
	191.540000	20.280000	-22.800000
	191.560000	19.908000	-20.600000
	191.580000	19.560000	-19.000000
	191.600000	19.236000	-17.400000
	191.620000	18.960000	-15.800000
	191.640000	18.732000	-13.800000
	191.660000	18.540000	-11.600000
	191.680000	18.384000	-9.600000
	191.700000	18.252000	-8.000000
	191.720000	18.168000	-6.200000
	191.740000	18.120000	-4.400000
	191.760000	18.108000	-2.400000
	191.780000	18.120000	-0.800000
	191.800000	18.168000	0.800000
	191.820000	18.252000	2.400000
	191.840000	18.372000	4.200000
	191.860000	18.504000	5.600000
	191.880000	18.672000	7.000000
	191.900000	18.864000	8.200000
	191.920000	19.092000	9.800000
	191.940000	19.332000	11.000000
	191.960000	19.596000	12.200000
	191.980000	19.884000	13.200000
	192.000000	20.196000	14.400000
	192.020000	20.520000	15.400000
	192.040000	20.856000	16.200000
	192.060000	21.216000	17.000000
	192.080000	21.600000	18.000000
	192.100000	21.996000	19.000000
	192.120000	22.404000	19.800000
	192.140000	22.836000	20.600000
	192.160000	23.280000	21.400000
	192.180000	23.760000	22.600000
	192.200000	24.240000	23.400000
	192.220000	24.732000	24.200000
	192.240000	25.224000	24.400000
	192.260000	25.728000	24.800000
	192.280000	26.268000	25.600000
	192.300000	26.796000	26.200000
	192.320000	27.336000	26.800000
	192.340000	27.876000	26.800000
	192.360000	28.428000	27.200000
	192.380000	28.992000	27.600000
	192.400000	29.556000	28.000000
	192.420000	30.120000	28.200000
	192.440000	30.672000	28.000000
	192.460000	31.212000	27.600000
	192.480000	31.764000	27.400000
	192.500000	32.304000	27.200000
	192.520000	32.844000	27.200000
	192.540000	33.372000	26.800000
	192.560000	33.900000	26.600000
	192.580000	34.416000	26.200000
	192.600000	34.908000	25.600000
	192.620000	35.400000	25.000000
	192.640000	35.880000	24.400000
	192.660000	36.348000	24.000000
	192.680000	36.780000	23.000000
	192.700000	37.200000	22.000000
	192.720000	37.596000	20.800000
	192.740000	37.980000	20.000000
	192.760000	38.340000	19.000000
	192.780000	38.688000	18.200000
	192.800000	39.012000	17.200000
	192.820000	39.300000	16.000000
	192.840000	39.552000	14.400000
	192.860000	39.780000	12.800000
	192.880000	39.984000	11.400000
	192.900000	40.164000	10.200000
	192.920000	40.308000	8.800000
	192.940000	40.416000	7.200000
	192.960000	40.488000	5.400000
	192.980000	40.536000	3.800000
	193.000000	40.548000	2.200000
	193.020000	40.536000	0.800000
	193.040000	40.488000	-0.800000
	193.060000	40.416000	-2.200000
	193.080000	40.308000	-3.800000
	193.100000	40.164000	-5.400000
	193.120000	39.996000	-7.000000
	193.140000	39.804000	-8.400000
	193.160000	39.600000	-9.400000
	193.180000	39.360000	-10.600000
	193.200000	39.096000	-11.800000
	193.220000	38.796000	-13.400000
	193.240000	38.472000	-14.800000
	193.260000	38.136000	-16.000000
	193.280000	37.776000	-17.000000
	193.300000	37.404000	-17.800000
	193.320000	36.984000	-19.200000
	193.340000	36.552000	-20.400000
	193.360000	36.096000	-21.800000
	193.380000	35.616000	-22.800000
	193.400000	35.112000	-24.000000
	193.420000	34.584000	-25.200000
	193.440000	34.056000	-26.000000
	193.460000	33.504000	-26.800000
	193.480000	32.928000	-27.600000
	193.500000	32.328000	-28.800000
	193.520000	31.716000	-29.800000
	193.540000	31.080000	-30.800000
	193.560000	30.432000	-31.600000
	193.580000	29.760000	-32.600000
	193.600000	29.100000	-33.000000
	193.620000	28.428000	-33.400000
	193.640000	27.732000	-33.800000
	193.660000	27.024000	-34.600000
	193.680000	26.304000	-35.400000
	193.700000	25.584000	-35.800000
	193.720000	24.864000	-36.000000
	193.740000	24.120000	-36.400000
	193.760000	23.388000	-36.600000
	193.780000	22.620000	-37.400000
	193.800000	21.876000	-37.400000
	193.820000	21.120000	-37.800000
	193.840000	20.388000	-37.200000
	193.860000	19.644000	-37.200000
	193.880000	18.900000	-37.000000
	193.900000	18.144000	-37.400000
	193.920000	17.388000	-37.600000
	193.940000	16.644000	-37.600000
	193.960000	15.924000	-37.000000
	193.980000	15.204000	-36.400000
	194.000000	14.484000	-36.000000
	194.020000	13.776000	-35.800000
	194.040000	13.092000	-35.200000
	194.060000	12.420000	-34.400000
	194.080000	11.748000	-33.800000
	194.100000	11.100000	-33.200000
	194.120000	10.452000	-32.800000
	194.140000	9.828000	-32.000000
	194.160000	9.204000	-31.600000
	194.180000	8.628000	-30.400000
	194.200000	8.064000	-29.400000
	194.220000	7.524000	-28.000000
	194.240000	6.996000	-27.200000
	194.260000	6.492000	-26.200000
	194.280000	6.012000	-25.200000
	194.300000	5.544000	-24.200000
	194.320000	5.100000	-23.200000
	194.340000	4.680000	-22.200000
	194.360000	4.296000	-20.800000
	194.380000	3.936000	-19.400000
	194.400000	3.600000	-18.000000
	194.420000	3.288000	-16.800000
	194.440000	3.000000	-15.600000
	194.460000	2.748000	-14.200000
	194.480000	2.532000	-12.600000
	194.500000	2.340000	-11.000000
	194.520000	2.184000	-9.400000
	194.540000	2.052000	-8.000000
	194.560000	1.956000	-6.400000
	194.580000	1.884000	-5.000000
	194.600000	1.848000	-3.400000
	194.620000	1.848000	-1.800000
	194.640000	1.872000	-0.200000
	194.660000	1.920000	1.200000
	194.680000	1.992000	2.400000
	194.700000	2.088000	3.600000
	194.720000	2.208000	4.800000
	194.740000	2.340000	5.800000
	194.760000	2.496000	6.800000
	194.780000	2.676000	7.800000
	194.800000	2.868000	8.800000
	194.820000	3.084000	9.800000
	194.840000	3.300000	10.400000
	194.860000	3.540000	11.200000
	194.880000	3.780000	11.600000
	194.900000	4.044000	12.400000
	194.920000	4.320000	13.000000
	194.940000	4.608000	13.800000
	194.960000	4.908000	14.400000
	194.980000	5.220000	15.000000
	195.000000	5.544000	15.600000
	195.020000	5.868000	16.000000
	195.040000	6.204000	16.400000
	195.060000	6.540000	16.600000
	195.080000	6.900000	17.200000
	195.100000	7.260000	17.600000
	195.120000	7.632000	18.200000
	195.140000	7.992000	18.200000
	195.160000	8.364000	18.400000
	195.180000	8.736000	18.400000
	195.200000	9.108000	18.600000
	195.220000	9.480000	18.600000
	195.240000	9.852000	18.600000
	195.260000	10.236000	18.800000
	195.280000	10.596000	18.600000
	195.300000	10.956000	18.400000
	195.320000	11.304000	17.800000
	195.340000	11.652000	17.600000
	195.360000	11.976000	17.000000
	195.380000	12.288000	16.400000
	195.400000	12.588000	15.600000
	195.420000	12.888000	15.200000
	195.440000	13.164000	14.600000
	195.460000	13.428000	14.000000
	195.480000	13.668000	13.000000
	195.500000	13.896000	12.200000
	195.520000	14.100000	11.200000
	195.540000	14.292000	10.400000
	195.560000	14.460000	9.400000
	195.580000	14.604000	8.400000
	195.600000	14.712000	7.000000
	195.620000	14.796000	5.600000
	195.640000	14.856000	4.200000
	195.660000	14.892000	3.000000
	195.680000	14.904000	1.800000
	195.700000	14.880000	0.400000
	195.720000	14.832000	-1.000000
	195.740000	14.748000	-2.600000
	195.760000	14.652000	-3.800000
	195.780000	14.520000	-5.200000
	195.800000	14.364000	-6.400000
	195.820000	14.184000	-7.800000
	195.840000	13.980000	-9.000000
	195.860000	13.752000	-10.200000
	195.880000	13.476000	-11.800000
	195.900000	13.188000	-13.200000
	195.920000	12.864000	-14.800000
	195.940000	12.528000	-15.800000
	195.960000	12.144000	-17.400000
	195.980000	11.736000	-18.800000
	196.000000	11.292000	-20.600000
	196.020000	10.824000	-22.000000
	196.040000	10.308000	-23.800000
	196.060000	9.756000	-25.600000
	196.080000	9.168000	-27.600000
	196.100000	8.544000	-29.400000
	196.120000	7.896000	-31.000000
	196.140000	7.224000	-32.400000
	196.160000	6.516000	-33.800000
	196.180000	5.772000	-35.400000
	196.200000	4.980000	-37.400000
	196.220000	4.152000	-39.400000
	196.240000	3.288000	-41.400000
	196.260000	2.400000	-43.000000
	196.280000	1.488000	-44.400000
	196.300000	0.540000	-45.800000
	196.320000	-0.444000	-47.400000
	196.340000	-1.452000	-49.000000
	196.360000	-2.484000	-50.400000
	196.380000	-3.552000	-51.800000
	196.400000	-4.644000	-53.200000
	196.420000	-5.784000	-55.000000
	196.440000	-6.948000	-56.600000
	196.460000	-8.136000	-58.200000
	196.480000	-9.336000	-59.200000
	196.500000	-10.548000	-60.000000
	196.520000	-11.796000	-61.000000
	196.540000	-13.080000	-62.400000
	196.560000	-14.400000	-64.200000
	196.580000	-15.720000	-65.400000
	196.600000	-17.028000	-65.800000
	196.620000	-18.372000	-66.200000
	196.640000	-19.728000	-66.800000
	196.660000	-21.096000	-67.800000
	196.680000	-22.476000	-68.400000
	196.700000	-23.868000	-69.000000
	196.720000	-25.272000	-69.600000
	196.740000	-26.664000	-69.800000
	196.760000	-28.056000	-69.800000
	196.780000	-29.484000	-70.200000
	196.800000	-30.876000	-70.200000
	196.820000	-32.280000	-70.400000
	196.840000	-33.648000	-69.400000
	196.860000	-35.028000	-69.200000
	196.880000	-36.384000	-68.400000
	196.900000	-37.728000	-68.000000
	196.920000	-39.036000	-66.800000
	196.940000	-40.344000	-66.000000
	196.960000	-41.628000	-65.000000
	196.980000	-42.900000	-64.400000
	197.000000	-44.136000	-63.200000
	197.020000	-45.324000	-61.600000
	197.040000	-46.464000	-59.400000
	197.060000	-47.556000	-57.000000
	197.080000	-48.612000	-54.800000
	197.100000	-49.644000	-53.000000
	197.120000	-50.616000	-51.000000
	197.140000	-51.540000	-48.800000
	197.160000	-52.404000	-46.000000
	197.180000	-53.196000	-43.000000
	197.200000	-53.940000	-40.000000
	197.220000	-54.612000	-36.800000
	197.240000	-55.224000	-33.800000
	197.260000	-55.764000	-30.400000
	197.280000	-56.232000	-27.000000
	197.300000	-56.640000	-23.600000
	197.320000	-56.964000	-20.000000
	197.340000	-57.216000	-16.400000
	197.360000	-57.396000	-12.600000
	197.380000	-57.504000	-9.000000
	197.400000	-57.528000	-5.200000
	197.420000	-57.480000	-1.400000
	197.440000	-57.360000	2.400000
	197.460000	-57.180000	5.800000
	197.480000	-56.928000	9.200000
	197.500000	-56.616000	12.400000
	197.520000	-56.244000	15.600000
	197.540000	-55.824000	18.400000
	197.560000	-55.332000	21.400000
	197.580000	-54.792000	24.200000
	197.600000	-54.192000	27.200000
	197.620000	-53.544000	29.800000
	197.640000	-52.824000	32.800000
	197.660000	-52.056000	35.600000
	197.680000	-51.240000	38.400000
	197.700000	-50.400000	40.400000
	197.720000	-49.512000	42.400000
	197.740000	-48.588000	44.200000
	197.760000	-47.592000	46.800000
	197.780000	-46.572000	49.000000
	197.800000	-45.492000	51.600000
	197.820000	-44.436000	52.600000
	197.840000	-43.308000	54.400000
	197.860000	-42.204000	54.800000
	197.880000	-41.052000	56.400000
	197.900000	-39.912000	56.600000
	197.920000	-38.724000	58.000000
	197.940000	-37.536000	58.600000
	197.960000	-36.324000	59.800000
	197.980000	-35.112000	60.200000
	198.000000	-33.888000	60.800000
	198.020000	-32.688000	60.600000
	198.040000	-31.476000	60.600000
	198.060000	-30.264000	60.400000
	198.080000	-29.040000	60.800000
	198.100000	-27.840000	60.600000
	198.120000	-26.652000	60.200000
	198.140000	-25.476000	59.400000
	198.160000	-24.300000	59.000000
	198.180000	-23.136000	58.600000
	198.200000	-21.984000	58.200000
	198.220000	-20.844000	57.600000
	198.240000	-19.728000	56.800000
	198.260000	-18.624000	56.000000
	198.280000	-17.568000	54.600000
	198.300000	-16.500000	53.800000
	198.320000	-15.480000	52.400000
	198.340000	-14.472000	51.600000
	198.360000	-13.500000	50.000000
	198.380000	-12.540000	49.000000
	198.400000	-11.604000	47.800000
	198.420000	-10.716000	46.400000
	198.440000	-9.864000	44.600000
	198.460000	-9.060000	42.400000
	198.480000	-8.268000	40.800000
	198.500000	-7.524000	39.000000
	198.520000	-6.792000	37.800000
	198.540000	-6.108000	36.000000
	198.560000	-5.448000	34.600000
	198.580000	-4.848000	32.400000
	198.600000	-4.272000	30.600000
	198.620000	-3.732000	28.600000
	198.640000	-3.228000	27.000000
	198.660000	-2.784000	24.800000
	198.680000	-2.376000	22.600000
	198.700000	-2.004000	20.400000
	198.720000	-1.680000	18.400000
	198.740000	-1.404000	16.200000
	198.760000	-1.176000	13.800000
	198.780000	-0.984000	11.600000
	198.800000	-0.840000	9.400000
	198.820000	-0.744000	7.200000
	198.840000	-0.696000	4.800000
	198.860000	-0.696000	2.400000
	198.880000	-0.744000	0.000000
	198.900000	-0.840000	-2.400000
	198.920000	-0.972000	-4.600000
	198.940000	-1.152000	-6.800000
	198.960000	-1.368000	-8.800000
	198.980000	-1.632000	-11.000000
	199.000000	-1.920000	-12.800000
	199.020000	-2.268000	-15.000000
	199.040000	-2.664000	-17.200000
	199.060000	-3.096000	-19.600000
	199.080000	-3.552000	-21.400000
	199.100000	-4.044000	-23.000000
	199.120000	-4.584000	-24.800000
	199.140000	-5.160000	-26.800000
	199.160000	-5.784000	-29.000000
	199.180000	-6.444000	-31.000000
	199.200000	-7.152000	-33.200000
	199.220000	-7.884000	-35.000000
	199.240000	-8.652000	-36.800000
	199.260000	-9.456000	-38.400000
	199.280000	-10.296000	-40.200000
	199.300000	-11.184000	-42.200000
	199.320000	-12.096000	-44.000000
	199.340000	-13.056000	-46.000000
	199.360000	-14.052000	-47.800000
	199.380000	-15.096000	-50.000000
	199.400000	-16.152000	-51.600000
	199.420000	-17.232000	-53.000000
	199.440000	-18.336000	-54.000000
	199.460000	-19.476000	-55.400000
	199.480000	-20.628000	-56.600000
	199.500000	-21.792000	-57.600000
	199.520000	-22.992000	-58.600000
	199.540000	-24.228000	-60.000000
	199.560000	-25.464000	-61.200000
	199.580000	-26.700000	-61.800000
	199.600000	-27.924000	-61.600000
	199.620000	-29.208000	-62.400000
	199.640000	-30.480000	-63.000000
	199.660000	-31.752000	-63.800000
	199.680000	-33.000000	-63.200000
	199.700000	-34.248000	-62.800000
	199.720000	-35.508000	-62.600000
	199.740000	-36.744000	-62.400000
	199.760000	-38.004000	-62.600000
	199.780000	-39.240000	-62.200000
	199.800000	-40.476000	-62.200000
	199.820000	-41.652000	-60.800000
	199.840000	-42.828000	-59.800000
	199.860000	-43.968000	-58.200000
	199.880000	-45.096000	-57.400000
	199.900000	-46.188000	-56.000000
	199.920000	-47.232000	-54.400000
	199.940000	-48.252000	-52.600000
	199.960000	-49.224000	-50.600000
	199.980000	-50.160000	-48.800000
	200.000000	-51.048000	-46.600000
	200.020000	-51.876000	-44.200000
	200.040000	-52.668000	-41.800000
	200.060000	-53.388000	-39.000000
	200.080000	-54.060000	-36.400000
	200.100000	-54.672000	-33.400000
	200.120000	-55.236000	-30.800000
	200.140000	-55.728000	-27.800000
	200.160000	-56.148000	-24.600000
	200.180000	-56.496000	-21.000000
	200.200000	-56.784000	-17.600000
	200.220000	-57.000000	-14.200000
	200.240000	-57.132000	-10.600000
	200.260000	-57.192000	-6.800000
	200.280000	-57.180000	-3.000000
	200.300000	-57.108000	0.400000
	200.320000	-56.976000	3.600000
	200.340000	-56.772000	6.800000
	200.360000	-56.508000	10.000000
	200.380000	-56.172000	13.400000
	200.400000	-55.788000	16.400000
	200.420000	-55.344000	19.400000
	200.440000	-54.840000	22.200000
	200.460000	-54.264000	25.400000
	200.480000	-53.640000	28.400000
	200.500000	-52.956000	31.400000
	200.520000	-52.236000	33.800000
	200.540000	-51.468000	36.200000
	200.560000	-50.652000	38.400000
	200.580000	-49.800000	40.600000
	200.600000	-48.876000	43.200000
	200.620000	-47.928000	45.400000
	200.640000	-46.920000	48.000000
	200.660000	-45.888000	49.800000
	200.680000	-44.844000	51.400000
	200.700000	-43.752000	52.800000
	200.720000	-42.648000	54.000000
	200.740000	-41.496000	55.800000
	200.760000	-40.320000	57.200000
	200.780000	-39.144000	58.400000
	200.800000	-37.932000	59.400000
	200.820000	-36.744000	59.600000
	200.840000	-35.508000	60.600000
	200.860000	-34.284000	60.800000
	200.880000	-33.036000	61.800000
	200.900000	-31.788000	62.000000
	200.920000	-30.528000	62.600000
	200.940000	-29.280000	62.600000
	200.960000	-28.056000	62.200000
	200.980000	-26.832000	61.600000
	201.000000	-25.596000	61.400000
	201.020000	-24.348000	61.800000
	201.040000	-23.148000	61.400000
	201.060000	-21.948000	60.800000
	201.080000	-20.748000	60.000000
	201.100000	-19.560000	59.800000
	201.120000	-18.408000	59.000000
	201.140000	-17.280000	57.800000
	201.160000	-16.152000	56.800000
	201.180000	-15.036000	56.200000
	201.200000	-13.944000	55.600000
	201.220000	-12.876000	54.600000
	201.240000	-11.844000	53.200000
	201.260000	-10.848000	51.600000
	201.280000	-9.864000	50.200000
	201.300000	-8.892000	49.200000
	201.320000	-7.956000	48.200000
	201.340000	-7.020000	47.400000
	201.360000	-6.144000	45.800000
	201.380000	-5.280000	44.600000
	201.400000	-4.488000	42.200000
	201.420000	-3.708000	40.600000
	201.440000	-2.976000	38.400000
	201.460000	-2.268000	37.000000
	201.480000	-1.596000	35.200000
	201.500000	-0.948000	33.800000
	201.520000	-0.348000	32.000000
	201.540000	0.216000	30.200000
	201.560000	0.732000	28.000000
	201.580000	1.212000	26.000000
	201.600000	1.656000	24.000000
	201.620000	2.064000	22.200000
	201.640000	2.424000	20.200000
	201.660000	2.736000	18.000000
	201.680000	3.000000	15.600000
	201.700000	3.228000	13.400000
	201.720000	3.396000	11.000000
	201.740000	3.528000	8.800000
	201.760000	3.612000	6.400000
	201.780000	3.660000	4.400000
	201.800000	3.648000	2.000000
	201.820000	3.600000	-0.200000
	201.840000	3.504000	-2.600000
	201.860000	3.372000	-4.600000
	201.880000	3.192000	-6.800000
	201.900000	2.964000	-9.000000
	201.920000	2.700000	-11.200000
	201.940000	2.388000	-13.400000
	201.960000	2.052000	-15.200000
	201.980000	1.668000	-17.200000
	202.000000	1.248000	-19.000000
	202.020000	0.792000	-21.000000
	202.040000	0.300000	-22.800000
	202.060000	-0.228000	-24.600000
	202.080000	-0.804000	-26.600000
	202.100000	-1.416000	-28.600000
	202.120000	-2.076000	-30.800000
	202.140000	-2.772000	-32.800000
	202.160000	-3.504000	-34.800000
	202.180000	-4.272000	-36.600000
	202.200000	-5.076000	-38.400000
	202.220000	-5.916000	-40.200000
	202.240000	-6.780000	-41.800000
	202.260000	-7.692000	-43.600000
	202.280000	-8.628000	-45.200000
	202.300000	-9.612000	-47.200000
	202.320000	-10.620000	-48.800000
	202.340000	-11.664000	-50.600000
	202.360000	-12.708000	-51.600000
	202.380000	-13.788000	-52.800000
	202.400000	-14.892000	-53.800000
	202.420000	-16.044000	-55.600000
	202.440000	-17.208000	-57.000000
	202.460000	-18.396000	-58.400000
	202.480000	-19.620000	-59.600000
	202.500000	-20.832000	-60.400000
	202.520000	-22.068000	-61.200000
	202.540000	-23.292000	-61.200000
	202.560000	-24.552000	-62.000000
	202.580000	-25.836000	-62.800000
	202.600000	-27.096000	-63.400000
	202.620000	-28.380000	-63.800000
	202.640000	-29.628000	-63.200000
	202.660000	-30.900000	-63.400000
	202.680000	-32.172000	-63.200000
	202.700000	-33.456000	-63.800000
	202.720000	-34.704000	-63.400000
	202.740000	-35.940000	-62.800000
	202.760000	-37.128000	-61.200000
	202.780000	-38.352000	-60.800000
	202.800000	-39.516000	-59.600000
	202.820000	-40.680000	-59.200000
	202.840000	-41.796000	-57.400000
	202.860000	-42.912000	-56.600000
	202.880000	-44.004000	-55.400000
	202.900000	-45.060000	-54.400000
	202.920000	-46.056000	-52.400000
	202.940000	-47.004000	-50.000000
	202.960000	-47.916000	-47.600000
	202.980000	-48.780000	-45.400000
	203.000000	-49.608000	-43.400000
	203.020000	-50.376000	-41.000000
	203.040000	-51.108000	-38.800000
	203.060000	-51.768000	-36.000000
	203.080000	-52.368000	-33.200000
	203.100000	-52.896000	-29.800000
	203.120000	-53.388000	-27.000000
	203.140000	-53.808000	-24.000000
	203.160000	-54.168000	-21.200000
	203.180000	-54.444000	-17.600000
	203.200000	-54.672000	-14.400000
	203.220000	-54.828000	-11.000000
	203.240000	-54.912000	-7.800000
	203.260000	-54.924000	-4.200000
	203.280000	-54.864000	-0.600000
	203.300000	-54.756000	2.600000
	203.320000	-54.576000	5.800000
	203.340000	-54.336000	8.800000
	203.360000	-54.024000	12.200000
	203.380000	-53.652000	15.400000
	203.400000	-53.232000	18.400000
	203.420000	-52.764000	21.000000
	203.440000	-52.236000	23.600000
	203.460000	-51.660000	26.200000
	203.480000	-51.024000	29.000000
	203.500000	-50.352000	31.400000
	203.520000	-49.632000	33.800000
	203.540000	-48.864000	36.000000
	203.560000	-48.060000	38.200000
	203.580000	-47.196000	40.600000
	203.600000	-46.284000	43.000000
	203.620000	-45.336000	45.400000
	203.640000	-44.376000	47.000000
	203.660000	-43.416000	47.800000
	203.680000	-42.408000	48.800000
	203.700000	-41.376000	50.000000
	203.720000	-40.320000	51.600000
	203.740000	-39.252000	52.600000
	203.760000	-38.172000	53.400000
	203.780000	-37.044000	54.600000
	203.800000	-35.928000	55.400000
	203.820000	-34.812000	56.000000
	203.840000	-33.708000	55.600000
	203.860000	-32.592000	55.600000
	203.880000	-31.440000	56.200000
	203.900000	-30.312000	56.600000
	203.920000	-29.184000	56.800000
	203.940000	-28.092000	55.800000
	203.960000	-27.000000	55.200000
	203.980000	-25.908000	54.600000
	204.000000	-24.816000	54.600000
	204.020000	-23.724000	54.600000
	204.040000	-22.668000	54.000000
	204.060000	-21.624000	53.200000
	204.080000	-20.604000	52.000000
	204.100000	-19.572000	51.600000
	204.120000	-18.576000	50.800000
	204.140000	-17.604000	50.000000
	204.160000	-16.680000	48.200000
	204.180000	-15.780000	46.600000
	204.200000	-14.904000	45.000000
	204.220000	-14.052000	43.800000
	204.240000	-13.224000	42.600000
	204.260000	-12.432000	41.200000
	204.280000	-11.664000	39.800000
	204.300000	-10.932000	38.200000
	204.320000	-10.236000	36.600000
	204.340000	-9.588000	34.600000
	204.360000	-8.952000	33.000000
	204.380000	-8.352000	31.400000
	204.400000	-7.788000	30.000000
	204.420000	-7.284000	27.800000
	204.440000	-6.816000	25.600000
	204.460000	-6.384000	23.400000
	204.480000	-5.988000	21.600000
	204.500000	-5.640000	19.600000
	204.520000	-5.328000	17.600000
	204.540000	-5.064000	15.400000
	204.560000	-4.848000	13.200000
	204.580000	-4.680000	10.800000
	204.600000	-4.560000	8.400000
	204.620000	-4.476000	6.200000
	204.640000	-4.440000	4.000000
	204.660000	-4.452000	1.800000
	204.680000	-4.512000	-0.600000
	204.700000	-4.620000	-3.000000
	204.720000	-4.764000	-5.200000
	204.740000	-4.944000	-7.200000
	204.760000	-5.172000	-9.200000
	204.780000	-5.448000	-11.400000
	204.800000	-5.772000	-13.800000
	204.820000	-6.132000	-16.000000
	204.840000	-6.540000	-18.200000
	204.860000	-6.984000	-20.200000
	204.880000	-7.464000	-22.200000
	204.900000	-7.980000	-24.000000
	204.920000	-8.544000	-26.000000
	204.940000	-9.156000	-28.200000
	204.960000	-9.804000	-30.400000
	204.980000	-10.500000	-32.600000
	205.000000	-11.232000	-34.600000
	205.020000	-12.000000	-36.600000
	205.040000	-12.828000	-38.800000
	205.060000	-13.692000	-41.000000
	205.080000	-14.592000	-43.200000
	205.100000	-15.516000	-44.800000
	205.120000	-16.488000	-46.600000
	205.140000	-17.508000	-48.600000
	205.160000	-18.552000	-50.600000
	205.180000	-19.632000	-52.400000
	205.200000	-20.736000	-53.800000
	205.220000	-21.864000	-55.200000
	205.240000	-23.016000	-56.400000
	205.260000	-24.216000	-58.000000
	205.280000	-25.440000	-59.600000
	205.300000	-26.688000	-61.200000
	205.320000	-27.936000	-62.000000
	205.340000	-29.184000	-62.400000
	205.360000	-30.468000	-63.000000
	205.380000	-31.776000	-64.000000
	205.400000	-33.084000	-65.000000
	205.420000	-34.380000	-65.200000
	205.440000	-35.676000	-65.000000
	205.460000	-36.996000	-65.200000
	205.480000	-38.316000	-65.600000
	205.500000	-39.636000	-66.000000
	205.520000	-40.956000	-66.000000
	205.540000	-42.252000	-65.600000
	205.560000	-43.512000	-64.600000
	205.580000	-44.748000	-63.200000
	205.600000	-45.972000	-62.000000
	205.620000	-47.196000	-61.400000
	205.640000	-48.384000	-60.600000
	205.660000	-49.548000	-59.600000
	205.680000	-50.688000	-58.200000
	205.700000	-51.780000	-56.600000
	205.720000	-52.848000	-55.000000
	205.740000	-53.856000	-52.800000
	205.760000	-54.816000	-50.600000
	205.780000	-55.716000	-47.800000
	205.800000	-56.556000	-45.000000
	205.820000	-57.372000	-42.600000
	205.840000	-58.104000	-39.800000
	205.860000	-58.776000	-37.000000
	205.880000	-59.376000	-33.400000
	205.900000	-59.916000	-30.200000
	205.920000	-60.384000	-26.800000
	205.940000	-60.780000	-23.400000
	205.960000	-61.104000	-19.800000
	205.980000	-61.344000	-16.000000
	206.000000	-61.500000	-12.000000
	206.020000	-61.584000	-8.000000
	206.040000	-61.596000	-4.200000
	206.060000	-61.536000	-0.600000
	206.080000	-61.380000	3.400000
	206.100000	-61.152000	7.400000
	206.120000	-60.852000	11.400000
	206.140000	-60.480000	15.000000
	206.160000	-60.048000	18.400000
	206.180000	-59.544000	21.800000
	206.200000	-58.968000	25.200000
	206.220000	-58.320000	28.800000
	206.240000	-57.612000	32.200000
	206.260000	-56.856000	35.200000
	206.280000	-56.040000	38.000000
	206.300000	-55.152000	41.000000
	206.320000	-54.204000	44.200000
	206.340000	-53.184000	47.600000
	206.360000	-52.128000	50.400000
	206.380000	-51.036000	52.800000
	206.400000	-49.908000	54.600000
	206.420000	-48.720000	56.800000
	206.440000	-47.496000	59.000000
	206.460000	-46.236000	61.200000
	206.480000	-44.940000	63.000000
	206.500000	-43.620000	64.600000
	206.520000	-42.240000	66.600000
	206.540000	-40.872000	67.800000
	206.560000	-39.480000	69.000000
	206.580000	-38.112000	68.800000
	206.600000	-36.696000	69.600000
	206.620000	-35.256000	70.400000
	206.640000	-33.792000	72.000000
	206.660000	-32.316000	73.000000
	206.680000	-30.840000	73.600000
	206.700000	-29.364000	73.800000
	206.720000	-27.912000	73.400000
	206.740000	-26.460000	73.000000
	206.760000	-25.008000	72.600000
	206.780000	-23.532000	73.000000
	206.800000	-22.068000	73.200000
	206.820000	-20.580000	73.800000
	206.840000	-19.128000	73.400000
	206.860000	-17.664000	73.400000
	206.880000	-16.260000	72.000000
	206.900000	-14.844000	71.400000
	206.920000	-13.440000	70.400000
	206.940000	-12.036000	70.400000
	206.960000	-10.656000	69.800000
	206.980000	-9.312000	68.800000
	207.000000	-7.992000	67.400000
	207.020000	-6.684000	66.200000
	207.040000	-5.376000	65.600000
	207.060000	-4.092000	65.000000
	207.080000	-2.832000	64.200000
	207.100000	-1.608000	62.800000
	207.120000	-0.372000	62.000000
	207.140000	0.828000	61.000000
	207.160000	2.016000	60.400000
	207.180000	3.156000	58.800000
	207.200000	4.272000	57.400000
	207.220000	5.340000	55.400000
	207.240000	6.384000	53.800000
	207.260000	7.404000	52.200000
	207.280000	8.400000	51.000000
	207.300000	9.360000	49.600000
	207.320000	10.296000	48.200000
	207.340000	11.208000	46.800000
	207.360000	12.072000	45.200000
	207.380000	12.900000	43.400000
	207.400000	13.692000	41.400000
	207.420000	14.460000	39.800000
	207.440000	15.192000	38.200000
	207.460000	15.876000	36.400000
	207.480000	16.536000	34.600000
	207.500000	17.148000	32.600000
	207.520000	17.736000	31.000000
	207.540000	18.276000	29.000000
	207.560000	18.780000	27.200000
	207.580000	19.260000	25.400000
	207.600000	19.704000	23.800000
	207.620000	20.112000	22.200000
	207.640000	20.472000	20.200000
	207.660000	20.796000	18.200000
	207.680000	21.072000	16.000000
	207.700000	21.312000	14.000000
	207.720000	21.516000	12.000000
	207.740000	21.684000	10.200000
	207.760000	21.816000	8.400000
	207.780000	21.900000	6.400000
	207.800000	21.948000	4.400000
	207.820000	21.960000	2.400000
	207.840000	21.948000	0.800000
	207.860000	21.900000	-0.800000
	207.880000	21.816000	-2.400000
	207.900000	21.684000	-4.400000
	207.920000	21.528000	-6.200000
	207.940000	21.336000	-8.000000
	207.960000	21.132000	-9.200000
	207.980000	20.904000	-10.400000
	208.000000	20.652000	-11.400000
	208.020000	20.364000	-12.800000
	208.040000	20.052000	-14.200000
	208.060000	19.716000	-15.600000
	208.080000	19.356000	-16.800000
	208.100000	18.972000	-18.000000
	208.120000	18.576000	-19.000000
	208.140000	18.168000	-19.800000
	208.160000	17.724000	-20.800000
	208.180000	17.244000	-22.200000
	208.200000	16.752000	-23.600000
	208.220000	16.260000	-24.400000
	208.240000	15.744000	-25.000000
	208.260000	15.204000	-25.800000
	208.280000	14.628000	-27.200000
	208.300000	14.052000	-28.200000
	208.320000	13.464000	-29.000000
	208.340000	12.864000	-29.400000
	208.360000	12.252000	-30.000000
	208.380000	11.628000	-30.600000
	208.400000	10.992000	-31.200000
	208.420000	10.356000	-31.600000
	208.440000	9.696000	-32.200000
	208.460000	9.036000	-32.600000
	208.480000	8.352000	-33.400000
	208.500000	7.680000	-33.600000
	208.520000	6.996000	-34.000000
	208.540000	6.312000	-34.000000
	208.560000	5.616000	-34.400000
	208.580000	4.944000	-34.200000
	208.600000	4.260000	-34.200000
	208.620000	3.588000	-33.800000
	208.640000	2.892000	-34.200000
	208.660000	2.208000	-34.200000
	208.680000	1.536000	-34.200000
	208.700000	0.876000	-33.600000
	208.720000	0.228000	-33.000000
	208.740000	-0.432000	-32.800000
	208.760000	-1.068000	-32.400000
	208.780000	-1.692000	-32.000000
	208.800000	-2.304000	-31.200000
	208.820000	-2.916000	-30.800000
	208.840000	-3.504000	-30.200000
	208.860000	-4.080000	-29.600000
	208.880000	-4.632000	-28.600000
	208.900000	-5.184000	-28.000000
	208.920000	-5.700000	-27.000000
	208.940000	-6.204000	-26.200000
	208.960000	-6.672000	-24.800000
	208.980000	-7.128000	-23.800000
	209.000000	-7.560000	-22.600000
	209.020000	-7.980000	-21.800000
	209.040000	-8.376000	-20.800000
	209.060000	-8.736000	-19.600000
	209.080000	-9.072000	-18.200000
	209.100000	-9.384000	-16.800000
	209.120000	-9.672000	-15.600000
	209.140000	-9.936000	-14.400000
	209.160000	-10.176000	-13.200000
	209.180000	-10.392000	-12.000000
	209.200000	-10.572000	-10.600000
	209.220000	-10.728000	-9.200000
	209.240000	-10.848000	-7.600000
	209.260000	-10.944000	-6.200000
	209.280000	-11.016000	-4.800000
	209.300000	-11.064000	-3.600000
	209.320000	-11.088000	-2.400000
	209.340000	-11.076000	-1.000000
	209.360000	-11.052000	0.200000
	209.380000	-11.004000	1.400000
	209.400000	-10.944000	2.200000
	209.420000	-10.860000	3.200000
	209.440000	-10.764000	4.000000
	209.460000	-10.644000	5.000000
	209.480000	-10.512000	5.800000
	209.500000	-10.356000	6.800000
	209.520000	-10.188000	7.600000
	209.540000	-10.020000	8.200000
	209.560000	-9.852000	8.400000
	209.580000	-9.672000	8.600000
	209.600000	-9.480000	9.000000
	209.620000	-9.288000	9.400000
	209.640000	-9.096000	9.600000
	209.660000	-8.904000	9.600000
	209.680000	-8.712000	9.600000
	209.700000	-8.532000	9.400000
	209.720000	-8.352000	9.200000
	209.740000	-8.172000	9.000000
	209.760000	-7.992000	9.000000
	209.780000	-7.812000	9.000000
	209.800000	-7.644000	8.800000
	209.820000	-7.476000	8.600000
	209.840000	-7.320000	8.200000
	209.860000	-7.164000	8.000000
	209.880000	-7.032000	7.400000
	209.900000	-6.912000	6.800000
	209.920000	-6.804000	6.000000
	209.940000	-6.708000	5.400000
	209.960000	-6.624000	4.800000
	209.980000	-6.564000	4.000000
	210.000000	-6.516000	3.200000
	210.020000	-6.492000	2.200000
	210.040000	-6.492000	1.200000
	210.060000	-6.516000	2.958744E-14
	210.080000	-6.552000	-1.000000
	210.100000	-6.612000	-2.000000
	210.120000	-6.684000	-2.800000
	210.140000	-6.792000	-4.000000
	210.160000	-6.912000	-5.000000
	210.180000	-7.068000	-6.400000
	210.200000	-7.236000	-7.400000
	210.220000	-7.428000	-8.600000
	210.240000	-7.644000	-9.600000
	210.260000	-7.884000	-10.800000
	210.280000	-8.160000	-12.200000
	210.300000	-8.460000	-13.600000
	210.320000	-8.796000	-15.200000
	210.340000	-9.156000	-16.600000
	210.360000	-9.552000	-18.200000
	210.380000	-9.984000	-19.800000
	210.400000	-10.452000	-21.600000
	210.420000	-10.944000	-23.200000
	210.440000	-11.484000	-25.000000
	210.460000	-12.048000	-26.600000
	210.480000	-12.648000	-28.400000
	210.500000	-13.272000	-29.800000
	210.520000	-13.932000	-31.400000
	210.540000	-14.652000	-33.400000
	210.560000	-15.408000	-35.600000
	210.580000	-16.200000	-37.800000
	210.600000	-17.016000	-39.400000
	210.620000	-17.868000	-41.000000
	210.640000	-18.768000	-42.800000
	210.660000	-19.692000	-44.600000
	210.680000	-20.628000	-46.000000
	210.700000	-21.600000	-47.200000
	210.720000	-22.608000	-48.600000
	210.740000	-23.688000	-51.000000
	210.760000	-24.780000	-53.000000
	210.780000	-25.896000	-54.800000
	210.800000	-27.036000	-55.800000
	210.820000	-28.224000	-57.400000
	210.840000	-29.460000	-59.400000
	210.860000	-30.696000	-61.000000
	210.880000	-31.944000	-62.000000
	210.900000	-33.216000	-62.600000
	210.920000	-34.536000	-64.000000
	210.940000	-35.892000	-65.800000
	210.960000	-37.248000	-67.200000
	210.980000	-38.592000	-67.600000
	211.000000	-39.960000	-67.800000
	211.020000	-41.340000	-68.200000
	211.040000	-42.768000	-69.600000
	211.060000	-44.172000	-70.200000
	211.080000	-45.600000	-71.000000
	211.100000	-47.004000	-70.600000
	211.120000	-48.420000	-70.800000
	211.140000	-49.812000	-70.200000
	211.160000	-51.228000	-70.400000
	211.180000	-52.596000	-69.600000
	211.200000	-53.964000	-69.200000
	211.220000	-55.296000	-67.800000
	211.240000	-56.628000	-67.200000
	211.260000	-57.924000	-66.000000
	211.280000	-59.172000	-64.600000
	211.300000	-60.384000	-62.600000
	211.320000	-61.572000	-60.800000
	211.340000	-62.688000	-58.600000
	211.360000	-63.780000	-56.600000
	211.380000	-64.788000	-53.600000
	211.400000	-65.772000	-51.400000
	211.420000	-66.660000	-48.000000
	211.440000	-67.500000	-45.200000
	211.460000	-68.244000	-41.200000
	211.480000	-68.940000	-38.000000
	211.500000	-69.540000	-34.000000
	211.520000	-70.068000	-30.400000
	211.540000	-70.500000	-26.000000
	211.560000	-70.848000	-21.800000
	211.580000	-71.100000	-17.200000
	211.600000	-71.256000	-12.600000
	211.620000	-71.316000	-7.800000
	211.640000	-71.292000	-3.200000
	211.660000	-71.172000	1.400000
	211.680000	-70.968000	5.800000
	211.700000	-70.668000	10.400000
	211.720000	-70.284000	14.800000
	211.740000	-69.804000	19.400000
	211.760000	-69.252000	23.600000
	211.780000	-68.592000	28.200000
	211.800000	-67.860000	32.400000
	211.820000	-67.044000	36.800000
	211.840000	-66.168000	40.400000
	211.860000	-65.208000	44.200000
	211.880000	-64.152000	48.200000
	211.900000	-63.048000	52.000000
	211.920000	-61.848000	56.000000
	211.940000	-60.612000	59.000000
	211.960000	-59.280000	62.800000
	211.980000	-57.900000	65.800000
	212.000000	-56.460000	69.200000
	212.020000	-54.984000	71.600000
	212.040000	-53.436000	74.400000
	212.060000	-51.840000	77.000000
	212.080000	-50.184000	80.000000
	212.100000	-48.540000	81.600000
	212.120000	-46.836000	83.400000
	212.140000	-45.120000	84.400000
	212.160000	-43.356000	86.400000
	212.180000	-41.556000	88.000000
	212.200000	-39.744000	89.600000
	212.220000	-37.920000	90.600000
	212.240000	-36.060000	91.600000
	212.260000	-34.176000	92.800000
	212.280000	-32.280000	94.000000
	212.300000	-30.360000	95.000000
	212.320000	-28.428000	95.800000
	212.340000	-26.484000	96.600000
	212.360000	-24.564000	96.600000
	212.380000	-22.632000	96.600000
	212.400000	-20.664000	97.000000
	212.420000	-18.696000	97.800000
	212.440000	-16.716000	98.600000
	212.460000	-14.736000	98.800000
	212.480000	-12.756000	99.000000
	212.500000	-10.752000	99.400000
	212.520000	-8.772000	99.400000
	212.540000	-6.780000	99.600000
	212.560000	-4.812000	99.000000
	212.580000	-2.820000	99.200000
	212.600000	-0.852000	98.800000
	212.620000	1.140000	99.200000
	212.640000	3.108000	98.800000
	212.660000	5.124000	99.600000
	212.680000	7.104000	99.400000
	212.700000	9.084000	99.600000
	212.720000	11.028000	98.400000
	212.740000	13.032000	98.800000
	212.760000	15.000000	98.600000
	212.780000	16.980000	99.200000
	212.800000	18.924000	98.200000
	212.820000	20.892000	98.200000
	212.840000	22.848000	97.800000
	212.860000	24.804000	98.000000
	212.880000	26.748000	97.600000
	212.900000	28.692000	97.400000
	212.920000	30.660000	97.600000
	212.940000	32.604000	97.600000
	212.960000	34.500000	96.800000
	212.980000	36.384000	95.400000
	213.000000	38.292000	94.800000
	213.020000	40.188000	94.800000
	213.040000	42.072000	94.800000
	213.060000	43.908000	93.600000
	213.080000	45.780000	93.200000
	213.100000	47.580000	91.800000
	213.120000	49.404000	91.600000
	213.140000	51.156000	89.600000
	213.160000	52.896000	88.600000
	213.180000	54.576000	86.200000
	213.200000	56.244000	84.800000
	213.220000	57.864000	82.800000
	213.240000	59.448000	81.200000
	213.260000	60.984000	79.000000
	213.280000	62.472000	76.800000
	213.300000	63.900000	74.200000
	213.320000	65.268000	71.400000
	213.340000	66.552000	68.000000
	213.360000	67.788000	64.800000
	213.380000	68.952000	61.400000
	213.400000	70.056000	58.400000
	213.420000	71.076000	54.800000
	213.440000	71.988000	50.600000
	213.460000	72.816000	46.000000
	213.480000	73.560000	41.400000
	213.500000	74.220000	37.200000
	213.520000	74.796000	33.000000
	213.540000	75.264000	28.400000
	213.560000	75.648000	23.800000
	213.580000	75.924000	18.800000
	213.600000	76.104000	14.000000
	213.620000	76.176000	8.800000
	213.640000	76.152000	3.800000
	213.660000	76.032000	-1.200000
	213.680000	75.816000	-6.000000
	213.700000	75.504000	-10.800000
	213.720000	75.108000	-15.400000
	213.740000	74.628000	-19.800000
	213.760000	74.064000	-24.000000
	213.780000	73.416000	-28.200000
	213.800000	72.696000	-32.200000
	213.820000	71.892000	-36.200000
	213.840000	71.016000	-40.000000
	213.860000	70.068000	-43.800000
	213.880000	69.048000	-47.400000
	213.900000	67.968000	-50.800000
	213.920000	66.840000	-53.800000
	213.940000	65.664000	-56.400000
	213.960000	64.428000	-59.000000
	213.980000	63.120000	-62.000000
	214.000000	61.788000	-64.600000
	214.020000	60.408000	-67.000000
	214.040000	58.992000	-68.800000
	214.060000	57.540000	-70.800000
	214.080000	56.064000	-72.400000
	214.100000	54.588000	-73.400000
	214.120000	53.076000	-74.400000
	214.140000	51.564000	-75.000000
	214.160000	50.004000	-76.400000
	214.180000	48.432000	-77.400000
	214.200000	46.848000	-78.600000
	214.220000	45.264000	-79.000000
	214.240000	43.668000	-79.400000
	214.260000	42.072000	-79.600000
	214.280000	40.476000	-79.800000
	214.300000	38.904000	-79.400000
	214.320000	37.320000	-79.200000
	214.340000	35.736000	-79.000000
	214.360000	34.164000	-79.000000
	214.380000	32.616000	-78.400000
	214.400000	31.092000	-77.400000
	214.420000	29.580000	-76.400000
	214.440000	28.056000	-76.000000
	214.460000	26.532000	-76.000000
	214.480000	25.020000	-76.000000
	214.500000	23.532000	-75.400000
	214.520000	22.104000	-73.800000
	214.540000	20.664000	-72.600000
	214.560000	19.260000	-71.200000
	214.580000	17.844000	-71.000000
	214.600000	16.476000	-69.800000
	214.620000	15.120000	-69.000000
	214.640000	13.788000	-67.600000
	214.660000	12.456000	-67.000000
	214.680000	11.160000	-66.000000
	214.700000	9.912000	-64.600000
	214.720000	8.676000	-63.000000
	214.740000	7.476000	-61.400000
	214.760000	6.276000	-60.600000
	214.780000	5.124000	-59.200000
	214.800000	3.972000	-58.400000
	214.820000	2.868000	-56.800000
	214.840000	1.812000	-55.200000
	214.860000	0.756000	-53.600000
	214.880000	-0.264000	-52.200000
	214.900000	-1.272000	-51.400000
	214.920000	-2.232000	-49.800000
	214.940000	-3.168000	-48.400000
	214.960000	-4.080000	-46.800000
	214.980000	-4.944000	-45.200000
	215.000000	-5.784000	-43.600000
	215.020000	-6.576000	-41.600000
	215.040000	-7.332000	-39.800000
	215.060000	-8.064000	-38.000000
	215.080000	-8.772000	-36.600000
	215.100000	-9.456000	-35.400000
	215.120000	-10.104000	-34.000000
	215.140000	-10.716000	-32.400000
	215.160000	-11.292000	-30.600000
	215.180000	-11.844000	-29.000000
	215.200000	-12.360000	-27.400000
	215.220000	-12.852000	-26.000000
	215.240000	-13.308000	-24.400000
	215.260000	-13.740000	-23.000000
	215.280000	-14.136000	-21.400000
	215.300000	-14.508000	-20.000000
	215.320000	-14.844000	-18.400000
	215.340000	-15.156000	-17.000000
	215.360000	-15.432000	-15.400000
	215.380000	-15.684000	-14.000000
	215.400000	-15.912000	-12.600000
	215.420000	-16.116000	-11.400000
	215.440000	-16.308000	-10.400000
	215.460000	-16.476000	-9.400000
	215.480000	-16.620000	-8.400000
	215.500000	-16.740000	-7.200000
	215.520000	-16.836000	-6.000000
	215.540000	-16.920000	-5.000000
	215.560000	-16.980000	-4.000000
	215.580000	-17.028000	-3.200000
	215.600000	-17.064000	-2.400000
	215.620000	-17.088000	-1.800000
	215.640000	-17.100000	-1.200000
	215.660000	-17.100000	-0.600000
	215.680000	-17.100000	-0.200000
	215.700000	-17.100000	0.000000
	215.720000	-17.100000	0.000000
	215.740000	-17.100000	0.000000
	215.760000	-17.100000	0.000000
	215.780000	-17.100000	0.000000
	215.800000	-17.100000	0.000000
	215.820000	-17.112000	-0.200000
	215.840000	-17.124000	-0.400000
	215.860000	-17.148000	-0.800000
	215.880000	-17.172000	-1.000000
	215.900000	-17.208000	-1.400000
	215.920000	-17.244000	-1.600000
	215.940000	-17.292000	-2.000000
	215.960000	-17.352000	-2.400000
	215.980000	-17.424000	-3.000000
	216.000000	-17.508000	-3.600000
	216.020000	-17.616000	-4.400000
	216.040000	-17.736000	-5.200000
	216.060000	-17.868000	-6.000000
	216.080000	-18.012000	-6.600000
	216.100000	-18.180000	-7.400000
	216.120000	-18.372000	-8.400000
	216.140000	-18.576000	-9.400000
	216.160000	-18.804000	-10.400000
	216.180000	-19.044000	-11.200000
	216.200000	-19.320000	-12.400000
	216.220000	-19.620000	-13.600000
	216.240000	-19.956000	-15.200000
	216.260000	-20.304000	-16.400000
	216.280000	-20.676000	-17.600000
	216.300000	-21.084000	-18.800000
	216.320000	-21.528000	-20.400000
	216.340000	-22.008000	-22.200000
	216.360000	-22.500000	-23.600000
	216.380000	-23.028000	-25.000000
	216.400000	-23.592000	-26.400000
	216.420000	-24.192000	-28.200000
	216.440000	-24.816000	-29.800000
	216.460000	-25.464000	-31.200000
	216.480000	-26.148000	-32.600000
	216.500000	-26.868000	-34.200000
	216.520000	-27.624000	-36.000000
	216.540000	-28.404000	-37.600000
	216.560000	-29.196000	-38.800000
	216.580000	-30.012000	-39.800000
	216.600000	-30.864000	-41.000000
	216.620000	-31.752000	-42.600000
	216.640000	-32.676000	-44.400000
	216.660000	-33.612000	-45.800000
	216.680000	-34.572000	-47.000000
	216.700000	-35.532000	-47.600000
	216.720000	-36.528000	-48.600000
	216.740000	-37.536000	-49.400000
	216.760000	-38.592000	-51.000000
	216.780000	-39.636000	-51.800000
	216.800000	-40.692000	-52.600000
	216.820000	-41.760000	-52.800000
	216.840000	-42.828000	-53.200000
	216.860000	-43.920000	-53.800000
	216.880000	-44.988000	-53.800000
	216.900000	-46.104000	-54.600000
	216.920000	-47.208000	-54.800000
	216.940000	-48.300000	-55.200000
	216.960000	-49.368000	-54.400000
	216.980000	-50.424000	-53.600000
	217.000000	-51.504000	-53.400000
	217.020000	-52.560000	-53.200000
	217.040000	-53.604000	-53.000000
	217.060000	-54.600000	-51.600000
	217.080000	-55.584000	-50.400000
	217.100000	-56.532000	-48.800000
	217.120000	-57.456000	-47.600000
	217.140000	-58.344000	-46.000000
	217.160000	-59.184000	-44.200000
	217.180000	-59.988000	-42.200000
	217.200000	-60.744000	-40.000000
	217.220000	-61.464000	-38.000000
	217.240000	-62.124000	-35.600000
	217.260000	-62.724000	-33.000000
	217.280000	-63.276000	-30.200000
	217.300000	-63.756000	-27.200000
	217.320000	-64.176000	-24.200000
	217.340000	-64.524000	-20.800000
	217.360000	-64.800000	-17.400000
	217.380000	-65.004000	-13.800000
	217.400000	-65.136000	-10.200000
	217.420000	-65.208000	-6.800000
	217.440000	-65.208000	-3.400000
	217.460000	-65.136000	0.000000
	217.480000	-64.992000	3.600000
	217.500000	-64.776000	7.200000
	217.520000	-64.488000	10.800000
	217.540000	-64.140000	14.200000
	217.560000	-63.732000	17.400000
	217.580000	-63.264000	20.400000
	217.600000	-62.724000	23.600000
	217.620000	-62.124000	26.800000
	217.640000	-61.452000	30.200000
	217.660000	-60.732000	33.200000
	217.680000	-59.940000	36.400000
	217.700000	-59.100000	39.200000
	217.720000	-58.200000	42.200000
	217.740000	-57.228000	45.200000
	217.760000	-56.208000	48.200000
	217.780000	-55.128000	51.200000
	217.800000	-54.024000	53.400000
	217.820000	-52.848000	56.000000
	217.840000	-51.636000	58.200000
	217.860000	-50.376000	60.800000
	217.880000	-49.080000	62.800000
	217.900000	-47.748000	64.800000
	217.920000	-46.368000	66.800000
	217.940000	-44.976000	68.400000
	217.960000	-43.536000	70.200000
	217.980000	-42.096000	71.200000
	218.000000	-40.584000	73.200000
	218.020000	-39.060000	74.600000
	218.040000	-37.512000	76.400000
	218.060000	-35.976000	76.800000
	218.080000	-34.404000	77.600000
	218.100000	-32.808000	78.400000
	218.120000	-31.188000	79.800000
	218.140000	-29.580000	80.400000
	218.160000	-27.912000	81.600000
	218.180000	-26.232000	82.600000
	218.200000	-24.564000	83.600000
	218.220000	-22.920000	83.200000
	218.240000	-21.264000	82.800000
	218.260000	-19.560000	83.400000
	218.280000	-17.844000	84.600000
	218.300000	-16.152000	85.200000
	218.320000	-14.472000	84.800000
	218.340000	-12.816000	83.800000
	218.360000	-11.136000	83.600000
	218.380000	-9.444000	83.800000
	218.400000	-7.752000	84.400000
	218.420000	-6.024000	85.200000
	218.440000	-4.320000	85.400000
	218.460000	-2.592000	86.000000
	218.480000	-0.924000	85.000000
	218.500000	0.780000	85.000000
	218.520000	2.460000	84.200000
	218.540000	4.152000	84.600000
	218.560000	5.832000	84.200000
	218.580000	7.500000	84.000000
	218.600000	9.168000	83.600000
	218.620000	10.836000	83.400000
	218.640000	12.504000	83.400000
	218.660000	14.136000	82.800000
	218.680000	15.780000	82.400000
	218.700000	17.412000	81.800000
	218.720000	19.044000	81.800000
	218.740000	20.640000	81.000000
	218.760000	22.248000	80.600000
	218.780000	23.868000	80.400000
	218.800000	25.476000	80.600000
	218.820000	27.048000	80.000000
	218.840000	28.608000	79.000000
	218.860000	30.144000	77.800000
	218.880000	31.668000	77.000000
	218.900000	33.168000	76.000000
	218.920000	34.668000	75.400000
	218.940000	36.156000	74.800000
	218.960000	37.644000	74.600000
	218.980000	39.096000	73.800000
	219.000000	40.524000	72.800000
	219.020000	41.892000	70.800000
	219.040000	43.272000	69.600000
	219.060000	44.628000	68.400000
	219.080000	45.972000	68.000000
	219.100000	47.244000	66.200000
	219.120000	48.504000	64.600000
	219.140000	49.716000	62.400000
	219.160000	50.904000	61.000000
	219.180000	52.044000	59.000000
	219.200000	53.148000	57.200000
	219.220000	54.216000	55.200000
	219.240000	55.236000	53.200000
	219.260000	56.208000	51.000000
	219.280000	57.120000	48.400000
	219.300000	57.984000	45.800000
	219.320000	58.800000	43.200000
	219.340000	59.556000	40.600000
	219.360000	60.252000	37.800000
	219.380000	60.900000	35.000000
	219.400000	61.488000	32.200000
	219.420000	62.016000	29.400000
	219.440000	62.472000	26.200000
	219.460000	62.868000	23.000000
	219.480000	63.204000	19.800000
	219.500000	63.468000	16.600000
	219.520000	63.672000	13.400000
	219.540000	63.804000	10.000000
	219.560000	63.888000	7.000000
	219.580000	63.900000	3.800000
	219.600000	63.852000	0.800000
	219.620000	63.732000	-2.600000
	219.640000	63.564000	-5.600000
	219.660000	63.336000	-8.600000
	219.680000	63.060000	-11.200000
	219.700000	62.724000	-14.000000
	219.720000	62.352000	-16.400000
	219.740000	61.920000	-19.000000
	219.760000	61.452000	-21.200000
	219.780000	60.924000	-23.800000
	219.800000	60.360000	-26.000000
	219.820000	59.748000	-28.400000
	219.840000	59.100000	-30.400000
	219.860000	58.428000	-32.200000
	219.880000	57.708000	-34.000000
	219.900000	56.952000	-35.800000
	219.920000	56.160000	-37.800000
	219.940000	55.368000	-39.000000
	219.960000	54.552000	-40.000000
	219.980000	53.712000	-40.800000
	220.000000	52.848000	-42.000000
	220.020000	51.972000	-43.000000
	220.040000	51.084000	-43.800000
	220.060000	50.172000	-44.600000
	220.080000	49.260000	-45.200000
	220.100000	48.336000	-45.800000
	220.120000	47.412000	-46.000000
	220.140000	46.464000	-46.600000
	220.160000	45.528000	-46.800000
	220.180000	44.592000	-47.000000
	220.200000	43.680000	-46.400000
	220.220000	42.756000	-46.200000
	220.240000	41.832000	-46.000000
	220.260000	40.920000	-46.000000
	220.280000	40.020000	-45.600000
	220.300000	39.156000	-44.600000
	220.320000	38.292000	-43.800000
	220.340000	37.452000	-42.800000
	220.360000	36.624000	-42.200000
	220.380000	35.820000	-41.200000
	220.400000	35.040000	-40.200000
	220.420000	34.284000	-39.000000
	220.440000	33.552000	-37.800000
	220.460000	32.832000	-36.800000
	220.480000	32.148000	-35.600000
	220.500000	31.500000	-34.200000
	220.520000	30.888000	-32.400000
	220.540000	30.300000	-30.800000
	220.560000	29.724000	-29.600000
	220.580000	29.184000	-28.400000
	220.600000	28.680000	-27.000000
	220.620000	28.224000	-25.000000
	220.640000	27.804000	-23.000000
	220.660000	27.408000	-21.200000
	220.680000	27.036000	-19.800000
	220.700000	26.712000	-18.200000
	220.720000	26.424000	-16.400000
	220.740000	26.184000	-14.200000
	220.760000	25.968000	-12.400000
	220.780000	25.800000	-10.400000
	220.800000	25.668000	-8.600000
	220.820000	25.572000	-6.600000
	220.840000	25.512000	-4.800000
	220.860000	25.488000	-3.000000
	220.880000	25.512000	-1.000000
	220.900000	25.560000	0.800000
	220.920000	25.656000	2.800000
	220.940000	25.776000	4.400000
	220.960000	25.932000	6.200000
	220.980000	26.112000	7.600000
	221.000000	26.328000	9.200000
	221.020000	26.580000	10.800000
	221.040000	26.856000	12.400000
	221.060000	27.168000	14.000000
	221.080000	27.492000	15.200000
	221.100000	27.852000	16.600000
	221.120000	28.224000	17.600000
	221.140000	28.644000	19.200000
	221.160000	29.088000	20.600000
	221.180000	29.556000	22.200000
	221.200000	30.048000	23.400000
	221.220000	30.552000	24.400000
	221.240000	31.104000	25.800000
	221.260000	31.668000	27.000000
	221.280000	32.256000	28.400000
	221.300000	32.856000	29.200000
	221.320000	33.480000	30.200000
	221.340000	34.140000	31.400000
	221.360000	34.812000	32.600000
	221.380000	35.508000	33.800000
	221.400000	36.204000	34.400000
	221.420000	36.900000	34.800000
	221.440000	37.608000	35.000000
	221.460000	38.352000	35.800000
	221.480000	39.120000	37.000000
	221.500000	39.888000	38.000000
	221.520000	40.644000	38.200000
	221.540000	41.400000	38.000000
	221.560000	42.168000	38.000000
	221.580000	42.936000	38.200000
	221.600000	43.716000	38.600000
	221.620000	44.484000	38.600000
	221.640000	45.252000	38.600000
	221.660000	45.996000	38.000000
	221.680000	46.740000	37.600000
	221.700000	47.484000	37.200000
	221.720000	48.216000	37.000000
	221.740000	48.924000	36.400000
	221.760000	49.608000	35.400000
	221.780000	50.280000	34.400000
	221.800000	50.940000	33.600000
	221.820000	51.576000	32.800000
	221.840000	52.188000	31.800000
	221.860000	52.776000	30.600000
	221.880000	53.328000	29.200000
	221.900000	53.844000	27.600000
	221.920000	54.324000	25.800000
	221.940000	54.780000	24.200000
	221.960000	55.200000	22.600000
	221.980000	55.572000	20.800000
	222.000000	55.896000	18.600000
	222.020000	56.196000	16.600000
	222.040000	56.460000	14.800000
	222.060000	56.676000	13.000000
	222.080000	56.832000	10.600000
	222.100000	56.940000	8.000000
	222.120000	57.012000	5.600000
	222.140000	57.048000	3.600000
	222.160000	57.036000	1.600000
	222.180000	56.964000	-0.800000
	222.200000	56.844000	-3.400000
	222.220000	56.688000	-5.800000
	222.240000	56.496000	-7.800000
	222.260000	56.256000	-9.800000
	222.280000	55.968000	-12.000000
	222.300000	55.644000	-14.200000
	222.320000	55.284000	-16.200000
	222.340000	54.876000	-18.200000
	222.360000	54.432000	-20.200000
	222.380000	53.952000	-22.200000
	222.400000	53.448000	-23.800000
	222.420000	52.896000	-25.600000
	222.440000	52.296000	-27.600000
	222.460000	51.660000	-29.800000
	222.480000	50.988000	-31.800000
	222.500000	50.280000	-33.600000
	222.520000	49.536000	-35.400000
	222.540000	48.780000	-36.800000
	222.560000	47.988000	-38.200000
	222.580000	47.172000	-39.400000
	222.600000	46.320000	-41.000000
	222.620000	45.444000	-42.400000
	222.640000	44.532000	-44.000000
	222.660000	43.596000	-45.400000
	222.680000	42.648000	-46.600000
	222.700000	41.688000	-47.400000
	222.720000	40.704000	-48.200000
	222.740000	39.708000	-49.000000
	222.760000	38.676000	-50.200000
	222.780000	37.644000	-51.000000
	222.800000	36.588000	-52.000000
	222.820000	35.532000	-52.400000
	222.840000	34.452000	-53.200000
	222.860000	33.360000	-53.800000
	222.880000	32.268000	-54.400000
	222.900000	31.164000	-54.800000
	222.920000	30.072000	-54.800000
	222.940000	28.968000	-55.000000
	222.960000	27.876000	-54.800000
	222.980000	26.772000	-55.000000
	223.000000	25.656000	-55.200000
	223.020000	24.540000	-55.600000
	223.040000	23.412000	-56.000000
	223.060000	22.308000	-55.800000
	223.080000	21.204000	-55.600000
	223.100000	20.112000	-55.000000
	223.120000	19.032000	-54.600000
	223.140000	17.928000	-54.600000
	223.160000	16.848000	-54.400000
	223.180000	15.768000	-54.400000
	223.200000	14.724000	-53.400000
	223.220000	13.668000	-53.000000
	223.240000	12.624000	-52.400000
	223.260000	11.592000	-52.200000
	223.280000	10.584000	-51.400000
	223.300000	9.564000	-51.000000
	223.320000	8.568000	-50.400000
	223.340000	7.584000	-50.000000
	223.360000	6.636000	-48.800000
	223.380000	5.712000	-47.600000
	223.400000	4.800000	-46.400000
	223.420000	3.912000	-45.400000
	223.440000	3.036000	-44.600000
	223.460000	2.184000	-43.600000
	223.480000	1.344000	-42.800000
	223.500000	0.516000	-42.000000
	223.520000	-0.252000	-40.600000
	223.540000	-0.996000	-39.000000
	223.560000	-1.704000	-37.000000
	223.580000	-2.412000	-36.000000
	223.600000	-3.084000	-34.800000
	223.620000	-3.732000	-33.800000
	223.640000	-4.356000	-32.400000
	223.660000	-4.944000	-31.000000
	223.680000	-5.496000	-29.400000
	223.700000	-6.024000	-27.800000
	223.720000	-6.516000	-26.200000
	223.740000	-6.984000	-24.800000
	223.760000	-7.404000	-23.000000
	223.780000	-7.800000	-21.400000
	223.800000	-8.160000	-19.600000
	223.820000	-8.472000	-17.800000
	223.840000	-8.760000	-16.000000
	223.860000	-9.012000	-14.200000
	223.880000	-9.252000	-13.000000
	223.900000	-9.444000	-11.400000
	223.920000	-9.612000	-10.000000
	223.940000	-9.732000	-8.000000
	223.960000	-9.828000	-6.400000
	223.980000	-9.888000	-4.600000
	224.000000	-9.924000	-3.200000
	224.020000	-9.936000	-1.800000
	224.040000	-9.924000	-0.600000
	224.060000	-9.888000	0.600000
	224.080000	-9.828000	1.800000
	224.100000	-9.756000	2.800000
	224.120000	-9.684000	3.400000
	224.140000	-9.588000	4.000000
	224.160000	-9.492000	4.400000
	224.180000	-9.372000	5.200000
	224.200000	-9.264000	5.400000
	224.220000	-9.132000	6.000000
	224.240000	-9.012000	6.000000
	224.260000	-8.880000	6.400000
	224.280000	-8.760000	6.200000
	224.300000	-8.628000	6.400000
	224.320000	-8.508000	6.200000
	224.340000	-8.388000	6.200000
	224.360000	-8.292000	5.600000
	224.380000	-8.196000	5.200000
	224.400000	-8.124000	4.400000
	224.420000	-8.052000	4.000000
	224.440000	-8.004000	3.200000
	224.460000	-7.968000	2.600000
	224.480000	-7.944000	1.800000
	224.500000	-7.944000	1.000000
	224.520000	-7.956000	0.200000
	224.540000	-7.992000	-0.800000
	224.560000	-8.028000	-1.400000
	224.580000	-8.076000	-2.000000
	224.600000	-8.136000	-2.400000
	224.620000	-8.220000	-3.200000
	224.640000	-8.316000	-4.000000
	224.660000	-8.436000	-5.000000
	224.680000	-8.568000	-5.800000
	224.700000	-8.712000	-6.600000
	224.720000	-8.868000	-7.200000
	224.740000	-9.036000	-7.800000
	224.760000	-9.228000	-8.600000
	224.780000	-9.432000	-9.400000
	224.800000	-9.660000	-10.400000
	224.820000	-9.900000	-11.200000
	224.840000	-10.164000	-12.200000
	224.860000	-10.440000	-13.000000
	224.880000	-10.740000	-14.000000
	224.900000	-11.076000	-15.200000
	224.920000	-11.436000	-16.600000
	224.940000	-11.820000	-18.000000
	224.960000	-12.216000	-19.000000
	224.980000	-12.648000	-20.200000
	225.000000	-13.116000	-21.600000
	225.020000	-13.596000	-23.000000
	225.040000	-14.112000	-24.400000
	225.060000	-14.664000	-25.800000
	225.080000	-15.252000	-27.600000
	225.100000	-15.852000	-29.000000
	225.120000	-16.476000	-30.200000
	225.140000	-17.148000	-31.600000
	225.160000	-17.856000	-33.400000
	225.180000	-18.588000	-35.200000
	225.200000	-19.356000	-36.800000
	225.220000	-20.160000	-38.400000
	225.240000	-20.988000	-40.000000
	225.260000	-21.852000	-41.600000
	225.280000	-22.752000	-43.200000
	225.300000	-23.676000	-44.800000
	225.320000	-24.612000	-46.000000
	225.340000	-25.584000	-47.200000
	225.360000	-26.604000	-48.800000
	225.380000	-27.648000	-50.600000
	225.400000	-28.716000	-52.200000
	225.420000	-29.796000	-53.200000
	225.440000	-30.900000	-54.200000
	225.460000	-32.028000	-55.200000
	225.480000	-33.192000	-56.600000
	225.500000	-34.392000	-58.200000
	225.520000	-35.592000	-59.400000
	225.540000	-36.816000	-60.400000
	225.560000	-38.040000	-60.800000
	225.580000	-39.300000	-61.800000
	225.600000	-40.596000	-63.000000
	225.620000	-41.880000	-64.000000
	225.640000	-43.164000	-64.400000
	225.660000	-44.412000	-63.600000
	225.680000	-45.696000	-63.600000
	225.700000	-46.980000	-63.600000
	225.720000	-48.276000	-64.400000
	225.740000	-49.548000	-64.200000
	225.760000	-50.808000	-63.800000
	225.780000	-52.056000	-63.000000
	225.800000	-53.292000	-62.400000
	225.820000	-54.492000	-61.400000
	225.840000	-55.644000	-59.800000
	225.860000	-56.784000	-58.200000
	225.880000	-57.888000	-56.600000
	225.900000	-58.968000	-55.400000
	225.920000	-60.000000	-53.600000
	225.940000	-60.996000	-51.800000
	225.960000	-61.956000	-49.800000
	225.980000	-62.844000	-47.400000
	226.000000	-63.672000	-44.600000
	226.020000	-64.428000	-41.200000
	226.040000	-65.136000	-38.200000
	226.060000	-65.784000	-35.200000
	226.080000	-66.360000	-32.200000
	226.100000	-66.864000	-28.800000
	226.120000	-67.284000	-25.000000
	226.140000	-67.632000	-21.200000
	226.160000	-67.884000	-17.000000
	226.180000	-68.064000	-13.000000
	226.200000	-68.148000	-8.600000
	226.220000	-68.160000	-4.600000
	226.240000	-68.088000	-0.400000
	226.260000	-67.932000	3.600000
	226.280000	-67.704000	7.600000
	226.300000	-67.392000	11.600000
	226.320000	-67.020000	15.200000
	226.340000	-66.564000	19.000000
	226.360000	-66.036000	22.600000
	226.380000	-65.436000	26.400000
	226.400000	-64.776000	29.800000
	226.420000	-64.044000	33.200000
	226.440000	-63.228000	36.800000
	226.460000	-62.328000	40.800000
	226.480000	-61.356000	44.800000
	226.500000	-60.336000	48.200000
	226.520000	-59.280000	50.800000
	226.540000	-58.164000	53.200000
	226.560000	-56.988000	55.800000
	226.580000	-55.740000	59.000000
	226.600000	-54.432000	62.200000
	226.620000	-53.064000	65.400000
	226.640000	-51.660000	68.000000
	226.660000	-50.244000	69.800000
	226.680000	-48.780000	71.400000
	226.700000	-47.268000	73.200000
	226.720000	-45.720000	75.400000
	226.740000	-44.148000	77.200000
	226.760000	-42.564000	78.400000
	226.780000	-40.932000	79.800000
	226.800000	-39.264000	81.400000
	226.820000	-37.548000	83.600000
	226.840000	-35.844000	84.800000
	226.860000	-34.128000	85.600000
	226.880000	-32.412000	85.600000
	226.900000	-30.648000	86.600000
	226.920000	-28.872000	87.600000
	226.940000	-27.096000	88.600000
	226.960000	-25.308000	89.000000
	226.980000	-23.532000	89.000000
	227.000000	-21.720000	89.600000
	227.020000	-19.932000	89.600000
	227.040000	-18.096000	90.600000
	227.060000	-16.272000	90.800000
	227.080000	-14.448000	91.400000
	227.100000	-12.648000	90.800000
	227.120000	-10.824000	90.800000
	227.140000	-8.976000	91.200000
	227.160000	-7.140000	91.800000
	227.180000	-5.304000	92.000000
	227.200000	-3.492000	91.400000
	227.220000	-1.656000	91.400000
	227.240000	0.168000	91.200000
	227.260000	1.992000	91.400000
	227.280000	3.780000	90.600000
	227.300000	5.568000	90.000000
	227.320000	7.380000	89.800000
	227.340000	9.216000	90.600000
	227.360000	11.028000	91.000000
	227.380000	12.828000	90.800000
	227.400000	14.616000	90.000000
	227.420000	16.392000	89.400000
	227.440000	18.144000	88.600000
	227.460000	19.920000	88.400000
	227.480000	21.696000	88.400000
	227.500000	23.460000	88.600000
	227.520000	25.188000	87.800000
	227.540000	26.928000	87.200000
	227.560000	28.680000	87.000000
	227.580000	30.396000	86.800000
	227.600000	32.112000	86.400000
	227.620000	33.840000	86.000000
	227.640000	35.544000	85.800000
	227.660000	37.188000	84.600000
	227.680000	38.796000	82.600000
	227.700000	40.404000	81.000000
	227.720000	42.024000	80.600000
	227.740000	43.632000	80.600000
	227.760000	45.216000	80.200000
	227.780000	46.776000	79.200000
	227.800000	48.276000	77.400000
	227.820000	49.788000	76.200000
	227.840000	51.240000	74.400000
	227.860000	52.656000	73.000000
	227.880000	54.012000	70.400000
	227.900000	55.356000	68.600000
	227.920000	56.676000	67.000000
	227.940000	57.948000	65.600000
	227.960000	59.148000	63.200000
	227.980000	60.300000	60.400000
	228.000000	61.356000	56.800000
	228.020000	62.376000	53.800000
	228.040000	63.348000	50.800000
	228.060000	64.272000	48.600000
	228.080000	65.112000	45.600000
	228.100000	65.868000	42.000000
	228.120000	66.576000	38.400000
	228.140000	67.224000	35.200000
	228.160000	67.788000	32.000000
	228.180000	68.268000	28.200000
	228.200000	68.676000	24.200000
	228.220000	69.012000	20.400000
	228.240000	69.264000	16.600000
	228.260000	69.432000	12.600000
	228.280000	69.516000	8.400000
	228.300000	69.540000	4.600000
	228.320000	69.468000	0.600000
	228.340000	69.336000	-3.000000
	228.360000	69.120000	-7.000000
	228.380000	68.844000	-10.400000
	228.400000	68.496000	-14.000000
	228.420000	68.076000	-17.400000
	228.440000	67.608000	-20.600000
	228.460000	67.068000	-23.800000
	228.480000	66.480000	-26.600000
	228.500000	65.820000	-29.800000
	228.520000	65.112000	-32.600000
	228.540000	64.356000	-35.400000
	228.560000	63.552000	-37.800000
	228.580000	62.700000	-40.200000
	228.600000	61.800000	-42.600000
	228.620000	60.852000	-45.000000
	228.640000	59.868000	-47.200000
	228.660000	58.860000	-49.000000
	228.680000	57.816000	-50.600000
	228.700000	56.736000	-52.200000
	228.720000	55.608000	-54.200000
	228.740000	54.480000	-55.600000
	228.760000	53.340000	-56.600000
	228.780000	52.200000	-56.800000
	228.800000	51.048000	-57.200000
	228.820000	49.872000	-57.800000
	228.840000	48.672000	-58.800000
	228.860000	47.460000	-59.800000
	228.880000	46.248000	-60.400000
	228.900000	45.048000	-60.400000
	228.920000	43.824000	-60.600000
	228.940000	42.624000	-60.400000
	228.960000	41.424000	-60.400000
	228.980000	40.248000	-59.600000
	229.000000	39.072000	-59.200000
	229.020000	37.908000	-58.600000
	229.040000	36.744000	-58.400000
	229.060000	35.580000	-58.200000
	229.080000	34.440000	-57.800000
	229.100000	33.336000	-56.800000
	229.120000	32.244000	-55.600000
	229.140000	31.176000	-54.400000
	229.160000	30.120000	-53.600000
	229.180000	29.112000	-52.200000
	229.200000	28.104000	-51.200000
	229.220000	27.132000	-49.800000
	229.240000	26.184000	-48.800000
	229.260000	25.284000	-47.000000
	229.280000	24.408000	-45.400000
	229.300000	23.544000	-44.000000
	229.320000	22.692000	-43.200000
	229.340000	21.876000	-42.200000
	229.360000	21.108000	-40.600000
	229.380000	20.376000	-38.600000
	229.400000	19.668000	-36.800000
	229.420000	18.984000	-35.400000
	229.440000	18.348000	-33.800000
	229.460000	17.748000	-32.000000
	229.480000	17.172000	-30.200000
	229.500000	16.620000	-28.800000
	229.520000	16.104000	-27.400000
	229.540000	15.636000	-25.600000
	229.560000	15.204000	-23.600000
	229.580000	14.808000	-21.600000
	229.600000	14.448000	-19.800000
	229.620000	14.124000	-18.000000
	229.640000	13.836000	-16.200000
	229.660000	13.584000	-14.400000
	229.680000	13.368000	-12.600000
	229.700000	13.188000	-10.800000
	229.720000	13.032000	-9.200000
	229.740000	12.912000	-7.600000
	229.760000	12.828000	-6.000000
	229.780000	12.780000	-4.200000
	229.800000	12.768000	-2.400000
	229.820000	12.780000	-0.800000
	229.840000	12.828000	0.800000
	229.860000	12.900000	2.200000
	229.880000	12.996000	3.600000
	229.900000	13.116000	4.800000
	229.920000	13.248000	5.800000
	229.940000	13.404000	6.800000
	229.960000	13.584000	7.800000
	229.980000	13.788000	9.000000
	230.000000	14.004000	10.000000
	230.020000	14.232000	10.800000
	230.040000	14.460000	11.200000
	230.060000	14.712000	11.800000
	230.080000	14.964000	12.200000
	230.100000	15.240000	13.000000
	230.120000	15.516000	13.400000
	230.140000	15.804000	14.000000
	230.160000	16.104000	14.400000
	230.180000	16.416000	15.000000
	230.200000	16.740000	15.600000
	230.220000	17.064000	16.000000
	230.240000	17.388000	16.200000
	230.260000	17.712000	16.200000
	230.280000	18.048000	16.400000
	230.300000	18.372000	16.400000
	230.320000	18.708000	16.600000
	230.340000	19.032000	16.400000
	230.360000	19.368000	16.600000
	230.380000	19.692000	16.400000
	230.400000	20.016000	16.400000
	230.420000	20.340000	16.200000
	230.440000	20.652000	16.000000
	230.460000	20.952000	15.600000
	230.480000	21.240000	15.000000
	230.500000	21.516000	14.400000
	230.520000	21.780000	13.800000
	230.540000	22.032000	13.200000
	230.560000	22.272000	12.600000
	230.580000	22.500000	12.000000
	230.600000	22.704000	11.200000
	230.620000	22.896000	10.400000
	230.640000	23.064000	9.400000
	230.660000	23.220000	8.600000
	230.680000	23.352000	7.600000
	230.700000	23.460000	6.600000
	230.720000	23.544000	5.400000
	230.740000	23.604000	4.200000
	230.760000	23.640000	3.000000
	230.780000	23.640000	1.600000
	230.800000	23.616000	0.200000
	230.820000	23.568000	-1.200000
	230.840000	23.496000	-2.400000
	230.860000	23.400000	-3.600000
	230.880000	23.280000	-4.800000
	230.900000	23.148000	-5.800000
	230.920000	22.980000	-7.000000
	230.940000	22.788000	-8.200000
	230.960000	22.560000	-9.800000
	230.980000	22.308000	-11.200000
	231.000000	22.044000	-12.400000
	231.020000	21.756000	-13.400000
	231.040000	21.444000	-14.400000
	231.060000	21.096000	-15.800000
	231.080000	20.724000	-17.200000
	231.100000	20.328000	-18.600000
	231.120000	19.908000	-19.800000
	231.140000	19.452000	-21.200000
	231.160000	18.972000	-22.600000
	231.180000	18.456000	-24.200000
	231.200000	17.916000	-25.600000
	231.220000	17.352000	-27.000000
	231.240000	16.752000	-28.400000
	231.260000	16.128000	-29.800000
	231.280000	15.456000	-31.600000
	231.300000	14.760000	-33.200000
	231.320000	14.040000	-34.800000
	231.340000	13.284000	-36.200000
	231.360000	12.516000	-37.400000
	231.380000	11.712000	-38.800000
	231.400000	10.896000	-39.800000
	231.420000	10.044000	-41.200000
	231.440000	9.168000	-42.400000
	231.460000	8.268000	-43.800000
	231.480000	7.344000	-45.000000
	231.500000	6.372000	-46.600000
	231.520000	5.388000	-48.000000
	231.540000	4.380000	-49.400000
	231.560000	3.372000	-50.000000
	231.580000	2.328000	-51.000000
	231.600000	1.260000	-52.000000
	231.620000	0.180000	-53.200000
	231.640000	-0.912000	-54.000000
	231.660000	-2.040000	-55.000000
	231.680000	-3.168000	-55.800000
	231.700000	-4.320000	-56.800000
	231.720000	-5.472000	-57.200000
	231.740000	-6.672000	-58.400000
	231.760000	-7.860000	-59.000000
	231.780000	-9.060000	-59.800000
	231.800000	-10.236000	-59.400000
	231.820000	-11.436000	-59.600000
	231.840000	-12.624000	-59.400000
	231.860000	-13.836000	-60.000000
	231.880000	-15.048000	-60.200000
	231.900000	-16.248000	-60.400000
	231.920000	-17.448000	-60.200000
	231.940000	-18.624000	-59.600000
	231.960000	-19.812000	-59.400000
	231.980000	-20.988000	-59.000000
	232.000000	-22.176000	-59.200000
	232.020000	-23.340000	-58.800000
	232.040000	-24.492000	-58.400000
	232.060000	-25.608000	-57.200000
	232.080000	-26.712000	-56.200000
	232.100000	-27.804000	-55.200000
	232.120000	-28.884000	-54.600000
	232.140000	-29.952000	-54.000000
	232.160000	-30.960000	-52.600000
	232.180000	-31.956000	-51.200000
	232.200000	-32.904000	-49.200000
	232.220000	-33.852000	-48.200000
	232.240000	-34.752000	-46.600000
	232.260000	-35.628000	-45.400000
	232.280000	-36.456000	-43.400000
	232.300000	-37.248000	-41.600000
	232.320000	-37.992000	-39.400000
	232.340000	-38.700000	-37.400000
	232.360000	-39.360000	-35.200000
	232.380000	-39.996000	-33.400000
	232.400000	-40.572000	-31.200000
	232.420000	-41.100000	-29.000000
	232.440000	-41.568000	-26.200000
	232.460000	-41.988000	-23.600000
	232.480000	-42.360000	-21.000000
	232.500000	-42.684000	-18.600000
	232.520000	-42.960000	-16.200000
	232.540000	-43.176000	-13.600000
	232.560000	-43.332000	-10.800000
	232.580000	-43.440000	-8.000000
	232.600000	-43.500000	-5.400000
	232.620000	-43.512000	-3.000000
	232.640000	-43.476000	-0.600000
	232.660000	-43.392000	1.800000
	232.680000	-43.260000	4.200000
	232.700000	-43.080000	6.600000
	232.720000	-42.864000	8.800000
	232.740000	-42.624000	10.600000
	232.760000	-42.348000	12.200000
	232.780000	-42.048000	13.600000
	232.800000	-41.700000	15.400000
	232.820000	-41.328000	17.000000
	232.840000	-40.932000	18.600000
	232.860000	-40.524000	19.600000
	232.880000	-40.092000	20.600000
	232.900000	-39.612000	22.000000
	232.920000	-39.120000	23.400000
	232.940000	-38.604000	24.800000
	232.960000	-38.076000	25.600000
	232.980000	-37.512000	26.800000
	233.000000	-36.924000	28.000000
	233.020000	-36.336000	29.000000
	233.040000	-35.736000	29.600000
	233.060000	-35.124000	30.000000
	233.080000	-34.512000	30.400000
	233.100000	-33.888000	30.800000
	233.120000	-33.276000	30.800000
	233.140000	-32.652000	31.000000
	233.160000	-32.040000	30.800000
	233.180000	-31.416000	31.000000
	233.200000	-30.804000	30.800000
	233.220000	-30.192000	30.800000
	233.240000	-29.580000	30.600000
	233.260000	-28.980000	30.400000
	233.280000	-28.392000	30.000000
	233.300000	-27.852000	28.800000
	233.320000	-27.312000	27.800000
	233.340000	-26.796000	26.600000
	233.360000	-26.292000	26.000000
	233.380000	-25.812000	25.000000
	233.400000	-25.356000	24.000000
	233.420000	-24.924000	22.800000
	233.440000	-24.528000	21.400000
	233.460000	-24.156000	20.000000
	233.480000	-23.820000	18.400000
	233.500000	-23.520000	16.800000
	233.520000	-23.256000	15.000000
	233.540000	-23.016000	13.400000
	233.560000	-22.812000	11.800000
	233.580000	-22.644000	10.200000
	233.600000	-22.524000	8.200000
	233.620000	-22.440000	6.200000
	233.640000	-22.404000	4.000000
	233.660000	-22.404000	2.000000
	233.680000	-22.440000	0.000000
	233.700000	-22.512000	-1.800000
	233.720000	-22.632000	-3.800000
	233.740000	-22.788000	-5.800000
	233.760000	-22.980000	-7.800000
	233.780000	-23.196000	-9.400000
	233.800000	-23.460000	-11.200000
	233.820000	-23.760000	-13.000000
	233.840000	-24.096000	-15.000000
	233.860000	-24.468000	-16.800000
	233.880000	-24.876000	-18.600000
	233.900000	-25.320000	-20.400000
	233.920000	-25.800000	-22.200000
	233.940000	-26.316000	-24.000000
	233.960000	-26.880000	-26.000000
	233.980000	-27.468000	-27.800000
	234.000000	-28.104000	-29.800000
	234.020000	-28.776000	-31.600000
	234.040000	-29.496000	-33.800000
	234.060000	-30.252000	-35.800000
	234.080000	-31.032000	-37.600000
	234.100000	-31.848000	-39.200000
	234.120000	-32.676000	-40.400000
	234.140000	-33.564000	-42.200000
	234.160000	-34.488000	-44.000000
	234.180000	-35.448000	-46.200000
	234.200000	-36.408000	-47.400000
	234.220000	-37.380000	-48.200000
	234.240000	-38.376000	-48.800000
	234.260000	-39.396000	-49.800000
	234.280000	-40.440000	-51.000000
	234.300000	-41.508000	-52.200000
	234.320000	-42.588000	-53.200000
	234.340000	-43.656000	-53.600000
	234.360000	-44.748000	-54.000000
	234.380000	-45.816000	-53.800000
	234.400000	-46.908000	-54.200000
	234.420000	-47.988000	-54.000000
	234.440000	-49.080000	-54.400000
	234.460000	-50.172000	-54.400000
	234.480000	-51.264000	-54.600000
	234.500000	-52.344000	-54.400000
	234.520000	-53.388000	-53.600000
	234.540000	-54.384000	-52.000000
	234.560000	-55.380000	-50.600000
	234.580000	-56.364000	-49.600000
	234.600000	-57.336000	-49.200000
	234.620000	-58.272000	-48.200000
	234.640000	-59.160000	-46.600000
	234.660000	-60.000000	-44.400000
	234.680000	-60.804000	-42.200000
	234.700000	-61.560000	-40.000000
	234.720000	-62.280000	-38.000000
	234.740000	-62.928000	-35.400000
	234.760000	-63.540000	-33.000000
	234.780000	-64.080000	-30.000000
	234.800000	-64.572000	-27.400000
	234.820000	-64.992000	-24.200000
	234.840000	-65.340000	-21.000000
	234.860000	-65.616000	-17.400000
	234.880000	-65.820000	-13.800000
	234.900000	-65.964000	-10.400000
	234.920000	-66.036000	-7.000000
	234.940000	-66.036000	-3.600000
	234.960000	-65.964000	2.369216E-13
	234.980000	-65.820000	3.600000
	235.000000	-65.592000	7.400000
	235.020000	-65.304000	11.000000
	235.040000	-64.956000	14.400000
	235.060000	-64.548000	17.400000
	235.080000	-64.056000	20.800000
	235.100000	-63.504000	24.200000
	235.120000	-62.892000	27.600000
	235.140000	-62.208000	30.800000
	235.160000	-61.464000	34.000000
	235.180000	-60.648000	37.400000
	235.200000	-59.772000	40.600000
	235.220000	-58.836000	43.800000
	235.240000	-57.840000	46.800000
	235.260000	-56.808000	49.400000
	235.280000	-55.716000	52.000000
	235.300000	-54.576000	54.400000
	235.320000	-53.376000	57.200000
	235.340000	-52.128000	59.800000
	235.360000	-50.844000	62.200000
	235.380000	-49.536000	64.000000
	235.400000	-48.144000	66.400000
	235.420000	-46.728000	68.600000
	235.440000	-45.264000	71.200000
	235.460000	-43.812000	72.200000
	235.480000	-42.312000	73.600000
	235.500000	-40.788000	74.600000
	235.520000	-39.240000	76.200000
	235.540000	-37.668000	77.400000
	235.560000	-36.084000	78.400000
	235.580000	-34.476000	79.400000
	235.600000	-32.868000	80.000000
	235.620000	-31.200000	81.400000
	235.640000	-29.532000	82.400000
	235.660000	-27.864000	83.400000
	235.680000	-26.184000	83.600000
	235.700000	-24.492000	84.000000
	235.720000	-22.776000	84.800000
	235.740000	-21.084000	85.000000
	235.760000	-19.380000	85.200000
	235.780000	-17.664000	85.200000
	235.800000	-15.936000	85.800000
	235.820000	-14.184000	86.600000
	235.840000	-12.444000	87.000000
	235.860000	-10.704000	87.200000
	235.880000	-8.988000	86.600000
	235.900000	-7.260000	86.400000
	235.920000	-5.508000	86.600000
	235.940000	-3.756000	87.200000
	235.960000	-2.016000	87.400000
	235.980000	-0.276000	87.200000
	236.000000	1.464000	87.000000
	236.020000	3.204000	87.000000
	236.040000	4.944000	87.000000
	236.060000	6.684000	87.000000
	236.080000	8.412000	86.800000
	236.100000	10.116000	86.200000
	236.120000	11.808000	85.400000
	236.140000	13.524000	85.200000
	236.160000	15.228000	85.200000
	236.180000	16.956000	85.800000
	236.200000	18.660000	85.600000
	236.220000	20.328000	85.000000
	236.240000	21.984000	83.800000
	236.260000	23.652000	83.200000
	236.280000	25.320000	83.200000
	236.300000	27.012000	83.800000
	236.320000	28.644000	83.200000
	236.340000	30.312000	83.200000
	236.360000	31.908000	81.600000
	236.380000	33.540000	81.600000
	236.400000	35.112000	80.000000
	236.420000	36.684000	79.600000
	236.440000	38.244000	78.400000
	236.460000	39.804000	78.200000
	236.480000	41.352000	77.800000
	236.500000	42.864000	77.000000
	236.520000	44.352000	75.800000
	236.540000	45.816000	74.400000
	236.560000	47.268000	73.400000
	236.580000	48.672000	72.000000
	236.600000	50.028000	70.200000
	236.620000	51.348000	68.000000
	236.640000	52.632000	66.000000
	236.660000	53.916000	64.800000
	236.680000	55.140000	63.200000
	236.700000	56.316000	61.400000
	236.720000	57.444000	58.800000
	236.740000	58.524000	56.400000
	236.760000	59.556000	54.000000
	236.780000	60.528000	51.400000
	236.800000	61.440000	48.600000
	236.820000	62.304000	45.800000
	236.840000	63.084000	42.600000
	236.860000	63.804000	39.400000
	236.880000	64.476000	36.200000
	236.900000	65.076000	33.200000
	236.920000	65.616000	30.200000
	236.940000	66.060000	26.400000
	236.960000	66.444000	22.800000
	236.980000	66.756000	19.000000
	237.000000	67.008000	15.800000
	237.020000	67.176000	12.200000
	237.040000	67.272000	8.600000
	237.060000	67.296000	4.800000
	237.080000	67.248000	1.200000
	237.100000	67.128000	-2.400000
	237.120000	66.936000	-6.000000
	237.140000	66.696000	-9.200000
	237.160000	66.384000	-12.400000
	237.180000	66.012000	-15.400000
	237.200000	65.580000	-18.600000
	237.220000	65.088000	-21.600000
	237.240000	64.548000	-24.400000
	237.260000	63.948000	-27.200000
	237.280000	63.312000	-29.600000
	237.300000	62.616000	-32.200000
	237.320000	61.872000	-34.600000
	237.340000	61.092000	-37.000000
	237.360000	60.276000	-39.000000
	237.380000	59.424000	-40.800000
	237.400000	58.524000	-42.800000
	237.420000	57.588000	-44.800000
	237.440000	56.616000	-46.800000
	237.460000	55.632000	-48.200000
	237.480000	54.636000	-49.200000
	237.500000	53.616000	-50.000000
	237.520000	52.560000	-51.200000
	237.540000	51.492000	-52.400000
	237.560000	50.412000	-53.400000
	237.580000	49.320000	-54.000000
	237.600000	48.228000	-54.400000
	237.620000	47.124000	-54.800000
	237.640000	46.020000	-55.000000
	237.660000	44.904000	-55.400000
	237.680000	43.812000	-55.200000
	237.700000	42.708000	-55.200000
	237.720000	41.604000	-55.000000
	237.740000	40.500000	-55.200000
	237.760000	39.408000	-55.000000
	237.780000	38.340000	-54.400000
	237.800000	37.272000	-53.800000
	237.820000	36.240000	-52.800000
	237.840000	35.220000	-52.000000
	237.860000	34.224000	-50.800000
	237.880000	33.252000	-49.800000
	237.900000	32.268000	-49.200000
	237.920000	31.308000	-48.600000
	237.940000	30.372000	-48.000000
	237.960000	29.484000	-46.400000
	237.980000	28.620000	-44.800000
	238.000000	27.780000	-43.200000
	238.020000	26.952000	-42.200000
	238.040000	26.160000	-41.000000
	238.060000	25.392000	-39.800000
	238.080000	24.672000	-38.000000
	238.100000	23.976000	-36.400000
	238.120000	23.304000	-34.800000
	238.140000	22.656000	-33.600000
	238.160000	22.044000	-32.200000
	238.180000	21.480000	-30.400000
	238.200000	20.952000	-28.400000
	238.220000	20.460000	-26.400000
	238.240000	19.992000	-24.800000
	238.260000	19.560000	-23.200000
	238.280000	19.164000	-21.600000
	238.300000	18.804000	-19.800000
	238.320000	18.480000	-18.000000
	238.340000	18.192000	-16.200000
	238.360000	17.940000	-14.400000
	238.380000	17.724000	-12.600000
	238.400000	17.544000	-10.800000
	238.420000	17.412000	-8.800000
	238.440000	17.316000	-6.800000
	238.460000	17.256000	-4.800000
	238.480000	17.220000	-3.200000
	238.500000	17.220000	-1.600000
	238.520000	17.256000	-5.928591E-14
	238.540000	17.316000	1.600000
	238.560000	17.412000	3.200000
	238.580000	17.532000	4.600000
	238.600000	17.688000	6.200000
	238.620000	17.868000	7.600000
	238.640000	18.072000	9.000000
	238.660000	18.300000	10.200000
	238.680000	18.540000	11.200000
	238.700000	18.804000	12.200000
	238.720000	19.080000	13.000000
	238.740000	19.380000	14.000000
	238.760000	19.704000	15.000000
	238.780000	20.052000	16.200000
	238.800000	20.412000	17.200000
	238.820000	20.784000	18.000000
	238.840000	21.168000	18.600000
	238.860000	21.576000	19.400000
	238.880000	21.984000	20.000000
	238.900000	22.416000	20.800000
	238.920000	22.860000	21.400000
	238.940000	23.328000	22.400000
	238.960000	23.796000	23.000000
	238.980000	24.276000	23.600000
	239.000000	24.768000	24.000000
	239.020000	25.260000	24.400000
	239.040000	25.752000	24.600000
	239.060000	26.256000	24.800000
	239.080000	26.808000	25.800000
	239.100000	27.336000	26.400000
	239.120000	27.852000	26.600000
	239.140000	28.332000	25.400000
	239.160000	28.836000	25.000000
	239.180000	29.340000	24.800000
	239.200000	29.856000	25.400000
	239.220000	30.372000	25.600000
	239.240000	30.888000	25.800000
	239.260000	31.380000	25.400000
	239.280000	31.860000	24.800000
	239.300000	32.328000	24.000000
	239.320000	32.784000	23.400000
	239.340000	33.240000	23.000000
	239.360000	33.684000	22.600000
	239.380000	34.116000	22.200000
	239.400000	34.512000	21.200000
	239.420000	34.884000	20.000000
	239.440000	35.256000	19.000000
	239.460000	35.604000	18.200000
	239.480000	35.928000	17.400000
	239.500000	36.216000	16.000000
	239.520000	36.504000	15.000000
	239.540000	36.768000	14.000000
	239.560000	36.996000	13.000000
	239.580000	37.188000	11.400000
	239.600000	37.356000	9.800000
	239.620000	37.500000	8.400000
	239.640000	37.608000	7.000000
	239.660000	37.692000	5.600000
	239.680000	37.740000	4.000000
	239.700000	37.764000	2.600000
	239.720000	37.752000	1.000000
	239.740000	37.716000	-0.400000
	239.760000	37.644000	-2.000000
	239.780000	37.548000	-3.400000
	239.800000	37.428000	-4.800000
	239.820000	37.284000	-6.000000
	239.840000	37.104000	-7.400000
	239.860000	36.900000	-8.800000
	239.880000	36.660000	-10.400000
	239.900000	36.408000	-11.600000
	239.920000	36.132000	-12.800000
	239.940000	35.844000	-13.600000
	239.960000	35.520000	-14.800000
	239.980000	35.172000	-16.000000
	240.000000	34.800000	-17.400000
	240.020000	34.416000	-18.400000
	240.040000	34.008000	-19.400000
	240.060000	33.588000	-20.200000
	240.080000	33.132000	-21.400000
	240.100000	32.652000	-22.600000
	240.120000	32.148000	-24.000000
	240.140000	31.632000	-25.000000
	240.160000	31.104000	-25.800000
	240.180000	30.540000	-26.800000
	240.200000	29.964000	-27.800000
	240.220000	29.364000	-29.000000
	240.240000	28.740000	-30.000000
	240.260000	28.116000	-30.800000
	240.280000	27.468000	-31.600000
	240.300000	26.820000	-32.000000
	240.320000	26.136000	-33.000000
	240.340000	25.452000	-33.600000
	240.360000	24.756000	-34.400000
	240.380000	24.036000	-35.000000
	240.400000	23.328000	-35.400000
	240.420000	22.608000	-35.800000
	240.440000	21.888000	-35.800000
	240.460000	21.132000	-36.600000
	240.480000	20.376000	-37.200000
	240.500000	19.620000	-37.800000
	240.520000	18.864000	-37.800000
	240.540000	18.096000	-38.000000
	240.560000	17.340000	-38.000000
	240.580000	16.584000	-38.000000
	240.600000	15.840000	-37.600000
	240.620000	15.072000	-37.800000
	240.640000	14.292000	-38.200000
	240.660000	13.524000	-38.600000
	240.680000	12.768000	-38.400000
	240.700000	12.036000	-37.600000
	240.720000	11.304000	-37.000000
	240.740000	10.584000	-36.400000
	240.760000	9.864000	-36.200000
	240.780000	9.168000	-35.600000
	240.800000	8.484000	-35.000000
	240.820000	7.812000	-34.200000
	240.840000	7.140000	-33.800000
	240.860000	6.480000	-33.400000
	240.880000	5.844000	-32.800000
	240.900000	5.220000	-32.000000
	240.920000	4.608000	-31.200000
	240.940000	4.020000	-30.400000
	240.960000	3.456000	-29.400000
	240.980000	2.916000	-28.200000
	241.000000	2.388000	-27.200000
	241.020000	1.884000	-26.200000
	241.040000	1.416000	-25.000000
	241.060000	0.960000	-23.800000
	241.080000	0.540000	-22.400000
	241.100000	0.144000	-21.200000
	241.120000	-0.216000	-19.600000
	241.140000	-0.564000	-18.400000
	241.160000	-0.876000	-17.000000
	241.180000	-1.152000	-15.600000
	241.200000	-1.392000	-13.800000
	241.220000	-1.608000	-12.200000
	241.240000	-1.788000	-10.600000
	241.260000	-1.932000	-9.000000
	241.280000	-2.052000	-7.400000
	241.300000	-2.136000	-5.800000
	241.320000	-2.196000	-4.400000
	241.340000	-2.220000	-2.800000
	241.360000	-2.220000	-1.400000
	241.380000	-2.184000	0.200000
	241.400000	-2.124000	1.600000
	241.420000	-2.040000	3.000000
	241.440000	-1.944000	4.000000
	241.460000	-1.824000	5.000000
	241.480000	-1.680000	6.000000
	241.500000	-1.524000	7.000000
	241.520000	-1.356000	7.800000
	241.540000	-1.176000	8.400000
	241.560000	-0.972000	9.200000
	241.580000	-0.756000	10.000000
	241.600000	-0.528000	10.800000
	241.620000	-0.300000	11.200000
	241.640000	-0.060000	11.600000
	241.660000	0.180000	11.800000
	241.680000	0.444000	12.400000
	241.700000	0.708000	12.800000
	241.720000	0.984000	13.400000
	241.740000	1.260000	13.600000
	241.760000	1.548000	14.000000
	241.780000	1.836000	14.200000
	241.800000	2.136000	14.600000
	241.820000	2.448000	15.000000
	241.840000	2.760000	15.400000
	241.860000	3.072000	15.600000
	241.880000	3.372000	15.400000
	241.900000	3.684000	15.400000
	241.920000	3.984000	15.200000
	241.940000	4.296000	15.400000
	241.960000	4.596000	15.200000
	241.980000	4.896000	15.200000
	242.000000	5.184000	14.800000
	242.020000	5.460000	14.400000
	242.040000	5.724000	13.800000
	242.060000	5.976000	13.200000
	242.080000	6.216000	12.600000
	242.100000	6.444000	12.000000
	242.120000	6.648000	11.200000
	242.140000	6.840000	10.400000
	242.160000	7.020000	9.600000
	242.180000	7.176000	8.800000
	242.200000	7.320000	8.000000
	242.220000	7.428000	6.800000
	242.240000	7.524000	5.800000
	242.260000	7.584000	4.400000
	242.280000	7.620000	3.200000
	242.300000	7.632000	1.800000
	242.320000	7.620000	0.600000
	242.340000	7.584000	-0.600000
	242.360000	7.524000	-1.800000
	242.380000	7.440000	-3.000000
	242.400000	7.332000	-4.200000
	242.420000	7.188000	-5.600000
	242.440000	7.020000	-7.000000
	242.460000	6.828000	-8.400000
	242.480000	6.624000	-9.400000
	242.500000	6.384000	-10.600000
	242.520000	6.108000	-12.000000
	242.540000	5.796000	-13.800000
	242.560000	5.460000	-15.400000
	242.580000	5.112000	-16.600000
	242.600000	4.728000	-17.800000
	242.620000	4.308000	-19.200000
	242.640000	3.852000	-21.000000
	242.660000	3.360000	-22.800000
	242.680000	2.844000	-24.400000
	242.700000	2.304000	-25.800000
	242.720000	1.728000	-27.200000
	242.740000	1.104000	-29.000000
	242.760000	0.432000	-31.200000
	242.780000	-0.276000	-33.400000
	242.800000	-1.008000	-35.200000
	242.820000	-1.764000	-36.600000
	242.840000	-2.556000	-38.000000
	242.860000	-3.372000	-39.400000
	242.880000	-4.248000	-41.400000
	242.900000	-5.148000	-43.200000
	242.920000	-6.096000	-45.400000
	242.940000	-7.056000	-46.800000
	242.960000	-8.052000	-48.400000
	242.980000	-9.084000	-49.800000
	243.000000	-10.152000	-51.600000
	243.020000	-11.256000	-53.400000
	243.040000	-12.372000	-54.800000
	243.060000	-13.512000	-56.000000
	243.080000	-14.700000	-57.400000
	243.100000	-15.912000	-59.000000
	243.120000	-17.172000	-61.000000
	243.140000	-18.432000	-62.200000
	243.160000	-19.728000	-63.600000
	243.180000	-21.036000	-64.400000
	243.200000	-22.368000	-65.600000
	243.220000	-23.724000	-66.600000
	243.240000	-25.104000	-67.800000
	243.260000	-26.484000	-68.600000
	243.280000	-27.888000	-69.400000
	243.300000	-29.304000	-70.000000
	243.320000	-30.732000	-70.800000
	243.340000	-32.172000	-71.400000
	243.360000	-33.600000	-71.600000
	243.380000	-35.040000	-71.800000
	243.400000	-36.468000	-71.600000
	243.420000	-37.920000	-72.000000
	243.440000	-39.360000	-72.000000
	243.460000	-40.824000	-72.600000
	243.480000	-42.252000	-72.200000
	243.500000	-43.656000	-71.600000
	243.520000	-45.024000	-70.000000
	243.540000	-46.368000	-68.600000
	243.560000	-47.736000	-68.000000
	243.580000	-49.056000	-67.200000
	243.600000	-50.364000	-66.600000
	243.620000	-51.600000	-64.400000
	243.640000	-52.800000	-62.400000
	243.660000	-53.964000	-60.000000
	243.680000	-55.068000	-57.800000
	243.700000	-56.124000	-55.400000
	243.720000	-57.120000	-52.600000
	243.740000	-58.080000	-50.200000
	243.760000	-58.968000	-47.400000
	243.780000	-59.796000	-44.600000
	243.800000	-60.552000	-41.200000
	243.820000	-61.248000	-38.000000
	243.840000	-61.848000	-34.200000
	243.860000	-62.376000	-30.400000
	243.880000	-62.820000	-26.200000
	243.900000	-63.192000	-22.400000
	243.920000	-63.480000	-18.400000
	243.940000	-63.684000	-14.400000
	243.960000	-63.792000	-10.000000
	243.980000	-63.816000	-5.600000
	244.000000	-63.756000	-1.200000
	244.020000	-63.612000	3.000000
	244.040000	-63.384000	7.200000
	244.060000	-63.084000	11.200000
	244.080000	-62.712000	15.000000
	244.100000	-62.280000	18.400000
	244.120000	-61.764000	22.000000
	244.140000	-61.188000	25.400000
	244.160000	-60.540000	29.000000
	244.180000	-59.832000	32.200000
	244.200000	-59.052000	35.600000
	244.220000	-58.188000	39.200000
	244.240000	-57.252000	43.000000
	244.260000	-56.256000	46.600000
	244.280000	-55.224000	49.400000
	244.300000	-54.144000	51.800000
	244.320000	-53.016000	54.000000
	244.340000	-51.816000	56.800000
	244.360000	-50.568000	59.600000
	244.380000	-49.284000	62.200000
	244.400000	-47.976000	64.000000
	244.420000	-46.632000	65.600000
	244.440000	-45.264000	67.000000
	244.460000	-43.872000	68.400000
	244.480000	-42.432000	70.000000
	244.500000	-40.968000	71.600000
	244.520000	-39.468000	73.400000
	244.540000	-37.968000	74.400000
	244.560000	-36.432000	75.600000
	244.580000	-34.920000	75.800000
	244.600000	-33.408000	76.000000
	244.620000	-31.884000	75.800000
	244.640000	-30.336000	76.400000
	244.660000	-28.776000	77.200000
	244.680000	-27.216000	77.800000
	244.700000	-25.656000	78.000000
	244.720000	-24.072000	78.400000
	244.740000	-22.512000	78.400000
	244.760000	-20.964000	78.200000
	244.780000	-19.440000	77.200000
	244.800000	-17.904000	76.800000
	244.820000	-16.380000	76.400000
	244.840000	-14.868000	76.200000
	244.860000	-13.392000	75.200000
	244.880000	-11.916000	74.400000
	244.900000	-10.452000	73.600000
	244.920000	-9.000000	73.200000
	244.940000	-7.524000	73.200000
	244.960000	-6.120000	72.200000
	244.980000	-4.704000	71.600000
	245.000000	-3.348000	69.600000
	245.020000	-1.956000	69.400000
	245.040000	-0.612000	68.200000
	245.060000	0.708000	67.600000
	245.080000	1.992000	65.800000
	245.100000	3.264000	64.600000
	245.120000	4.536000	63.800000
	245.140000	5.748000	62.600000
	245.160000	6.936000	61.200000
	245.180000	8.100000	59.400000
	245.200000	9.252000	58.400000
	245.220000	10.356000	57.000000
	245.240000	11.424000	55.400000
	245.260000	12.480000	53.800000
	245.280000	13.500000	52.400000
	245.300000	14.496000	51.200000
	245.320000	15.444000	49.400000
	245.340000	16.380000	48.000000
	245.360000	17.280000	46.400000
	245.380000	18.144000	45.000000
	245.400000	18.984000	43.400000
	245.420000	19.764000	41.400000
	245.440000	20.532000	39.800000
	245.460000	21.252000	37.800000
	245.480000	21.960000	36.600000
	245.500000	22.644000	35.200000
	245.520000	23.292000	34.000000
	245.540000	23.904000	32.400000
	245.560000	24.456000	30.200000
	245.580000	24.972000	28.000000
	245.600000	25.452000	25.800000
	245.620000	25.908000	24.200000
	245.640000	26.340000	22.800000
	245.660000	26.724000	21.200000
	245.680000	27.060000	19.200000
	245.700000	27.360000	17.000000
	245.720000	27.636000	15.200000
	245.740000	27.876000	13.600000
	245.760000	28.080000	12.000000
	245.780000	28.236000	10.000000
	245.800000	28.368000	8.200000
	245.820000	28.452000	6.200000
	245.840000	28.512000	4.600000
	245.860000	28.536000	2.800000
	245.880000	28.536000	1.400000
	245.900000	28.500000	-0.200000
	245.920000	28.428000	-1.800000
	245.940000	28.320000	-3.600000
	245.960000	28.188000	-5.200000
	245.980000	28.032000	-6.600000
	246.000000	27.864000	-7.600000
	246.020000	27.672000	-8.600000
	246.040000	27.456000	-9.600000
	246.060000	27.216000	-10.800000
	246.080000	26.964000	-11.800000
	246.100000	26.700000	-12.600000
	246.120000	26.424000	-13.200000
	246.140000	26.124000	-14.000000
	246.160000	25.812000	-14.800000
	246.180000	25.476000	-15.800000
	246.200000	25.128000	-16.600000
	246.220000	24.768000	-17.400000
	246.240000	24.408000	-17.800000
	246.260000	24.048000	-18.000000
	246.280000	23.664000	-18.400000
	246.300000	23.268000	-19.000000
	246.320000	22.848000	-20.000000
	246.340000	22.440000	-20.400000
	246.360000	22.032000	-20.600000
	246.380000	21.624000	-20.400000
	246.400000	21.216000	-20.400000
	246.420000	20.796000	-20.600000
	246.440000	20.376000	-20.800000
	246.460000	19.956000	-21.000000
	246.480000	19.548000	-20.800000
	246.500000	19.140000	-20.600000
	246.520000	18.732000	-20.400000
	246.540000	18.324000	-20.400000
	246.560000	17.928000	-20.200000
	246.580000	17.544000	-19.800000
	246.600000	17.172000	-19.200000
	246.620000	16.812000	-18.600000
	246.640000	16.464000	-18.000000
	246.660000	16.128000	-17.400000
	246.680000	15.816000	-16.600000
	246.700000	15.504000	-16.000000
	246.720000	15.216000	-15.200000
	246.740000	14.940000	-14.600000
	246.760000	14.700000	-13.400000
	246.780000	14.472000	-12.400000
	246.800000	14.268000	-11.200000
	246.820000	14.076000	-10.400000
	246.840000	13.908000	-9.400000
	246.860000	13.764000	-8.400000
	246.880000	13.656000	-7.000000
	246.900000	13.572000	-5.600000
	246.920000	13.512000	-4.200000
	246.940000	13.476000	-3.000000
	246.960000	13.464000	-1.800000
	246.980000	13.488000	-0.400000
	247.000000	13.536000	1.000000
	247.020000	13.608000	2.400000
	247.040000	13.704000	3.600000
	247.060000	13.824000	4.800000
	247.080000	13.968000	6.000000
	247.100000	14.136000	7.200000
	247.120000	14.328000	8.400000
	247.140000	14.556000	9.800000
	247.160000	14.796000	11.000000
	247.180000	15.060000	12.200000
	247.200000	15.336000	13.000000
	247.220000	15.636000	14.000000
	247.240000	15.960000	15.000000
	247.260000	16.320000	16.400000
	247.280000	16.692000	17.600000
	247.300000	17.088000	18.800000
	247.320000	17.508000	19.800000
	247.340000	17.964000	21.200000
	247.360000	18.444000	22.600000
	247.380000	18.936000	23.800000
	247.400000	19.452000	24.800000
	247.420000	20.004000	26.000000
	247.440000	20.580000	27.400000
	247.460000	21.168000	28.600000
	247.480000	21.768000	29.400000
	247.500000	22.404000	30.400000
	247.520000	23.064000	31.600000
	247.540000	23.748000	33.000000
	247.560000	24.432000	33.800000
	247.580000	25.140000	34.600000
	247.600000	25.860000	35.200000
	247.620000	26.592000	36.000000
	247.640000	27.348000	36.800000
	247.660000	28.116000	37.600000
	247.680000	28.920000	38.800000
	247.700000	29.736000	39.800000
	247.720000	30.540000	40.400000
	247.740000	31.344000	40.400000
	247.760000	32.160000	40.400000
	247.780000	33.000000	41.000000
	247.800000	33.864000	42.000000
	247.820000	34.704000	42.400000
	247.840000	35.556000	42.600000
	247.860000	36.396000	42.200000
	247.880000	37.248000	42.400000
	247.900000	38.100000	42.400000
	247.920000	38.940000	42.400000
	247.940000	39.780000	42.200000
	247.960000	40.620000	42.000000
	247.980000	41.448000	41.800000
	248.000000	42.264000	41.400000
	248.020000	43.068000	40.800000
	248.040000	43.872000	40.400000
	248.060000	44.664000	40.000000
	248.080000	45.420000	39.200000
	248.100000	46.164000	38.200000
	248.120000	46.884000	37.000000
	248.140000	47.592000	36.200000
	248.160000	48.252000	34.800000
	248.180000	48.900000	33.600000
	248.200000	49.524000	32.200000
	248.220000	50.124000	31.200000
	248.240000	50.688000	29.800000
	248.260000	51.204000	28.000000
	248.280000	51.696000	26.200000
	248.300000	52.140000	24.200000
	248.320000	52.560000	22.600000
	248.340000	52.932000	20.600000
	248.360000	53.268000	18.800000
	248.380000	53.556000	16.600000
	248.400000	53.808000	14.600000
	248.420000	54.012000	12.400000
	248.440000	54.180000	10.400000
	248.460000	54.288000	8.000000
	248.480000	54.360000	5.800000
	248.500000	54.372000	3.200000
	248.520000	54.360000	1.200000
	248.540000	54.300000	-1.000000
	248.560000	54.192000	-3.000000
	248.580000	54.036000	-5.400000
	248.600000	53.832000	-7.800000
	248.620000	53.604000	-9.800000
	248.640000	53.328000	-11.800000
	248.660000	53.016000	-13.600000
	248.680000	52.668000	-15.600000
	248.700000	52.296000	-17.200000
	248.720000	51.888000	-18.800000
	248.740000	51.432000	-20.600000
	248.760000	50.940000	-22.600000
	248.780000	50.412000	-24.600000
	248.800000	49.872000	-26.000000
	248.820000	49.284000	-27.600000
	248.840000	48.672000	-29.000000
	248.860000	48.012000	-31.000000
	248.880000	47.340000	-32.400000
	248.900000	46.632000	-34.000000
	248.920000	45.900000	-35.200000
	248.940000	45.120000	-37.000000
	248.960000	44.340000	-38.200000
	248.980000	43.536000	-39.400000
	249.000000	42.720000	-40.000000
	249.020000	41.880000	-41.000000
	249.040000	41.004000	-42.200000
	249.060000	40.116000	-43.400000
	249.080000	39.144000	-45.600000
	249.100000	38.244000	-46.000000
	249.120000	37.344000	-46.200000
	249.140000	36.480000	-44.400000
	249.160000	35.520000	-45.400000
	249.180000	34.548000	-46.600000
	249.200000	33.588000	-48.200000
	249.220000	32.640000	-48.000000
	249.240000	31.680000	-47.800000
	249.260000	30.708000	-48.000000
	249.280000	29.736000	-48.400000
	249.300000	28.776000	-48.400000
	249.320000	27.816000	-48.200000
	249.340000	26.856000	-48.000000
	249.360000	25.908000	-47.800000
	249.380000	24.960000	-47.600000
	249.400000	24.036000	-47.000000
	249.420000	23.088000	-47.000000
	249.440000	22.176000	-46.400000
	249.460000	21.252000	-46.400000
	249.480000	20.340000	-45.800000
	249.500000	19.428000	-45.800000
	249.520000	18.540000	-45.200000
	249.540000	17.688000	-44.200000
	249.560000	16.836000	-43.200000
	249.580000	15.984000	-42.600000
	249.600000	15.144000	-42.400000
	249.620000	14.340000	-41.600000
	249.640000	13.572000	-40.200000
	249.660000	12.816000	-38.800000
	249.680000	12.072000	-37.800000
	249.700000	11.352000	-37.000000
	249.720000	10.644000	-36.200000
	249.740000	9.960000	-35.200000
	249.760000	9.300000	-34.200000
	249.780000	8.676000	-32.800000
	249.800000	8.076000	-31.400000
	249.820000	7.500000	-30.000000
	249.840000	6.948000	-28.800000
	249.860000	6.420000	-27.600000
	249.880000	5.928000	-26.200000
	249.900000	5.460000	-24.800000
	249.920000	5.028000	-23.200000
	249.940000	4.620000	-21.800000
	249.960000	4.236000	-20.400000
	249.980000	3.888000	-19.000000
	250.000000	3.564000	-17.600000
	250.020000	3.276000	-16.000000
	250.040000	3.012000	-14.600000
	250.060000	2.772000	-13.200000
	250.080000	2.580000	-11.600000
	250.100000	2.412000	-10.000000
	250.120000	2.280000	-8.200000
	250.140000	2.172000	-6.800000
	250.160000	2.100000	-5.200000
	250.180000	2.064000	-3.600000
	250.200000	2.052000	-2.000000
	250.220000	2.064000	-0.600000
	250.240000	2.088000	0.400000
	250.260000	2.148000	1.600000
	250.280000	2.232000	2.800000
	250.300000	2.340000	4.200000
	250.320000	2.460000	5.200000
	250.340000	2.580000	5.800000
	250.360000	2.724000	6.400000
	250.380000	2.880000	7.000000
	250.400000	3.060000	8.000000
	250.420000	3.252000	8.800000
	250.440000	3.456000	9.600000
	250.460000	3.660000	10.000000
	250.480000	3.864000	10.200000
	250.500000	4.068000	10.200000
	250.520000	4.296000	10.600000
	250.540000	4.524000	11.000000
	250.560000	4.752000	11.400000
	250.580000	4.980000	11.400000
	250.600000	5.208000	11.400000
	250.620000	5.448000	11.600000
	250.640000	5.676000	11.600000
	250.660000	5.916000	11.800000
	250.680000	6.144000	11.600000
	250.700000	6.372000	11.600000
	250.720000	6.600000	11.400000
	250.740000	6.828000	11.400000
	250.760000	7.044000	11.200000
	250.780000	7.248000	10.800000
	250.800000	7.440000	10.200000
	250.820000	7.632000	9.800000
	250.840000	7.800000	9.200000
	250.860000	7.956000	8.600000
	250.880000	8.100000	7.800000
	250.900000	8.232000	7.200000
	250.920000	8.340000	6.400000
	250.940000	8.424000	5.400000
	250.960000	8.496000	4.400000
	250.980000	8.544000	3.400000
	251.000000	8.568000	2.400000
	251.020000	8.568000	1.200000
	251.040000	8.544000	0.000000
	251.060000	8.496000	-1.200000
	251.080000	8.424000	-2.400000
	251.100000	8.340000	-3.400000
	251.120000	8.232000	-4.400000
	251.140000	8.100000	-5.400000
	251.160000	7.932000	-6.800000
	251.180000	7.740000	-8.200000
	251.200000	7.524000	-9.600000
	251.220000	7.296000	-10.600000
	251.240000	7.044000	-11.600000
	251.260000	6.756000	-12.800000
	251.280000	6.444000	-14.200000
	251.300000	6.096000	-15.800000
	251.320000	5.724000	-17.200000
	251.340000	5.316000	-18.800000
	251.360000	4.884000	-20.200000
	251.380000	4.416000	-21.800000
	251.400000	3.912000	-23.400000
	251.420000	3.372000	-25.200000
	251.440000	2.796000	-27.000000
	251.460000	2.196000	-28.600000
	251.480000	1.560000	-30.200000
	251.500000	0.900000	-31.600000
	251.520000	0.180000	-33.600000
	251.540000	-0.564000	-35.400000
	251.560000	-1.356000	-37.600000
	251.580000	-2.172000	-39.200000
	251.600000	-3.036000	-41.200000
	251.620000	-3.924000	-42.800000
	251.640000	-4.824000	-44.200000
	251.660000	-5.760000	-45.400000
	251.680000	-6.720000	-46.600000
	251.700000	-7.740000	-48.600000
	251.720000	-8.796000	-50.600000
	251.740000	-9.888000	-52.800000
	251.760000	-11.004000	-54.400000
	251.780000	-12.144000	-55.800000
	251.800000	-13.332000	-57.400000
	251.820000	-14.544000	-59.000000
	251.840000	-15.780000	-60.600000
	251.860000	-17.052000	-62.000000
	251.880000	-18.336000	-63.200000
	251.900000	-19.632000	-64.200000
	251.920000	-20.964000	-65.200000
	251.940000	-22.320000	-66.400000
	251.960000	-23.724000	-68.200000
	251.980000	-25.104000	-69.000000
	252.000000	-26.532000	-70.200000
	252.020000	-27.948000	-70.400000
	252.040000	-29.400000	-71.600000
	252.060000	-30.840000	-71.800000
	252.080000	-32.328000	-73.000000
	252.100000	-33.792000	-73.200000
	252.120000	-35.280000	-74.000000
	252.140000	-36.768000	-74.000000
	252.160000	-38.268000	-74.600000
	252.180000	-39.744000	-74.400000
	252.200000	-41.208000	-74.000000
	252.220000	-42.672000	-73.400000
	252.240000	-44.124000	-73.000000
	252.260000	-45.552000	-72.400000
	252.280000	-46.968000	-71.600000
	252.300000	-48.360000	-70.600000
	252.320000	-49.704000	-69.200000
	252.340000	-51.036000	-67.800000
	252.360000	-52.332000	-66.200000
	252.380000	-53.604000	-65.000000
	252.400000	-54.804000	-62.800000
	252.420000	-55.968000	-60.600000
	252.440000	-57.072000	-57.800000
	252.460000	-58.128000	-55.400000
	252.480000	-59.124000	-52.600000
	252.500000	-60.072000	-50.000000
	252.520000	-60.936000	-46.800000
	252.540000	-61.740000	-43.600000
	252.560000	-62.448000	-39.600000
	252.580000	-63.096000	-36.000000
	252.600000	-63.660000	-32.000000
	252.620000	-64.152000	-28.400000
	252.640000	-64.560000	-24.400000
	252.660000	-64.884000	-20.400000
	252.680000	-65.124000	-16.200000
	252.700000	-65.268000	-11.800000
	252.720000	-65.316000	-7.200000
	252.740000	-65.280000	-2.600000
	252.760000	-65.160000	1.800000
	252.780000	-64.956000	6.000000
	252.800000	-64.668000	10.200000
	252.820000	-64.308000	14.200000
	252.840000	-63.876000	18.000000
	252.860000	-63.348000	22.000000
	252.880000	-62.736000	26.200000
	252.900000	-62.064000	30.200000
	252.920000	-61.332000	33.600000
	252.940000	-60.540000	36.600000
	252.960000	-59.664000	40.000000
	252.980000	-58.716000	43.600000
	253.000000	-57.708000	47.200000
	253.020000	-56.628000	50.600000
	253.040000	-55.500000	53.600000
	253.060000	-54.288000	57.000000
	253.080000	-53.028000	60.000000
	253.100000	-51.732000	62.800000
	253.120000	-50.400000	64.800000
	253.140000	-49.032000	66.600000
	253.160000	-47.628000	68.400000
	253.180000	-46.200000	70.000000
	253.200000	-44.748000	71.400000
	253.220000	-43.236000	73.200000
	253.240000	-41.676000	75.400000
	253.260000	-40.092000	77.600000
	253.280000	-38.520000	78.600000
	253.300000	-36.924000	79.200000
	253.320000	-35.340000	79.200000
	253.340000	-33.696000	80.400000
	253.360000	-32.088000	80.600000
	253.380000	-30.432000	81.800000
	253.400000	-28.812000	81.400000
	253.420000	-27.192000	81.600000
	253.440000	-25.548000	81.400000
	253.460000	-23.904000	81.800000
	253.480000	-22.260000	82.200000
	253.500000	-20.640000	81.800000
	253.520000	-19.008000	81.600000
	253.540000	-17.376000	81.400000
	253.560000	-15.756000	81.400000
	253.580000	-14.172000	80.600000
	253.600000	-12.576000	80.000000
	253.620000	-10.980000	79.600000
	253.640000	-9.372000	80.000000
	253.660000	-7.800000	79.600000
	253.680000	-6.252000	78.800000
	253.700000	-4.740000	77.200000
	253.720000	-3.228000	76.200000
	253.740000	-1.728000	75.400000
	253.760000	-0.252000	74.800000
	253.780000	1.212000	74.000000
	253.800000	2.652000	73.000000
	253.820000	4.080000	72.200000
	253.840000	5.484000	71.200000
	253.860000	6.840000	69.800000
	253.880000	8.196000	68.600000
	253.900000	9.528000	67.400000
	253.920000	10.836000	66.600000
	253.940000	12.096000	65.000000
	253.960000	13.344000	63.600000
	253.980000	14.580000	62.400000
	254.000000	15.804000	61.800000
	254.020000	16.968000	60.400000
	254.040000	18.108000	58.800000
	254.060000	19.212000	56.800000
	254.080000	20.304000	55.600000
	254.100000	21.384000	54.600000
	254.120000	22.416000	53.400000
	254.140000	23.424000	52.000000
	254.160000	24.384000	50.000000
	254.180000	25.344000	48.800000
	254.200000	26.256000	47.200000
	254.220000	27.144000	46.000000
	254.240000	27.984000	44.000000
	254.260000	28.812000	42.600000
	254.280000	29.604000	41.000000
	254.300000	30.360000	39.600000
	254.320000	31.068000	37.600000
	254.340000	31.752000	35.800000
	254.360000	32.400000	34.000000
	254.380000	33.024000	32.600000
	254.400000	33.600000	30.800000
	254.420000	34.140000	29.000000
	254.440000	34.644000	27.000000
	254.460000	35.112000	25.200000
	254.480000	35.556000	23.600000
	254.500000	35.964000	22.000000
	254.520000	36.324000	20.200000
	254.540000	36.660000	18.400000
	254.560000	36.948000	16.400000
	254.580000	37.212000	14.800000
	254.600000	37.440000	13.000000
	254.620000	37.632000	11.400000
	254.640000	37.788000	9.600000
	254.660000	37.908000	7.800000
	254.680000	37.992000	6.000000
	254.700000	38.052000	4.400000
	254.720000	38.076000	2.800000
	254.740000	38.076000	1.400000
	254.760000	38.040000	-0.200000
	254.780000	37.980000	-1.600000
	254.800000	37.896000	-3.000000
	254.820000	37.788000	-4.200000
	254.840000	37.656000	-5.400000
	254.860000	37.500000	-6.600000
	254.880000	37.332000	-7.600000
	254.900000	37.140000	-8.600000
	254.920000	36.936000	-9.400000
	254.940000	36.720000	-10.200000
	254.960000	36.504000	-10.600000
	254.980000	36.288000	-10.800000
	255.000000	36.060000	-11.000000
	255.020000	35.832000	-11.200000
	255.040000	35.592000	-11.600000
	255.060000	35.352000	-11.800000
	255.080000	35.100000	-12.200000
	255.100000	34.848000	-12.400000
	255.120000	34.596000	-12.600000
	255.140000	34.344000	-12.600000
	255.160000	34.092000	-12.600000
	255.180000	33.840000	-12.600000
	255.200000	33.588000	-12.600000
	255.220000	33.348000	-12.400000
	255.240000	33.120000	-12.000000
	255.260000	32.892000	-11.600000
	255.280000	32.676000	-11.200000
	255.300000	32.472000	-10.800000
	255.320000	32.292000	-10.000000
	255.340000	32.112000	-9.400000
	255.360000	31.944000	-8.800000
	255.380000	31.788000	-8.400000
	255.400000	31.668000	-7.400000
	255.420000	31.560000	-6.400000
	255.440000	31.476000	-5.200000
	255.460000	31.404000	-4.400000
	255.480000	31.368000	-3.200000
	255.500000	31.356000	-2.000000
	255.520000	31.368000	-0.600000
	255.540000	31.392000	0.400000
	255.560000	31.452000	1.600000
	255.580000	31.524000	2.600000
	255.600000	31.632000	4.000000
	255.620000	31.752000	5.000000
	255.640000	31.908000	6.400000
	255.660000	32.088000	7.600000
	255.680000	32.292000	9.000000
	255.700000	32.520000	10.200000
	255.720000	32.772000	11.400000
	255.740000	33.060000	12.800000
	255.760000	33.372000	14.200000
	255.780000	33.708000	15.600000
	255.800000	34.080000	17.000000
	255.820000	34.488000	18.600000
	255.840000	34.920000	20.200000
	255.860000	35.376000	21.600000
	255.880000	35.856000	22.800000
	255.900000	36.372000	24.200000
	255.920000	36.912000	25.600000
	255.940000	37.488000	27.200000
	255.960000	38.100000	28.800000
	255.980000	38.736000	30.400000
	256.000000	39.420000	32.200000
	256.020000	40.128000	33.800000
	256.040000	40.860000	35.400000
	256.060000	41.616000	36.600000
	256.080000	42.396000	37.800000
	256.100000	43.212000	39.200000
	256.120000	44.040000	40.400000
	256.140000	44.904000	41.800000
	256.160000	45.792000	43.000000
	256.180000	46.704000	44.400000
	256.200000	47.640000	45.600000
	256.220000	48.588000	46.600000
	256.240000	49.536000	47.200000
	256.260000	50.496000	47.600000
	256.280000	51.492000	48.400000
	256.300000	52.500000	49.400000
	256.320000	53.532000	50.600000
	256.340000	54.540000	50.800000
	256.360000	55.560000	51.000000
	256.380000	56.556000	50.400000
	256.400000	57.576000	50.600000
	256.420000	58.596000	50.600000
	256.440000	59.628000	51.200000
	256.460000	60.636000	51.000000
	256.480000	61.632000	50.600000
	256.500000	62.604000	49.600000
	256.520000	63.576000	49.000000
	256.540000	64.500000	47.800000
	256.560000	65.412000	46.800000
	256.580000	66.288000	45.200000
	256.600000	67.140000	44.000000
	256.620000	67.944000	42.200000
	256.640000	68.700000	40.200000
	256.660000	69.420000	38.000000
	256.680000	70.092000	35.800000
	256.700000	70.716000	33.600000
	256.720000	71.292000	31.200000
	256.740000	71.808000	28.600000
	256.760000	72.264000	25.800000
	256.780000	72.660000	22.800000
	256.800000	72.984000	19.600000
	256.820000	73.248000	16.400000
	256.840000	73.440000	13.000000
	256.860000	73.572000	9.800000
	256.880000	73.632000	6.400000
	256.900000	73.620000	3.000000
	256.920000	73.524000	-0.800000
	256.940000	73.356000	-4.600000
	256.960000	73.128000	-8.200000
	256.980000	72.840000	-11.400000
	257.000000	72.480000	-14.600000
	257.020000	72.036000	-18.200000
	257.040000	71.532000	-21.800000
	257.060000	70.956000	-25.400000
	257.080000	70.320000	-28.600000
	257.100000	69.612000	-32.000000
	257.120000	68.856000	-35.000000
	257.140000	68.040000	-38.000000
	257.160000	67.140000	-41.200000
	257.180000	66.192000	-44.400000
	257.200000	65.184000	-47.600000
	257.220000	64.140000	-50.000000
	257.240000	63.024000	-52.800000
	257.260000	61.848000	-55.600000
	257.280000	60.624000	-58.600000
	257.300000	59.364000	-61.000000
	257.320000	58.068000	-63.000000
	257.340000	56.724000	-65.000000
	257.360000	55.332000	-67.200000
	257.380000	53.892000	-69.600000
	257.400000	52.416000	-71.800000
	257.420000	50.904000	-73.800000
	257.440000	49.368000	-75.400000
	257.460000	47.808000	-76.800000
	257.480000	46.200000	-78.400000
	257.500000	44.580000	-79.800000
	257.520000	42.924000	-81.400000
	257.540000	41.232000	-82.800000
	257.560000	39.516000	-84.400000
	257.580000	37.776000	-85.800000
	257.600000	36.012000	-87.000000
	257.620000	34.212000	-88.400000
	257.640000	32.376000	-90.000000
	257.660000	30.588000	-90.400000
	257.680000	28.764000	-90.800000
	257.700000	26.928000	-90.800000
	257.720000	25.044000	-92.400000
	257.740000	23.148000	-93.600000
	257.760000	21.228000	-95.000000
	257.780000	19.284000	-96.000000
	257.800000	17.328000	-97.000000
	257.820000	15.384000	-97.400000
	257.840000	13.404000	-98.000000
	257.860000	11.424000	-98.400000
	257.880000	9.408000	-99.600000
	257.900000	7.368000	-100.600000
	257.920000	5.316000	-101.800000
	257.940000	3.252000	-102.600000
	257.960000	1.176000	-103.200000
	257.980000	-0.936000	-104.200000
	258.000000	-3.036000	-104.800000
	258.020000	-5.148000	-105.400000
	258.040000	-7.236000	-105.000000
	258.060000	-9.336000	-105.000000
	258.080000	-11.460000	-105.200000
	258.100000	-13.596000	-106.000000
	258.120000	-15.720000	-106.400000
	258.140000	-17.820000	-106.000000
	258.160000	-19.944000	-105.800000
	258.180000	-22.080000	-106.000000
	258.200000	-24.204000	-106.400000
	258.220000	-26.292000	-105.800000
	258.240000	-28.428000	-105.800000
	258.260000	-30.528000	-105.400000
	258.280000	-32.616000	-105.400000
	258.300000	-34.644000	-103.600000
	258.320000	-36.684000	-102.600000
	258.340000	-38.700000	-101.400000
	258.360000	-40.692000	-100.800000
	258.380000	-42.624000	-99.000000
	258.400000	-44.544000	-97.400000
	258.420000	-46.416000	-95.400000
	258.440000	-48.240000	-93.600000
	258.460000	-50.016000	-91.200000
	258.480000	-51.732000	-88.600000
	258.500000	-53.436000	-86.600000
	258.520000	-55.056000	-84.000000
	258.540000	-56.628000	-81.600000
	258.560000	-58.092000	-77.600000
	258.580000	-59.496000	-74.000000
	258.600000	-60.816000	-69.800000
	258.620000	-62.052000	-66.000000
	258.640000	-63.192000	-61.600000
	258.660000	-64.248000	-57.200000
	258.680000	-65.232000	-53.000000
	258.700000	-66.132000	-49.000000
	258.720000	-66.912000	-44.400000
	258.740000	-67.572000	-39.000000
	258.760000	-68.136000	-33.400000
	258.780000	-68.604000	-28.200000
	258.800000	-68.964000	-23.200000
	258.820000	-69.204000	-17.800000
	258.840000	-69.336000	-12.200000
	258.860000	-69.360000	-6.600000
	258.880000	-69.276000	-1.200000
	258.900000	-69.096000	4.000000
	258.920000	-68.808000	9.200000
	258.940000	-68.436000	14.000000
	258.960000	-67.944000	19.200000
	258.980000	-67.368000	24.000000
	259.000000	-66.696000	29.000000
	259.020000	-65.940000	33.400000
	259.040000	-65.124000	37.400000
	259.060000	-64.224000	41.200000
	259.080000	-63.240000	45.000000
	259.100000	-62.172000	49.200000
	259.120000	-61.020000	53.400000
	259.140000	-59.820000	57.000000
	259.160000	-58.560000	60.200000
	259.180000	-57.276000	62.400000
	259.200000	-55.932000	64.800000
	259.220000	-54.528000	67.200000
	259.240000	-53.052000	70.400000
	259.260000	-51.552000	73.000000
	259.280000	-50.040000	74.800000
	259.300000	-48.528000	75.400000
	259.320000	-46.980000	76.200000
	259.340000	-45.396000	77.400000
	259.360000	-43.800000	78.800000
	259.380000	-42.216000	79.400000
	259.400000	-40.608000	79.800000
	259.420000	-38.988000	80.200000
	259.440000	-37.380000	80.600000
	259.460000	-35.784000	80.400000
	259.480000	-34.176000	80.200000
	259.500000	-32.568000	80.200000
	259.520000	-30.984000	80.000000
	259.540000	-29.436000	79.000000
	259.560000	-27.876000	78.200000
	259.580000	-26.328000	77.600000
	259.600000	-24.804000	77.200000
	259.620000	-23.304000	76.200000
	259.640000	-21.852000	74.600000
	259.660000	-20.376000	73.800000
	259.680000	-18.948000	72.600000
	259.700000	-17.532000	72.000000
	259.720000	-16.188000	69.800000
	259.740000	-14.880000	67.800000
	259.760000	-13.596000	65.600000
	259.780000	-12.336000	64.200000
	259.800000	-11.100000	63.000000
	259.820000	-9.912000	61.400000
	259.840000	-8.748000	59.800000
	259.860000	-7.632000	57.800000
	259.880000	-6.540000	56.200000
	259.900000	-5.496000	54.200000
	259.920000	-4.488000	52.400000
	259.940000	-3.528000	50.200000
	259.960000	-2.616000	48.000000
	259.980000	-1.740000	45.800000
	260.000000	-0.888000	44.000000
	260.020000	-0.096000	42.000000
	260.040000	0.648000	39.800000
	260.060000	1.332000	37.000000
	260.080000	1.992000	34.800000
	260.100000	2.616000	32.800000
	260.120000	3.192000	31.000000
	260.140000	3.732000	29.000000
	260.160000	4.212000	26.600000
	260.180000	4.644000	24.200000
	260.200000	5.016000	21.400000
	260.220000	5.352000	19.000000
	260.240000	5.640000	16.600000
	260.260000	5.880000	14.400000
	260.280000	6.072000	12.000000
	260.300000	6.216000	9.600000
	260.320000	6.312000	7.200000
	260.340000	6.360000	4.800000
	260.360000	6.360000	2.400000
	260.380000	6.324000	0.200000
	260.400000	6.240000	-2.000000
	260.420000	6.120000	-4.000000
	260.440000	5.952000	-6.200000
	260.460000	5.748000	-8.200000
	260.480000	5.496000	-10.400000
	260.500000	5.208000	-12.400000
	260.520000	4.896000	-14.200000
	260.540000	4.536000	-16.000000
	260.560000	4.152000	-17.600000
	260.580000	3.720000	-19.600000
	260.600000	3.276000	-21.000000
	260.620000	2.784000	-22.800000
	260.640000	2.268000	-24.200000
	260.660000	1.704000	-26.200000
	260.680000	1.116000	-27.800000
	260.700000	0.480000	-29.800000
	260.720000	-0.168000	-31.200000
	260.740000	-0.852000	-32.800000
	260.760000	-1.548000	-33.800000
	260.780000	-2.292000	-35.400000
	260.800000	-3.060000	-36.800000
	260.820000	-3.864000	-38.600000
	260.840000	-4.668000	-39.600000
	260.860000	-5.508000	-40.800000
	260.880000	-6.360000	-41.600000
	260.900000	-7.248000	-43.000000
	260.920000	-8.136000	-43.800000
	260.940000	-9.060000	-45.000000
	260.960000	-9.984000	-45.600000
	260.980000	-10.932000	-46.600000
	261.000000	-11.892000	-47.200000
	261.020000	-12.876000	-48.200000
	261.040000	-13.860000	-48.800000
	261.060000	-14.844000	-49.200000
	261.080000	-15.804000	-48.800000
	261.100000	-16.800000	-49.000000
	261.120000	-17.772000	-48.800000
	261.140000	-18.780000	-49.600000
	261.160000	-19.752000	-49.200000
	261.180000	-20.736000	-49.400000
	261.200000	-21.720000	-49.000000
	261.220000	-22.692000	-49.000000
	261.240000	-23.652000	-48.600000
	261.260000	-24.576000	-47.600000
	261.280000	-25.500000	-46.800000
	261.300000	-26.412000	-46.000000
	261.320000	-27.324000	-45.800000
	261.340000	-28.200000	-45.000000
	261.360000	-29.040000	-43.800000
	261.380000	-29.856000	-42.200000
	261.400000	-30.648000	-40.800000
	261.420000	-31.416000	-39.600000
	261.440000	-32.160000	-38.400000
	261.460000	-32.868000	-37.000000
	261.480000	-33.564000	-35.800000
	261.500000	-34.212000	-34.200000
	261.520000	-34.836000	-32.800000
	261.540000	-35.400000	-30.600000
	261.560000	-35.928000	-28.600000
	261.580000	-36.420000	-26.400000
	261.600000	-36.876000	-24.600000
	261.620000	-37.284000	-22.600000
	261.640000	-37.644000	-20.400000
	261.660000	-37.968000	-18.200000
	261.680000	-38.244000	-16.000000
	261.700000	-38.484000	-14.000000
	261.720000	-38.676000	-11.800000
	261.740000	-38.832000	-9.800000
	261.760000	-38.928000	-7.400000
	261.780000	-38.976000	-5.000000
	261.800000	-38.988000	-2.600000
	261.820000	-38.964000	-0.600000
	261.840000	-38.892000	1.400000
	261.860000	-38.772000	3.600000
	261.880000	-38.616000	5.800000
	261.900000	-38.436000	7.600000
	261.920000	-38.232000	9.000000
	261.940000	-37.992000	10.400000
	261.960000	-37.728000	11.800000
	261.980000	-37.428000	13.400000
	262.000000	-37.104000	14.800000
	262.020000	-36.756000	16.200000
	262.040000	-36.396000	17.200000
	262.060000	-36.012000	18.200000
	262.080000	-35.604000	19.200000
	262.100000	-35.172000	20.400000
	262.120000	-34.728000	21.400000
	262.140000	-34.260000	22.400000
	262.160000	-33.768000	23.400000
	262.180000	-33.264000	24.400000
	262.200000	-32.760000	25.000000
	262.220000	-32.244000	25.400000
	262.240000	-31.716000	25.800000
	262.260000	-31.176000	26.400000
	262.280000	-30.636000	26.800000
	262.300000	-30.108000	26.800000
	262.320000	-29.568000	26.800000
	262.340000	-29.028000	26.800000
	262.360000	-28.476000	27.200000
	262.380000	-27.948000	27.000000
	262.400000	-27.432000	26.600000
	262.420000	-26.916000	26.000000
	262.440000	-26.412000	25.600000
	262.460000	-25.920000	25.200000
	262.480000	-25.452000	24.400000
	262.500000	-24.996000	23.600000
	262.520000	-24.552000	22.800000
	262.540000	-24.120000	22.200000
	262.560000	-23.724000	21.200000
	262.580000	-23.340000	20.200000
	262.600000	-22.992000	18.800000
	262.620000	-22.656000	17.800000
	262.640000	-22.356000	16.400000
	262.660000	-22.092000	15.000000
	262.680000	-21.852000	13.400000
	262.700000	-21.648000	11.800000
	262.720000	-21.480000	10.200000
	262.740000	-21.348000	8.400000
	262.760000	-21.252000	6.600000
	262.780000	-21.180000	5.000000
	262.800000	-21.156000	3.200000
	262.820000	-21.168000	1.400000
	262.840000	-21.216000	-0.600000
	262.860000	-21.300000	-2.400000
	262.880000	-21.432000	-4.400000
	262.900000	-21.600000	-6.400000
	262.920000	-21.804000	-8.400000
	262.940000	-22.032000	-10.000000
	262.960000	-22.296000	-11.600000
	262.980000	-22.596000	-13.200000
	263.000000	-22.944000	-15.200000
	263.020000	-23.328000	-17.200000
	263.040000	-23.736000	-19.000000
	263.060000	-24.180000	-20.600000
	263.080000	-24.660000	-22.200000
	263.100000	-25.188000	-24.200000
	263.120000	-25.752000	-26.200000
	263.140000	-26.364000	-28.400000
	263.160000	-27.012000	-30.400000
	263.180000	-27.684000	-32.200000
	263.200000	-28.404000	-34.000000
	263.220000	-29.160000	-35.800000
	263.240000	-29.964000	-38.000000
	263.260000	-30.792000	-39.800000
	263.280000	-31.644000	-41.400000
	263.300000	-32.532000	-42.800000
	263.320000	-33.468000	-44.600000
	263.340000	-34.440000	-46.600000
	263.360000	-35.436000	-48.400000
	263.380000	-36.456000	-49.800000
	263.400000	-37.500000	-51.000000
	263.420000	-38.556000	-52.000000
	263.440000	-39.624000	-52.800000
	263.460000	-40.704000	-53.400000
	263.480000	-41.820000	-54.400000
	263.500000	-42.936000	-55.200000
	263.520000	-44.088000	-56.400000
	263.540000	-45.204000	-56.400000
	263.560000	-46.344000	-56.800000
	263.580000	-47.484000	-56.600000
	263.600000	-48.648000	-57.400000
	263.620000	-49.812000	-57.800000
	263.640000	-50.940000	-57.600000
	263.660000	-52.068000	-57.000000
	263.680000	-53.172000	-56.000000
	263.700000	-54.288000	-55.800000
	263.720000	-55.368000	-55.000000
	263.740000	-56.436000	-54.400000
	263.760000	-57.468000	-53.000000
	263.780000	-58.488000	-52.000000
	263.800000	-59.472000	-50.600000
	263.820000	-60.420000	-49.200000
	263.840000	-61.344000	-47.600000
	263.860000	-62.196000	-45.400000
	263.880000	-63.000000	-43.000000
	263.900000	-63.744000	-40.000000
	263.920000	-64.464000	-37.800000
	263.940000	-65.124000	-35.400000
	263.960000	-65.724000	-33.000000
	263.980000	-66.252000	-29.800000
	264.000000	-66.720000	-26.600000
	264.020000	-67.116000	-23.200000
	264.040000	-67.440000	-19.800000
	264.060000	-67.692000	-16.200000
	264.080000	-67.860000	-12.400000
	264.100000	-67.956000	-8.600000
	264.120000	-67.968000	-4.600000
	264.140000	-67.908000	-0.800000
	264.160000	-67.776000	3.000000
	264.180000	-67.572000	6.600000
	264.200000	-67.296000	10.200000
	264.220000	-66.936000	14.000000
	264.240000	-66.504000	17.800000
	264.260000	-66.000000	21.600000
	264.280000	-65.424000	25.200000
	264.300000	-64.788000	28.600000
	264.320000	-64.056000	32.400000
	264.340000	-63.264000	36.000000
	264.360000	-62.412000	39.600000
	264.380000	-61.512000	42.400000
	264.400000	-60.552000	45.200000
	264.420000	-59.484000	48.800000
	264.440000	-58.380000	52.200000
	264.460000	-57.216000	55.600000
	264.480000	-56.016000	57.800000
	264.500000	-54.744000	60.600000
	264.520000	-53.424000	63.200000
	264.540000	-52.080000	65.600000
	264.560000	-50.676000	67.800000
	264.580000	-49.236000	69.800000
	264.600000	-47.760000	72.000000
	264.620000	-46.260000	73.600000
	264.640000	-44.712000	75.400000
	264.660000	-43.128000	77.200000
	264.680000	-41.532000	78.800000
	264.700000	-39.924000	79.800000
	264.720000	-38.280000	80.800000
	264.740000	-36.600000	82.200000
	264.760000	-34.908000	83.600000
	264.780000	-33.192000	84.800000
	264.800000	-31.464000	85.600000
	264.820000	-29.688000	87.000000
	264.840000	-27.900000	88.200000
	264.860000	-26.124000	89.000000
	264.880000	-24.372000	88.600000
	264.900000	-22.608000	88.200000
	264.920000	-20.820000	88.400000
	264.940000	-19.020000	89.200000
	264.960000	-17.244000	89.400000
	264.980000	-15.456000	89.400000
	265.000000	-13.632000	89.800000
	265.020000	-11.808000	90.600000
	265.040000	-9.948000	91.800000
	265.060000	-8.124000	91.800000
	265.080000	-6.288000	92.000000
	265.100000	-4.488000	91.000000
	265.120000	-2.652000	91.200000
	265.140000	-0.816000	91.200000
	265.160000	1.020000	91.800000
	265.180000	2.856000	91.800000
	265.200000	4.692000	91.800000
	265.220000	6.528000	91.800000
	265.240000	8.328000	91.200000
	265.260000	10.152000	91.000000
	265.280000	11.976000	90.800000
	265.300000	13.824000	91.600000
	265.320000	15.612000	91.000000
	265.340000	17.424000	90.800000
	265.360000	19.236000	90.200000
	265.380000	21.072000	91.000000
	265.400000	22.860000	90.600000
	265.420000	24.636000	90.000000
	265.440000	26.436000	89.400000
	265.460000	28.224000	89.400000
	265.480000	30.012000	89.600000
	265.500000	31.788000	89.200000
	265.520000	33.576000	89.200000
	265.540000	35.328000	88.600000
	265.560000	37.044000	87.600000
	265.580000	38.784000	86.800000
	265.600000	40.512000	86.400000
	265.620000	42.216000	86.200000
	265.640000	43.872000	84.800000
	265.660000	45.504000	83.200000
	265.680000	47.172000	82.600000
	265.700000	48.780000	81.800000
	265.720000	50.376000	81.200000
	265.740000	51.900000	78.800000
	265.760000	53.424000	77.400000
	265.780000	54.900000	75.400000
	265.800000	56.328000	73.800000
	265.820000	57.708000	71.400000
	265.840000	59.064000	69.400000
	265.860000	60.360000	67.200000
	265.880000	61.620000	65.200000
	265.900000	62.808000	62.400000
	265.920000	63.948000	59.800000
	265.940000	65.004000	56.400000
	265.960000	66.012000	53.400000
	265.980000	66.960000	50.200000
	266.000000	67.824000	47.000000
	266.020000	68.604000	43.200000
	266.040000	69.300000	39.000000
	266.060000	69.936000	35.200000
	266.080000	70.488000	31.400000
	266.100000	70.956000	27.600000
	266.120000	71.340000	23.400000
	266.140000	71.640000	19.200000
	266.160000	71.856000	15.000000
	266.180000	71.976000	10.600000
	266.200000	72.012000	6.200000
	266.220000	71.964000	1.800000
	266.240000	71.832000	-2.400000
	266.260000	71.616000	-6.600000
	266.280000	71.328000	-10.600000
	266.300000	70.968000	-14.400000
	266.320000	70.536000	-18.000000
	266.340000	70.032000	-21.600000
	266.360000	69.456000	-25.200000
	266.380000	68.808000	-28.800000
	266.400000	68.100000	-32.200000
	266.420000	67.344000	-35.200000
	266.440000	66.516000	-38.200000
	266.460000	65.628000	-41.200000
	266.480000	64.668000	-44.600000
	266.500000	63.672000	-47.400000
	266.520000	62.652000	-49.600000
	266.540000	61.584000	-51.400000
	266.560000	60.468000	-53.400000
	266.580000	59.304000	-55.800000
	266.600000	58.104000	-58.000000
	266.620000	56.856000	-60.200000
	266.640000	55.596000	-61.800000
	266.660000	54.300000	-63.400000
	266.680000	53.028000	-63.800000
	266.700000	51.696000	-65.000000
	266.720000	50.376000	-65.400000
	266.740000	49.020000	-66.800000
	266.760000	47.676000	-67.000000
	266.780000	46.320000	-67.600000
	266.800000	44.952000	-67.800000
	266.820000	43.584000	-68.200000
	266.840000	42.204000	-68.600000
	266.860000	40.824000	-68.800000
	266.880000	39.456000	-68.800000
	266.900000	38.112000	-68.200000
	266.920000	36.780000	-67.400000
	266.940000	35.436000	-67.000000
	266.960000	34.092000	-67.000000
	266.980000	32.772000	-66.800000
	267.000000	31.464000	-66.200000
	267.020000	30.192000	-65.000000
	267.040000	28.920000	-64.200000
	267.060000	27.684000	-63.000000
	267.080000	26.448000	-62.400000
	267.100000	25.236000	-61.400000
	267.120000	24.024000	-61.000000
	267.140000	22.848000	-60.000000
	267.160000	21.696000	-59.000000
	267.180000	20.580000	-57.400000
	267.200000	19.476000	-56.200000
	267.220000	18.408000	-54.800000
	267.240000	17.364000	-53.600000
	267.260000	16.344000	-52.200000
	267.280000	15.348000	-51.000000
	267.300000	14.388000	-49.600000
	267.320000	13.464000	-48.000000
	267.340000	12.564000	-46.400000
	267.360000	11.676000	-45.200000
	267.380000	10.824000	-44.000000
	267.400000	9.996000	-42.800000
	267.420000	9.216000	-41.000000
	267.440000	8.436000	-39.800000
	267.460000	7.704000	-38.200000
	267.480000	6.996000	-37.000000
	267.500000	6.336000	-35.000000
	267.520000	5.712000	-33.200000
	267.540000	5.112000	-31.400000
	267.560000	4.548000	-29.800000
	267.580000	4.008000	-28.400000
	267.600000	3.504000	-26.800000
	267.620000	3.036000	-25.200000
	267.640000	2.592000	-23.600000
	267.660000	2.172000	-22.200000
	267.680000	1.776000	-21.000000
	267.700000	1.428000	-19.400000
	267.720000	1.104000	-17.800000
	267.740000	0.816000	-16.000000
	267.760000	0.552000	-14.600000
	267.780000	0.336000	-12.800000
	267.800000	0.144000	-11.200000
	267.820000	-0.024000	-9.600000
	267.840000	-0.168000	-8.400000
	267.860000	-0.276000	-7.000000
	267.880000	-0.348000	-5.400000
	267.900000	-0.396000	-3.800000
	267.920000	-0.420000	-2.400000
	267.940000	-0.432000	-1.400000
	267.960000	-0.420000	-0.400000
	267.980000	-0.384000	0.600000
	268.000000	-0.336000	1.600000
	268.020000	-0.276000	2.400000
	268.040000	-0.216000	2.800000
	268.060000	-0.132000	3.400000
	268.080000	-0.048000	3.800000
	268.100000	0.048000	4.400000
	268.120000	0.132000	4.400000
	268.140000	0.228000	4.600000
	268.160000	0.324000	4.600000
	268.180000	0.420000	4.800000
	268.200000	0.516000	4.800000
	268.220000	0.600000	4.600000
	268.240000	0.684000	4.400000
	268.260000	0.744000	3.800000
	268.280000	0.804000	3.400000
	268.300000	0.840000	2.600000
	268.320000	0.876000	2.200000
	268.340000	0.888000	1.400000
	268.360000	0.888000	0.800000
	268.380000	0.864000	-0.200000
	268.400000	0.828000	-1.000000
	268.420000	0.792000	-1.600000
	268.440000	0.744000	-2.000000
	268.460000	0.672000	-2.600000
	268.480000	0.576000	-3.600000
	268.500000	0.468000	-4.600000
	268.520000	0.360000	-5.200000
	268.540000	0.240000	-5.600000
	268.560000	0.096000	-6.200000
	268.580000	-0.072000	-7.200000
	268.600000	-0.252000	-8.200000
	268.620000	-0.444000	-9.000000
	268.640000	-0.648000	-9.600000
	268.660000	-0.876000	-10.400000
	268.680000	-1.128000	-11.400000
	268.700000	-1.404000	-12.600000
	268.720000	-1.704000	-13.800000
	268.740000	-2.028000	-15.000000
	268.760000	-2.388000	-16.400000
	268.780000	-2.760000	-17.600000
	268.800000	-3.156000	-18.800000
	268.820000	-3.564000	-19.600000
	268.840000	-4.032000	-21.200000
	268.860000	-4.524000	-22.800000
	268.880000	-5.052000	-24.800000
	268.900000	-5.592000	-26.000000
	268.920000	-6.168000	-27.400000
	268.940000	-6.780000	-28.800000
	268.960000	-7.428000	-30.600000
	268.980000	-8.100000	-32.200000
	269.000000	-8.808000	-33.800000
	269.020000	-9.552000	-35.400000
	269.040000	-10.344000	-37.400000
	269.060000	-11.160000	-39.200000
	269.080000	-12.060000	-41.800000
	269.100000	-12.924000	-43.000000
	269.120000	-13.824000	-44.400000
	269.140000	-14.712000	-44.200000
	269.160000	-15.684000	-46.000000
	269.180000	-16.704000	-48.000000
	269.200000	-17.748000	-50.600000
	269.220000	-18.828000	-52.400000
	269.240000	-19.920000	-53.600000
	269.260000	-21.048000	-55.000000
	269.280000	-22.200000	-56.200000
	269.300000	-23.400000	-58.000000
	269.320000	-24.600000	-59.200000
	269.340000	-25.848000	-60.800000
	269.360000	-27.108000	-61.800000
	269.380000	-28.404000	-63.400000
	269.400000	-29.700000	-64.200000
	269.420000	-31.044000	-65.600000
	269.440000	-32.400000	-66.600000
	269.460000	-33.792000	-68.200000
	269.480000	-35.148000	-68.400000
	269.500000	-36.540000	-69.000000
	269.520000	-37.944000	-69.200000
	269.540000	-39.360000	-70.200000
	269.560000	-40.776000	-70.600000
	269.580000	-42.192000	-70.800000
	269.600000	-43.608000	-70.800000
	269.620000	-44.988000	-70.200000
	269.640000	-46.368000	-69.600000
	269.660000	-47.748000	-69.000000
	269.680000	-49.128000	-69.000000
	269.700000	-50.472000	-68.400000
	269.720000	-51.828000	-68.000000
	269.740000	-53.136000	-66.800000
	269.760000	-54.408000	-65.600000
	269.780000	-55.620000	-63.200000
	269.800000	-56.832000	-61.600000
	269.820000	-57.984000	-59.600000
	269.840000	-59.076000	-57.600000
	269.860000	-60.132000	-55.000000
	269.880000	-61.140000	-52.600000
	269.900000	-62.088000	-50.200000
	269.920000	-62.952000	-47.000000
	269.940000	-63.756000	-43.600000
	269.960000	-64.500000	-40.200000
	269.980000	-65.160000	-36.800000
	270.000000	-65.760000	-33.400000
	270.020000	-66.276000	-29.600000
	270.040000	-66.720000	-26.000000
	270.060000	-67.068000	-21.800000
	270.080000	-67.320000	-17.400000
	270.100000	-67.488000	-12.800000
	270.120000	-67.560000	-8.200000
	270.140000	-67.548000	-3.800000
	270.160000	-67.440000	0.800000
	270.180000	-67.260000	5.000000
	270.200000	-66.996000	9.200000
	270.220000	-66.660000	13.000000
	270.240000	-66.228000	17.200000
	270.260000	-65.724000	21.200000
	270.280000	-65.136000	25.400000
	270.300000	-64.476000	29.200000
	270.320000	-63.744000	33.000000
	270.340000	-62.928000	36.800000
	270.360000	-62.040000	40.600000
	270.380000	-61.068000	44.600000
	270.400000	-60.036000	48.200000
	270.420000	-58.956000	51.400000
	270.440000	-57.816000	54.200000
	270.460000	-56.616000	57.000000
	270.480000	-55.320000	60.600000
	270.500000	-54.000000	63.600000
	270.520000	-52.608000	66.800000
	270.540000	-51.180000	69.000000
	270.560000	-49.692000	71.800000
	270.580000	-48.180000	73.800000
	270.600000	-46.656000	75.400000
	270.620000	-45.108000	76.400000
	270.640000	-43.500000	78.000000
	270.660000	-41.868000	79.800000
	270.680000	-40.188000	82.000000
	270.700000	-38.532000	82.800000
	270.720000	-36.864000	83.400000
	270.740000	-35.148000	84.000000
	270.760000	-33.444000	84.800000
	270.780000	-31.692000	86.200000
	270.800000	-29.928000	87.000000
	270.820000	-28.128000	88.600000
	270.840000	-26.352000	89.000000
	270.860000	-24.600000	88.800000
	270.880000	-22.836000	88.200000
	270.900000	-21.048000	88.400000
	270.920000	-19.260000	89.000000
	270.940000	-17.448000	89.800000
	270.960000	-15.660000	89.800000
	270.980000	-13.848000	90.200000
	271.000000	-12.072000	89.600000
	271.020000	-10.296000	89.400000
	271.040000	-8.568000	88.000000
	271.060000	-6.828000	87.400000
	271.080000	-5.064000	87.200000
	271.100000	-3.288000	88.000000
	271.120000	-1.536000	88.200000
	271.140000	0.180000	87.400000
	271.160000	1.908000	86.600000
	271.180000	3.600000	85.600000
	271.200000	5.304000	85.400000
	271.220000	6.972000	84.400000
	271.240000	8.676000	84.600000
	271.260000	10.368000	84.400000
	271.280000	12.024000	84.200000
	271.300000	13.644000	82.800000
	271.320000	15.252000	81.400000
	271.340000	16.872000	80.800000
	271.360000	18.468000	80.400000
	271.380000	20.052000	80.000000
	271.400000	21.612000	79.000000
	271.420000	23.172000	78.400000
	271.440000	24.684000	77.200000
	271.460000	26.184000	76.200000
	271.480000	27.684000	75.200000
	271.500000	29.160000	74.600000
	271.520000	30.636000	74.200000
	271.540000	32.088000	73.400000
	271.560000	33.504000	72.400000
	271.580000	34.872000	70.600000
	271.600000	36.204000	68.600000
	271.620000	37.548000	67.400000
	271.640000	38.880000	66.800000
	271.660000	40.176000	66.200000
	271.680000	41.460000	65.200000
	271.700000	42.684000	63.400000
	271.720000	43.884000	61.800000
	271.740000	45.036000	59.600000
	271.760000	46.176000	58.200000
	271.780000	47.268000	56.400000
	271.800000	48.324000	54.800000
	271.820000	49.320000	52.400000
	271.840000	50.304000	50.600000
	271.860000	51.240000	48.600000
	271.880000	52.140000	47.000000
	271.900000	52.980000	44.600000
	271.920000	53.772000	42.200000
	271.940000	54.516000	39.600000
	271.960000	55.212000	37.200000
	271.980000	55.860000	34.800000
	272.000000	56.460000	32.400000
	272.020000	57.012000	30.000000
	272.040000	57.504000	27.400000
	272.060000	57.936000	24.600000
	272.080000	58.320000	21.800000
	272.100000	58.644000	19.000000
	272.120000	58.920000	16.400000
	272.140000	59.124000	13.400000
	272.160000	59.280000	10.600000
	272.180000	59.388000	7.800000
	272.200000	59.448000	5.400000
	272.220000	59.448000	2.800000
	272.240000	59.388000	0.000000
	272.260000	59.280000	-2.800000
	272.280000	59.136000	-5.200000
	272.300000	58.956000	-7.200000
	272.320000	58.728000	-9.200000
	272.340000	58.452000	-11.400000
	272.360000	58.140000	-13.600000
	272.380000	57.792000	-15.600000
	272.400000	57.408000	-17.400000
	272.420000	56.976000	-19.400000
	272.440000	56.532000	-21.000000
	272.460000	56.064000	-22.400000
	272.480000	55.572000	-23.400000
	272.500000	55.032000	-25.000000
	272.520000	54.480000	-26.400000
	272.540000	53.916000	-27.600000
	272.560000	53.316000	-28.600000
	272.580000	52.692000	-29.800000
	272.600000	52.044000	-31.200000
	272.620000	51.420000	-31.600000
	272.640000	50.784000	-31.800000
	272.660000	50.136000	-31.800000
	272.680000	49.452000	-32.800000
	272.700000	48.768000	-33.600000
	272.720000	48.096000	-34.000000
	272.740000	47.424000	-33.800000
	272.760000	46.752000	-33.600000
	272.780000	46.080000	-33.600000
	272.800000	45.420000	-33.400000
	272.820000	44.760000	-33.200000
	272.840000	44.112000	-32.800000
	272.860000	43.488000	-32.200000
	272.880000	42.876000	-31.400000
	272.900000	42.264000	-30.800000
	272.920000	41.664000	-30.400000
	272.940000	41.076000	-30.000000
	272.960000	40.524000	-29.000000
	272.980000	39.984000	-28.000000
	273.000000	39.480000	-26.600000
	273.020000	39.000000	-25.400000
	273.040000	38.544000	-24.000000
	273.060000	38.112000	-22.800000
	273.080000	37.692000	-21.800000
	273.100000	37.320000	-20.400000
	273.120000	36.972000	-19.000000
	273.140000	36.660000	-17.200000
	273.160000	36.372000	-15.800000
	273.180000	36.132000	-14.000000
	273.200000	35.928000	-12.200000
	273.220000	35.760000	-10.200000
	273.240000	35.616000	-8.600000
	273.260000	35.508000	-7.000000
	273.280000	35.436000	-5.400000
	273.300000	35.400000	-3.600000
	273.320000	35.400000	-1.800000
	273.340000	35.448000	0.200000
	273.360000	35.532000	2.200000
	273.380000	35.652000	4.200000
	273.400000	35.796000	5.800000
	273.420000	35.976000	7.400000
	273.440000	36.180000	8.800000
	273.460000	36.420000	10.400000
	273.480000	36.684000	11.800000
	273.500000	36.984000	13.400000
	273.520000	37.308000	14.800000
	273.540000	37.668000	16.400000
	273.560000	38.052000	17.800000
	273.580000	38.472000	19.400000
	273.600000	38.916000	20.800000
	273.620000	39.396000	22.400000
	273.640000	39.900000	23.800000
	273.660000	40.428000	25.200000
	273.680000	40.980000	26.400000
	273.700000	41.568000	27.800000
	273.720000	42.192000	29.400000
	273.740000	42.840000	31.000000
	273.760000	43.500000	32.200000
	273.780000	44.172000	33.000000
	273.800000	44.868000	33.800000
	273.820000	45.588000	34.800000
	273.840000	46.332000	36.000000
	273.860000	47.088000	37.000000
	273.880000	47.868000	38.000000
	273.900000	48.648000	38.600000
	273.920000	49.440000	39.200000
	273.940000	50.220000	39.200000
	273.960000	51.024000	39.600000
	273.980000	51.828000	39.800000
	274.000000	52.632000	40.200000
	274.020000	53.436000	40.200000
	274.040000	54.240000	40.200000
	274.060000	55.056000	40.400000
	274.080000	55.848000	40.200000
	274.100000	56.628000	39.800000
	274.120000	57.396000	39.000000
	274.140000	58.140000	38.200000
	274.160000	58.884000	37.600000
	274.180000	59.592000	36.600000
	274.200000	60.288000	35.800000
	274.220000	60.948000	34.400000
	274.240000	61.572000	33.000000
	274.260000	62.172000	31.400000
	274.280000	62.724000	29.600000
	274.300000	63.252000	28.000000
	274.320000	63.732000	26.000000
	274.340000	64.176000	24.200000
	274.360000	64.572000	22.000000
	274.380000	64.932000	20.000000
	274.400000	65.232000	17.600000
	274.420000	65.484000	15.200000
	274.440000	65.676000	12.400000
	274.460000	65.820000	9.800000
	274.480000	65.904000	7.000000
	274.500000	65.940000	4.400000
	274.520000	65.928000	1.800000
	274.540000	65.856000	-0.800000
	274.560000	65.712000	-3.800000
	274.580000	65.520000	-6.800000
	274.600000	65.280000	-9.600000
	274.620000	64.992000	-12.000000
	274.640000	64.644000	-14.600000
	274.660000	64.236000	-17.400000
	274.680000	63.780000	-20.200000
	274.700000	63.264000	-23.000000
	274.720000	62.712000	-25.400000
	274.740000	62.100000	-28.000000
	274.760000	61.452000	-30.200000
	274.780000	60.744000	-32.800000
	274.800000	60.000000	-35.000000
	274.820000	59.196000	-37.600000
	274.840000	58.356000	-39.800000
	274.860000	57.468000	-42.200000
	274.880000	56.532000	-44.400000
	274.900000	55.560000	-46.600000
	274.920000	54.540000	-48.800000
	274.940000	53.484000	-50.800000
	274.960000	52.380000	-53.000000
	274.980000	51.252000	-54.800000
	275.000000	50.088000	-56.600000
	275.020000	48.900000	-58.000000
	275.040000	47.664000	-59.800000
	275.060000	46.404000	-61.400000
	275.080000	45.108000	-63.200000
	275.100000	43.788000	-64.600000
	275.120000	42.444000	-66.000000
	275.140000	41.064000	-67.400000
	275.160000	39.696000	-68.200000
	275.180000	38.304000	-69.000000
	275.200000	36.888000	-69.600000
	275.220000	35.436000	-71.000000
	275.240000	33.960000	-72.400000
	275.260000	32.472000	-73.600000
	275.280000	30.972000	-74.400000
	275.300000	29.460000	-75.000000
	275.320000	27.924000	-75.800000
	275.340000	26.376000	-76.600000
	275.360000	24.840000	-77.000000
	275.380000	23.292000	-77.200000
	275.400000	21.684000	-78.200000
	275.420000	20.064000	-79.600000
	275.440000	18.456000	-80.600000
	275.460000	16.872000	-80.200000
	275.480000	15.264000	-80.000000
	275.500000	13.632000	-80.400000
	275.520000	11.988000	-81.400000
	275.540000	10.344000	-82.000000
	275.560000	8.664000	-82.800000
	275.580000	6.996000	-83.200000
	275.600000	5.328000	-83.600000
	275.620000	3.684000	-83.000000
	275.640000	2.040000	-82.600000
	275.660000	0.372000	-82.600000
	275.680000	-1.272000	-82.600000
	275.700000	-2.940000	-83.000000
	275.720000	-4.608000	-83.000000
	275.740000	-6.300000	-83.800000
	275.760000	-7.968000	-83.800000
	275.780000	-9.624000	-83.600000
	275.800000	-11.244000	-82.400000
	275.820000	-12.876000	-81.800000
	275.840000	-14.472000	-80.800000
	275.860000	-16.080000	-80.600000
	275.880000	-17.664000	-79.800000
	275.900000	-19.260000	-79.800000
	275.920000	-20.820000	-79.000000
	275.940000	-22.368000	-78.400000
	275.960000	-23.892000	-77.200000
	275.980000	-25.392000	-76.200000
	276.000000	-26.844000	-74.600000
	276.020000	-28.272000	-73.000000
	276.040000	-29.676000	-71.400000
	276.060000	-31.068000	-70.400000
	276.080000	-32.424000	-69.200000
	276.100000	-33.732000	-67.600000
	276.120000	-34.992000	-65.400000
	276.140000	-36.216000	-63.200000
	276.160000	-37.428000	-61.600000
	276.180000	-38.592000	-60.000000
	276.200000	-39.696000	-58.000000
	276.220000	-40.752000	-55.400000
	276.240000	-41.760000	-52.800000
	276.260000	-42.732000	-50.600000
	276.280000	-43.632000	-48.000000
	276.300000	-44.496000	-45.600000
	276.320000	-45.300000	-42.800000
	276.340000	-46.044000	-40.200000
	276.360000	-46.728000	-37.200000
	276.380000	-47.352000	-34.200000
	276.400000	-47.928000	-31.400000
	276.420000	-48.432000	-28.400000
	276.440000	-48.864000	-25.200000
	276.460000	-49.236000	-21.800000
	276.480000	-49.560000	-18.800000
	276.500000	-49.824000	-16.000000
	276.520000	-50.016000	-13.000000
	276.540000	-50.136000	-9.600000
	276.560000	-50.208000	-6.400000
	276.580000	-50.220000	-3.400000
	276.600000	-50.184000	-0.800000
	276.620000	-50.088000	2.000000
	276.640000	-49.944000	4.600000
	276.660000	-49.740000	7.400000
	276.680000	-49.488000	10.000000
	276.700000	-49.212000	12.200000
	276.720000	-48.900000	14.000000
	276.740000	-48.552000	15.600000
	276.760000	-48.168000	17.400000
	276.780000	-47.748000	19.200000
	276.800000	-47.292000	21.000000
	276.820000	-46.812000	22.600000
	276.840000	-46.308000	24.000000
	276.860000	-45.792000	25.000000
	276.880000	-45.240000	26.200000
	276.900000	-44.676000	27.200000
	276.920000	-44.076000	28.600000
	276.940000	-43.464000	29.600000
	276.960000	-42.828000	30.800000
	276.980000	-42.204000	31.200000
	277.000000	-41.568000	31.600000
	277.020000	-40.932000	31.600000
	277.040000	-40.296000	31.800000
	277.060000	-39.672000	31.600000
	277.080000	-39.036000	31.600000
	277.100000	-38.400000	31.600000
	277.120000	-37.776000	31.600000
	277.140000	-37.176000	31.000000
	277.160000	-36.588000	30.200000
	277.180000	-35.988000	29.800000
	277.200000	-35.424000	29.200000
	277.220000	-34.872000	28.600000
	277.240000	-34.356000	27.200000
	277.260000	-33.852000	26.200000
	277.280000	-33.372000	25.000000
	277.300000	-32.928000	23.800000
	277.320000	-32.508000	22.400000
	277.340000	-32.124000	20.800000
	277.360000	-31.764000	19.400000
	277.380000	-31.440000	17.800000
	277.400000	-31.152000	16.200000
	277.420000	-30.900000	14.400000
	277.440000	-30.684000	12.600000
	277.460000	-30.516000	10.600000
	277.480000	-30.384000	8.600000
	277.500000	-30.300000	6.400000
	277.520000	-30.240000	4.600000
	277.540000	-30.228000	2.600000
	277.560000	-30.252000	0.800000
	277.580000	-30.324000	-1.400000
	277.600000	-30.432000	-3.400000
	277.620000	-30.588000	-5.600000
	277.640000	-30.780000	-7.600000
	277.660000	-31.008000	-9.600000
	277.680000	-31.260000	-11.200000
	277.700000	-31.548000	-12.800000
	277.720000	-31.872000	-14.400000
	277.740000	-32.244000	-16.400000
	277.760000	-32.640000	-18.200000
	277.780000	-33.072000	-20.000000
	277.800000	-33.528000	-21.400000
	277.820000	-34.032000	-23.200000
	277.840000	-34.572000	-25.000000
	277.860000	-35.148000	-27.000000
	277.880000	-35.760000	-28.800000
	277.900000	-36.408000	-30.600000
	277.920000	-37.068000	-32.000000
	277.940000	-37.764000	-33.400000
	277.960000	-38.472000	-34.400000
	277.980000	-39.228000	-36.000000
	278.000000	-40.008000	-37.400000
	278.020000	-40.812000	-39.000000
	278.040000	-41.628000	-40.000000
	278.060000	-42.456000	-40.800000
	278.080000	-43.296000	-41.400000
	278.100000	-44.172000	-42.400000
	278.120000	-45.060000	-43.400000
	278.140000	-45.960000	-44.400000
	278.160000	-46.848000	-44.600000
	278.180000	-47.736000	-44.600000
	278.200000	-48.624000	-44.400000
	278.220000	-49.512000	-44.400000
	278.240000	-50.400000	-44.400000
	278.260000	-51.300000	-44.600000
	278.280000	-52.176000	-44.400000
	278.300000	-53.028000	-43.800000
	278.320000	-53.856000	-42.600000
	278.340000	-54.672000	-41.600000
	278.360000	-55.464000	-40.600000
	278.380000	-56.232000	-39.600000
	278.400000	-56.976000	-38.400000
	278.420000	-57.696000	-37.200000
	278.440000	-58.380000	-35.800000
	278.460000	-59.016000	-34.000000
	278.480000	-59.628000	-32.200000
	278.500000	-60.192000	-30.200000
	278.520000	-60.720000	-28.400000
	278.540000	-61.176000	-25.800000
	278.560000	-61.596000	-23.400000
	278.580000	-61.956000	-20.600000
	278.600000	-62.280000	-18.400000
	278.620000	-62.532000	-15.600000
	278.640000	-62.736000	-13.000000
	278.660000	-62.868000	-9.800000
	278.680000	-62.940000	-6.800000
	278.700000	-62.952000	-3.600000
	278.720000	-62.904000	-0.600000
	278.740000	-62.796000	2.400000
	278.760000	-62.628000	5.400000
	278.780000	-62.400000	8.400000
	278.800000	-62.112000	11.400000
	278.820000	-61.764000	14.400000
	278.840000	-61.344000	17.600000
	278.860000	-60.876000	20.600000
	278.880000	-60.360000	23.400000
	278.900000	-59.796000	25.800000
	278.920000	-59.160000	28.600000
	278.940000	-58.464000	31.600000
	278.960000	-57.708000	34.800000
	278.980000	-56.904000	37.600000
	279.000000	-56.052000	40.200000
	279.020000	-55.164000	42.400000
	279.040000	-54.228000	44.600000
	279.060000	-53.220000	47.200000
	279.080000	-52.152000	50.200000
	279.100000	-51.060000	52.800000
	279.120000	-49.944000	54.600000
	279.140000	-48.792000	56.000000
	279.160000	-47.580000	58.000000
	279.180000	-46.320000	60.400000
	279.200000	-45.036000	62.600000
	279.220000	-43.728000	64.200000
	279.240000	-42.384000	65.600000
	279.260000	-41.028000	66.800000
	279.280000	-39.636000	68.200000
	279.300000	-38.244000	69.000000
	279.320000	-36.804000	70.400000
	279.340000	-35.364000	71.200000
	279.360000	-33.888000	72.600000
	279.380000	-32.400000	73.400000
	279.400000	-30.876000	74.800000
	279.420000	-29.352000	75.600000
	279.440000	-27.840000	76.000000
	279.460000	-26.316000	76.000000
	279.480000	-24.768000	76.400000
	279.500000	-23.196000	77.400000
	279.520000	-21.624000	78.200000
	279.540000	-20.040000	78.800000
	279.560000	-18.456000	79.000000
	279.580000	-16.860000	79.400000
	279.600000	-15.288000	79.200000
	279.620000	-13.668000	79.800000
	279.640000	-12.048000	80.200000
	279.660000	-10.416000	81.200000
	279.680000	-8.808000	81.000000
	279.700000	-7.212000	80.600000
	279.720000	-5.604000	80.200000
	279.740000	-3.996000	80.200000
	279.760000	-2.388000	80.400000
	279.780000	-0.804000	80.000000
	279.800000	0.780000	79.600000
	279.820000	2.364000	79.200000
	279.840000	3.960000	79.400000
	279.860000	5.580000	80.000000
	279.880000	7.164000	80.000000
	279.900000	8.748000	79.800000
	279.920000	10.308000	78.800000
	279.940000	11.880000	78.600000
	279.960000	13.452000	78.400000
	279.980000	14.976000	77.800000
	280.000000	16.524000	77.400000
	280.020000	18.060000	76.800000
	280.040000	19.596000	77.000000
	280.060000	21.120000	76.600000
	280.080000	22.632000	76.200000
	280.100000	24.132000	75.600000
	280.120000	25.620000	75.000000
	280.140000	27.096000	74.400000
	280.160000	28.584000	74.200000
	280.180000	30.036000	73.600000
	280.200000	31.452000	72.600000
	280.220000	32.832000	70.800000
	280.240000	34.200000	69.400000
	280.260000	35.580000	68.800000
	280.280000	36.960000	68.800000
	280.300000	38.316000	68.600000
	280.320000	39.636000	67.600000
	280.340000	40.908000	65.800000
	280.360000	42.192000	64.600000
	280.380000	43.440000	63.400000
	280.400000	44.664000	62.600000
	280.420000	45.852000	61.000000
	280.440000	47.004000	59.400000
	280.460000	48.120000	57.600000
	280.480000	49.176000	55.400000
	280.500000	50.208000	53.400000
	280.520000	51.216000	51.600000
	280.540000	52.176000	50.000000
	280.560000	53.088000	48.000000
	280.580000	53.964000	45.800000
	280.600000	54.804000	43.800000
	280.620000	55.584000	41.600000
	280.640000	56.304000	39.000000
	280.660000	56.976000	36.200000
	280.680000	57.600000	33.600000
	280.700000	58.164000	31.000000
	280.720000	58.668000	28.200000
	280.740000	59.124000	25.400000
	280.760000	59.532000	22.800000
	280.780000	59.880000	20.200000
	280.800000	60.168000	17.400000
	280.820000	60.396000	14.400000
	280.840000	60.564000	11.400000
	280.860000	60.672000	8.400000
	280.880000	60.720000	5.400000
	280.900000	60.708000	2.400000
	280.920000	60.648000	-0.400000
	280.940000	60.528000	-3.200000
	280.960000	60.360000	-5.800000
	280.980000	60.144000	-8.400000
	281.000000	59.880000	-10.800000
	281.020000	59.580000	-13.000000
	281.040000	59.232000	-15.200000
	281.060000	58.848000	-17.200000
	281.080000	58.416000	-19.400000
	281.100000	57.948000	-21.400000
	281.120000	57.444000	-23.400000
	281.140000	56.916000	-25.000000
	281.160000	56.352000	-26.600000
	281.180000	55.752000	-28.200000
	281.200000	55.116000	-30.000000
	281.220000	54.468000	-31.400000
	281.240000	53.796000	-32.600000
	281.260000	53.088000	-33.800000
	281.280000	52.356000	-35.200000
	281.300000	51.612000	-36.400000
	281.320000	50.868000	-37.000000
	281.340000	50.088000	-37.800000
	281.360000	49.296000	-38.600000
	281.380000	48.504000	-39.400000
	281.400000	47.712000	-39.600000
	281.420000	46.908000	-39.800000
	281.440000	46.080000	-40.400000
	281.460000	45.264000	-40.800000
	281.480000	44.448000	-41.000000
	281.500000	43.656000	-40.400000
	281.520000	42.852000	-40.200000
	281.540000	42.060000	-39.800000
	281.560000	41.268000	-39.800000
	281.580000	40.488000	-39.400000
	281.600000	39.732000	-38.800000
	281.620000	38.976000	-38.200000
	281.640000	38.256000	-37.200000
	281.660000	37.536000	-36.600000
	281.680000	36.852000	-35.400000
	281.700000	36.168000	-34.800000
	281.720000	35.508000	-33.800000
	281.740000	34.860000	-33.200000
	281.760000	34.248000	-32.000000
	281.780000	33.672000	-30.600000
	281.800000	33.120000	-29.000000
	281.820000	32.604000	-27.400000
	281.840000	32.112000	-26.000000
	281.860000	31.656000	-24.400000
	281.880000	31.212000	-23.200000
	281.900000	30.804000	-21.800000
	281.920000	30.432000	-20.400000
	281.940000	30.108000	-18.400000
	281.960000	29.820000	-16.400000
	281.980000	29.556000	-14.600000
	282.000000	29.328000	-13.000000
	282.020000	29.136000	-11.400000
	282.040000	28.992000	-9.400000
	282.060000	28.884000	-7.400000
	282.080000	28.812000	-5.400000
	282.100000	28.776000	-3.600000
	282.120000	28.776000	-1.800000
	282.140000	28.812000	-5.928591E-14
	282.160000	28.896000	2.000000
	282.180000	29.004000	3.800000
	282.200000	29.148000	5.600000
	282.220000	29.316000	7.000000
	282.240000	29.532000	8.800000
	282.260000	29.772000	10.400000
	282.280000	30.048000	12.200000
	282.300000	30.348000	13.600000
	282.320000	30.684000	15.200000
	282.340000	31.032000	16.400000
	282.360000	31.404000	17.600000
	282.380000	31.812000	18.800000
	282.400000	32.268000	20.600000
	282.420000	32.748000	22.400000
	282.440000	33.252000	24.000000
	282.460000	33.768000	25.000000
	282.480000	34.332000	26.400000
	282.500000	34.908000	27.600000
	282.520000	35.532000	29.400000
	282.540000	36.156000	30.400000
	282.560000	36.828000	32.000000
	282.580000	37.512000	33.000000
	282.600000	38.232000	34.600000
	282.620000	38.952000	35.400000
	282.640000	39.684000	36.200000
	282.660000	40.440000	36.800000
	282.680000	41.208000	37.600000
	282.700000	41.988000	38.400000
	282.720000	42.780000	39.000000
	282.740000	43.596000	39.800000
	282.760000	44.436000	40.800000
	282.780000	45.264000	41.400000
	282.800000	46.104000	41.800000
	282.820000	46.932000	41.600000
	282.840000	47.772000	41.800000
	282.860000	48.612000	41.800000
	282.880000	49.440000	41.800000
	282.900000	50.256000	41.400000
	282.920000	51.060000	40.800000
	282.940000	51.864000	40.400000
	282.960000	52.668000	40.200000
	282.980000	53.460000	40.000000
	283.000000	54.216000	39.200000
	283.020000	54.960000	38.200000
	283.040000	55.668000	36.800000
	283.060000	56.364000	35.800000
	283.080000	57.024000	34.400000
	283.100000	57.660000	33.200000
	283.120000	58.284000	32.000000
	283.140000	58.860000	30.600000
	283.160000	59.388000	28.800000
	283.180000	59.880000	26.600000
	283.200000	60.324000	24.400000
	283.220000	60.744000	22.600000
	283.240000	61.104000	20.400000
	283.260000	61.428000	18.400000
	283.280000	61.704000	16.000000
	283.300000	61.920000	13.600000
	283.320000	62.100000	11.200000
	283.340000	62.208000	8.400000
	283.360000	62.268000	5.800000
	283.380000	62.268000	2.800000
	283.400000	62.220000	0.200000
	283.420000	62.124000	-2.400000
	283.440000	61.968000	-5.000000
	283.460000	61.776000	-7.400000
	283.480000	61.524000	-10.000000
	283.500000	61.236000	-12.200000
	283.520000	60.888000	-14.800000
	283.540000	60.492000	-17.200000
	283.560000	60.048000	-19.800000
	283.580000	59.556000	-22.200000
	283.600000	59.028000	-24.400000
	283.620000	58.452000	-26.600000
	283.640000	57.828000	-28.800000
	283.660000	57.168000	-31.000000
	283.680000	56.448000	-33.400000
	283.700000	55.692000	-35.600000
	283.720000	54.888000	-38.000000
	283.740000	54.072000	-39.600000
	283.760000	53.196000	-41.600000
	283.780000	52.296000	-43.200000
	283.800000	51.336000	-45.600000
	283.820000	50.376000	-47.000000
	283.840000	49.368000	-48.800000
	283.860000	48.336000	-50.000000
	283.880000	47.256000	-52.000000
	283.900000	46.152000	-53.600000
	283.920000	45.036000	-55.000000
	283.940000	43.908000	-55.800000
	283.960000	42.732000	-57.000000
	283.980000	41.532000	-58.400000
	284.000000	40.296000	-60.200000
	284.020000	39.084000	-60.800000
	284.040000	37.848000	-61.400000
	284.060000	36.600000	-61.600000
	284.080000	35.316000	-62.800000
	284.100000	34.008000	-64.000000
	284.120000	32.712000	-64.800000
	284.140000	31.416000	-65.000000
	284.160000	30.108000	-65.000000
	284.180000	28.776000	-65.600000
	284.200000	27.420000	-66.600000
	284.220000	26.052000	-67.600000
	284.240000	24.696000	-68.000000
	284.260000	23.328000	-68.200000
	284.280000	21.984000	-67.800000
	284.300000	20.616000	-68.000000
	284.320000	19.272000	-67.600000
	284.340000	17.904000	-68.000000
	284.360000	16.548000	-67.800000
	284.380000	15.168000	-68.400000
	284.400000	13.800000	-68.400000
	284.420000	12.432000	-68.600000
	284.440000	11.076000	-68.200000
	284.460000	9.708000	-68.200000
	284.480000	8.352000	-68.000000
	284.500000	6.996000	-68.000000
	284.520000	5.664000	-67.400000
	284.540000	4.332000	-67.000000
	284.560000	3.012000	-66.400000
	284.580000	1.716000	-65.800000
	284.600000	0.408000	-65.400000
	284.620000	-0.864000	-64.600000
	284.640000	-2.148000	-64.400000
	284.660000	-3.408000	-63.600000
	284.680000	-4.656000	-63.200000
	284.700000	-5.880000	-62.200000
	284.720000	-7.068000	-61.000000
	284.740000	-8.280000	-60.400000
	284.760000	-9.456000	-59.600000
	284.780000	-10.620000	-59.200000
	284.800000	-11.724000	-57.400000
	284.820000	-12.816000	-56.000000
	284.840000	-13.872000	-54.200000
	284.860000	-14.916000	-53.200000
	284.880000	-15.936000	-52.000000
	284.900000	-16.932000	-51.000000
	284.920000	-17.892000	-49.600000
	284.940000	-18.816000	-48.000000
	284.960000	-19.704000	-46.200000
	284.980000	-20.556000	-44.400000
	285.000000	-21.372000	-42.600000
	285.020000	-22.164000	-41.000000
	285.040000	-22.932000	-39.600000
	285.060000	-23.664000	-38.200000
	285.080000	-24.360000	-36.600000
	285.100000	-25.008000	-34.600000
	285.120000	-25.620000	-32.600000
	285.140000	-26.196000	-30.600000
	285.160000	-26.736000	-28.800000
	285.180000	-27.240000	-27.000000
	285.200000	-27.708000	-25.200000
	285.220000	-28.152000	-23.600000
	285.240000	-28.548000	-21.800000
	285.260000	-28.908000	-20.000000
	285.280000	-29.220000	-17.800000
	285.300000	-29.508000	-16.000000
	285.320000	-29.748000	-14.000000
	285.340000	-29.952000	-12.200000
	285.360000	-30.120000	-10.200000
	285.380000	-30.252000	-8.400000
	285.400000	-30.348000	-6.600000
	285.420000	-30.408000	-4.800000
	285.440000	-30.444000	-3.200000
	285.460000	-30.456000	-1.800000
	285.480000	-30.444000	-0.600000
	285.500000	-30.408000	0.600000
	285.520000	-30.336000	2.000000
	285.540000	-30.240000	3.400000
	285.560000	-30.132000	4.600000
	285.580000	-30.024000	5.200000
	285.600000	-29.904000	5.600000
	285.620000	-29.772000	6.000000
	285.640000	-29.628000	6.600000
	285.660000	-29.472000	7.200000
	285.680000	-29.316000	7.600000
	285.700000	-29.160000	7.800000
	285.720000	-29.016000	7.600000
	285.740000	-28.872000	7.400000
	285.760000	-28.728000	7.200000
	285.780000	-28.596000	7.000000
	285.800000	-28.476000	6.600000
	285.820000	-28.380000	5.800000
	285.840000	-28.284000	5.200000
	285.860000	-28.212000	4.400000
	285.880000	-28.152000	3.800000
	285.900000	-28.116000	2.800000
	285.920000	-28.092000	2.000000
	285.940000	-28.080000	1.200000
	285.960000	-28.092000	0.400000
	285.980000	-28.116000	-0.400000
	286.000000	-28.164000	-1.400000
	286.020000	-28.236000	-2.400000
	286.040000	-28.332000	-3.600000
	286.060000	-28.440000	-4.600000
	286.080000	-28.560000	-5.400000
	286.100000	-28.692000	-6.000000
	286.120000	-28.848000	-6.800000
	286.140000	-29.028000	-7.800000
	286.160000	-29.220000	-8.800000
	286.180000	-29.424000	-9.600000
	286.200000	-29.652000	-10.400000
	286.220000	-29.904000	-11.400000
	286.240000	-30.168000	-12.400000
	286.260000	-30.444000	-13.200000
	286.280000	-30.744000	-14.000000
	286.300000	-31.080000	-15.200000
	286.320000	-31.428000	-16.400000
	286.340000	-31.800000	-17.600000
	286.360000	-32.196000	-18.600000
	286.380000	-32.604000	-19.600000
	286.400000	-33.048000	-20.800000
	286.420000	-33.504000	-21.800000
	286.440000	-33.996000	-23.200000
	286.460000	-34.512000	-24.400000
	286.480000	-35.052000	-25.800000
	286.500000	-35.616000	-27.000000
	286.520000	-36.180000	-27.800000
	286.540000	-36.768000	-28.600000
	286.560000	-37.380000	-29.400000
	286.580000	-38.016000	-30.600000
	286.600000	-38.676000	-31.800000
	286.620000	-39.348000	-32.800000
	286.640000	-40.056000	-34.000000
	286.660000	-40.764000	-34.800000
	286.680000	-41.496000	-35.800000
	286.700000	-42.240000	-36.400000
	286.720000	-43.008000	-37.400000
	286.740000	-43.788000	-38.200000
	286.760000	-44.568000	-38.800000
	286.780000	-45.372000	-39.400000
	286.800000	-46.176000	-39.800000
	286.820000	-46.992000	-40.400000
	286.840000	-47.808000	-40.600000
	286.860000	-48.636000	-41.000000
	286.880000	-49.452000	-41.000000
	286.900000	-50.268000	-41.000000
	286.920000	-51.084000	-40.800000
	286.940000	-51.888000	-40.600000
	286.960000	-52.692000	-40.400000
	286.980000	-53.472000	-39.800000
	287.000000	-54.252000	-39.400000
	287.020000	-54.996000	-38.400000
	287.040000	-55.728000	-37.600000
	287.060000	-56.460000	-36.800000
	287.080000	-57.168000	-36.200000
	287.100000	-57.840000	-35.200000
	287.120000	-58.464000	-33.400000
	287.140000	-59.052000	-31.400000
	287.160000	-59.616000	-29.600000
	287.180000	-60.144000	-28.000000
	287.200000	-60.636000	-26.400000
	287.220000	-61.080000	-24.400000
	287.240000	-61.476000	-22.200000
	287.260000	-61.824000	-19.800000
	287.280000	-62.124000	-17.400000
	287.300000	-62.376000	-15.000000
	287.320000	-62.580000	-12.600000
	287.340000	-62.724000	-10.000000
	287.360000	-62.796000	-7.000000
	287.380000	-62.820000	-4.000000
	287.400000	-62.784000	-1.000000
	287.420000	-62.700000	1.600000
	287.440000	-62.556000	4.400000
	287.460000	-62.364000	7.000000
	287.480000	-62.112000	9.800000
	287.500000	-61.812000	12.400000
	287.520000	-61.464000	15.000000
	287.540000	-61.068000	17.400000
	287.560000	-60.612000	20.000000
	287.580000	-60.120000	22.400000
	287.600000	-59.580000	24.800000
	287.620000	-58.992000	27.000000
	287.640000	-58.332000	29.800000
	287.660000	-57.636000	32.400000
	287.680000	-56.892000	35.000000
	287.700000	-56.100000	37.200000
	287.720000	-55.260000	39.600000
	287.740000	-54.360000	42.200000
	287.760000	-53.424000	44.600000
	287.780000	-52.440000	47.000000
	287.800000	-51.432000	48.800000
	287.820000	-50.376000	50.800000
	287.840000	-49.272000	52.800000
	287.860000	-48.132000	55.000000
	287.880000	-46.956000	57.000000
	287.900000	-45.744000	58.800000
	287.920000	-44.496000	60.600000
	287.940000	-43.236000	62.000000
	287.960000	-41.952000	63.200000
	287.980000	-40.656000	64.000000
	288.000000	-39.312000	65.400000
	288.020000	-37.944000	66.800000
	288.040000	-36.552000	68.400000
	288.060000	-35.148000	69.400000
	288.080000	-33.720000	70.400000
	288.100000	-32.280000	71.200000
	288.120000	-30.816000	72.200000
	288.140000	-29.364000	72.600000
	288.160000	-27.876000	73.400000
	288.180000	-26.400000	73.600000
	288.200000	-24.888000	74.600000
	288.220000	-23.364000	75.200000
	288.240000	-21.840000	76.000000
	288.260000	-20.304000	76.400000
	288.280000	-18.756000	76.800000
	288.300000	-17.196000	77.400000
	288.320000	-15.636000	77.800000
	288.340000	-14.100000	77.600000
	288.360000	-12.528000	77.800000
	288.380000	-10.956000	78.000000
	288.400000	-9.348000	79.200000
	288.420000	-7.776000	79.200000
	288.440000	-6.192000	79.400000
	288.460000	-4.632000	78.600000
	288.480000	-3.036000	79.000000
	288.500000	-1.464000	78.800000
	288.520000	0.108000	79.000000
	288.540000	1.692000	78.800000
	288.560000	3.276000	79.000000
	288.580000	4.872000	79.400000
	288.600000	6.432000	79.000000
	288.620000	8.028000	79.200000
	288.640000	9.612000	79.000000
	288.660000	11.196000	79.400000
	288.680000	12.744000	78.600000
	288.700000	14.292000	78.000000
	288.720000	15.852000	77.600000
	288.740000	17.376000	77.200000
	288.760000	18.924000	77.200000
	288.780000	20.436000	76.400000
	288.800000	21.960000	76.400000
	288.820000	23.460000	75.600000
	288.840000	24.972000	75.600000
	288.860000	26.472000	75.200000
	288.880000	27.960000	75.000000
	288.900000	29.436000	74.400000
	288.920000	30.900000	73.800000
	288.940000	32.340000	73.000000
	288.960000	33.768000	72.200000
	288.980000	35.208000	71.800000
	289.000000	36.600000	71.000000
	289.020000	37.980000	70.200000
	289.040000	39.324000	68.600000
	289.060000	40.692000	68.200000
	289.080000	42.168000	69.800000
	289.100000	43.464000	69.000000
	289.120000	44.736000	67.400000
	289.140000	45.840000	61.200000
	289.160000	47.052000	59.800000
	289.180000	48.228000	58.200000
	289.200000	49.356000	58.600000
	289.220000	50.448000	56.600000
	289.240000	51.516000	54.800000
	289.260000	52.536000	53.000000
	289.280000	53.532000	51.400000
	289.300000	54.456000	49.000000
	289.320000	55.356000	47.000000
	289.340000	56.196000	44.400000
	289.360000	56.988000	42.200000
	289.380000	57.720000	39.400000
	289.400000	58.416000	37.000000
	289.420000	59.052000	34.400000
	289.440000	59.628000	31.800000
	289.460000	60.132000	28.600000
	289.480000	60.588000	25.600000
	289.500000	60.996000	22.800000
	289.520000	61.344000	20.200000
	289.540000	61.620000	17.200000
	289.560000	61.836000	14.000000
	289.580000	61.992000	10.800000
	289.600000	62.088000	7.800000
	289.620000	62.112000	4.600000
	289.640000	62.088000	1.600000
	289.660000	62.004000	-1.400000
	289.680000	61.860000	-4.200000
	289.700000	61.656000	-7.200000
	289.720000	61.416000	-9.800000
	289.740000	61.128000	-12.200000
	289.760000	60.792000	-14.400000
	289.780000	60.408000	-16.800000
	289.800000	59.976000	-19.200000
	289.820000	59.508000	-21.400000
	289.840000	58.992000	-23.600000
	289.860000	58.452000	-25.400000
	289.880000	57.864000	-27.400000
	289.900000	57.228000	-29.400000
	289.920000	56.556000	-31.600000
	289.940000	55.872000	-33.200000
	289.960000	55.152000	-34.600000
	289.980000	54.420000	-35.600000
	290.000000	53.640000	-37.200000
	290.020000	52.860000	-38.200000
	290.040000	52.044000	-39.600000
	290.060000	51.228000	-40.200000
	290.080000	50.388000	-41.200000
	290.100000	49.536000	-41.800000
	290.120000	48.648000	-43.000000
	290.140000	47.760000	-43.800000
	290.160000	46.872000	-44.400000
	290.180000	45.984000	-44.400000
	290.200000	45.108000	-44.200000
	290.220000	44.220000	-44.200000
	290.240000	43.332000	-44.200000
	290.260000	42.432000	-44.600000
	290.280000	41.544000	-44.600000
	290.300000	40.680000	-44.200000
	290.320000	39.828000	-43.400000
	290.340000	38.976000	-42.800000
	290.360000	38.124000	-42.600000
	290.380000	37.296000	-42.200000
	290.400000	36.480000	-41.600000
	290.420000	35.700000	-40.400000
	290.440000	34.920000	-39.600000
	290.460000	34.176000	-38.400000
	290.480000	33.456000	-37.400000
	290.500000	32.748000	-36.200000
	290.520000	32.064000	-35.200000
	290.540000	31.404000	-34.200000
	290.560000	30.780000	-32.800000
	290.580000	30.180000	-31.400000
	290.600000	29.604000	-30.000000
	290.620000	29.064000	-28.600000
	290.640000	28.560000	-27.000000
	290.660000	28.080000	-25.400000
	290.680000	27.636000	-23.800000
	290.700000	27.228000	-22.200000
	290.720000	26.856000	-20.400000
	290.740000	26.520000	-18.600000
	290.760000	26.220000	-16.800000
	290.780000	25.956000	-15.000000
	290.800000	25.728000	-13.200000
	290.820000	25.536000	-11.400000
	290.840000	25.392000	-9.400000
	290.860000	25.272000	-7.600000
	290.880000	25.188000	-5.800000
	290.900000	25.140000	-4.200000
	290.920000	25.140000	-2.200000
	290.940000	25.176000	-0.200000
	290.960000	25.248000	1.800000
	290.980000	25.356000	3.600000
	291.000000	25.488000	5.200000
	291.020000	25.656000	6.800000
	291.040000	25.848000	8.200000
	291.060000	26.076000	9.800000
	291.080000	26.340000	11.400000
	291.100000	26.628000	13.000000
	291.120000	26.952000	14.600000
	291.140000	27.288000	15.800000
	291.160000	27.660000	17.200000
	291.180000	28.056000	18.400000
	291.200000	28.476000	19.800000
	291.220000	28.920000	21.000000
	291.240000	29.400000	22.400000
	291.260000	29.904000	23.800000
	291.280000	30.432000	25.200000
	291.300000	30.984000	26.400000
	291.320000	31.560000	27.600000
	291.340000	32.172000	29.000000
	291.360000	32.796000	30.200000
	291.380000	33.456000	31.600000
	291.400000	34.116000	32.400000
	291.420000	34.800000	33.400000
	291.440000	35.484000	33.800000
	291.460000	36.204000	34.800000
	291.480000	36.936000	35.600000
	291.500000	37.680000	36.600000
	291.520000	38.424000	37.000000
	291.540000	39.180000	37.400000
	291.560000	39.948000	37.800000
	291.580000	40.740000	38.600000
	291.600000	41.520000	39.000000
	291.620000	42.312000	39.400000
	291.640000	43.092000	39.200000
	291.660000	43.896000	39.600000
	291.680000	44.676000	39.400000
	291.700000	45.456000	39.400000
	291.720000	46.236000	39.000000
	291.740000	47.016000	39.000000
	291.760000	47.772000	38.600000
	291.780000	48.504000	37.800000
	291.800000	49.236000	37.000000
	291.820000	49.956000	36.400000
	291.840000	50.652000	35.800000
	291.860000	51.312000	34.600000
	291.880000	51.960000	33.400000
	291.900000	52.584000	32.200000
	291.920000	53.172000	31.000000
	291.940000	53.736000	29.600000
	291.960000	54.264000	28.000000
	291.980000	54.780000	26.800000
	292.000000	55.248000	25.200000
	292.020000	55.680000	23.600000
	292.040000	56.064000	21.400000
	292.060000	56.412000	19.400000
	292.080000	56.712000	17.200000
	292.100000	56.988000	15.400000
	292.120000	57.204000	13.200000
	292.140000	57.384000	11.200000
	292.160000	57.504000	8.600000
	292.180000	57.588000	6.400000
	292.200000	57.624000	4.000000
	292.220000	57.612000	1.800000
	292.240000	57.552000	-0.600000
	292.260000	57.432000	-3.200000
	292.280000	57.276000	-5.600000
	292.300000	57.072000	-8.000000
	292.320000	56.832000	-10.000000
	292.340000	56.544000	-12.200000
	292.360000	56.220000	-14.200000
	292.380000	55.848000	-16.400000
	292.400000	55.452000	-18.200000
	292.420000	55.008000	-20.200000
	292.440000	54.516000	-22.200000
	292.460000	53.988000	-24.400000
	292.480000	53.424000	-26.400000
	292.500000	52.836000	-28.000000
	292.520000	52.188000	-30.000000
	292.540000	51.504000	-32.000000
	292.560000	50.784000	-34.200000
	292.580000	50.052000	-35.600000
	292.600000	49.296000	-36.800000
	292.620000	48.504000	-38.000000
	292.640000	47.652000	-40.000000
	292.660000	46.776000	-42.000000
	292.680000	45.876000	-43.800000
	292.700000	44.964000	-44.800000
	292.720000	44.028000	-45.800000
	292.740000	43.080000	-46.600000
	292.760000	42.096000	-47.800000
	292.780000	41.088000	-49.000000
	292.800000	40.068000	-50.200000
	292.820000	39.036000	-51.000000
	292.840000	37.992000	-51.600000
	292.860000	36.924000	-52.400000
	292.880000	35.856000	-53.000000
	292.900000	34.764000	-53.800000
	292.920000	33.672000	-54.200000
	292.940000	32.568000	-54.800000
	292.960000	31.452000	-55.200000
	292.980000	30.324000	-55.800000
	293.000000	29.196000	-56.200000
	293.020000	28.068000	-56.400000
	293.040000	26.928000	-56.600000
	293.060000	25.800000	-56.600000
	293.080000	24.672000	-56.600000
	293.100000	23.544000	-56.400000
	293.120000	22.404000	-56.600000
	293.140000	21.288000	-56.400000
	293.160000	20.184000	-56.000000
	293.180000	19.068000	-55.600000
	293.200000	17.952000	-55.600000
	293.220000	16.836000	-55.800000
	293.240000	15.732000	-55.600000
	293.260000	14.640000	-55.200000
	293.280000	13.572000	-54.400000
	293.300000	12.516000	-53.600000
	293.320000	11.436000	-53.400000
	293.340000	10.380000	-53.200000
	293.360000	9.336000	-53.000000
	293.380000	8.328000	-51.800000
	293.400000	7.320000	-51.000000
	293.420000	6.312000	-50.400000
	293.440000	5.340000	-49.800000
	293.460000	4.392000	-48.800000
	293.480000	3.480000	-47.200000
	293.500000	2.568000	-46.200000
	293.520000	1.668000	-45.400000
	293.540000	0.792000	-44.800000
	293.560000	-0.060000	-43.800000
	293.580000	-0.888000	-42.600000
	293.600000	-1.692000	-41.400000
	293.620000	-2.472000	-40.200000
	293.640000	-3.228000	-39.000000
	293.660000	-3.936000	-37.400000
	293.680000	-4.620000	-35.800000
	293.700000	-5.268000	-34.000000
	293.720000	-5.904000	-32.800000
	293.740000	-6.504000	-31.400000
	293.760000	-7.068000	-30.000000
	293.780000	-7.608000	-28.400000
	293.800000	-8.112000	-26.800000
	293.820000	-8.592000	-25.400000
	293.840000	-9.024000	-23.600000
	293.860000	-9.432000	-22.000000
	293.880000	-9.804000	-20.200000
	293.900000	-10.152000	-18.800000
	293.920000	-10.452000	-17.000000
	293.940000	-10.728000	-15.400000
	293.960000	-10.968000	-13.600000
	293.980000	-11.172000	-12.000000
	294.000000	-11.340000	-10.200000
	294.020000	-11.472000	-8.400000
	294.040000	-11.580000	-6.800000
	294.060000	-11.664000	-5.400000
	294.080000	-11.712000	-4.000000
	294.100000	-11.736000	-2.600000
	294.120000	-11.724000	-1.000000
	294.140000	-11.688000	0.400000
	294.160000	-11.640000	1.600000
	294.180000	-11.568000	2.600000
	294.200000	-11.496000	3.200000
	294.220000	-11.400000	4.000000
	294.240000	-11.304000	4.400000
	294.260000	-11.196000	5.000000
	294.280000	-11.088000	5.200000
	294.300000	-10.968000	5.600000
	294.320000	-10.848000	5.800000
	294.340000	-10.716000	6.200000
	294.360000	-10.596000	6.200000
	294.380000	-10.476000	6.200000
	294.400000	-10.368000	5.800000
	294.420000	-10.260000	5.600000
	294.440000	-10.164000	5.200000
	294.460000	-10.080000	4.800000
	294.480000	-10.008000	4.200000
	294.500000	-9.948000	3.600000
	294.520000	-9.900000	3.000000
	294.540000	-9.876000	2.200000
	294.560000	-9.864000	1.400000
	294.580000	-9.864000	0.600000
	294.600000	-9.876000	0.000000
	294.620000	-9.900000	-0.600000
	294.640000	-9.948000	-1.400000
	294.660000	-10.008000	-2.200000
	294.680000	-10.092000	-3.200000
	294.700000	-10.176000	-3.800000
	294.720000	-10.284000	-4.600000
	294.740000	-10.392000	-5.000000
	294.760000	-10.524000	-5.800000
	294.780000	-10.668000	-6.400000
	294.800000	-10.824000	-7.200000
	294.820000	-10.992000	-7.800000
	294.840000	-11.172000	-8.400000
	294.860000	-11.376000	-9.200000
	294.880000	-11.604000	-10.200000
	294.900000	-11.844000	-11.200000
	294.920000	-12.108000	-12.200000
	294.940000	-12.384000	-13.000000
	294.960000	-12.684000	-14.000000
	294.980000	-13.008000	-15.000000
	295.000000	-13.356000	-16.200000
	295.020000	-13.740000	-17.600000
	295.040000	-14.148000	-19.000000
	295.060000	-14.568000	-20.200000
	295.080000	-15.012000	-21.200000
	295.100000	-15.480000	-22.200000
	295.120000	-15.996000	-23.800000
	295.140000	-16.536000	-25.400000
	295.160000	-17.100000	-27.000000
	295.180000	-17.700000	-28.400000
	295.200000	-18.336000	-30.000000
	295.220000	-18.996000	-31.600000
	295.240000	-19.680000	-33.000000
	295.260000	-20.388000	-34.200000
	295.280000	-21.132000	-35.600000
	295.300000	-21.912000	-37.200000
	295.320000	-22.728000	-39.000000
	295.340000	-23.592000	-41.000000
	295.360000	-24.480000	-42.800000
	295.380000	-25.380000	-44.200000
	295.400000	-26.316000	-45.400000
	295.420000	-27.276000	-46.600000
	295.440000	-28.272000	-48.200000
	295.460000	-29.280000	-49.400000
	295.480000	-30.336000	-51.000000
	295.500000	-31.428000	-52.600000
	295.520000	-32.532000	-54.200000
	295.540000	-33.648000	-55.200000
	295.560000	-34.776000	-55.800000
	295.580000	-35.940000	-56.800000
	295.600000	-37.116000	-57.800000
	295.620000	-38.316000	-59.000000
	295.640000	-39.528000	-59.800000
	295.660000	-40.752000	-60.600000
	295.680000	-41.988000	-61.200000
	295.700000	-43.236000	-61.800000
	295.720000	-44.484000	-62.200000
	295.740000	-45.732000	-62.400000
	295.760000	-46.968000	-62.200000
	295.780000	-48.204000	-62.000000
	295.800000	-49.428000	-61.600000
	295.820000	-50.664000	-61.600000
	295.840000	-51.900000	-61.600000
	295.860000	-53.112000	-61.400000
	295.880000	-54.288000	-60.400000
	295.900000	-55.416000	-58.600000
	295.920000	-56.544000	-57.200000
	295.940000	-57.624000	-55.600000
	295.960000	-58.680000	-54.400000
	295.980000	-59.676000	-52.200000
	296.000000	-60.660000	-50.600000
	296.020000	-61.584000	-48.400000
	296.040000	-62.472000	-46.600000
	296.060000	-63.288000	-43.800000
	296.080000	-64.068000	-41.400000
	296.100000	-64.776000	-38.400000
	296.120000	-65.424000	-35.600000
	296.140000	-65.988000	-32.000000
	296.160000	-66.480000	-28.400000
	296.180000	-66.900000	-24.600000
	296.200000	-67.260000	-21.200000
	296.220000	-67.536000	-17.600000
	296.240000	-67.728000	-13.800000
	296.260000	-67.836000	-9.600000
	296.280000	-67.872000	-5.600000
	296.300000	-67.824000	-1.600000
	296.320000	-67.692000	2.400000
	296.340000	-67.476000	6.600000
	296.360000	-67.188000	10.600000
	296.380000	-66.828000	14.400000
	296.400000	-66.396000	18.000000
	296.420000	-65.892000	21.600000
	296.440000	-65.316000	25.200000
	296.460000	-64.668000	28.800000
	296.480000	-63.948000	32.400000
	296.500000	-63.156000	36.000000
	296.520000	-62.304000	39.400000
	296.540000	-61.392000	42.600000
	296.560000	-60.396000	46.000000
	296.580000	-59.352000	49.200000
	296.600000	-58.224000	52.800000
	296.620000	-57.060000	55.600000
	296.640000	-55.836000	58.600000
	296.660000	-54.552000	61.200000
	296.680000	-53.232000	63.800000
	296.700000	-51.852000	66.400000
	296.720000	-50.424000	68.800000
	296.740000	-48.960000	71.200000
	296.760000	-47.472000	73.000000
	296.780000	-45.972000	74.200000
	296.800000	-44.412000	75.800000
	296.820000	-42.816000	77.600000
	296.840000	-41.184000	79.800000
	296.860000	-39.564000	80.800000
	296.880000	-37.872000	82.400000
	296.900000	-36.192000	83.200000
	296.920000	-34.476000	84.800000
	296.940000	-32.772000	85.000000
	296.960000	-31.032000	86.000000
	296.980000	-29.280000	86.600000
	297.000000	-27.516000	87.600000
	297.020000	-25.740000	88.200000
	297.040000	-23.928000	89.200000
	297.060000	-22.164000	89.200000
	297.080000	-20.364000	89.600000
	297.100000	-18.588000	89.000000
	297.120000	-16.776000	89.800000
	297.140000	-14.988000	89.600000
	297.160000	-13.164000	90.400000
	297.180000	-11.352000	90.400000
	297.200000	-9.528000	91.000000
	297.220000	-7.740000	90.400000
	297.240000	-5.916000	90.600000
	297.260000	-4.092000	90.600000
	297.280000	-2.268000	91.200000
	297.300000	-0.444000	91.200000
	297.320000	1.368000	91.000000
	297.340000	3.180000	90.800000
	297.360000	4.992000	90.600000
	297.380000	6.792000	90.400000
	297.400000	8.592000	90.200000
	297.420000	10.380000	89.800000
	297.440000	12.144000	89.200000
	297.460000	13.920000	88.800000
	297.480000	15.672000	88.200000
	297.500000	17.472000	88.800000
	297.520000	19.248000	88.800000
	297.540000	21.012000	89.000000
	297.560000	22.740000	87.800000
	297.580000	24.456000	86.800000
	297.600000	26.220000	86.800000
	297.620000	27.948000	86.800000
	297.640000	29.664000	86.800000
	297.660000	31.368000	85.800000
	297.680000	33.060000	85.200000
	297.700000	34.764000	85.000000
	297.720000	36.408000	84.000000
	297.740000	38.040000	83.000000
	297.760000	39.660000	81.600000
	297.780000	41.280000	81.200000
	297.800000	42.900000	81.000000
	297.820000	44.472000	80.200000
	297.840000	46.020000	79.000000
	297.860000	47.544000	77.400000
	297.880000	49.032000	76.000000
	297.900000	50.496000	74.600000
	297.920000	51.924000	73.000000
	297.940000	53.304000	71.200000
	297.960000	54.648000	69.200000
	297.980000	55.932000	66.800000
	298.000000	57.204000	65.000000
	298.020000	58.404000	62.600000
	298.040000	59.568000	60.600000
	298.060000	60.660000	57.600000
	298.080000	61.716000	55.200000
	298.100000	62.688000	52.000000
	298.120000	63.636000	49.600000
	298.140000	64.488000	46.200000
	298.160000	65.292000	43.400000
	298.180000	66.012000	39.600000
	298.200000	66.672000	36.400000
	298.220000	67.260000	32.800000
	298.240000	67.764000	29.200000
	298.260000	68.196000	25.400000
	298.280000	68.556000	21.600000
	298.300000	68.832000	17.800000
	298.320000	69.036000	14.000000
	298.340000	69.156000	10.000000
	298.360000	69.204000	6.200000
	298.380000	69.168000	2.200000
	298.400000	69.060000	-1.600000
	298.420000	68.880000	-5.400000
	298.440000	68.628000	-9.000000
	298.460000	68.304000	-12.600000
	298.480000	67.920000	-16.000000
	298.500000	67.476000	-19.200000
	298.520000	66.984000	-22.000000
	298.540000	66.408000	-25.200000
	298.560000	65.784000	-28.200000
	298.580000	65.100000	-31.400000
	298.600000	64.380000	-33.800000
	298.620000	63.600000	-36.400000
	298.640000	62.772000	-38.800000
	298.660000	61.896000	-41.400000
	298.680000	60.996000	-43.400000
	298.700000	60.024000	-45.800000
	298.720000	59.040000	-47.600000
	298.740000	57.996000	-50.000000
	298.760000	56.964000	-51.000000
	298.780000	55.884000	-52.600000
	298.800000	54.780000	-53.600000
	298.820000	53.652000	-55.200000
	298.840000	52.512000	-56.200000
	298.860000	51.372000	-56.800000
	298.880000	50.208000	-57.400000
	298.900000	49.044000	-57.800000
	298.920000	47.856000	-58.600000
	298.940000	46.656000	-59.200000
	298.960000	45.456000	-59.800000
	298.980000	44.256000	-60.000000
	299.000000	43.080000	-59.600000
	299.020000	41.892000	-59.400000
	299.040000	40.716000	-59.000000
	299.060000	39.540000	-59.000000
	299.080000	38.376000	-58.600000
	299.100000	37.236000	-58.000000
	299.120000	36.084000	-57.600000
	299.140000	34.968000	-56.800000
	299.160000	33.852000	-56.400000
	299.180000	32.784000	-55.000000
	299.200000	31.704000	-54.400000
	299.220000	30.648000	-53.400000
	299.240000	29.616000	-52.800000
	299.260000	28.632000	-51.200000
	299.280000	27.672000	-49.600000
	299.300000	26.736000	-48.000000
	299.320000	25.824000	-46.800000
	299.340000	24.936000	-45.600000
	299.360000	24.072000	-44.400000
	299.380000	23.232000	-43.200000
	299.400000	22.428000	-41.800000
	299.420000	21.660000	-40.200000
	299.440000	20.904000	-38.800000
	299.460000	20.196000	-37.200000
	299.480000	19.512000	-35.800000
	299.500000	18.876000	-33.800000
	299.520000	18.264000	-32.200000
	299.540000	17.676000	-30.600000
	299.560000	17.136000	-29.000000
	299.580000	16.632000	-27.200000
	299.600000	16.164000	-25.200000
	299.620000	15.720000	-23.600000
	299.640000	15.312000	-22.000000
	299.660000	14.940000	-20.400000
	299.680000	14.604000	-18.600000
	299.700000	14.304000	-16.800000
	299.720000	14.040000	-15.000000
	299.740000	13.812000	-13.200000
	299.760000	13.620000	-11.400000
	299.780000	13.464000	-9.600000
	299.800000	13.332000	-8.000000
	299.820000	13.236000	-6.400000
	299.840000	13.176000	-4.800000
	299.860000	13.152000	-3.000000
	299.880000	13.152000	-1.400000
	299.900000	13.188000	0.200000
	299.920000	13.260000	1.800000
	299.940000	13.356000	3.400000
	299.960000	13.476000	4.800000
	299.980000	13.608000	5.800000
	300.000000	13.764000	6.800000
	300.020000	13.944000	7.800000
	300.040000	14.148000	9.000000
	300.060000	14.364000	10.000000
	300.080000	14.592000	10.800000
	300.100000	14.832000	11.400000
	300.120000	15.096000	12.200000
	300.140000	15.372000	13.000000
	300.160000	15.648000	13.600000
	300.180000	15.936000	14.000000
	300.200000	16.236000	14.400000
	300.220000	16.560000	15.200000
	300.240000	16.884000	15.800000
	300.260000	17.208000	16.200000
	300.280000	17.544000	16.400000
	300.300000	17.880000	16.600000
	300.320000	18.240000	17.200000
	300.340000	18.588000	17.400000
	300.360000	18.948000	17.800000
	300.380000	19.296000	17.600000
	300.400000	19.656000	17.800000
	300.420000	20.016000	17.800000
	300.440000	20.376000	18.000000
	300.460000	20.724000	17.800000
	300.480000	21.072000	17.600000
	300.500000	21.408000	17.200000
	300.520000	21.744000	17.000000
	300.540000	22.068000	16.600000
	300.560000	22.380000	16.200000
	300.580000	22.692000	15.800000
	300.600000	22.980000	15.200000
	300.620000	23.268000	14.800000
	300.640000	23.532000	14.000000
	300.660000	23.784000	13.400000
	300.680000	24.012000	12.400000
	300.700000	24.216000	11.400000
	300.720000	24.408000	10.400000
	300.740000	24.588000	9.600000
	300.760000	24.744000	8.800000
	300.780000	24.876000	7.800000
	300.800000	24.984000	6.600000
	300.820000	25.068000	5.400000
	300.840000	25.128000	4.200000
	300.860000	25.152000	2.800000
	300.880000	25.164000	1.600000
	300.900000	25.152000	0.400000
	300.920000	25.104000	-0.800000
	300.940000	25.032000	-2.200000
	300.960000	24.936000	-3.600000
	300.980000	24.816000	-4.800000
	301.000000	24.672000	-6.000000
	301.020000	24.492000	-7.400000
	301.040000	24.300000	-8.600000
	301.060000	24.072000	-10.000000
	301.080000	23.820000	-11.200000
	301.100000	23.544000	-12.600000
	301.120000	23.244000	-13.800000
	301.140000	22.932000	-14.800000
	301.160000	22.584000	-16.000000
	301.180000	22.224000	-17.000000
	301.200000	21.816000	-18.600000
	301.220000	21.396000	-19.800000
	301.240000	20.928000	-21.600000
	301.260000	20.448000	-22.800000
	301.280000	19.932000	-24.400000
	301.300000	19.380000	-25.800000
	301.320000	18.804000	-27.400000
	301.340000	18.204000	-28.800000
	301.360000	17.592000	-29.800000
	301.380000	16.932000	-31.200000
	301.400000	16.248000	-32.600000
	301.420000	15.528000	-34.400000
	301.440000	14.808000	-35.400000
	301.460000	14.028000	-37.000000
	301.480000	13.236000	-38.200000
	301.500000	12.408000	-40.000000
	301.520000	11.580000	-40.800000
	301.540000	10.716000	-42.000000
	301.560000	9.804000	-43.400000
	301.580000	8.880000	-45.000000
	301.600000	7.956000	-46.000000
	301.620000	7.008000	-46.600000
	301.640000	6.036000	-47.400000
	301.660000	5.016000	-49.000000
	301.680000	4.008000	-50.000000
	301.700000	2.976000	-51.000000
	301.720000	1.932000	-51.400000
	301.740000	0.852000	-52.600000
	301.760000	-0.240000	-53.600000
	301.780000	-1.344000	-54.600000
	301.800000	-2.460000	-55.200000
	301.820000	-3.600000	-56.000000
	301.840000	-4.740000	-56.600000
	301.860000	-5.892000	-57.200000
	301.880000	-7.032000	-57.200000
	301.900000	-8.208000	-57.800000
	301.920000	-9.348000	-57.600000
	301.940000	-10.512000	-58.000000
	301.960000	-11.664000	-57.600000
	301.980000	-12.840000	-58.200000
	302.000000	-14.028000	-58.600000
	302.020000	-15.192000	-58.800000
	302.040000	-16.356000	-58.600000
	302.060000	-17.484000	-57.600000
	302.080000	-18.612000	-57.000000
	302.100000	-19.728000	-56.200000
	302.120000	-20.820000	-55.600000
	302.140000	-21.900000	-54.800000
	302.160000	-22.968000	-54.000000
	302.180000	-24.036000	-53.600000
	302.200000	-25.080000	-53.000000
	302.220000	-26.100000	-52.200000
	302.240000	-27.096000	-51.000000
	302.260000	-28.068000	-49.800000
	302.280000	-29.016000	-48.600000
	302.300000	-29.940000	-47.400000
	302.320000	-30.828000	-46.000000
	302.340000	-31.680000	-44.400000
	302.360000	-32.484000	-42.400000
	302.380000	-33.264000	-40.600000
	302.400000	-34.008000	-38.800000
	302.420000	-34.728000	-37.400000
	302.440000	-35.412000	-35.800000
	302.460000	-36.048000	-34.000000
	302.480000	-36.636000	-31.800000
	302.500000	-37.176000	-29.400000
	302.520000	-37.680000	-27.200000
	302.540000	-38.136000	-25.000000
	302.560000	-38.556000	-23.000000
	302.580000	-38.916000	-20.600000
	302.600000	-39.240000	-18.400000
	302.620000	-39.504000	-15.800000
	302.640000	-39.732000	-13.600000
	302.660000	-39.900000	-11.000000
	302.680000	-40.020000	-8.600000
	302.700000	-40.092000	-6.000000
	302.720000	-40.116000	-3.600000
	302.740000	-40.092000	-1.200000
	302.760000	-40.032000	1.000000
	302.780000	-39.936000	3.000000
	302.800000	-39.804000	4.800000
	302.820000	-39.624000	6.800000
	302.840000	-39.420000	8.600000
	302.860000	-39.180000	10.400000
	302.880000	-38.916000	11.800000
	302.900000	-38.616000	13.400000
	302.920000	-38.304000	14.600000
	302.940000	-37.968000	15.800000
	302.960000	-37.620000	16.600000
	302.980000	-37.236000	17.800000
	303.000000	-36.840000	18.800000
	303.020000	-36.420000	20.000000
	303.040000	-35.988000	20.800000
	303.060000	-35.532000	21.800000
	303.080000	-35.052000	22.800000
	303.100000	-34.572000	23.600000
	303.120000	-34.092000	24.000000
	303.140000	-33.600000	24.200000
	303.160000	-33.096000	24.600000
	303.180000	-32.580000	25.200000
	303.200000	-32.064000	25.600000
	303.220000	-31.548000	25.800000
	303.240000	-31.020000	26.000000
	303.260000	-30.504000	26.000000
	303.280000	-29.988000	26.000000
	303.300000	-29.496000	25.400000
	303.320000	-29.016000	24.800000
	303.340000	-28.548000	24.000000
	303.360000	-28.080000	23.600000
	303.380000	-27.624000	23.200000
	303.400000	-27.192000	22.600000
	303.420000	-26.784000	21.600000
	303.440000	-26.388000	20.600000
	303.460000	-26.004000	19.800000
	303.480000	-25.656000	18.800000
	303.500000	-25.344000	17.400000
	303.520000	-25.056000	15.800000
	303.540000	-24.780000	14.600000
	303.560000	-24.540000	13.400000
	303.580000	-24.336000	12.000000
	303.600000	-24.168000	10.200000
	303.620000	-24.024000	8.600000
	303.640000	-23.928000	6.800000
	303.660000	-23.868000	5.000000
	303.680000	-23.844000	3.000000
	303.700000	-23.844000	1.400000
	303.720000	-23.892000	-0.400000
	303.740000	-23.976000	-2.200000
	303.760000	-24.108000	-4.400000
	303.780000	-24.264000	-6.200000
	303.800000	-24.456000	-8.000000
	303.820000	-24.672000	-9.400000
	303.840000	-24.924000	-11.000000
	303.860000	-25.224000	-12.800000
	303.880000	-25.548000	-14.600000
	303.900000	-25.920000	-16.600000
	303.920000	-26.316000	-18.200000
	303.940000	-26.748000	-20.000000
	303.960000	-27.216000	-21.600000
	303.980000	-27.720000	-23.400000
	304.000000	-28.272000	-25.400000
	304.020000	-28.836000	-27.000000
	304.040000	-29.448000	-28.800000
	304.060000	-30.096000	-30.400000
	304.080000	-30.792000	-32.600000
	304.100000	-31.524000	-34.600000
	304.120000	-32.280000	-36.400000
	304.140000	-33.084000	-38.200000
	304.160000	-33.900000	-39.600000
	304.180000	-34.752000	-41.200000
	304.200000	-35.628000	-42.400000
	304.220000	-36.528000	-43.800000
	304.240000	-37.464000	-45.200000
	304.260000	-38.412000	-46.400000
	304.280000	-39.396000	-47.800000
	304.300000	-40.392000	-48.800000
	304.320000	-41.412000	-50.000000
	304.340000	-42.432000	-50.600000
	304.360000	-43.476000	-51.400000
	304.380000	-44.520000	-51.800000
	304.400000	-45.576000	-52.400000
	304.420000	-46.644000	-52.800000
	304.440000	-47.688000	-52.800000
	304.460000	-48.744000	-52.800000
	304.480000	-49.788000	-52.400000
	304.500000	-50.856000	-52.800000
	304.520000	-51.900000	-52.600000
	304.540000	-52.920000	-52.200000
	304.560000	-53.928000	-51.200000
	304.580000	-54.912000	-50.200000
	304.600000	-55.896000	-49.600000
	304.620000	-56.832000	-48.400000
	304.640000	-57.768000	-47.600000
	304.660000	-58.656000	-46.000000
	304.680000	-59.532000	-45.000000
	304.700000	-60.360000	-43.200000
	304.720000	-61.140000	-41.400000
	304.740000	-61.884000	-39.200000
	304.760000	-62.568000	-36.800000
	304.780000	-63.216000	-34.600000
	304.800000	-63.792000	-31.800000
	304.820000	-64.332000	-29.400000
	304.840000	-64.812000	-26.600000
	304.860000	-65.232000	-24.000000
	304.880000	-65.580000	-20.800000
	304.900000	-65.856000	-17.400000
	304.920000	-66.072000	-14.000000
	304.940000	-66.216000	-10.600000
	304.960000	-66.288000	-7.200000
	304.980000	-66.288000	-3.600000
	305.000000	-66.216000	0.000000
	305.020000	-66.084000	3.400000
	305.040000	-65.880000	6.800000
	305.060000	-65.604000	10.200000
	305.080000	-65.256000	13.800000
	305.100000	-64.848000	17.200000
	305.120000	-64.380000	20.400000
	305.140000	-63.852000	23.400000
	305.160000	-63.264000	26.400000
	305.180000	-62.616000	29.400000
	305.200000	-61.884000	32.800000
	305.220000	-61.092000	36.200000
	305.240000	-60.240000	39.600000
	305.260000	-59.328000	42.600000
	305.280000	-58.368000	45.400000
	305.300000	-57.360000	48.000000
	305.320000	-56.280000	50.800000
	305.340000	-55.140000	53.800000
	305.360000	-53.940000	57.000000
	305.380000	-52.728000	59.200000
	305.400000	-51.456000	61.400000
	305.420000	-50.136000	63.400000
	305.440000	-48.768000	66.000000
	305.460000	-47.388000	67.800000
	305.480000	-45.984000	69.200000
	305.500000	-44.556000	70.200000
	305.520000	-43.068000	72.000000
	305.540000	-41.544000	74.000000
	305.560000	-40.008000	75.800000
	305.580000	-38.448000	77.000000
	305.600000	-36.888000	77.600000
	305.620000	-35.280000	78.800000
	305.640000	-33.684000	79.400000
	305.660000	-32.052000	80.600000
	305.680000	-30.408000	81.200000
	305.700000	-28.752000	82.200000
	305.720000	-27.072000	83.000000
	305.740000	-25.404000	83.400000
	305.760000	-23.700000	84.200000
	305.780000	-21.996000	84.600000
	305.800000	-20.256000	85.800000
	305.820000	-18.540000	86.000000
	305.840000	-16.812000	86.400000
	305.860000	-15.108000	85.800000
	305.880000	-13.368000	86.200000
	305.900000	-11.652000	86.000000
	305.920000	-9.888000	87.000000
	305.940000	-8.172000	86.600000
	305.960000	-6.432000	87.000000
	305.980000	-4.704000	86.400000
	306.000000	-2.928000	87.400000
	306.020000	-1.176000	87.600000
	306.040000	0.552000	87.600000
	306.060000	2.280000	86.800000
	306.080000	4.032000	86.800000
	306.100000	5.772000	87.000000
	306.120000	7.512000	87.200000
	306.140000	9.252000	87.000000
	306.160000	11.016000	87.400000
	306.180000	12.744000	87.200000
	306.200000	14.472000	87.000000
	306.220000	16.164000	85.800000
	306.240000	17.892000	85.800000
	306.260000	19.584000	85.200000
	306.280000	21.300000	85.600000
	306.300000	23.004000	85.200000
	306.320000	24.696000	85.200000
	306.340000	26.388000	84.800000
	306.360000	28.068000	84.400000
	306.380000	29.748000	84.200000
	306.400000	31.404000	83.600000
	306.420000	33.024000	82.600000
	306.440000	34.656000	81.800000
	306.460000	36.288000	81.400000
	306.480000	37.908000	81.400000
	306.500000	39.528000	81.200000
	306.520000	41.088000	80.000000
	306.540000	42.672000	79.400000
	306.560000	44.196000	77.800000
	306.580000	45.708000	77.000000
	306.600000	47.172000	75.000000
	306.620000	48.612000	73.600000
	306.640000	50.040000	72.200000
	306.660000	51.444000	71.200000
	306.680000	52.800000	69.800000
	306.700000	54.144000	68.400000
	306.720000	55.416000	66.200000
	306.740000	56.652000	64.200000
	306.760000	57.828000	61.400000
	306.780000	58.968000	59.200000
	306.800000	60.060000	56.800000
	306.820000	61.092000	54.400000
	306.840000	62.064000	51.600000
	306.860000	62.988000	48.800000
	306.880000	63.840000	45.800000
	306.900000	64.620000	42.600000
	306.920000	65.328000	39.000000
	306.940000	65.964000	35.400000
	306.960000	66.540000	32.000000
	306.980000	67.056000	28.800000
	307.000000	67.488000	25.400000
	307.020000	67.848000	21.800000
	307.040000	68.124000	17.800000
	307.060000	68.328000	14.000000
	307.080000	68.460000	10.200000
	307.100000	68.508000	6.400000
	307.120000	68.484000	2.600000
	307.140000	68.388000	-1.200000
	307.160000	68.220000	-4.800000
	307.180000	67.980000	-8.400000
	307.200000	67.668000	-12.000000
	307.220000	67.296000	-15.400000
	307.240000	66.864000	-18.600000
	307.260000	66.372000	-21.600000
	307.280000	65.820000	-24.600000
	307.300000	65.220000	-27.400000
	307.320000	64.560000	-30.200000
	307.340000	63.852000	-32.800000
	307.360000	63.096000	-35.400000
	307.380000	62.292000	-37.800000
	307.400000	61.452000	-40.000000
	307.420000	60.540000	-42.600000
	307.440000	59.604000	-44.800000
	307.460000	58.632000	-47.000000
	307.480000	57.648000	-48.200000
	307.500000	56.616000	-49.800000
	307.520000	55.548000	-51.400000
	307.540000	54.456000	-53.200000
	307.560000	53.340000	-54.600000
	307.580000	52.200000	-55.800000
	307.600000	51.060000	-56.600000
	307.620000	49.908000	-57.200000
	307.640000	48.756000	-57.400000
	307.660000	47.592000	-57.800000
	307.680000	46.428000	-58.000000
	307.700000	45.240000	-58.600000
	307.720000	44.052000	-59.000000
	307.740000	42.840000	-59.800000
	307.760000	41.652000	-59.800000
	307.780000	40.476000	-59.600000
	307.800000	39.312000	-58.800000
	307.820000	38.148000	-58.400000
	307.840000	36.996000	-58.000000
	307.860000	35.868000	-57.400000
	307.880000	34.752000	-56.600000
	307.900000	33.636000	-56.000000
	307.920000	32.544000	-55.400000
	307.940000	31.476000	-54.600000
	307.960000	30.432000	-53.400000
	307.980000	29.400000	-52.400000
	308.000000	28.404000	-51.200000
	308.020000	27.420000	-50.200000
	308.040000	26.472000	-48.800000
	308.060000	25.536000	-47.800000
	308.080000	24.624000	-46.600000
	308.100000	23.736000	-45.600000
	308.120000	22.872000	-44.400000
	308.140000	22.056000	-42.800000
	308.160000	21.276000	-41.000000
	308.180000	20.520000	-39.200000
	308.200000	19.776000	-38.000000
	308.220000	19.068000	-36.800000
	308.240000	18.396000	-35.400000
	308.260000	17.772000	-33.400000
	308.280000	17.172000	-31.600000
	308.300000	16.608000	-29.800000
	308.320000	16.068000	-28.400000
	308.340000	15.552000	-27.000000
	308.360000	15.072000	-25.600000
	308.380000	14.628000	-24.000000
	308.400000	14.232000	-22.000000
	308.420000	13.872000	-20.000000
	308.440000	13.548000	-18.000000
	308.460000	13.248000	-16.400000
	308.480000	12.984000	-14.800000
	308.500000	12.756000	-13.200000
	308.520000	12.564000	-11.400000
	308.540000	12.408000	-9.600000
	308.560000	12.276000	-8.000000
	308.580000	12.192000	-6.200000
	308.600000	12.132000	-4.600000
	308.620000	12.108000	-2.800000
	308.640000	12.108000	-1.400000
	308.660000	12.144000	0.200000
	308.680000	12.204000	1.600000
	308.700000	12.288000	3.000000
	308.720000	12.396000	4.200000
	308.740000	12.528000	5.400000
	308.760000	12.684000	6.600000
	308.780000	12.852000	7.600000
	308.800000	13.044000	8.600000
	308.820000	13.248000	9.400000
	308.840000	13.476000	10.400000
	308.860000	13.716000	11.200000
	308.880000	13.968000	12.000000
	308.900000	14.232000	12.600000
	308.920000	14.496000	13.000000
	308.940000	14.784000	13.600000
	308.960000	15.072000	14.000000
	308.980000	15.372000	14.600000
	309.000000	15.672000	14.800000
	309.020000	15.972000	15.000000
	309.040000	16.296000	15.400000
	309.060000	16.608000	15.600000
	309.080000	16.956000	16.400000
	309.100000	17.280000	16.400000
	309.120000	17.628000	17.000000
	309.140000	17.952000	16.600000
	309.160000	18.288000	16.800000
	309.180000	18.612000	16.400000
	309.200000	18.936000	16.400000
	309.220000	19.248000	16.000000
	309.240000	19.560000	15.800000
	309.260000	19.860000	15.400000
	309.280000	20.172000	15.400000
	309.300000	20.460000	15.000000
	309.320000	20.748000	14.800000
	309.340000	21.012000	14.000000
	309.360000	21.264000	13.400000
	309.380000	21.504000	12.600000
	309.400000	21.720000	11.800000
	309.420000	21.936000	11.200000
	309.440000	22.116000	10.200000
	309.460000	22.284000	9.400000
	309.480000	22.428000	8.200000
	309.500000	22.560000	7.400000
	309.520000	22.668000	6.400000
	309.540000	22.752000	5.400000
	309.560000	22.800000	4.000000
	309.580000	22.824000	2.600000
	309.600000	22.824000	1.200000
	309.620000	22.812000	0.200000
	309.640000	22.776000	-0.800000
	309.660000	22.704000	-2.000000
	309.680000	22.608000	-3.400000
	309.700000	22.488000	-4.800000
	309.720000	22.332000	-6.200000
	309.740000	22.152000	-7.600000
	309.760000	21.948000	-9.000000
	309.780000	21.732000	-10.000000
	309.800000	21.492000	-11.000000
	309.820000	21.216000	-12.200000
	309.840000	20.916000	-13.600000
	309.860000	20.592000	-15.000000
	309.880000	20.244000	-16.200000
	309.900000	19.872000	-17.400000
	309.920000	19.476000	-18.600000
	309.940000	19.056000	-19.800000
	309.960000	18.600000	-21.200000
	309.980000	18.108000	-22.800000
	310.000000	17.580000	-24.600000
	310.020000	17.028000	-26.200000
	310.040000	16.440000	-27.800000
	310.060000	15.840000	-29.000000
	310.080000	15.204000	-30.400000
	310.100000	14.532000	-31.800000
	310.120000	13.812000	-33.800000
	310.140000	13.068000	-35.600000
	310.160000	12.300000	-37.200000
	310.180000	11.508000	-38.400000
	310.200000	10.692000	-39.600000
	310.220000	9.852000	-40.800000
	310.240000	8.988000	-42.000000
	310.260000	8.088000	-43.400000
	310.280000	7.152000	-45.000000
	310.300000	6.192000	-46.600000
	310.320000	5.208000	-48.000000
	310.340000	4.176000	-49.600000
	310.360000	3.144000	-50.800000
	310.380000	2.100000	-51.800000
	310.400000	1.032000	-52.400000
	310.420000	-0.060000	-53.400000
	310.440000	-1.188000	-54.800000
	310.460000	-2.316000	-55.800000
	310.480000	-3.492000	-57.200000
	310.500000	-4.692000	-58.400000
	310.520000	-5.880000	-59.400000
	310.540000	-7.068000	-59.600000
	310.560000	-8.268000	-59.600000
	310.580000	-9.504000	-60.400000
	310.600000	-10.764000	-61.600000
	310.620000	-12.024000	-62.600000
	310.640000	-13.260000	-62.600000
	310.660000	-14.496000	-62.200000
	310.680000	-15.744000	-62.000000
	310.700000	-17.004000	-62.400000
	310.720000	-18.264000	-62.800000
	310.740000	-19.512000	-62.800000
	310.760000	-20.784000	-63.000000
	310.780000	-22.044000	-63.000000
	310.800000	-23.292000	-63.000000
	310.820000	-24.504000	-62.000000
	310.840000	-25.704000	-61.000000
	310.860000	-26.892000	-60.000000
	310.880000	-28.080000	-59.600000
	310.900000	-29.256000	-59.200000
	310.920000	-30.396000	-58.400000
	310.940000	-31.524000	-57.400000
	310.960000	-32.628000	-56.200000
	310.980000	-33.708000	-55.200000
	311.000000	-34.752000	-53.800000
	311.020000	-35.760000	-52.200000
	311.040000	-36.756000	-50.800000
	311.060000	-37.692000	-49.000000
	311.080000	-38.604000	-47.400000
	311.100000	-39.468000	-45.200000
	311.120000	-40.320000	-43.800000
	311.140000	-41.112000	-41.800000
	311.160000	-41.856000	-39.800000
	311.180000	-42.540000	-37.000000
	311.200000	-43.188000	-34.600000
	311.220000	-43.776000	-32.000000
	311.240000	-44.316000	-29.600000
	311.260000	-44.808000	-27.000000
	311.280000	-45.264000	-24.800000
	311.300000	-45.648000	-22.200000
	311.320000	-45.972000	-19.400000
	311.340000	-46.236000	-16.200000
	311.360000	-46.452000	-13.400000
	311.380000	-46.608000	-10.600000
	311.400000	-46.704000	-7.800000
	311.420000	-46.740000	-4.800000
	311.440000	-46.716000	-1.800000
	311.460000	-46.644000	1.000000
	311.480000	-46.524000	3.600000
	311.500000	-46.356000	6.000000
	311.520000	-46.140000	8.400000
	311.540000	-45.888000	10.600000
	311.560000	-45.600000	12.600000
	311.580000	-45.264000	14.600000
	311.600000	-44.904000	16.400000
	311.620000	-44.496000	18.400000
	311.640000	-44.064000	20.000000
	311.660000	-43.596000	21.800000
	311.680000	-43.104000	23.200000
	311.700000	-42.588000	24.600000
	311.720000	-42.024000	26.200000
	311.740000	-41.448000	27.600000
	311.760000	-40.824000	29.400000
	311.780000	-40.188000	30.600000
	311.800000	-39.528000	32.000000
	311.820000	-38.868000	32.600000
	311.840000	-38.184000	33.400000
	311.860000	-37.488000	34.000000
	311.880000	-36.768000	35.000000
	311.900000	-36.048000	35.600000
	311.920000	-35.304000	36.400000
	311.940000	-34.584000	36.400000
	311.960000	-33.852000	36.600000
	311.980000	-33.120000	36.400000
	312.000000	-32.376000	36.800000
	312.020000	-31.656000	36.600000
	312.040000	-30.948000	36.200000
	312.060000	-30.252000	35.400000
	312.080000	-29.544000	35.200000
	312.100000	-28.860000	34.800000
	312.120000	-28.188000	34.400000
	312.140000	-27.552000	33.200000
	312.160000	-26.928000	32.200000
	312.180000	-26.328000	31.000000
	312.200000	-25.728000	30.400000
	312.220000	-25.164000	29.400000
	312.240000	-24.624000	28.400000
	312.260000	-24.132000	26.600000
	312.280000	-23.664000	25.000000
	312.300000	-23.220000	23.400000
	312.320000	-22.800000	22.200000
	312.340000	-22.416000	20.800000
	312.360000	-22.068000	19.200000
	312.380000	-21.768000	17.200000
	312.400000	-21.492000	15.400000
	312.420000	-21.264000	13.400000
	312.440000	-21.060000	11.800000
	312.460000	-20.904000	9.800000
	312.480000	-20.784000	8.000000
	312.500000	-20.724000	5.600000
	312.520000	-20.700000	3.400000
	312.540000	-20.724000	1.000000
	312.560000	-20.784000	-1.000000
	312.580000	-20.892000	-3.200000
	312.600000	-21.036000	-5.200000
	312.620000	-21.216000	-7.200000
	312.640000	-21.432000	-9.000000
	312.660000	-21.696000	-11.000000
	312.680000	-21.984000	-12.800000
	312.700000	-22.320000	-14.800000
	312.720000	-22.680000	-16.400000
	312.740000	-23.100000	-18.600000
	312.760000	-23.544000	-20.400000
	312.780000	-24.036000	-22.600000
	312.800000	-24.564000	-24.400000
	312.820000	-25.140000	-26.600000
	312.840000	-25.740000	-28.400000
	312.860000	-26.388000	-30.400000
	312.880000	-27.060000	-32.000000
	312.900000	-27.792000	-34.200000
	312.920000	-28.548000	-36.000000
	312.940000	-29.364000	-38.400000
	312.960000	-30.204000	-40.200000
	312.980000	-31.092000	-42.400000
	313.000000	-31.992000	-43.800000
	313.020000	-32.928000	-45.400000
	313.040000	-33.900000	-46.800000
	313.060000	-34.884000	-48.200000
	313.080000	-35.892000	-49.400000
	313.100000	-36.900000	-50.000000
	313.120000	-37.980000	-51.600000
	313.140000	-39.060000	-52.800000
	313.160000	-40.152000	-54.200000
	313.180000	-41.244000	-54.400000
	313.200000	-42.360000	-55.000000
	313.220000	-43.488000	-55.600000
	313.240000	-44.616000	-56.200000
	313.260000	-45.756000	-56.600000
	313.280000	-46.908000	-57.000000
	313.300000	-48.036000	-57.000000
	313.320000	-49.164000	-56.800000
	313.340000	-50.280000	-56.200000
	313.360000	-51.384000	-55.800000
	313.380000	-52.476000	-55.200000
	313.400000	-53.532000	-54.200000
	313.420000	-54.588000	-53.400000
	313.440000	-55.596000	-52.000000
	313.460000	-56.580000	-50.800000
	313.480000	-57.540000	-49.200000
	313.500000	-58.476000	-48.000000
	313.520000	-59.376000	-46.600000
	313.540000	-60.216000	-44.600000
	313.560000	-61.008000	-42.200000
	313.580000	-61.752000	-39.600000
	313.600000	-62.460000	-37.400000
	313.620000	-63.108000	-35.000000
	313.640000	-63.696000	-32.400000
	313.660000	-64.224000	-29.400000
	313.680000	-64.692000	-26.400000
	313.700000	-65.088000	-23.200000
	313.720000	-65.400000	-19.600000
	313.740000	-65.640000	-15.800000
	313.760000	-65.820000	-12.200000
	313.780000	-65.928000	-8.800000
	313.800000	-65.964000	-5.400000
	313.820000	-65.916000	-1.600000
	313.840000	-65.796000	2.200000
	313.860000	-65.592000	6.200000
	313.880000	-65.328000	9.800000
	313.900000	-64.992000	13.400000
	313.920000	-64.596000	16.600000
	313.940000	-64.128000	20.000000
	313.960000	-63.588000	23.400000
	313.980000	-62.988000	26.800000
	314.000000	-62.316000	30.200000
	314.020000	-61.584000	33.400000
	314.040000	-60.780000	36.800000
	314.060000	-59.904000	40.200000
	314.080000	-58.968000	43.600000
	314.100000	-57.984000	46.600000
	314.120000	-56.940000	49.400000
	314.140000	-55.836000	52.200000
	314.160000	-54.660000	55.400000
	314.180000	-53.460000	58.000000
	314.200000	-52.224000	60.200000
	314.220000	-50.940000	62.000000
	314.240000	-49.608000	64.200000
	314.260000	-48.216000	66.800000
	314.280000	-46.788000	69.200000
	314.300000	-45.336000	71.200000
	314.320000	-43.872000	72.400000
	314.340000	-42.408000	73.000000
	314.360000	-40.872000	74.400000
	314.380000	-39.312000	76.000000
	314.400000	-37.704000	78.400000
	314.420000	-36.120000	79.200000
	314.440000	-34.476000	80.600000
	314.460000	-32.868000	80.600000
	314.480000	-31.224000	81.600000
	314.500000	-29.580000	81.600000
	314.520000	-27.900000	82.800000
	314.540000	-26.208000	83.600000
	314.560000	-24.516000	84.400000
	314.580000	-22.812000	84.800000
	314.600000	-21.084000	85.400000
	314.620000	-19.368000	85.800000
	314.640000	-17.652000	86.000000
	314.660000	-15.948000	85.600000
	314.680000	-14.244000	85.400000
	314.700000	-12.516000	85.600000
	314.720000	-10.788000	86.000000
	314.740000	-9.072000	86.200000
	314.760000	-7.344000	86.200000
	314.780000	-5.652000	85.600000
	314.800000	-3.924000	85.800000
	314.820000	-2.232000	85.200000
	314.840000	-0.480000	86.200000
	314.860000	1.260000	86.400000
	314.880000	2.976000	86.800000
	314.900000	4.656000	85.600000
	314.920000	6.324000	84.400000
	314.940000	8.016000	84.000000
	314.960000	9.696000	84.000000
	314.980000	11.376000	84.200000
	315.000000	13.044000	83.800000
	315.020000	14.700000	83.400000
	315.040000	16.344000	82.800000
	315.060000	17.988000	82.400000
	315.080000	19.620000	82.000000
	315.100000	21.252000	81.800000
	315.120000	22.884000	81.600000
	315.140000	24.492000	81.200000
	315.160000	26.064000	80.200000
	315.180000	27.624000	79.000000
	315.200000	29.172000	78.000000
	315.220000	30.720000	77.600000
	315.240000	32.256000	77.200000
	315.260000	33.792000	77.000000
	315.280000	35.292000	76.200000
	315.300000	36.756000	75.000000
	315.320000	38.208000	73.600000
	315.340000	39.660000	72.800000
	315.360000	41.112000	72.600000
	315.380000	42.528000	72.000000
	315.400000	43.908000	70.800000
	315.420000	45.252000	69.000000
	315.440000	46.548000	67.000000
	315.460000	47.808000	65.000000
	315.480000	49.032000	63.000000
	315.500000	50.244000	61.600000
	315.520000	51.432000	60.400000
	315.540000	52.572000	59.000000
	315.560000	53.664000	57.000000
	315.580000	54.696000	54.400000
	315.600000	55.680000	51.800000
	315.620000	56.628000	49.400000
	315.640000	57.540000	47.400000
	315.660000	58.404000	45.400000
	315.680000	59.208000	43.000000
	315.700000	59.940000	40.000000
	315.720000	60.612000	36.800000
	315.740000	61.212000	33.400000
	315.760000	61.764000	30.400000
	315.780000	62.256000	27.400000
	315.800000	62.688000	24.600000
	315.820000	63.060000	21.600000
	315.840000	63.360000	18.400000
	315.860000	63.600000	15.200000
	315.880000	63.768000	11.800000
	315.900000	63.876000	8.600000
	315.920000	63.912000	5.200000
	315.940000	63.888000	2.000000
	315.960000	63.804000	-1.200000
	315.980000	63.660000	-4.200000
	316.000000	63.456000	-7.200000
	316.020000	63.204000	-10.000000
	316.040000	62.904000	-12.600000
	316.060000	62.556000	-15.000000
	316.080000	62.148000	-17.600000
	316.100000	61.704000	-20.000000
	316.120000	61.200000	-22.600000
	316.140000	60.660000	-24.800000
	316.160000	60.072000	-27.200000
	316.180000	59.448000	-29.200000
	316.200000	58.788000	-31.200000
	316.220000	58.080000	-33.200000
	316.240000	57.348000	-35.000000
	316.260000	56.580000	-36.800000
	316.280000	55.800000	-38.000000
	316.300000	55.008000	-39.000000
	316.320000	54.192000	-39.800000
	316.340000	53.352000	-40.800000
	316.360000	52.476000	-42.200000
	316.380000	51.564000	-43.800000
	316.400000	50.664000	-44.800000
	316.420000	49.752000	-45.400000
	316.440000	48.852000	-45.200000
	316.460000	47.928000	-45.600000
	316.480000	46.992000	-46.000000
	316.500000	46.056000	-46.600000
	316.520000	45.120000	-46.800000
	316.540000	44.196000	-46.600000
	316.560000	43.284000	-46.200000
	316.580000	42.360000	-46.000000
	316.600000	41.448000	-45.800000
	316.620000	40.548000	-45.600000
	316.640000	39.672000	-44.800000
	316.660000	38.808000	-44.000000
	316.680000	37.956000	-43.200000
	316.700000	37.116000	-42.600000
	316.720000	36.288000	-42.000000
	316.740000	35.484000	-41.200000
	316.760000	34.704000	-40.200000
	316.780000	33.960000	-38.800000
	316.800000	33.240000	-37.400000
	316.820000	32.556000	-35.800000
	316.840000	31.896000	-34.400000
	316.860000	31.248000	-33.200000
	316.880000	30.624000	-32.200000
	316.900000	30.036000	-31.000000
	316.920000	29.496000	-29.200000
	316.940000	28.980000	-27.400000
	316.960000	28.500000	-25.600000
	316.980000	28.044000	-24.200000
	317.000000	27.636000	-22.400000
	317.020000	27.252000	-20.800000
	317.040000	26.904000	-19.000000
	317.060000	26.592000	-17.400000
	317.080000	26.316000	-15.600000
	317.100000	26.088000	-13.600000
	317.120000	25.896000	-11.600000
	317.140000	25.740000	-9.600000
	317.160000	25.620000	-7.800000
	317.180000	25.536000	-6.000000
	317.200000	25.500000	-4.000000
	317.220000	25.500000	-2.000000
	317.240000	25.536000	-5.928591E-14
	317.260000	25.608000	1.800000
	317.280000	25.704000	3.400000
	317.300000	25.836000	5.000000
	317.320000	25.992000	6.400000
	317.340000	26.196000	8.200000
	317.360000	26.424000	9.800000
	317.380000	26.688000	11.600000
	317.400000	26.964000	12.800000
	317.420000	27.276000	14.200000
	317.440000	27.612000	15.400000
	317.460000	27.984000	17.000000
	317.480000	28.368000	18.200000
	317.500000	28.788000	19.600000
	317.520000	29.232000	20.800000
	317.540000	29.700000	22.200000
	317.560000	30.204000	23.600000
	317.580000	30.732000	25.000000
	317.600000	31.296000	26.600000
	317.620000	31.860000	27.600000
	317.640000	32.436000	28.400000
	317.660000	33.048000	29.200000
	317.680000	33.684000	30.400000
	317.700000	34.344000	31.800000
	317.720000	35.004000	32.600000
	317.740000	35.676000	33.200000
	317.760000	36.384000	34.000000
	317.780000	37.104000	35.000000
	317.800000	37.848000	36.200000
	317.820000	38.580000	36.600000
	317.840000	39.324000	37.000000
	317.860000	40.080000	37.200000
	317.880000	40.848000	37.800000
	317.900000	41.616000	38.200000
	317.920000	42.384000	38.400000
	317.940000	43.164000	38.600000
	317.960000	43.920000	38.400000
	317.980000	44.676000	38.200000
	318.000000	45.420000	37.600000
	318.020000	46.176000	37.600000
	318.040000	46.908000	37.200000
	318.060000	47.628000	36.800000
	318.080000	48.348000	36.200000
	318.100000	49.044000	35.600000
	318.120000	49.716000	34.800000
	318.140000	50.364000	33.600000
	318.160000	51.012000	32.800000
	318.180000	51.624000	31.800000
	318.200000	52.212000	30.800000
	318.220000	52.764000	29.200000
	318.240000	53.304000	28.000000
	318.260000	53.808000	26.600000
	318.280000	54.276000	25.200000
	318.300000	54.708000	23.400000
	318.320000	55.092000	21.400000
	318.340000	55.440000	19.400000
	318.360000	55.752000	17.400000
	318.380000	56.028000	15.600000
	318.400000	56.256000	13.600000
	318.420000	56.436000	11.400000
	318.440000	56.568000	9.000000
	318.460000	56.652000	6.600000
	318.480000	56.688000	4.200000
	318.500000	56.688000	2.000000
	318.520000	56.640000	-0.200000
	318.540000	56.544000	-2.400000
	318.560000	56.412000	-4.600000
	318.580000	56.232000	-6.800000
	318.600000	56.016000	-8.800000
	318.620000	55.752000	-11.000000
	318.640000	55.452000	-13.000000
	318.660000	55.104000	-15.200000
	318.680000	54.720000	-17.200000
	318.700000	54.300000	-19.200000
	318.720000	53.844000	-21.000000
	318.740000	53.352000	-22.800000
	318.760000	52.812000	-24.800000
	318.780000	52.248000	-26.600000
	318.800000	51.636000	-28.600000
	318.820000	50.988000	-30.400000
	318.840000	50.304000	-32.400000
	318.860000	49.584000	-34.200000
	318.880000	48.840000	-35.800000
	318.900000	48.060000	-37.400000
	318.920000	47.268000	-38.600000
	318.940000	46.428000	-40.200000
	318.960000	45.576000	-41.400000
	318.980000	44.688000	-43.000000
	319.000000	43.788000	-44.000000
	319.020000	42.864000	-45.200000
	319.040000	41.904000	-46.400000
	319.060000	40.932000	-47.600000
	319.080000	39.876000	-49.800000
	319.100000	38.880000	-50.400000
	319.120000	37.860000	-51.200000
	319.140000	36.876000	-50.000000
	319.160000	35.820000	-51.000000
	319.180000	34.776000	-51.400000
	319.200000	33.708000	-52.800000
	319.220000	32.628000	-53.200000
	319.240000	31.536000	-54.000000
	319.260000	30.444000	-54.400000
	319.280000	29.364000	-54.400000
	319.300000	28.272000	-54.400000
	319.320000	27.156000	-54.800000
	319.340000	26.052000	-55.200000
	319.360000	24.948000	-55.400000
	319.380000	23.880000	-54.600000
	319.400000	22.776000	-54.600000
	319.420000	21.672000	-54.600000
	319.440000	20.556000	-55.400000
	319.460000	19.464000	-55.200000
	319.480000	18.396000	-54.600000
	319.500000	17.316000	-54.000000
	319.520000	16.236000	-53.800000
	319.540000	15.156000	-54.000000
	319.560000	14.112000	-53.400000
	319.580000	13.068000	-52.800000
	319.600000	12.048000	-51.800000
	319.620000	11.028000	-51.400000
	319.640000	10.032000	-50.600000
	319.660000	9.036000	-50.200000
	319.680000	8.064000	-49.400000
	319.700000	7.104000	-48.800000
	319.720000	6.156000	-48.000000
	319.740000	5.244000	-47.000000
	319.760000	4.344000	-46.000000
	319.780000	3.468000	-44.800000
	319.800000	2.604000	-44.000000
	319.820000	1.764000	-43.000000
	319.840000	0.948000	-42.000000
	319.860000	0.144000	-41.000000
	319.880000	-0.636000	-40.000000
	319.900000	-1.392000	-39.000000
	319.920000	-2.112000	-37.600000
	319.940000	-2.796000	-36.000000
	319.960000	-3.456000	-34.400000
	319.980000	-4.092000	-33.000000
	320.000000	-4.704000	-31.800000
	320.020000	-5.280000	-30.400000
	320.040000	-5.820000	-28.800000
	320.060000	-6.336000	-27.200000
	320.080000	-6.804000	-25.400000
	320.100000	-7.248000	-23.800000
	320.120000	-7.644000	-21.800000
	320.140000	-8.040000	-20.600000
	320.160000	-8.388000	-19.000000
	320.180000	-8.712000	-17.800000
	320.200000	-8.988000	-15.800000
	320.220000	-9.240000	-14.200000
	320.240000	-9.456000	-12.400000
	320.260000	-9.636000	-10.800000
	320.280000	-9.792000	-9.200000
	320.300000	-9.912000	-7.600000
	320.320000	-10.008000	-6.200000
	320.340000	-10.068000	-4.600000
	320.360000	-10.104000	-3.200000
	320.380000	-10.116000	-1.800000
	320.400000	-10.092000	-0.400000
	320.420000	-10.056000	0.800000
	320.440000	-9.996000	2.000000
	320.460000	-9.936000	2.600000
	320.480000	-9.852000	3.400000
	320.500000	-9.756000	4.000000
	320.520000	-9.648000	4.800000
	320.540000	-9.540000	5.200000
	320.560000	-9.432000	5.400000
	320.580000	-9.312000	5.600000
	320.600000	-9.192000	5.800000
	320.620000	-9.072000	6.000000
	320.640000	-8.952000	6.000000
	320.660000	-8.832000	6.000000
	320.680000	-8.712000	6.000000
	320.700000	-8.616000	5.600000
	320.720000	-8.532000	5.000000
	320.740000	-8.460000	4.200000
	320.760000	-8.388000	3.800000
	320.780000	-8.328000	3.400000
	320.800000	-8.292000	2.800000
	320.820000	-8.280000	1.800000
	320.840000	-8.280000	0.800000
	320.860000	-8.292000	0.000000
	320.880000	-8.316000	-0.600000
	320.900000	-8.364000	-1.400000
	320.920000	-8.424000	-2.200000
	320.940000	-8.496000	-3.000000
	320.960000	-8.580000	-3.600000
	320.980000	-8.664000	-4.000000
	321.000000	-8.772000	-4.600000
	321.020000	-8.892000	-5.200000
	321.040000	-9.036000	-6.200000
	321.060000	-9.180000	-6.800000
	321.080000	-9.336000	-7.400000
	321.100000	-9.516000	-8.000000
	321.120000	-9.720000	-9.000000
	321.140000	-9.936000	-10.000000
	321.160000	-10.164000	-10.800000
	321.180000	-10.404000	-11.400000
	321.200000	-10.668000	-12.200000
	321.220000	-10.956000	-13.200000
	321.240000	-11.268000	-14.400000
	321.260000	-11.604000	-15.600000
	321.280000	-11.964000	-16.800000
	321.300000	-12.348000	-18.000000
	321.320000	-12.768000	-19.400000
	321.340000	-13.200000	-20.600000
	321.360000	-13.668000	-22.000000
	321.380000	-14.148000	-23.000000
	321.400000	-14.676000	-24.600000
	321.420000	-15.228000	-26.000000
	321.440000	-15.816000	-27.800000
	321.460000	-16.416000	-29.000000
	321.480000	-17.064000	-30.600000
	321.500000	-17.748000	-32.200000
	321.520000	-18.468000	-34.200000
	321.540000	-19.200000	-35.600000
	321.560000	-19.956000	-36.800000
	321.580000	-20.736000	-37.800000
	321.600000	-21.552000	-39.200000
	321.620000	-22.416000	-41.000000
	321.640000	-23.316000	-43.000000
	321.660000	-24.240000	-44.800000
	321.680000	-25.188000	-46.200000
	321.700000	-26.184000	-47.800000
	321.720000	-27.204000	-49.400000
	321.740000	-28.236000	-50.800000
	321.760000	-29.292000	-51.800000
	321.780000	-30.384000	-53.000000
	321.800000	-31.524000	-54.800000
	321.820000	-32.652000	-56.000000
	321.840000	-33.804000	-57.000000
	321.860000	-34.968000	-57.400000
	321.880000	-36.192000	-59.000000
	321.900000	-37.440000	-60.600000
	321.920000	-38.688000	-62.000000
	321.940000	-39.936000	-62.400000
	321.960000	-41.172000	-62.200000
	321.980000	-42.420000	-62.200000
	322.000000	-43.704000	-62.800000
	322.020000	-44.988000	-63.600000
	322.040000	-46.308000	-64.800000
	322.060000	-47.556000	-64.200000
	322.080000	-48.828000	-64.000000
	322.100000	-50.052000	-62.400000
	322.120000	-51.312000	-62.600000
	322.140000	-52.548000	-62.000000
	322.160000	-53.760000	-61.800000
	322.180000	-54.948000	-60.600000
	322.200000	-56.100000	-59.200000
	322.220000	-57.240000	-58.000000
	322.240000	-58.320000	-56.200000
	322.260000	-59.376000	-54.600000
	322.280000	-60.384000	-52.400000
	322.300000	-61.368000	-50.800000
	322.320000	-62.292000	-48.600000
	322.340000	-63.168000	-46.400000
	322.360000	-63.972000	-43.400000
	322.380000	-64.728000	-40.600000
	322.400000	-65.412000	-37.400000
	322.420000	-66.036000	-34.400000
	322.440000	-66.576000	-30.800000
	322.460000	-67.056000	-27.400000
	322.480000	-67.452000	-23.600000
	322.500000	-67.776000	-20.000000
	322.520000	-68.004000	-15.800000
	322.540000	-68.160000	-11.800000
	322.560000	-68.232000	-7.600000
	322.580000	-68.220000	-3.600000
	322.600000	-68.124000	0.600000
	322.620000	-67.956000	4.600000
	322.640000	-67.704000	8.600000
	322.660000	-67.380000	12.400000
	322.680000	-66.972000	16.400000
	322.700000	-66.492000	20.200000
	322.720000	-65.928000	24.200000
	322.740000	-65.280000	28.200000
	322.760000	-64.572000	32.000000
	322.780000	-63.804000	35.400000
	322.800000	-62.976000	38.400000
	322.820000	-62.064000	41.800000
	322.840000	-61.092000	45.200000
	322.860000	-60.036000	49.000000
	322.880000	-58.944000	52.000000
	322.900000	-57.756000	55.600000
	322.920000	-56.556000	58.000000
	322.940000	-55.272000	61.200000
	322.960000	-53.952000	63.400000
	322.980000	-52.572000	66.400000
	323.000000	-51.132000	69.000000
	323.020000	-49.692000	71.000000
	323.040000	-48.180000	73.200000
	323.060000	-46.656000	74.600000
	323.080000	-45.084000	76.800000
	323.100000	-43.488000	78.200000
	323.120000	-41.856000	80.000000
	323.140000	-40.188000	81.600000
	323.160000	-38.472000	83.600000
	323.180000	-36.768000	84.800000
	323.200000	-35.028000	86.000000
	323.220000	-33.288000	86.400000
	323.240000	-31.524000	87.400000
	323.260000	-29.772000	87.600000
	323.280000	-28.020000	87.800000
	323.300000	-26.232000	88.200000
	323.320000	-24.432000	89.000000
	323.340000	-22.620000	90.000000
	323.360000	-20.832000	90.000000
	323.380000	-19.008000	90.400000
	323.400000	-17.208000	90.200000
	323.420000	-15.372000	91.000000
	323.440000	-13.548000	91.000000
	323.460000	-11.712000	91.600000
	323.480000	-9.888000	91.400000
	323.500000	-8.052000	91.600000
	323.520000	-6.216000	91.600000
	323.540000	-4.380000	91.800000
	323.560000	-2.544000	91.800000
	323.580000	-0.708000	91.800000
	323.600000	1.104000	91.400000
	323.620000	2.904000	90.800000
	323.640000	4.728000	90.600000
	323.660000	6.552000	90.800000
	323.680000	8.376000	91.200000
	323.700000	10.176000	90.800000
	323.720000	12.000000	90.800000
	323.740000	13.788000	90.200000
	323.760000	15.564000	89.800000
	323.780000	17.328000	88.800000
	323.800000	19.116000	88.800000
	323.820000	20.880000	88.600000
	323.840000	22.668000	89.000000
	323.860000	24.420000	88.400000
	323.880000	26.196000	88.600000
	323.900000	27.912000	87.400000
	323.920000	29.640000	87.000000
	323.940000	31.332000	85.600000
	323.960000	33.012000	85.000000
	323.980000	34.704000	84.400000
	324.000000	36.384000	84.200000
	324.020000	38.064000	84.200000
	324.040000	39.684000	83.000000
	324.060000	41.316000	82.200000
	324.080000	42.900000	80.600000
	324.100000	44.484000	80.000000
	324.120000	46.044000	78.800000
	324.140000	47.580000	78.000000
	324.160000	49.092000	76.800000
	324.180000	50.532000	74.800000
	324.200000	51.996000	73.600000
	324.220000	53.388000	71.600000
	324.240000	54.768000	70.600000
	324.260000	56.052000	67.600000
	324.280000	57.300000	65.200000
	324.300000	58.500000	62.200000
	324.320000	59.676000	60.400000
	324.340000	60.792000	58.200000
	324.360000	61.848000	55.800000
	324.380000	62.832000	52.600000
	324.400000	63.780000	49.800000
	324.420000	64.668000	47.000000
	324.440000	65.472000	44.000000
	324.460000	66.192000	40.200000
	324.480000	66.840000	36.200000
	324.500000	67.428000	32.600000
	324.520000	67.944000	29.200000
	324.540000	68.376000	25.600000
	324.560000	68.736000	21.800000
	324.580000	69.012000	17.800000
	324.600000	69.204000	13.800000
	324.620000	69.312000	9.600000
	324.640000	69.360000	5.800000
	324.660000	69.336000	2.200000
	324.680000	69.228000	-1.400000
	324.700000	69.036000	-5.400000
	324.720000	68.784000	-9.200000
	324.740000	68.472000	-12.600000
	324.760000	68.088000	-15.800000
	324.780000	67.632000	-19.200000
	324.800000	67.116000	-22.600000
	324.820000	66.540000	-25.800000
	324.840000	65.904000	-28.800000
	324.860000	65.208000	-31.800000
	324.880000	64.464000	-34.600000
	324.900000	63.672000	-37.200000
	324.920000	62.844000	-39.400000
	324.940000	61.980000	-41.400000
	324.960000	61.080000	-43.200000
	324.980000	60.132000	-45.200000
	325.000000	59.136000	-47.400000
	325.020000	58.104000	-49.600000
	325.040000	57.048000	-51.400000
	325.060000	55.944000	-53.200000
	325.080000	54.840000	-54.400000
	325.100000	53.700000	-55.800000
	325.120000	52.584000	-56.000000
	325.140000	51.420000	-57.000000
	325.160000	50.232000	-57.800000
	325.180000	49.044000	-59.000000
	325.200000	47.832000	-59.800000
	325.220000	46.644000	-59.800000
	325.240000	45.444000	-60.000000
	325.260000	44.256000	-59.600000
	325.280000	43.056000	-59.800000
	325.300000	41.844000	-60.000000
	325.320000	40.656000	-60.000000
	325.340000	39.492000	-59.400000
	325.360000	38.340000	-58.400000
	325.380000	37.188000	-57.800000
	325.400000	36.036000	-57.600000
	325.420000	34.908000	-57.200000
	325.440000	33.792000	-56.600000
	325.460000	32.700000	-55.600000
	325.480000	31.632000	-54.600000
	325.500000	30.588000	-53.400000
	325.520000	29.580000	-52.000000
	325.540000	28.584000	-50.800000
	325.560000	27.612000	-49.600000
	325.580000	26.652000	-48.800000
	325.600000	25.716000	-47.800000
	325.620000	24.816000	-46.600000
	325.640000	23.940000	-45.200000
	325.660000	23.112000	-43.400000
	325.680000	22.308000	-41.800000
	325.700000	21.528000	-40.200000
	325.720000	20.772000	-39.000000
	325.740000	20.052000	-37.600000
	325.760000	19.380000	-35.800000
	325.780000	18.720000	-34.200000
	325.800000	18.096000	-32.600000
	325.820000	17.508000	-31.200000
	325.840000	16.956000	-29.400000
	325.860000	16.440000	-27.600000
	325.880000	15.948000	-26.000000
	325.900000	15.504000	-24.200000
	325.920000	15.072000	-22.800000
	325.940000	14.688000	-21.000000
	325.960000	14.328000	-19.600000
	325.980000	14.016000	-17.600000
	326.000000	13.740000	-15.800000
	326.020000	13.500000	-13.800000
	326.040000	13.296000	-12.000000
	326.060000	13.116000	-10.400000
	326.080000	12.972000	-8.800000
	326.100000	12.864000	-7.200000
	326.120000	12.792000	-5.400000
	326.140000	12.756000	-3.600000
	326.160000	12.756000	-1.800000
	326.180000	12.780000	-0.200000
	326.200000	12.828000	1.200000
	326.220000	12.900000	2.400000
	326.240000	13.008000	3.800000
	326.260000	13.140000	5.200000
	326.280000	13.296000	6.600000
	326.300000	13.464000	7.600000
	326.320000	13.644000	8.400000
	326.340000	13.848000	9.200000
	326.360000	14.064000	10.000000
	326.380000	14.304000	11.000000
	326.400000	14.544000	11.600000
	326.420000	14.808000	12.400000
	326.440000	15.072000	12.800000
	326.460000	15.348000	13.400000
	326.480000	15.636000	13.800000
	326.500000	15.936000	14.400000
	326.520000	16.248000	15.000000
	326.540000	16.572000	15.600000
	326.560000	16.896000	16.000000
	326.580000	17.232000	16.400000
	326.600000	17.556000	16.400000
	326.620000	17.892000	16.600000
	326.640000	18.228000	16.600000
	326.660000	18.564000	16.800000
	326.680000	18.912000	17.000000
	326.700000	19.248000	17.000000
	326.720000	19.584000	17.000000
	326.740000	19.908000	16.600000
	326.760000	20.232000	16.400000
	326.780000	20.544000	16.000000
	326.800000	20.844000	15.600000
	326.820000	21.144000	15.200000
	326.840000	21.432000	14.800000
	326.860000	21.720000	14.600000
	326.880000	21.984000	14.000000
	326.900000	22.236000	13.400000
	326.920000	22.464000	12.400000
	326.940000	22.668000	11.400000
	326.960000	22.860000	10.400000
	326.980000	23.040000	9.600000
	327.000000	23.208000	9.000000
	327.020000	23.352000	8.200000
	327.040000	23.460000	7.000000
	327.060000	23.544000	5.600000
	327.080000	23.604000	4.200000
	327.100000	23.640000	3.000000
	327.120000	23.652000	1.800000
	327.140000	23.640000	0.600000
	327.160000	23.604000	-0.600000
	327.180000	23.544000	-1.800000
	327.200000	23.460000	-3.000000
	327.220000	23.352000	-4.200000
	327.240000	23.220000	-5.400000
	327.260000	23.052000	-6.800000
	327.280000	22.872000	-8.000000
	327.300000	22.656000	-9.400000
	327.320000	22.428000	-10.400000
	327.340000	22.164000	-11.800000
	327.360000	21.876000	-13.000000
	327.380000	21.564000	-14.400000
	327.400000	21.228000	-15.600000
	327.420000	20.868000	-16.800000
	327.440000	20.484000	-18.000000
	327.460000	20.064000	-19.400000
	327.480000	19.620000	-20.800000
	327.500000	19.140000	-22.400000
	327.520000	18.624000	-24.000000
	327.540000	18.084000	-25.600000
	327.560000	17.508000	-27.200000
	327.580000	16.920000	-28.400000
	327.600000	16.296000	-29.800000
	327.620000	15.636000	-31.200000
	327.640000	14.940000	-33.000000
	327.660000	14.208000	-34.800000
	327.680000	13.464000	-36.200000
	327.700000	12.696000	-37.400000
	327.720000	11.904000	-38.400000
	327.740000	11.088000	-39.600000
	327.760000	10.224000	-41.200000
	327.780000	9.348000	-42.600000
	327.800000	8.436000	-44.200000
	327.820000	7.500000	-45.400000
	327.840000	6.528000	-47.000000
	327.860000	5.532000	-48.400000
	327.880000	4.536000	-49.400000
	327.900000	3.504000	-50.400000
	327.920000	2.460000	-51.200000
	327.940000	1.392000	-52.400000
	327.960000	0.288000	-53.600000
	327.980000	-0.816000	-54.600000
	328.000000	-1.956000	-55.800000
	328.020000	-3.108000	-56.600000
	328.040000	-4.296000	-58.000000
	328.060000	-5.496000	-59.000000
	328.080000	-6.672000	-59.400000
	328.100000	-7.884000	-59.800000
	328.120000	-9.096000	-60.000000
	328.140000	-10.320000	-60.800000
	328.160000	-11.544000	-61.000000
	328.180000	-12.780000	-61.400000
	328.200000	-14.004000	-61.400000
	328.220000	-15.228000	-61.400000
	328.240000	-16.428000	-60.800000
	328.260000	-17.676000	-61.200000
	328.280000	-18.924000	-61.600000
	328.300000	-20.172000	-62.400000
	328.320000	-21.372000	-61.600000
	328.340000	-22.560000	-60.600000
	328.360000	-23.736000	-59.400000
	328.380000	-24.924000	-59.200000
	328.400000	-26.100000	-59.000000
	328.420000	-27.276000	-59.000000
	328.440000	-28.416000	-58.200000
	328.460000	-29.520000	-57.000000
	328.480000	-30.612000	-55.600000
	328.500000	-31.680000	-54.400000
	328.520000	-32.724000	-53.400000
	328.540000	-33.708000	-51.600000
	328.560000	-34.680000	-50.000000
	328.580000	-35.628000	-48.400000
	328.600000	-36.552000	-47.400000
	328.620000	-37.428000	-45.800000
	328.640000	-38.256000	-43.800000
	328.660000	-39.036000	-41.400000
	328.680000	-39.768000	-39.000000
	328.700000	-40.464000	-36.800000
	328.720000	-41.112000	-34.600000
	328.740000	-41.724000	-32.600000
	328.760000	-42.288000	-30.400000
	328.780000	-42.816000	-28.400000
	328.800000	-43.284000	-26.000000
	328.820000	-43.680000	-23.200000
	328.840000	-44.028000	-20.200000
	328.860000	-44.316000	-17.200000
	328.880000	-44.568000	-14.800000
	328.900000	-44.748000	-12.000000
	328.920000	-44.880000	-9.400000
	328.940000	-44.952000	-6.400000
	328.960000	-44.976000	-3.800000
	328.980000	-44.952000	-1.200000
	329.000000	-44.880000	1.200000
	329.020000	-44.760000	3.600000
	329.040000	-44.604000	5.800000
	329.060000	-44.400000	8.000000
	329.080000	-44.148000	10.200000
	329.100000	-43.860000	12.400000
	329.120000	-43.536000	14.400000
	329.140000	-43.200000	15.800000
	329.160000	-42.828000	17.200000
	329.180000	-42.420000	18.600000
	329.200000	-41.988000	20.200000
	329.220000	-41.520000	21.800000
	329.240000	-41.028000	23.200000
	329.260000	-40.500000	24.800000
	329.280000	-39.948000	26.200000
	329.300000	-39.384000	27.400000
	329.320000	-38.808000	28.200000
	329.340000	-38.208000	29.000000
	329.360000	-37.584000	30.000000
	329.380000	-36.948000	31.000000
	329.400000	-36.300000	31.800000
	329.420000	-35.640000	32.400000
	329.440000	-34.968000	33.000000
	329.460000	-34.296000	33.400000
	329.480000	-33.636000	33.400000
	329.500000	-32.976000	33.200000
	329.520000	-32.328000	32.800000
	329.540000	-31.668000	32.800000
	329.560000	-31.008000	32.800000
	329.580000	-30.348000	33.000000
	329.600000	-29.712000	32.600000
	329.620000	-29.100000	31.800000
	329.640000	-28.500000	30.800000
	329.660000	-27.912000	30.000000
	329.680000	-27.336000	29.400000
	329.700000	-26.784000	28.600000
	329.720000	-26.256000	27.600000
	329.740000	-25.752000	26.400000
	329.760000	-25.272000	25.200000
	329.780000	-24.828000	23.800000
	329.800000	-24.408000	22.400000
	329.820000	-24.036000	20.600000
	329.840000	-23.688000	19.000000
	329.860000	-23.376000	17.200000
	329.880000	-23.076000	16.000000
	329.900000	-22.812000	14.600000
	329.920000	-22.584000	13.200000
	329.940000	-22.416000	11.000000
	329.960000	-22.284000	8.800000
	329.980000	-22.188000	6.600000
	330.000000	-22.128000	4.800000
	330.020000	-22.116000	2.800000
	330.040000	-22.152000	0.600000
	330.060000	-22.212000	-1.400000
	330.080000	-22.320000	-3.400000
	330.100000	-22.452000	-5.000000
	330.120000	-22.644000	-7.200000
	330.140000	-22.860000	-9.000000
	330.160000	-23.124000	-11.200000
	330.180000	-23.412000	-12.800000
	330.200000	-23.748000	-14.800000
	330.220000	-24.120000	-16.600000
	330.240000	-24.528000	-18.600000
	330.260000	-24.972000	-20.400000
	330.280000	-25.452000	-22.200000
	330.300000	-25.968000	-24.000000
	330.320000	-26.520000	-25.800000
	330.340000	-27.120000	-27.800000
	330.360000	-27.768000	-30.000000
	330.380000	-28.440000	-32.000000
	330.400000	-29.148000	-33.800000
	330.420000	-29.892000	-35.400000
	330.440000	-30.684000	-37.400000
	330.460000	-31.512000	-39.400000
	330.480000	-32.376000	-41.400000
	330.500000	-33.264000	-43.000000
	330.520000	-34.188000	-44.600000
	330.540000	-35.124000	-45.800000
	330.560000	-36.096000	-47.200000
	330.580000	-37.092000	-48.400000
	330.600000	-38.112000	-49.800000
	330.620000	-39.132000	-50.600000
	330.640000	-40.200000	-51.800000
	330.660000	-41.268000	-52.600000
	330.680000	-42.348000	-53.600000
	330.700000	-43.404000	-53.400000
	330.720000	-44.496000	-53.800000
	330.740000	-45.600000	-54.200000
	330.760000	-46.704000	-55.000000
	330.780000	-47.808000	-55.200000
	330.800000	-48.912000	-55.200000
	330.820000	-49.992000	-54.800000
	330.840000	-51.060000	-54.200000
	330.860000	-52.128000	-53.600000
	330.880000	-53.196000	-53.400000
	330.900000	-54.240000	-53.000000
	330.920000	-55.260000	-52.200000
	330.940000	-56.244000	-50.800000
	330.960000	-57.204000	-49.400000
	330.980000	-58.128000	-47.800000
	331.000000	-59.016000	-46.200000
	331.020000	-59.868000	-44.400000
	331.040000	-60.672000	-42.400000
	331.060000	-61.440000	-40.400000
	331.080000	-62.160000	-38.200000
	331.100000	-62.832000	-36.000000
	331.120000	-63.456000	-33.600000
	331.140000	-64.008000	-30.800000
	331.160000	-64.500000	-27.800000
	331.180000	-64.920000	-24.400000
	331.200000	-65.280000	-21.200000
	331.220000	-65.580000	-18.000000
	331.240000	-65.808000	-14.800000
	331.260000	-65.964000	-11.400000
	331.280000	-66.036000	-7.600000
	331.300000	-66.036000	-3.800000
	331.320000	-65.964000	2.369216E-13
	331.340000	-65.820000	3.600000
	331.360000	-65.604000	7.200000
	331.380000	-65.328000	10.600000
	331.400000	-64.968000	14.200000
	331.420000	-64.548000	17.600000
	331.440000	-64.056000	21.200000
	331.460000	-63.516000	24.200000
	331.480000	-62.904000	27.400000
	331.500000	-62.220000	30.600000
	331.520000	-61.476000	34.000000
	331.540000	-60.672000	37.200000
	331.560000	-59.808000	40.200000
	331.580000	-58.848000	43.800000
	331.600000	-57.840000	47.200000
	331.620000	-56.772000	50.600000
	331.640000	-55.680000	52.800000
	331.660000	-54.516000	55.400000
	331.680000	-53.316000	57.600000
	331.700000	-52.080000	60.000000
	331.720000	-50.808000	61.800000
	331.740000	-49.476000	64.000000
	331.760000	-48.108000	66.200000
	331.780000	-46.692000	68.600000
	331.800000	-45.240000	70.600000
	331.820000	-43.764000	72.400000
	331.840000	-42.264000	73.800000
	331.860000	-40.740000	75.000000
	331.880000	-39.180000	76.400000
	331.900000	-37.596000	77.800000
	331.920000	-36.000000	79.000000
	331.940000	-34.368000	80.200000
	331.960000	-32.736000	81.000000
	331.980000	-31.080000	82.000000
	332.000000	-29.412000	82.600000
	332.020000	-27.744000	83.200000
	332.040000	-26.088000	83.200000
	332.060000	-24.444000	82.800000
	332.080000	-22.764000	83.000000
	332.100000	-21.060000	83.800000
	332.120000	-19.344000	85.000000
	332.140000	-17.628000	85.600000
	332.160000	-15.900000	86.000000
	332.180000	-14.172000	86.200000
	332.200000	-12.444000	86.400000
	332.220000	-10.716000	86.400000
	332.240000	-8.964000	86.800000
	332.260000	-7.224000	87.000000
	332.280000	-5.484000	87.200000
	332.300000	-3.744000	87.000000
	332.320000	-2.016000	86.800000
	332.340000	-0.288000	86.600000
	332.360000	1.428000	86.200000
	332.380000	3.156000	86.200000
	332.400000	4.872000	86.000000
	332.420000	6.540000	85.200000
	332.440000	8.220000	84.400000
	332.460000	9.900000	83.800000
	332.480000	11.628000	84.800000
	332.500000	13.320000	85.000000
	332.520000	15.000000	85.000000
	332.540000	16.668000	84.000000
	332.560000	18.336000	83.600000
	332.580000	20.004000	83.400000
	332.600000	21.660000	83.200000
	332.620000	23.316000	83.000000
	332.640000	24.948000	82.400000
	332.660000	26.580000	82.000000
	332.680000	28.188000	81.200000
	332.700000	29.796000	80.800000
	332.720000	31.380000	80.000000
	332.740000	32.964000	79.600000
	332.760000	34.524000	78.800000
	332.780000	36.060000	78.000000
	332.800000	37.572000	76.800000
	332.820000	39.072000	75.800000
	332.840000	40.560000	75.000000
	332.860000	42.072000	75.000000
	332.880000	43.524000	74.200000
	332.900000	44.952000	73.200000
	332.920000	46.308000	70.600000
	332.940000	47.688000	69.400000
	332.960000	49.020000	67.800000
	332.980000	50.316000	66.800000
	333.000000	51.564000	64.600000
	333.020000	52.764000	62.400000
	333.040000	53.952000	60.600000
	333.060000	55.080000	58.600000
	333.080000	56.184000	57.000000
	333.100000	57.228000	54.600000
	333.120000	58.212000	52.200000
	333.140000	59.148000	49.400000
	333.160000	60.024000	46.600000
	333.180000	60.864000	44.200000
	333.200000	61.632000	41.400000
	333.220000	62.328000	38.400000
	333.240000	62.964000	35.000000
	333.260000	63.540000	31.800000
	333.280000	64.056000	28.800000
	333.300000	64.488000	25.400000
	333.320000	64.860000	22.000000
	333.340000	65.172000	18.600000
	333.360000	65.412000	15.400000
	333.380000	65.580000	12.000000
	333.400000	65.664000	8.200000
	333.420000	65.688000	4.600000
	333.440000	65.652000	1.200000
	333.460000	65.556000	-1.800000
	333.480000	65.400000	-4.800000
	333.500000	65.160000	-8.200000
	333.520000	64.872000	-11.400000
	333.540000	64.524000	-14.600000
	333.560000	64.128000	-17.200000
	333.580000	63.672000	-20.000000
	333.600000	63.168000	-22.600000
	333.620000	62.616000	-25.200000
	333.640000	62.028000	-27.400000
	333.660000	61.380000	-29.800000
	333.680000	60.696000	-32.000000
	333.700000	59.964000	-34.400000
	333.720000	59.196000	-36.400000
	333.740000	58.392000	-38.400000
	333.760000	57.564000	-40.000000
	333.780000	56.712000	-41.400000
	333.800000	55.836000	-42.600000
	333.820000	54.924000	-44.000000
	333.840000	53.988000	-45.400000
	333.860000	53.016000	-47.000000
	333.880000	52.020000	-48.400000
	333.900000	51.036000	-49.200000
	333.920000	50.040000	-49.600000
	333.940000	49.032000	-49.800000
	333.960000	48.012000	-50.400000
	333.980000	46.992000	-50.800000
	334.000000	45.972000	-51.000000
	334.020000	44.952000	-51.000000
	334.040000	43.932000	-51.000000
	334.060000	42.912000	-51.000000
	334.080000	41.892000	-51.000000
	334.100000	40.884000	-50.800000
	334.120000	39.888000	-50.400000
	334.140000	38.904000	-49.800000
	334.160000	37.932000	-49.200000
	334.180000	36.984000	-48.400000
	334.200000	36.036000	-47.800000
	334.220000	35.112000	-47.000000
	334.240000	34.212000	-46.200000
	334.260000	33.336000	-45.000000
	334.280000	32.472000	-44.000000
	334.300000	31.632000	-43.000000
	334.320000	30.828000	-41.800000
	334.340000	30.048000	-40.400000
	334.360000	29.304000	-38.800000
	334.380000	28.560000	-37.800000
	334.400000	27.864000	-36.400000
	334.420000	27.180000	-35.400000
	334.440000	26.556000	-33.400000
	334.460000	25.944000	-32.000000
	334.480000	25.380000	-30.000000
	334.500000	24.828000	-28.800000
	334.520000	24.324000	-27.000000
	334.540000	23.844000	-25.600000
	334.560000	23.412000	-23.600000
	334.580000	23.016000	-21.800000
	334.600000	22.656000	-19.800000
	334.620000	22.320000	-18.200000
	334.640000	22.032000	-16.400000
	334.660000	21.768000	-14.800000
	334.680000	21.564000	-12.600000
	334.700000	21.372000	-11.000000
	334.720000	21.228000	-9.000000
	334.740000	21.120000	-7.400000
	334.760000	21.060000	-5.200000
	334.780000	21.036000	-3.200000
	334.800000	21.036000	-1.400000
	334.820000	21.072000	0.200000
	334.840000	21.132000	1.600000
	334.860000	21.228000	3.200000
	334.880000	21.360000	4.800000
	334.900000	21.528000	6.600000
	334.920000	21.732000	8.400000
	334.940000	21.948000	9.800000
	334.960000	22.200000	11.200000
	334.980000	22.464000	12.200000
	335.000000	22.764000	13.600000
	335.020000	23.076000	14.600000
	335.040000	23.412000	15.800000
	335.060000	23.784000	17.000000
	335.080000	24.180000	18.400000
	335.100000	24.600000	19.800000
	335.120000	25.020000	20.600000
	335.140000	25.476000	21.600000
	335.160000	25.944000	22.400000
	335.180000	26.436000	23.600000
	335.200000	26.940000	24.400000
	335.220000	27.468000	25.400000
	335.240000	28.020000	26.400000
	335.260000	28.584000	27.400000
	335.280000	29.172000	28.400000
	335.300000	29.760000	29.000000
	335.320000	30.372000	29.800000
	335.340000	30.984000	30.200000
	335.360000	31.608000	30.800000
	335.380000	32.232000	31.000000
	335.400000	32.868000	31.400000
	335.420000	33.516000	31.800000
	335.440000	34.164000	32.200000
	335.460000	34.824000	32.600000
	335.480000	35.484000	32.800000
	335.500000	36.144000	33.000000
	335.520000	36.792000	32.800000
	335.540000	37.452000	32.800000
	335.560000	38.100000	32.600000
	335.580000	38.736000	32.400000
	335.600000	39.360000	31.800000
	335.620000	39.984000	31.400000
	335.640000	40.596000	31.000000
	335.660000	41.196000	30.600000
	335.680000	41.772000	29.800000
	335.700000	42.348000	29.200000
	335.720000	42.888000	28.200000
	335.740000	43.416000	27.400000
	335.760000	43.920000	26.200000
	335.780000	44.400000	25.200000
	335.800000	44.868000	24.200000
	335.820000	45.300000	23.000000
	335.840000	45.708000	21.800000
	335.860000	46.080000	20.200000
	335.880000	46.428000	18.800000
	335.900000	46.752000	17.400000
	335.920000	47.040000	16.000000
	335.940000	47.292000	14.400000
	335.960000	47.520000	12.800000
	335.980000	47.712000	11.200000
	336.000000	47.868000	9.600000
	336.020000	47.976000	7.600000
	336.040000	48.048000	5.600000
	336.060000	48.084000	3.600000
	336.080000	48.084000	1.800000
	336.100000	48.048000	0.000000
	336.120000	47.976000	-1.800000
	336.140000	47.868000	-3.600000
	336.160000	47.724000	-5.400000
	336.180000	47.544000	-7.200000
	336.200000	47.340000	-8.800000
	336.220000	47.100000	-10.400000
	336.240000	46.836000	-11.800000
	336.260000	46.536000	-13.400000
	336.280000	46.212000	-14.800000
	336.300000	45.876000	-16.000000
	336.320000	45.504000	-17.200000
	336.340000	45.108000	-18.400000
	336.360000	44.676000	-20.000000
	336.380000	44.220000	-21.400000
	336.400000	43.728000	-23.000000
	336.420000	43.212000	-24.400000
	336.440000	42.672000	-25.800000
	336.460000	42.108000	-27.000000
	336.480000	41.508000	-28.400000
	336.500000	40.884000	-29.800000
	336.520000	40.248000	-31.000000
	336.540000	39.600000	-31.800000
	336.560000	38.928000	-32.600000
	336.580000	38.232000	-33.600000
	336.600000	37.512000	-34.800000
	336.620000	36.780000	-35.800000
	336.640000	36.048000	-36.400000
	336.660000	35.292000	-37.000000
	336.680000	34.536000	-37.400000
	336.700000	33.744000	-38.400000
	336.720000	32.952000	-39.000000
	336.740000	32.148000	-39.800000
	336.760000	31.344000	-40.000000
	336.780000	30.540000	-40.200000
	336.800000	29.712000	-40.600000
	336.820000	28.884000	-41.000000
	336.840000	28.032000	-41.800000
	336.860000	27.204000	-41.800000
	336.880000	26.388000	-41.600000
	336.900000	25.572000	-41.000000
	336.920000	24.744000	-41.000000
	336.940000	23.916000	-41.200000
	336.960000	23.100000	-41.200000
	336.980000	22.284000	-41.000000
	337.000000	21.468000	-40.800000
	337.020000	20.664000	-40.600000
	337.040000	19.884000	-40.000000
	337.060000	19.104000	-39.400000
	337.080000	18.324000	-39.000000
	337.100000	17.544000	-39.000000
	337.120000	16.788000	-38.600000
	337.140000	16.068000	-37.600000
	337.160000	15.360000	-36.400000
	337.180000	14.664000	-35.400000
	337.200000	13.968000	-35.000000
	337.220000	13.284000	-34.600000
	337.240000	12.636000	-33.800000
	337.260000	12.000000	-32.800000
	337.280000	11.400000	-31.400000
	337.300000	10.800000	-30.600000
	337.320000	10.236000	-29.400000
	337.340000	9.684000	-28.600000
	337.360000	9.156000	-27.400000
	337.380000	8.664000	-26.200000
	337.400000	8.196000	-24.800000
	337.420000	7.752000	-23.400000
	337.440000	7.332000	-22.200000
	337.460000	6.948000	-20.800000
	337.480000	6.588000	-19.400000
	337.500000	6.252000	-18.000000
	337.520000	5.940000	-16.800000
	337.540000	5.664000	-15.400000
	337.560000	5.412000	-14.000000
	337.580000	5.196000	-12.400000
	337.600000	5.016000	-10.800000
	337.620000	4.860000	-9.200000
	337.640000	4.740000	-7.600000
	337.660000	4.644000	-6.200000
	337.680000	4.584000	-4.600000
	337.700000	4.548000	-3.200000
	337.720000	4.536000	-1.800000
	337.740000	4.548000	-0.600000
	337.760000	4.584000	0.600000
	337.780000	4.656000	2.000000
	337.800000	4.752000	3.400000
	337.820000	4.872000	4.800000
	337.840000	5.004000	5.800000
	337.860000	5.160000	6.800000
	337.880000	5.340000	7.800000
	337.900000	5.532000	8.800000
	337.920000	5.736000	9.600000
	337.940000	5.952000	10.200000
	337.960000	6.180000	10.800000
	337.980000	6.432000	11.600000
	338.000000	6.684000	12.200000
	338.020000	6.960000	13.000000
	338.040000	7.236000	13.400000
	338.060000	7.524000	14.000000
	338.080000	7.824000	14.400000
	338.100000	8.124000	14.800000
	338.120000	8.436000	15.200000
	338.140000	8.760000	15.600000
	338.160000	9.096000	16.200000
	338.180000	9.432000	16.600000
	338.200000	9.768000	16.800000
	338.220000	10.104000	16.800000
	338.240000	10.452000	17.000000
	338.260000	10.800000	17.200000
	338.280000	11.148000	17.400000
	338.300000	11.496000	17.400000
	338.320000	11.832000	17.200000
	338.340000	12.168000	17.000000
	338.360000	12.504000	16.800000
	338.380000	12.840000	16.800000
	338.400000	13.164000	16.600000
	338.420000	13.476000	16.200000
	338.440000	13.764000	15.400000
	338.460000	14.052000	14.800000
	338.480000	14.316000	14.000000
	338.500000	14.580000	13.600000
	338.520000	14.832000	13.000000
	338.540000	15.060000	12.400000
	338.560000	15.276000	11.600000
	338.580000	15.468000	10.600000
	338.600000	15.648000	9.800000
	338.620000	15.804000	8.800000
	338.640000	15.936000	7.800000
	338.660000	16.044000	6.600000
	338.680000	16.128000	5.400000
	338.700000	16.176000	4.000000
	338.720000	16.200000	2.600000
	338.740000	16.200000	1.200000
	338.760000	16.176000	0.000000
	338.780000	16.128000	-1.200000
	338.800000	16.056000	-2.400000
	338.820000	15.960000	-3.600000
	338.840000	15.840000	-4.800000
	338.860000	15.684000	-6.200000
	338.880000	15.504000	-7.600000
	338.900000	15.300000	-9.000000
	338.920000	15.060000	-10.400000
	338.940000	14.796000	-11.800000
	338.960000	14.508000	-13.200000
	338.980000	14.208000	-14.200000
	339.000000	13.872000	-15.400000
	339.020000	13.500000	-16.800000
	339.040000	13.092000	-18.600000
	339.060000	12.660000	-20.200000
	339.080000	12.156000	-22.400000
	339.100000	11.664000	-23.800000
	339.120000	11.136000	-25.400000
	339.140000	10.608000	-25.800000
	339.160000	9.996000	-27.800000
	339.180000	9.372000	-29.400000
	339.200000	8.700000	-31.800000
	339.220000	8.004000	-33.200000
	339.240000	7.260000	-35.200000
	339.260000	6.504000	-36.600000
	339.280000	5.700000	-38.400000
	339.300000	4.848000	-40.200000
	339.320000	3.972000	-42.200000
	339.340000	3.060000	-44.000000
	339.360000	2.136000	-45.200000
	339.380000	1.164000	-46.800000
	339.400000	0.180000	-48.000000
	339.420000	-0.876000	-50.200000
	339.440000	-1.932000	-51.600000
	339.460000	-3.048000	-53.800000
	339.480000	-4.152000	-54.600000
	339.500000	-5.316000	-56.400000
	339.520000	-6.492000	-57.400000
	339.540000	-7.692000	-59.000000
	339.560000	-8.928000	-60.200000
	339.580000	-10.152000	-61.000000
	339.600000	-11.412000	-62.000000
	339.620000	-12.684000	-62.600000
	339.640000	-13.992000	-64.000000
	339.660000	-15.324000	-65.200000
	339.680000	-16.668000	-66.400000
	339.700000	-18.048000	-67.600000
	339.720000	-19.416000	-68.200000
	339.740000	-20.808000	-69.000000
	339.760000	-22.200000	-69.200000
	339.780000	-23.604000	-69.800000
	339.800000	-25.008000	-70.000000
	339.820000	-26.424000	-70.400000
	339.840000	-27.840000	-70.600000
	339.860000	-29.256000	-70.800000
	339.880000	-30.672000	-70.800000
	339.900000	-32.076000	-70.600000
	339.920000	-33.468000	-70.200000
	339.940000	-34.848000	-69.600000
	339.960000	-36.204000	-68.800000
	339.980000	-37.548000	-68.000000
	340.000000	-38.868000	-67.000000
	340.020000	-40.188000	-66.400000
	340.040000	-41.472000	-65.400000
	340.060000	-42.732000	-64.400000
	340.080000	-43.956000	-62.800000
	340.100000	-45.144000	-61.200000
	340.120000	-46.296000	-59.400000
	340.140000	-47.424000	-57.800000
	340.160000	-48.504000	-56.000000
	340.180000	-49.524000	-53.800000
	340.200000	-50.484000	-51.000000
	340.220000	-51.396000	-48.200000
	340.240000	-52.248000	-45.400000
	340.260000	-53.052000	-42.800000
	340.280000	-53.784000	-39.800000
	340.300000	-54.468000	-37.000000
	340.320000	-55.068000	-33.600000
	340.340000	-55.620000	-30.600000
	340.360000	-56.100000	-27.200000
	340.380000	-56.508000	-24.000000
	340.400000	-56.832000	-20.200000
	340.420000	-57.072000	-16.200000
	340.440000	-57.252000	-12.400000
	340.460000	-57.360000	-8.800000
	340.480000	-57.396000	-5.400000
	340.500000	-57.348000	-1.600000
	340.520000	-57.228000	2.200000
	340.540000	-57.036000	6.000000
	340.560000	-56.784000	9.400000
	340.580000	-56.472000	12.600000
	340.600000	-56.088000	15.800000
	340.620000	-55.656000	18.800000
	340.640000	-55.152000	22.000000
	340.660000	-54.612000	24.600000
	340.680000	-54.000000	27.600000
	340.700000	-53.340000	30.200000
	340.720000	-52.620000	33.200000
	340.740000	-51.864000	35.600000
	340.760000	-51.060000	38.000000
	340.780000	-50.196000	40.400000
	340.800000	-49.284000	43.000000
	340.820000	-48.336000	45.400000
	340.840000	-47.352000	47.400000
	340.860000	-46.344000	49.000000
	340.880000	-45.300000	50.600000
	340.900000	-44.220000	52.200000
	340.920000	-43.116000	53.800000
	340.940000	-41.988000	55.200000
	340.960000	-40.860000	56.000000
	340.980000	-39.672000	57.400000
	341.000000	-38.484000	58.400000
	341.020000	-37.284000	59.600000
	341.040000	-36.108000	59.400000
	341.060000	-34.920000	59.400000
	341.080000	-33.720000	59.400000
	341.100000	-32.508000	60.000000
	341.120000	-31.308000	60.200000
	341.140000	-30.108000	60.200000
	341.160000	-28.920000	59.800000
	341.180000	-27.708000	60.000000
	341.200000	-26.520000	59.800000
	341.220000	-25.332000	59.800000
	341.240000	-24.180000	58.800000
	341.260000	-23.040000	58.000000
	341.280000	-21.900000	57.200000
	341.300000	-20.796000	56.400000
	341.320000	-19.692000	55.800000
	341.340000	-18.648000	54.200000
	341.360000	-17.592000	53.400000
	341.380000	-16.572000	52.000000
	341.400000	-15.564000	51.400000
	341.420000	-14.604000	49.800000
	341.440000	-13.656000	48.600000
	341.460000	-12.732000	47.200000
	341.480000	-11.832000	46.200000
	341.500000	-10.992000	44.400000
	341.520000	-10.188000	42.400000
	341.540000	-9.408000	40.400000
	341.560000	-8.652000	39.000000
	341.580000	-7.944000	37.400000
	341.600000	-7.260000	35.800000
	341.620000	-6.612000	34.000000
	341.640000	-5.988000	32.600000
	341.660000	-5.424000	30.600000
	341.680000	-4.908000	28.400000
	341.700000	-4.428000	26.000000
	341.720000	-3.984000	24.000000
	341.740000	-3.576000	22.200000
	341.760000	-3.216000	20.200000
	341.780000	-2.892000	18.200000
	341.800000	-2.616000	16.000000
	341.820000	-2.388000	13.800000
	341.840000	-2.208000	11.400000
	341.860000	-2.064000	9.200000
	341.880000	-1.980000	6.800000
	341.900000	-1.944000	4.400000
	341.920000	-1.956000	1.800000
	341.940000	-2.004000	-0.400000
	341.960000	-2.100000	-2.600000
	341.980000	-2.244000	-4.800000
	342.000000	-2.424000	-7.000000
	342.020000	-2.640000	-9.000000
	342.040000	-2.904000	-11.000000
	342.060000	-3.204000	-13.000000
	342.080000	-3.552000	-15.200000
	342.100000	-3.948000	-17.400000
	342.120000	-4.380000	-19.600000
	342.140000	-4.860000	-21.800000
	342.160000	-5.364000	-23.600000
	342.180000	-5.916000	-25.600000
	342.200000	-6.504000	-27.400000
	342.220000	-7.140000	-29.600000
	342.240000	-7.812000	-31.600000
	342.260000	-8.520000	-33.600000
	342.280000	-9.264000	-35.400000
	342.300000	-10.056000	-37.400000
	342.320000	-10.884000	-39.400000
	342.340000	-11.760000	-41.600000
	342.360000	-12.648000	-43.200000
	342.380000	-13.584000	-45.000000
	342.400000	-14.556000	-46.600000
	342.420000	-15.564000	-48.600000
	342.440000	-16.596000	-50.200000
	342.460000	-17.652000	-51.600000
	342.480000	-18.756000	-53.200000
	342.500000	-19.884000	-54.800000
	342.520000	-21.036000	-56.400000
	342.540000	-22.224000	-57.800000
	342.560000	-23.436000	-59.200000
	342.580000	-24.648000	-60.200000
	342.600000	-25.860000	-60.600000
	342.620000	-27.072000	-60.600000
	342.640000	-28.320000	-61.200000
	342.660000	-29.580000	-62.000000
	342.680000	-30.852000	-63.000000
	342.700000	-32.124000	-63.400000
	342.720000	-33.408000	-63.800000
	342.740000	-34.680000	-63.800000
	342.760000	-35.952000	-63.800000
	342.780000	-37.212000	-63.400000
	342.800000	-38.472000	-63.200000
	342.820000	-39.720000	-62.800000
	342.840000	-40.956000	-62.400000
	342.860000	-42.180000	-61.800000
	342.880000	-43.368000	-60.800000
	342.900000	-44.532000	-59.600000
	342.920000	-45.684000	-58.400000
	342.940000	-46.800000	-57.200000
	342.960000	-47.880000	-55.800000
	342.980000	-48.888000	-53.400000
	343.000000	-49.872000	-51.200000
	343.020000	-50.820000	-49.000000
	343.040000	-51.732000	-47.400000
	343.060000	-52.596000	-45.400000
	343.080000	-53.400000	-43.000000
	343.100000	-54.156000	-40.400000
	343.120000	-54.852000	-37.600000
	343.140000	-55.488000	-34.800000
	343.160000	-56.064000	-31.800000
	343.180000	-56.580000	-28.800000
	343.200000	-57.024000	-25.600000
	343.220000	-57.408000	-22.400000
	343.240000	-57.708000	-18.800000
	343.260000	-57.948000	-15.400000
	343.280000	-58.104000	-11.600000
	343.300000	-58.188000	-8.000000
	343.320000	-58.200000	-4.200000
	343.340000	-58.140000	-0.600000
	343.360000	-58.020000	2.800000
	343.380000	-57.816000	6.400000
	343.400000	-57.552000	9.800000
	343.420000	-57.216000	13.400000
	343.440000	-56.832000	16.400000
	343.460000	-56.376000	19.600000
	343.480000	-55.872000	22.400000
	343.500000	-55.296000	25.600000
	343.520000	-54.684000	28.200000
	343.540000	-54.000000	31.200000
	343.560000	-53.256000	34.000000
	343.580000	-52.464000	37.000000
	343.600000	-51.612000	39.800000
	343.620000	-50.724000	42.200000
	343.640000	-49.776000	44.800000
	343.660000	-48.792000	47.000000
	343.680000	-47.784000	49.000000
	343.700000	-46.728000	50.800000
	343.720000	-45.636000	52.600000
	343.740000	-44.508000	54.600000
	343.760000	-43.344000	56.400000
	343.780000	-42.156000	58.000000
	343.800000	-40.944000	59.400000
	343.820000	-39.720000	60.400000
	343.840000	-38.472000	61.400000
	343.860000	-37.212000	62.200000
	343.880000	-35.940000	63.000000
	343.900000	-34.656000	63.600000
	343.920000	-33.360000	64.200000
	343.940000	-32.064000	64.600000
	343.960000	-30.780000	64.600000
	343.980000	-29.484000	64.600000
	344.000000	-28.200000	64.400000
	344.020000	-26.904000	64.600000
	344.040000	-25.608000	64.600000
	344.060000	-24.300000	65.000000
	344.080000	-23.040000	64.400000
	344.100000	-21.768000	64.000000
	344.120000	-20.520000	63.000000
	344.140000	-19.272000	62.800000
	344.160000	-18.036000	62.200000
	344.180000	-16.836000	61.400000
	344.200000	-15.624000	60.800000
	344.220000	-14.460000	59.600000
	344.240000	-13.284000	59.200000
	344.260000	-12.144000	58.000000
	344.280000	-11.028000	57.200000
	344.300000	-9.936000	55.800000
	344.320000	-8.880000	54.400000
	344.340000	-7.836000	53.200000
	344.360000	-6.828000	51.800000
	344.380000	-5.832000	50.800000
	344.400000	-4.884000	49.200000
	344.420000	-3.948000	48.000000
	344.440000	-3.048000	46.400000
	344.460000	-2.160000	45.400000
	344.480000	-1.308000	44.000000
	344.500000	-0.504000	42.400000
	344.520000	0.264000	40.400000
	344.540000	0.996000	38.400000
	344.560000	1.704000	36.800000
	344.580000	2.364000	35.000000
	344.600000	2.988000	33.200000
	344.620000	3.576000	31.200000
	344.640000	4.128000	29.400000
	344.660000	4.632000	27.400000
	344.680000	5.100000	25.400000
	344.700000	5.532000	23.400000
	344.720000	5.916000	21.400000
	344.740000	6.264000	19.400000
	344.760000	6.564000	17.200000
	344.780000	6.816000	15.000000
	344.800000	7.020000	12.600000
	344.820000	7.176000	10.200000
	344.840000	7.296000	8.000000
	344.860000	7.368000	5.800000
	344.880000	7.392000	3.600000
	344.900000	7.368000	1.200000
	344.920000	7.308000	-1.000000
	344.940000	7.200000	-3.200000
	344.960000	7.056000	-5.200000
	344.980000	6.864000	-7.400000
	345.000000	6.636000	-9.400000
	345.020000	6.372000	-11.400000
	345.040000	6.072000	-13.200000
	345.060000	5.736000	-15.000000
	345.080000	5.352000	-17.000000
	345.100000	4.932000	-19.000000
	345.120000	4.476000	-21.000000
	345.140000	3.996000	-22.600000
	345.160000	3.456000	-24.600000
	345.180000	2.892000	-26.400000
	345.200000	2.280000	-28.600000
	345.220000	1.644000	-30.200000
	345.240000	0.960000	-32.200000
	345.260000	0.240000	-34.000000
	345.280000	-0.516000	-36.000000
	345.300000	-1.308000	-37.800000
	345.320000	-2.136000	-39.600000
	345.340000	-3.000000	-41.400000
	345.360000	-3.900000	-43.200000
	345.380000	-4.812000	-44.600000
	345.400000	-5.760000	-46.000000
	345.420000	-6.720000	-47.000000
	345.440000	-7.728000	-48.600000
	345.460000	-8.748000	-49.800000
	345.480000	-9.816000	-51.600000
	345.500000	-10.908000	-53.000000
	345.520000	-12.024000	-54.600000
	345.540000	-13.152000	-55.600000
	345.560000	-14.292000	-56.400000
	345.580000	-15.456000	-57.200000
	345.600000	-16.644000	-58.200000
	345.620000	-17.844000	-59.200000
	345.640000	-19.080000	-60.400000
	345.660000	-20.280000	-60.600000
	345.680000	-21.504000	-61.000000
	345.700000	-22.728000	-60.800000
	345.720000	-23.964000	-61.400000
	345.740000	-25.200000	-61.600000
	345.760000	-26.412000	-61.400000
	345.780000	-27.636000	-61.200000
	345.800000	-28.860000	-61.000000
	345.820000	-30.072000	-61.000000
	345.840000	-31.284000	-60.800000
	345.860000	-32.472000	-60.200000
	345.880000	-33.636000	-59.400000
	345.900000	-34.788000	-58.400000
	345.920000	-35.916000	-57.400000
	345.940000	-37.044000	-56.800000
	345.960000	-38.124000	-55.600000
	345.980000	-39.180000	-54.400000
	346.000000	-40.188000	-52.400000
	346.020000	-41.184000	-51.000000
	346.040000	-42.144000	-49.400000
	346.060000	-43.080000	-48.200000
	346.080000	-43.968000	-46.400000
	346.100000	-44.808000	-44.400000
	346.120000	-45.588000	-41.800000
	346.140000	-46.320000	-39.200000
	346.160000	-47.004000	-36.600000
	346.180000	-47.652000	-34.400000
	346.200000	-48.252000	-32.200000
	346.220000	-48.792000	-29.800000
	346.240000	-49.260000	-26.800000
	346.260000	-49.668000	-23.600000
	346.280000	-50.016000	-20.400000
	346.300000	-50.316000	-17.600000
	346.320000	-50.556000	-14.800000
	346.340000	-50.736000	-12.000000
	346.360000	-50.844000	-8.800000
	346.380000	-50.892000	-5.600000
	346.400000	-50.880000	-2.400000
	346.420000	-50.808000	0.600000
	346.440000	-50.676000	3.600000
	346.460000	-50.484000	6.600000
	346.480000	-50.256000	9.200000
	346.500000	-49.968000	11.800000
	346.520000	-49.644000	14.000000
	346.540000	-49.260000	16.600000
	346.560000	-48.840000	18.800000
	346.580000	-48.360000	21.400000
	346.600000	-47.832000	23.800000
	346.620000	-47.268000	26.200000
	346.640000	-46.668000	28.200000
	346.660000	-46.044000	29.800000
	346.680000	-45.360000	31.800000
	346.700000	-44.652000	33.600000
	346.720000	-43.908000	35.600000
	346.740000	-43.140000	37.000000
	346.760000	-42.348000	38.400000
	346.780000	-41.508000	40.000000
	346.800000	-40.668000	41.200000
	346.820000	-39.804000	42.400000
	346.840000	-38.928000	43.000000
	346.860000	-38.028000	44.000000
	346.880000	-37.104000	45.000000
	346.900000	-36.180000	45.800000
	346.920000	-35.244000	46.400000
	346.940000	-34.308000	46.600000
	346.960000	-33.384000	46.600000
	346.980000	-32.460000	46.400000
	347.000000	-31.536000	46.200000
	347.020000	-30.600000	46.400000
	347.040000	-29.664000	46.600000
	347.060000	-28.752000	46.400000
	347.080000	-27.852000	45.800000
	347.100000	-26.964000	45.000000
	347.120000	-26.088000	44.400000
	347.140000	-25.236000	43.600000
	347.160000	-24.408000	42.600000
	347.180000	-23.592000	41.600000
	347.200000	-22.800000	40.600000
	347.220000	-22.032000	39.600000
	347.240000	-21.288000	38.400000
	347.260000	-20.568000	37.200000
	347.280000	-19.872000	36.000000
	347.300000	-19.212000	34.600000
	347.320000	-18.576000	33.200000
	347.340000	-17.988000	31.400000
	347.360000	-17.424000	29.800000
	347.380000	-16.896000	28.000000
	347.400000	-16.392000	26.600000
	347.420000	-15.924000	25.000000
	347.440000	-15.504000	23.200000
	347.460000	-15.120000	21.200000
	347.480000	-14.784000	19.000000
	347.500000	-14.484000	17.000000
	347.520000	-14.232000	14.800000
	347.540000	-14.028000	12.600000
	347.560000	-13.872000	10.200000
	347.580000	-13.764000	7.800000
	347.600000	-13.692000	5.600000
	347.620000	-13.656000	3.600000
	347.640000	-13.668000	1.600000
	347.660000	-13.728000	-0.600000
	347.680000	-13.848000	-3.200000
	347.700000	-14.004000	-5.600000
	347.720000	-14.208000	-8.000000
	347.740000	-14.436000	-9.800000
	347.760000	-14.724000	-12.000000
	347.780000	-15.048000	-14.000000
	347.800000	-15.420000	-16.400000
	347.820000	-15.816000	-18.200000
	347.840000	-16.260000	-20.200000
	347.860000	-16.764000	-22.400000
	347.880000	-17.304000	-24.800000
	347.900000	-17.892000	-27.200000
	347.920000	-18.504000	-29.000000
	347.940000	-19.176000	-31.200000
	347.960000	-19.872000	-33.000000
	347.980000	-20.616000	-35.200000
	348.000000	-21.408000	-37.200000
	348.020000	-22.236000	-39.400000
	348.040000	-23.124000	-41.800000
	348.060000	-24.012000	-43.400000
	348.080000	-24.960000	-45.400000
	348.100000	-25.932000	-46.800000
	348.120000	-26.952000	-49.000000
	348.140000	-27.996000	-50.600000
	348.160000	-29.076000	-52.400000
	348.180000	-30.180000	-53.800000
	348.200000	-31.320000	-55.400000
	348.220000	-32.472000	-56.600000
	348.240000	-33.672000	-58.200000
	348.260000	-34.872000	-59.200000
	348.280000	-36.072000	-60.000000
	348.300000	-37.284000	-60.200000
	348.320000	-38.532000	-61.000000
	348.340000	-39.792000	-62.000000
	348.360000	-41.052000	-62.800000
	348.380000	-42.288000	-62.600000
	348.400000	-43.548000	-62.600000
	348.420000	-44.820000	-62.800000
	348.440000	-46.104000	-63.600000
	348.460000	-47.352000	-63.400000
	348.480000	-48.588000	-62.800000
	348.500000	-49.800000	-61.600000
	348.520000	-51.012000	-61.000000
	348.540000	-52.200000	-60.200000
	348.560000	-53.364000	-59.400000
	348.580000	-54.504000	-58.200000
	348.600000	-55.596000	-56.600000
	348.620000	-56.652000	-54.800000
	348.640000	-57.660000	-52.600000
	348.660000	-58.632000	-50.600000
	348.680000	-59.568000	-48.600000
	348.700000	-60.444000	-46.400000
	348.720000	-61.272000	-44.000000
	348.740000	-62.040000	-41.200000
	348.760000	-62.748000	-38.400000
	348.780000	-63.384000	-35.200000
	348.800000	-63.948000	-31.800000
	348.820000	-64.452000	-28.400000
	348.840000	-64.884000	-25.000000
	348.860000	-65.244000	-21.600000
	348.880000	-65.520000	-17.800000
	348.900000	-65.712000	-13.800000
	348.920000	-65.808000	-9.400000
	348.940000	-65.832000	-5.200000
	348.960000	-65.772000	-1.000000
	348.980000	-65.640000	2.800000
	349.000000	-65.424000	6.800000
	349.020000	-65.136000	10.600000
	349.040000	-64.776000	14.400000
	349.060000	-64.332000	18.200000
	349.080000	-63.768000	22.800000
	349.100000	-63.180000	26.600000
	349.120000	-62.532000	30.000000
	349.140000	-61.860000	31.800000
	349.160000	-61.056000	35.400000
	349.180000	-60.180000	39.200000
	349.200000	-59.244000	43.600000
	349.220000	-58.248000	46.800000
	349.240000	-57.192000	49.800000
	349.260000	-56.064000	53.000000
	349.280000	-54.900000	55.800000
	349.300000	-53.676000	58.600000
	349.320000	-52.416000	60.800000
	349.340000	-51.096000	63.400000
	349.360000	-49.728000	65.800000
	349.380000	-48.324000	68.200000
	349.400000	-46.860000	70.600000
	349.420000	-45.384000	72.400000
	349.440000	-43.860000	74.400000
	349.460000	-42.336000	75.400000
	349.480000	-40.800000	76.400000
	349.500000	-39.228000	77.200000
	349.520000	-37.620000	78.600000
	349.540000	-35.964000	80.600000
	349.560000	-34.320000	81.800000
	349.580000	-32.664000	82.600000
	349.600000	-30.996000	82.800000
	349.620000	-29.316000	83.400000
	349.640000	-27.636000	83.800000
	349.660000	-25.956000	84.000000
	349.680000	-24.252000	84.400000
	349.700000	-22.560000	84.600000
	349.720000	-20.856000	85.000000
	349.740000	-19.176000	84.600000
	349.760000	-17.472000	84.800000
	349.780000	-15.768000	84.800000
	349.800000	-14.040000	85.600000
	349.820000	-12.336000	85.600000
	349.840000	-10.656000	85.200000
	349.860000	-8.976000	84.400000
	349.880000	-7.284000	84.200000
	349.900000	-5.580000	84.600000
	349.920000	-3.900000	84.600000
	349.940000	-2.232000	84.200000
	349.960000	-0.588000	83.200000
	349.980000	1.080000	83.000000
	350.000000	2.700000	82.200000
	350.020000	4.332000	82.000000
	350.040000	5.916000	80.600000
	350.060000	7.548000	80.800000
	350.080000	9.144000	80.200000
	350.100000	10.716000	80.000000
	350.120000	12.264000	78.600000
	350.140000	13.812000	77.800000
	350.160000	15.372000	77.600000
	350.180000	16.908000	77.400000
	350.200000	18.396000	76.400000
	350.220000	19.872000	75.000000
	350.240000	21.336000	73.800000
	350.260000	22.836000	74.000000
	350.280000	24.288000	73.600000
	350.300000	25.704000	72.800000
	350.320000	27.084000	70.800000
	350.340000	28.452000	69.400000
	350.360000	29.796000	68.200000
	350.380000	31.116000	67.200000
	350.400000	32.412000	66.000000
	350.420000	33.720000	65.400000
	350.440000	35.004000	64.800000
	350.460000	36.264000	64.200000
	350.480000	37.464000	62.400000
	350.500000	38.640000	60.600000
	350.520000	39.792000	58.800000
	350.540000	40.932000	57.800000
	350.560000	42.036000	56.600000
	350.580000	43.104000	55.200000
	350.600000	44.136000	53.400000
	350.620000	45.132000	51.600000
	350.640000	46.092000	49.800000
	350.660000	47.016000	48.000000
	350.680000	47.892000	46.000000
	350.700000	48.744000	44.200000
	350.720000	49.548000	42.200000
	350.740000	50.316000	40.400000
	350.760000	51.036000	38.200000
	350.780000	51.708000	36.000000
	350.800000	52.320000	33.400000
	350.820000	52.884000	30.800000
	350.840000	53.400000	28.200000
	350.860000	53.892000	26.200000
	350.880000	54.324000	24.000000
	350.900000	54.708000	21.800000
	350.920000	55.032000	19.000000
	350.940000	55.320000	16.600000
	350.960000	55.560000	14.200000
	350.980000	55.752000	12.000000
	351.000000	55.884000	9.400000
	351.020000	55.968000	6.800000
	351.040000	56.004000	4.200000
	351.060000	55.992000	1.800000
	351.080000	55.944000	-0.400000
	351.100000	55.848000	-2.600000
	351.120000	55.716000	-4.600000
	351.140000	55.536000	-6.800000
	351.160000	55.320000	-8.800000
	351.180000	55.068000	-10.800000
	351.200000	54.792000	-12.400000
	351.220000	54.492000	-13.800000
	351.240000	54.156000	-15.200000
	351.260000	53.796000	-16.600000
	351.280000	53.400000	-18.200000
	351.300000	52.980000	-19.600000
	351.320000	52.524000	-21.200000
	351.340000	52.056000	-22.400000
	351.360000	51.588000	-23.200000
	351.380000	51.108000	-23.600000
	351.400000	50.604000	-24.200000
	351.420000	50.064000	-25.400000
	351.440000	49.512000	-26.600000
	351.460000	48.960000	-27.400000
	351.480000	48.420000	-27.400000
	351.500000	47.868000	-27.400000
	351.520000	47.304000	-27.600000
	351.540000	46.728000	-28.200000
	351.560000	46.152000	-28.600000
	351.580000	45.588000	-28.600000
	351.600000	45.024000	-28.400000
	351.620000	44.472000	-28.000000
	351.640000	43.920000	-27.800000
	351.660000	43.392000	-27.200000
	351.680000	42.852000	-27.000000
	351.700000	42.336000	-26.400000
	351.720000	41.820000	-26.200000
	351.740000	41.340000	-25.200000
	351.760000	40.872000	-24.400000
	351.780000	40.428000	-23.200000
	351.800000	39.996000	-22.400000
	351.820000	39.588000	-21.400000
	351.840000	39.204000	-20.400000
	351.860000	38.844000	-19.200000
	351.880000	38.508000	-18.000000
	351.900000	38.196000	-16.800000
	351.920000	37.920000	-15.400000
	351.940000	37.668000	-14.000000
	351.960000	37.452000	-12.400000
	351.980000	37.272000	-10.800000
	352.000000	37.116000	-9.200000
	352.020000	36.996000	-7.600000
	352.040000	36.912000	-6.000000
	352.060000	36.864000	-4.200000
	352.080000	36.852000	-2.400000
	352.100000	36.864000	-0.800000
	352.120000	36.912000	0.800000
	352.140000	36.996000	2.400000
	352.160000	37.116000	4.200000
	352.180000	37.272000	6.000000
	352.200000	37.452000	7.600000
	352.220000	37.668000	9.200000
	352.240000	37.908000	10.600000
	352.260000	38.172000	12.000000
	352.280000	38.460000	13.200000
	352.300000	38.784000	14.600000
	352.320000	39.144000	16.200000
	352.340000	39.528000	17.800000
	352.360000	39.936000	19.200000
	352.380000	40.380000	20.600000
	352.400000	40.848000	22.000000
	352.420000	41.352000	23.600000
	352.440000	41.880000	25.000000
	352.460000	42.444000	26.600000
	352.480000	43.032000	28.000000
	352.500000	43.632000	29.200000
	352.520000	44.256000	30.200000
	352.540000	44.904000	31.200000
	352.560000	45.588000	32.600000
	352.580000	46.296000	34.000000
	352.600000	47.016000	35.200000
	352.620000	47.736000	35.800000
	352.640000	48.480000	36.400000
	352.660000	49.248000	37.200000
	352.680000	50.040000	38.400000
	352.700000	50.832000	39.200000
	352.720000	51.636000	39.800000
	352.740000	52.440000	40.000000
	352.760000	53.268000	40.600000
	352.780000	54.084000	40.800000
	352.800000	54.912000	41.200000
	352.820000	55.716000	40.800000
	352.840000	56.544000	41.000000
	352.860000	57.348000	40.600000
	352.880000	58.152000	40.600000
	352.900000	58.932000	39.800000
	352.920000	59.700000	39.200000
	352.940000	60.444000	38.200000
	352.960000	61.164000	37.200000
	352.980000	61.872000	36.200000
	353.000000	62.544000	35.000000
	353.020000	63.180000	33.600000
	353.040000	63.780000	31.800000
	353.060000	64.356000	30.200000
	353.080000	64.908000	28.800000
	353.100000	65.412000	27.200000
	353.120000	65.880000	25.400000
	353.140000	66.288000	23.000000
	353.160000	66.648000	20.600000
	353.180000	66.948000	17.800000
	353.200000	67.200000	15.200000
	353.220000	67.404000	12.600000
	353.240000	67.560000	10.200000
	353.260000	67.656000	7.600000
	353.280000	67.692000	4.800000
	353.300000	67.668000	1.800000
	353.320000	67.584000	-1.200000
	353.340000	67.452000	-4.000000
	353.360000	67.260000	-6.800000
	353.380000	67.008000	-9.600000
	353.400000	66.708000	-12.400000
	353.420000	66.348000	-15.200000
	353.440000	65.952000	-17.600000
	353.460000	65.484000	-20.400000
	353.480000	64.968000	-23.000000
	353.500000	64.404000	-25.800000
	353.520000	63.792000	-28.200000
	353.540000	63.120000	-30.800000
	353.560000	62.376000	-33.800000
	353.580000	61.596000	-36.600000
	353.600000	60.792000	-38.800000
	353.620000	59.928000	-40.800000
	353.640000	59.016000	-43.000000
	353.660000	58.056000	-45.600000
	353.680000	57.060000	-47.800000
	353.700000	56.016000	-50.000000
	353.720000	54.924000	-52.200000
	353.740000	53.796000	-54.400000
	353.760000	52.620000	-56.600000
	353.780000	51.420000	-58.400000
	353.800000	50.184000	-60.200000
	353.820000	48.924000	-61.600000
	353.840000	47.628000	-63.200000
	353.860000	46.308000	-64.600000
	353.880000	44.952000	-66.200000
	353.900000	43.560000	-67.800000
	353.920000	42.144000	-69.400000
	353.940000	40.716000	-70.600000
	353.960000	39.264000	-71.600000
	353.980000	37.800000	-72.400000
	354.000000	36.276000	-74.000000
	354.020000	34.752000	-75.200000
	354.040000	33.192000	-76.800000
	354.060000	31.656000	-77.000000
	354.080000	30.096000	-77.600000
	354.100000	28.512000	-78.000000
	354.120000	26.904000	-79.200000
	354.140000	25.248000	-80.800000
	354.160000	23.616000	-81.600000
	354.180000	21.948000	-82.600000
	354.200000	20.304000	-82.400000
	354.220000	18.612000	-83.400000
	354.240000	16.920000	-83.800000
	354.260000	15.180000	-85.400000
	354.280000	13.476000	-85.600000
	354.300000	11.760000	-86.000000
	354.320000	10.008000	-86.200000
	354.340000	8.256000	-87.000000
	354.360000	6.492000	-87.800000
	354.380000	4.776000	-87.200000
	354.400000	2.964000	-88.200000
	354.420000	1.176000	-88.600000
	354.440000	-0.648000	-90.400000
	354.460000	-2.436000	-90.000000
	354.480000	-4.260000	-90.600000
	354.500000	-6.060000	-90.200000
	354.520000	-7.836000	-90.000000
	354.540000	-9.588000	-88.800000
	354.560000	-11.364000	-88.400000
	354.580000	-13.164000	-88.800000
	354.600000	-14.952000	-89.400000
	354.620000	-16.752000	-89.800000
	354.640000	-18.516000	-89.200000
	354.660000	-20.292000	-89.000000
	354.680000	-22.008000	-87.600000
	354.700000	-23.712000	-86.600000
	354.720000	-25.428000	-85.600000
	354.740000	-27.168000	-86.000000
	354.760000	-28.836000	-85.400000
	354.780000	-30.456000	-83.800000
	354.800000	-32.016000	-80.800000
	354.820000	-33.600000	-79.400000
	354.840000	-35.148000	-78.200000
	354.860000	-36.648000	-77.200000
	354.880000	-38.160000	-76.000000
	354.900000	-39.612000	-74.400000
	354.920000	-41.028000	-73.000000
	354.940000	-42.384000	-70.400000
	354.960000	-43.692000	-68.000000
	354.980000	-44.952000	-65.400000
	355.000000	-46.140000	-62.600000
	355.020000	-47.292000	-60.000000
	355.040000	-48.396000	-57.400000
	355.060000	-49.440000	-55.000000
	355.080000	-50.412000	-52.000000
	355.100000	-51.312000	-48.600000
	355.120000	-52.152000	-45.200000
	355.140000	-52.920000	-41.800000
	355.160000	-53.628000	-38.600000
	355.180000	-54.252000	-35.000000
	355.200000	-54.816000	-31.600000
	355.220000	-55.296000	-27.800000
	355.240000	-55.716000	-24.400000
	355.260000	-56.052000	-20.600000
	355.280000	-56.316000	-17.000000
	355.300000	-56.496000	-13.000000
	355.320000	-56.604000	-9.200000
	355.340000	-56.640000	-5.400000
	355.360000	-56.604000	-1.800000
	355.380000	-56.496000	1.800000
	355.400000	-56.316000	5.400000
	355.420000	-56.076000	8.800000
	355.440000	-55.788000	11.800000
	355.460000	-55.440000	14.600000
	355.480000	-55.044000	17.200000
	355.500000	-54.588000	20.000000
	355.520000	-54.084000	22.600000
	355.540000	-53.532000	25.200000
	355.560000	-52.920000	27.800000
	355.580000	-52.284000	30.000000
	355.600000	-51.588000	32.400000
	355.620000	-50.880000	34.000000
	355.640000	-50.136000	35.800000
	355.660000	-49.356000	37.200000
	355.680000	-48.552000	38.800000
	355.700000	-47.700000	40.600000
	355.720000	-46.836000	42.000000
	355.740000	-45.948000	43.400000
	355.760000	-45.048000	44.200000
	355.780000	-44.148000	44.800000
	355.800000	-43.236000	45.200000
	355.820000	-42.324000	45.400000
	355.840000	-41.400000	45.800000
	355.860000	-40.464000	46.200000
	355.880000	-39.540000	46.400000
	355.900000	-38.628000	46.200000
	355.920000	-37.716000	45.800000
	355.940000	-36.804000	45.600000
	355.960000	-35.904000	45.400000
	355.980000	-35.040000	44.600000
	356.000000	-34.176000	43.800000
	356.020000	-33.336000	42.800000
	356.040000	-32.520000	42.000000
	356.060000	-31.740000	40.600000
	356.080000	-30.996000	39.000000
	356.100000	-30.264000	37.600000
	356.120000	-29.568000	36.200000
	356.140000	-28.872000	35.400000
	356.160000	-28.236000	33.800000
	356.180000	-27.636000	32.200000
	356.200000	-27.084000	29.800000
	356.220000	-26.544000	28.200000
	356.240000	-26.040000	26.600000
	356.260000	-25.584000	25.000000
	356.280000	-25.164000	23.000000
	356.300000	-24.792000	20.800000
	356.320000	-24.468000	18.600000
	356.340000	-24.192000	16.200000
	356.360000	-23.952000	14.000000
	356.380000	-23.748000	12.000000
	356.400000	-23.604000	9.800000
	356.420000	-23.520000	7.200000
	356.440000	-23.472000	4.600000
	356.460000	-23.472000	2.200000
	356.480000	-23.508000	0.200000
	356.500000	-23.604000	-2.200000
	356.520000	-23.736000	-4.400000
	356.540000	-23.916000	-6.800000
	356.560000	-24.144000	-9.000000
	356.580000	-24.408000	-11.200000
	356.600000	-24.720000	-13.400000
	356.620000	-25.068000	-15.400000
	356.640000	-25.452000	-17.400000
	356.660000	-25.884000	-19.400000
	356.680000	-26.352000	-21.400000
	356.700000	-26.868000	-23.600000
	356.720000	-27.408000	-25.400000
	356.740000	-27.996000	-27.400000
	356.760000	-28.632000	-29.400000
	356.780000	-29.304000	-31.600000
	356.800000	-30.000000	-33.400000
	356.820000	-30.732000	-35.000000
	356.840000	-31.488000	-36.400000
	356.860000	-32.304000	-38.400000
	356.880000	-33.132000	-40.000000
	356.900000	-34.008000	-42.000000
	356.920000	-34.884000	-43.000000
	356.940000	-35.808000	-44.600000
	356.960000	-36.744000	-45.600000
	356.980000	-37.716000	-47.200000
	357.000000	-38.700000	-48.200000
	357.020000	-39.708000	-49.400000
	357.040000	-40.728000	-50.200000
	357.060000	-41.748000	-50.800000
	357.080000	-42.768000	-51.000000
	357.100000	-43.788000	-51.000000
	357.120000	-44.808000	-51.000000
	357.140000	-45.852000	-51.400000
	357.160000	-46.884000	-51.600000
	357.180000	-47.916000	-51.800000
	357.200000	-48.924000	-51.200000
	357.220000	-49.920000	-50.600000
	357.240000	-50.904000	-49.800000
	357.260000	-51.852000	-48.800000
	357.280000	-52.788000	-47.800000
	357.300000	-53.700000	-46.600000
	357.320000	-54.600000	-45.800000
	357.340000	-55.476000	-44.800000
	357.360000	-56.316000	-43.600000
	357.380000	-57.108000	-41.800000
	357.400000	-57.852000	-39.600000
	357.420000	-58.560000	-37.400000
	357.440000	-59.220000	-35.200000
	357.460000	-59.832000	-33.000000
	357.480000	-60.384000	-30.400000
	357.500000	-60.888000	-27.800000
	357.520000	-61.332000	-25.000000
	357.540000	-61.716000	-22.200000
	357.560000	-62.040000	-19.200000
	357.580000	-62.292000	-16.000000
	357.600000	-62.472000	-12.600000
	357.620000	-62.592000	-9.200000
	357.640000	-62.640000	-5.800000
	357.660000	-62.616000	-2.400000
	357.680000	-62.520000	1.200000
	357.700000	-62.364000	4.600000
	357.720000	-62.148000	7.800000
	357.740000	-61.860000	11.000000
	357.760000	-61.500000	14.400000
	357.780000	-61.080000	17.800000
	357.800000	-60.600000	21.000000
	357.820000	-60.060000	24.000000
	357.840000	-59.460000	27.000000
	357.860000	-58.788000	30.200000
	357.880000	-58.068000	33.200000
	357.900000	-57.276000	36.400000
	357.920000	-56.412000	39.600000
	357.940000	-55.488000	43.000000
	357.960000	-54.528000	45.800000
	357.980000	-53.544000	47.800000
