	120.000000	34.296000	36.400000
	120.020000	35.040000	36.800000
	120.040000	35.796000	37.400000
	120.060000	36.540000	37.400000
	120.080000	37.296000	37.600000
	120.100000	38.064000	37.800000
	120.120000	38.820000	38.000000
	120.140000	39.564000	37.800000
	120.160000	40.296000	37.200000
	120.180000	41.028000	36.800000
	120.200000	41.748000	36.400000
	120.220000	42.456000	36.000000
	120.240000	43.164000	35.600000
	120.260000	43.872000	35.400000
	120.280000	44.544000	34.800000
	120.300000	45.180000	33.600000
	120.320000	45.792000	32.000000
	120.340000	46.392000	30.800000
	120.360000	46.980000	30.000000
	120.380000	47.532000	29.000000
	120.400000	48.060000	27.800000
	120.420000	48.552000	26.200000
	120.440000	49.020000	24.800000
	120.460000	49.452000	23.200000
	120.480000	49.848000	21.600000
	120.500000	50.208000	19.800000
	120.520000	50.532000	18.000000
	120.540000	50.820000	16.200000
	120.560000	51.072000	14.400000
	120.580000	51.276000	12.400000
	120.600000	51.432000	10.200000
	120.620000	51.540000	7.800000
	120.640000	51.612000	5.600000
	120.660000	51.648000	3.600000
	120.680000	51.648000	1.800000
	120.700000	51.600000	-0.200000
	120.720000	51.516000	-2.200000
	120.740000	51.384000	-4.400000
	120.760000	51.216000	-6.400000
	120.780000	51.012000	-8.400000
	120.800000	50.772000	-10.200000
	120.820000	50.508000	-11.800000
	120.840000	50.196000	-13.600000
	120.860000	49.860000	-15.200000
	120.880000	49.488000	-17.000000
	120.900000	49.104000	-18.200000
	120.920000	48.684000	-19.600000
	120.940000	48.240000	-20.800000
	120.960000	47.760000	-22.400000
	120.980000	47.256000	-23.800000
	121.000000	46.716000	-25.400000
	121.020000	46.140000	-27.000000
	121.040000	45.552000	-28.400000
	121.060000	44.940000	-29.600000
	121.080000	44.304000	-30.600000
	121.100000	43.644000	-31.800000
	121.120000	42.972000	-32.800000
	121.140000	42.216000	-34.800000
	121.160000	41.508000	-35.600000
	121.180000	40.800000	-36.200000
	121.200000	40.152000	-34.400000
	121.220000	39.420000	-34.800000
	121.240000	38.652000	-35.800000
	121.260000	37.884000	-37.800000
	121.280000	37.128000	-38.200000
	121.300000	36.372000	-38.000000
	121.320000	35.604000	-38.000000
	121.340000	34.836000	-38.200000
	121.360000	34.068000	-38.400000
	121.380000	33.312000	-38.200000
	121.400000	32.532000	-38.400000
	121.420000	31.776000	-38.200000
	121.440000	31.020000	-38.200000
	121.460000	30.288000	-37.400000
	121.480000	29.556000	-37.000000
	121.500000	28.848000	-36.200000
	121.520000	28.152000	-35.600000
	121.540000	27.468000	-34.800000
	121.560000	26.784000	-34.400000
	121.580000	26.124000	-33.800000
	121.600000	25.488000	-33.000000
	121.620000	24.888000	-31.600000
	121.640000	24.300000	-30.400000
	121.660000	23.724000	-29.400000
	121.680000	23.160000	-28.800000
	121.700000	22.632000	-27.800000
	121.720000	22.140000	-26.400000
	121.740000	21.684000	-24.600000
	121.760000	21.252000	-23.000000
	121.780000	20.844000	-21.600000
	121.800000	20.460000	-20.400000
	121.820000	20.100000	-19.200000
	121.840000	19.776000	-17.800000
	121.860000	19.488000	-16.200000
	121.880000	19.224000	-14.600000
	121.900000	18.996000	-13.000000
	121.920000	18.804000	-11.400000
	121.940000	18.648000	-9.600000
	121.960000	18.528000	-7.800000
	121.980000	18.444000	-6.000000
	122.000000	18.396000	-4.200000
	122.020000	18.384000	-2.400000
	122.040000	18.396000	-0.800000
	122.060000	18.456000	1.000000
	122.080000	18.540000	2.600000
	122.100000	18.660000	4.400000
	122.120000	18.804000	5.800000
	122.140000	18.984000	7.400000
	122.160000	19.188000	8.800000
	122.180000	19.416000	10.200000
	122.200000	19.668000	11.400000
	122.220000	19.944000	12.600000
	122.240000	20.256000	14.000000
	122.260000	20.580000	15.200000
	122.280000	20.928000	16.400000
	122.300000	21.288000	17.200000
	122.320000	21.684000	18.400000
	122.340000	22.116000	19.800000
	122.360000	22.572000	21.400000
	122.380000	23.040000	22.600000
	122.400000	23.520000	23.400000
	122.420000	24.024000	24.200000
	122.440000	24.564000	25.400000
	122.460000	25.128000	26.800000
	122.480000	25.704000	28.000000
	122.500000	26.280000	28.600000
	122.520000	26.868000	29.000000
	122.540000	27.480000	29.600000
	122.560000	28.116000	30.600000
	122.580000	28.752000	31.400000
	122.600000	29.400000	32.000000
	122.620000	30.048000	32.200000
	122.640000	30.720000	32.800000
	122.660000	31.392000	33.200000
	122.680000	32.064000	33.600000
	122.700000	32.724000	33.400000
	122.720000	33.384000	33.200000
	122.740000	34.068000	33.400000
	122.760000	34.752000	33.800000
	122.780000	35.424000	34.000000
	122.800000	36.084000	33.600000
	122.820000	36.744000	33.200000
	122.840000	37.404000	33.000000
	122.860000	38.040000	32.600000
	122.880000	38.664000	32.000000
	122.900000	39.276000	31.200000
	122.920000	39.864000	30.400000
	122.940000	40.440000	29.600000
	122.960000	41.004000	28.800000
	122.980000	41.556000	28.200000
	123.000000	42.084000	27.400000
	123.020000	42.576000	26.200000
	123.040000	43.056000	25.000000
	123.060000	43.500000	23.600000
	123.080000	43.920000	22.400000
	123.100000	44.304000	20.800000
	123.120000	44.664000	19.400000
	123.140000	44.988000	17.800000
	123.160000	45.276000	16.200000
	123.180000	45.528000	14.400000
	123.200000	45.756000	12.800000
	123.220000	45.948000	11.200000
	123.240000	46.104000	9.600000
	123.260000	46.212000	7.600000
	123.280000	46.284000	5.600000
	123.300000	46.320000	3.600000
	123.320000	46.320000	1.800000
	123.340000	46.284000	0.000000
	123.360000	46.200000	-2.000000
	123.380000	46.080000	-4.000000
	123.400000	45.924000	-6.000000
	123.420000	45.756000	-7.400000
	123.440000	45.552000	-8.800000
	123.460000	45.312000	-10.200000
	123.480000	45.036000	-12.000000
	123.500000	44.736000	-13.600000
	123.520000	44.424000	-14.800000
	123.540000	44.088000	-15.800000
	123.560000	43.728000	-16.800000
	123.580000	43.332000	-18.200000
	123.600000	42.912000	-19.600000
	123.620000	42.468000	-21.000000
	123.640000	42.000000	-22.200000
	123.660000	41.508000	-23.400000
	123.680000	41.004000	-24.400000
	123.700000	40.476000	-25.400000
	123.720000	39.924000	-26.400000
	123.740000	39.360000	-27.400000
	123.760000	38.796000	-28.000000
	123.780000	38.208000	-28.600000
	123.800000	37.608000	-29.200000
	123.820000	36.984000	-30.200000
	123.840000	36.360000	-30.800000
	123.860000	35.724000	-31.400000
	123.880000	35.076000	-31.800000
	123.900000	34.428000	-32.200000
	123.920000	33.768000	-32.600000
	123.940000	33.120000	-32.600000
	123.960000	32.472000	-32.600000
	123.980000	31.812000	-32.600000
	124.000000	31.152000	-32.800000
	124.020000	30.492000	-33.000000
	124.040000	29.856000	-32.600000
	124.060000	29.232000	-32.000000
	124.080000	28.608000	-31.400000
	124.100000	27.984000	-31.200000
	124.120000	27.372000	-31.000000
	124.140000	26.772000	-30.600000
	124.160000	26.184000	-30.000000
	124.180000	25.608000	-29.400000
	124.200000	25.056000	-28.600000
	124.220000	24.516000	-27.800000
	124.240000	24.000000	-26.800000
	124.260000	23.508000	-25.800000
	124.280000	23.040000	-24.600000
	124.300000	22.584000	-23.600000
	124.320000	22.152000	-22.600000
	124.340000	21.756000	-21.400000
	124.360000	21.384000	-20.000000
	124.380000	21.036000	-18.600000
	124.400000	20.712000	-17.400000
	124.420000	20.424000	-16.000000
	124.440000	20.160000	-14.600000
	124.460000	19.932000	-13.000000
	124.480000	19.728000	-11.600000
	124.500000	19.560000	-10.000000
	124.520000	19.428000	-8.400000
	124.540000	19.332000	-6.600000
	124.560000	19.272000	-4.800000
	124.580000	19.236000	-3.200000
	124.600000	19.236000	-1.600000
	124.620000	19.272000	0.000000
	124.640000	19.332000	1.600000
	124.660000	19.428000	3.200000
	124.680000	19.548000	4.600000
	124.700000	19.716000	6.400000
	124.720000	19.896000	7.800000
	124.740000	20.112000	9.400000
	124.760000	20.340000	10.400000
	124.780000	20.616000	12.000000
	124.800000	20.904000	13.200000
	124.820000	21.228000	14.800000
	124.840000	21.564000	15.800000
	124.860000	21.936000	17.200000
	124.880000	22.332000	18.400000
	124.900000	22.752000	19.800000
	124.920000	23.208000	21.200000
	124.940000	23.688000	22.600000
	124.960000	24.192000	24.000000
	124.980000	24.720000	25.200000
	125.000000	25.272000	26.400000
	125.020000	25.848000	27.600000
	125.040000	26.436000	28.600000
	125.060000	27.048000	29.600000
	125.080000	27.684000	30.600000
	125.100000	28.344000	31.800000
	125.120000	29.016000	32.800000
	125.140000	29.700000	33.600000
	125.160000	30.408000	34.400000
	125.180000	31.116000	35.000000
	125.200000	31.848000	35.800000
	125.220000	32.580000	36.200000
	125.240000	33.336000	37.000000
	125.260000	34.104000	37.600000
	125.280000	34.872000	38.200000
	125.300000	35.640000	38.400000
	125.320000	36.408000	38.400000
	125.340000	37.188000	38.600000
	125.360000	37.968000	38.800000
	125.380000	38.748000	39.000000
	125.400000	39.516000	38.800000
	125.420000	40.272000	38.400000
	125.440000	41.028000	38.000000
	125.460000	41.760000	37.400000
	125.480000	42.516000	37.400000
	125.500000	43.236000	36.800000
	125.520000	43.956000	36.600000
	125.540000	44.640000	35.400000
	125.560000	45.312000	34.600000
	125.580000	45.972000	33.600000
	125.600000	46.608000	32.800000
	125.620000	47.208000	31.600000
	125.640000	47.772000	30.000000
	125.660000	48.324000	28.600000
	125.680000	48.852000	27.400000
	125.700000	49.344000	26.200000
	125.720000	49.788000	24.400000
	125.740000	50.208000	22.600000
	125.760000	50.592000	20.800000
	125.780000	50.940000	19.200000
	125.800000	51.240000	17.200000
	125.820000	51.516000	15.400000
	125.840000	51.744000	13.400000
	125.860000	51.936000	11.600000
	125.880000	52.068000	9.200000
	125.900000	52.164000	7.000000
	125.920000	52.212000	4.600000
	125.940000	52.224000	2.600000
	125.960000	52.200000	0.600000
	125.980000	52.128000	-1.400000
	126.000000	52.020000	-3.400000
	126.020000	51.864000	-5.600000
	126.040000	51.672000	-7.600000
	126.060000	51.444000	-9.600000
	126.080000	51.180000	-11.400000
	126.100000	50.892000	-13.000000
	126.120000	50.568000	-14.600000
	126.140000	50.208000	-16.200000
	126.160000	49.824000	-17.800000
	126.180000	49.404000	-19.400000
	126.200000	48.960000	-20.800000
	126.220000	48.492000	-22.200000
	126.240000	48.000000	-23.400000
	126.260000	47.472000	-24.800000
	126.280000	46.908000	-26.400000
	126.300000	46.320000	-28.000000
	126.320000	45.720000	-29.200000
	126.340000	45.084000	-30.400000
	126.360000	44.436000	-31.400000
	126.380000	43.764000	-32.600000
	126.400000	43.080000	-33.400000
	126.420000	42.372000	-34.400000
	126.440000	41.640000	-35.400000
	126.460000	40.908000	-36.200000
	126.480000	40.164000	-36.800000
	126.500000	39.420000	-37.000000
	126.520000	38.664000	-37.400000
	126.540000	37.896000	-37.800000
	126.560000	37.128000	-38.200000
	126.580000	36.348000	-38.600000
	126.600000	35.568000	-38.800000
	126.620000	34.788000	-39.000000
	126.640000	34.020000	-38.800000
	126.660000	33.252000	-38.600000
	126.680000	32.484000	-38.400000
	126.700000	31.728000	-38.200000
	126.720000	30.984000	-37.800000
	126.740000	30.252000	-37.200000
	126.760000	29.520000	-36.800000
	126.780000	28.812000	-36.200000
	126.800000	28.128000	-35.400000
	126.820000	27.468000	-34.200000
	126.840000	26.808000	-33.400000
	126.860000	26.160000	-32.800000
	126.880000	25.536000	-32.200000
	126.900000	24.936000	-31.200000
	126.920000	24.360000	-30.000000
	126.940000	23.796000	-29.000000
	126.960000	23.268000	-27.800000
	126.980000	22.764000	-26.600000
	127.000000	22.284000	-25.200000
	127.020000	21.828000	-24.000000
	127.040000	21.396000	-22.800000
	127.060000	21.012000	-21.200000
	127.080000	20.664000	-19.400000
	127.100000	20.340000	-17.600000
	127.120000	20.040000	-16.200000
	127.140000	19.776000	-14.800000
	127.160000	19.548000	-13.200000
	127.180000	19.356000	-11.400000
	127.200000	19.188000	-9.800000
	127.220000	19.068000	-8.000000
	127.240000	18.984000	-6.200000
	127.260000	18.936000	-4.200000
	127.280000	18.912000	-2.600000
	127.300000	18.924000	-1.000000
	127.320000	18.972000	0.600000
	127.340000	19.056000	2.400000
	127.360000	19.164000	4.000000
	127.380000	19.308000	5.600000
	127.400000	19.476000	7.000000
	127.420000	19.680000	8.600000
	127.440000	19.908000	10.000000
	127.460000	20.160000	11.400000
	127.480000	20.436000	12.600000
	127.500000	20.736000	13.800000
	127.520000	21.072000	15.200000
	127.540000	21.420000	16.400000
	127.560000	21.792000	17.600000
	127.580000	22.188000	18.600000
	127.600000	22.620000	20.000000
	127.620000	23.076000	21.400000
	127.640000	23.544000	22.600000
	127.660000	24.024000	23.400000
	127.680000	24.528000	24.200000
	127.700000	25.056000	25.200000
	127.720000	25.620000	26.600000
	127.740000	26.184000	27.600000
	127.760000	26.772000	28.600000
	127.780000	27.360000	29.000000
	127.800000	27.984000	30.000000
	127.820000	28.632000	31.000000
	127.840000	29.280000	32.000000
	127.860000	29.940000	32.600000
	127.880000	30.588000	32.600000
	127.900000	31.248000	32.800000
	127.920000	31.908000	32.800000
	127.940000	32.580000	33.200000
	127.960000	33.264000	33.600000
	127.980000	33.948000	34.000000
	128.000000	34.632000	34.200000
	128.020000	35.316000	34.200000
	128.040000	36.000000	34.200000
	128.060000	36.684000	34.200000
	128.080000	37.356000	34.000000
	128.100000	38.004000	33.400000
	128.120000	38.664000	33.000000
	128.140000	39.288000	32.200000
	128.160000	39.912000	31.800000
	128.180000	40.500000	30.600000
	128.200000	41.100000	30.200000
	128.220000	41.676000	29.400000
	128.240000	42.228000	28.800000
	128.260000	42.744000	27.400000
	128.280000	43.248000	26.200000
	128.300000	43.728000	25.000000
	128.320000	44.196000	24.200000
	128.340000	44.616000	22.800000
	128.360000	45.000000	21.200000
	128.380000	45.348000	19.200000
	128.400000	45.684000	17.800000
	128.420000	45.984000	16.400000
	128.440000	46.260000	15.200000
	128.460000	46.488000	13.400000
	128.480000	46.680000	11.600000
	128.500000	46.824000	9.400000
	128.520000	46.932000	7.400000
	128.540000	47.004000	5.400000
	128.560000	47.040000	3.600000
	128.580000	47.040000	1.800000
	128.600000	47.004000	0.000000
	128.620000	46.932000	-1.800000
	128.640000	46.824000	-3.600000
	128.660000	46.680000	-5.400000
	128.680000	46.500000	-7.200000
	128.700000	46.284000	-9.000000
	128.720000	46.032000	-10.800000
	128.740000	45.756000	-12.400000
	128.760000	45.456000	-13.800000
	128.780000	45.144000	-14.800000
	128.800000	44.796000	-16.000000
	128.820000	44.424000	-17.200000
	128.840000	44.016000	-18.800000
	128.860000	43.596000	-20.000000
	128.880000	43.140000	-21.400000
	128.900000	42.660000	-22.600000
	128.920000	42.156000	-24.000000
	128.940000	41.652000	-24.800000
	128.960000	41.124000	-25.600000
	128.980000	40.572000	-26.400000
	129.000000	39.996000	-27.600000
	129.020000	39.408000	-28.600000
	129.040000	38.796000	-29.600000
	129.060000	38.184000	-30.200000
	129.080000	37.548000	-31.000000
	129.100000	36.912000	-31.400000
	129.120000	36.252000	-32.200000
	129.140000	35.592000	-32.600000
	129.160000	34.944000	-32.800000
	129.180000	34.284000	-32.800000
	129.200000	33.624000	-32.800000
	129.220000	32.952000	-33.200000
	129.240000	32.292000	-33.200000
	129.260000	31.632000	-33.200000
	129.280000	30.960000	-33.200000
	129.300000	30.288000	-33.400000
	129.320000	29.628000	-33.400000
	129.340000	28.980000	-33.000000
	129.360000	28.344000	-32.400000
	129.380000	27.732000	-31.600000
	129.400000	27.132000	-30.800000
	129.420000	26.532000	-30.200000
	129.440000	25.932000	-30.000000
	129.460000	25.356000	-29.600000
	129.480000	24.804000	-28.800000
	129.500000	24.264000	-27.800000
	129.520000	23.760000	-26.600000
	129.540000	23.280000	-25.400000
	129.560000	22.836000	-23.800000
	129.580000	22.392000	-22.800000
	129.600000	21.972000	-21.800000
	129.620000	21.576000	-21.000000
	129.640000	21.204000	-19.800000
	129.660000	20.868000	-18.400000
	129.680000	20.556000	-17.000000
	129.700000	20.280000	-15.400000
	129.720000	20.028000	-14.000000
	129.740000	19.812000	-12.400000
	129.760000	19.632000	-10.800000
	129.780000	19.488000	-9.000000
	129.800000	19.368000	-7.400000
	129.820000	19.284000	-5.800000
	129.840000	19.236000	-4.200000
	129.860000	19.224000	-2.400000
	129.880000	19.248000	-0.600000
	129.900000	19.296000	1.000000
	129.920000	19.380000	2.600000
	129.940000	19.488000	4.000000
	129.960000	19.632000	5.600000
	129.980000	19.812000	7.200000
	130.000000	20.016000	8.800000
	130.020000	20.244000	10.200000
	130.040000	20.496000	11.400000
	130.060000	20.784000	12.800000
	130.080000	21.096000	14.200000
	130.100000	21.432000	15.600000
	130.120000	21.792000	16.800000
	130.140000	22.176000	18.000000
	130.160000	22.584000	19.200000
	130.180000	23.016000	20.400000
	130.200000	23.484000	21.800000
	130.220000	23.976000	23.200000
	130.240000	24.492000	24.600000
	130.260000	25.020000	25.600000
	130.280000	25.584000	26.800000
	130.300000	26.172000	28.000000
	130.320000	26.772000	29.200000
	130.340000	27.396000	30.200000
	130.360000	28.020000	30.800000
	130.380000	28.680000	31.800000
	130.400000	29.340000	32.400000
	130.420000	30.024000	33.400000
	130.440000	30.744000	34.400000
	130.460000	31.476000	35.600000
	130.480000	32.220000	36.600000
	130.500000	32.952000	36.800000
	130.520000	33.696000	37.000000
	130.540000	34.440000	37.000000
	130.560000	35.196000	37.400000
	130.580000	35.952000	37.600000
	130.600000	36.732000	38.200000
	130.620000	37.500000	38.400000
	130.640000	38.268000	38.600000
	130.660000	39.024000	38.200000
	130.680000	39.780000	38.000000
	130.700000	40.524000	37.600000
	130.720000	41.280000	37.600000
	130.740000	42.012000	37.200000
	130.760000	42.732000	36.800000
	130.780000	43.428000	35.800000
	130.800000	44.124000	35.200000
	130.820000	44.796000	34.400000
	130.840000	45.456000	33.800000
	130.860000	46.068000	32.400000
	130.880000	46.668000	31.200000
	130.900000	47.232000	29.600000
	130.920000	47.796000	28.800000
	130.940000	48.324000	27.600000
	130.960000	48.816000	26.400000
	130.980000	49.272000	24.600000
	131.000000	49.692000	22.800000
	131.020000	50.064000	20.800000
	131.040000	50.412000	19.000000
	131.060000	50.724000	17.200000
	131.080000	51.000000	15.600000
	131.100000	51.216000	13.400000
	131.120000	51.408000	11.400000
	131.140000	51.552000	9.200000
	131.160000	51.660000	7.400000
	131.180000	51.720000	5.200000
	131.200000	51.744000	3.200000
	131.220000	51.720000	1.000000
	131.240000	51.660000	-1.000000
	131.260000	51.564000	-3.000000
	131.280000	51.432000	-4.800000
	131.300000	51.252000	-6.800000
	131.320000	51.036000	-8.800000
	131.340000	50.784000	-10.800000
	131.360000	50.496000	-12.600000
	131.380000	50.172000	-14.400000
	131.400000	49.824000	-16.000000
	131.420000	49.452000	-17.400000
	131.440000	49.056000	-18.600000
	131.460000	48.624000	-20.000000
	131.480000	48.156000	-21.600000
	131.500000	47.664000	-23.200000
	131.520000	47.148000	-24.600000
	131.540000	46.608000	-25.800000
	131.560000	46.032000	-27.200000
	131.580000	45.432000	-28.600000
	131.600000	44.820000	-29.800000
	131.620000	44.184000	-30.800000
	131.640000	43.524000	-31.800000
	131.660000	42.828000	-33.200000
	131.680000	42.120000	-34.400000
	131.700000	41.424000	-35.000000
	131.720000	40.704000	-35.400000
	131.740000	39.984000	-35.600000
	131.760000	39.240000	-36.400000
	131.780000	38.508000	-36.600000
	131.800000	37.764000	-37.000000
	131.820000	37.008000	-37.200000
	131.840000	36.252000	-37.600000
	131.860000	35.484000	-38.000000
	131.880000	34.704000	-38.400000
	131.900000	33.948000	-38.400000
	131.920000	33.192000	-38.200000
	131.940000	32.460000	-37.400000
	131.960000	31.704000	-37.400000
	131.980000	30.972000	-37.000000
	132.000000	30.240000	-37.000000
	132.020000	29.532000	-36.200000
	132.040000	28.824000	-35.800000
	132.060000	28.140000	-35.000000
	132.080000	27.456000	-34.600000
	132.100000	26.808000	-33.600000
	132.120000	26.184000	-32.600000
	132.140000	25.584000	-31.200000
	132.160000	24.996000	-30.200000
	132.180000	24.420000	-29.400000
	132.200000	23.880000	-28.400000
	132.220000	23.352000	-27.400000
	132.240000	22.860000	-26.000000
	132.260000	22.380000	-25.000000
	132.280000	21.948000	-23.400000
	132.300000	21.528000	-22.200000
	132.320000	21.156000	-20.400000
	132.340000	20.808000	-19.000000
	132.360000	20.484000	-17.400000
	132.380000	20.184000	-16.200000
	132.400000	19.920000	-14.800000
	132.420000	19.704000	-13.000000
	132.440000	19.524000	-11.000000
	132.460000	19.368000	-9.200000
	132.480000	19.248000	-7.600000
	132.500000	19.164000	-6.000000
	132.520000	19.116000	-4.200000
	132.540000	19.104000	-2.400000
	132.560000	19.116000	-0.800000
	132.580000	19.164000	0.800000
	132.600000	19.248000	2.400000
	132.620000	19.368000	4.200000
	132.640000	19.524000	6.000000
	132.660000	19.704000	7.600000
	132.680000	19.908000	9.000000
	132.700000	20.136000	10.200000
	132.720000	20.388000	11.400000
	132.740000	20.664000	12.600000
	132.760000	20.976000	14.000000
	132.780000	21.312000	15.400000
	132.800000	21.672000	16.800000
	132.820000	22.044000	17.800000
	132.840000	22.440000	18.800000
	132.860000	22.872000	20.000000
	132.880000	23.328000	21.400000
	132.900000	23.808000	22.800000
	132.920000	24.300000	23.800000
	132.940000	24.828000	25.000000
	132.960000	25.368000	26.000000
	132.980000	25.932000	27.200000
	133.000000	26.496000	27.800000
	133.020000	27.096000	28.800000
	133.040000	27.696000	29.400000
	133.060000	28.332000	30.600000
	133.080000	28.968000	31.200000
	133.100000	29.628000	32.200000
	133.120000	30.276000	32.400000
	133.140000	30.948000	33.000000
	133.160000	31.620000	33.200000
	133.180000	32.328000	34.200000
	133.200000	33.000000	34.200000
	133.220000	33.696000	34.600000
	133.240000	34.380000	34.200000
	133.260000	35.076000	34.600000
	133.280000	35.784000	34.800000
	133.300000	36.468000	34.800000
	133.320000	37.164000	34.800000
	133.340000	37.836000	34.200000
	133.360000	38.496000	33.800000
	133.380000	39.156000	33.200000
	133.400000	39.804000	32.800000
	133.420000	40.452000	32.600000
	133.440000	41.064000	31.800000
	133.460000	41.664000	31.000000
	133.480000	42.240000	29.800000
	133.500000	42.804000	29.000000
	133.520000	43.344000	28.000000
	133.540000	43.872000	27.200000
	133.560000	44.364000	26.000000
	133.580000	44.820000	24.600000
	133.600000	45.252000	23.000000
	133.620000	45.660000	21.600000
	133.640000	46.032000	20.200000
	133.660000	46.380000	18.800000
	133.680000	46.692000	17.200000
	133.700000	46.968000	15.600000
	133.720000	47.196000	13.600000
	133.740000	47.388000	11.600000
	133.760000	47.556000	9.800000
	133.780000	47.676000	8.000000
	133.800000	47.760000	6.200000
	133.820000	47.796000	4.000000
	133.840000	47.796000	2.000000
	133.860000	47.760000	0.000000
	133.880000	47.688000	-1.800000
	133.900000	47.580000	-3.600000
	133.920000	47.436000	-5.400000
	133.940000	47.244000	-7.400000
	133.960000	47.016000	-9.400000
	133.980000	46.764000	-11.200000
	134.000000	46.500000	-12.400000
	134.020000	46.212000	-13.400000
	134.040000	45.876000	-14.800000
	134.060000	45.516000	-16.400000
	134.080000	45.132000	-18.000000
	134.100000	44.736000	-19.000000
	134.120000	44.304000	-20.200000
	134.140000	43.848000	-21.400000
	134.160000	43.368000	-22.800000
	134.180000	42.864000	-24.000000
	134.200000	42.336000	-25.200000
	134.220000	41.784000	-26.400000
	134.240000	41.220000	-27.400000
	134.260000	40.632000	-28.400000
	134.280000	40.020000	-29.400000
	134.300000	39.408000	-30.200000
	134.320000	38.784000	-30.800000
	134.340000	38.148000	-31.200000
	134.360000	37.476000	-32.200000
	134.380000	36.804000	-33.000000
	134.400000	36.132000	-33.600000
	134.420000	35.472000	-33.400000
	134.440000	34.788000	-33.600000
	134.460000	34.104000	-33.800000
	134.480000	33.420000	-34.200000
	134.500000	32.736000	-34.200000
	134.520000	32.052000	-34.200000
	134.540000	31.368000	-34.200000
	134.560000	30.696000	-34.000000
	134.580000	30.036000	-33.600000
	134.600000	29.364000	-33.400000
	134.620000	28.704000	-33.200000
	134.640000	28.044000	-33.200000
	134.660000	27.420000	-32.400000
	134.680000	26.808000	-31.600000
	134.700000	26.208000	-30.600000
	134.720000	25.620000	-30.000000
	134.740000	25.044000	-29.400000
	134.760000	24.504000	-28.400000
	134.780000	23.964000	-27.600000
	134.800000	23.460000	-26.400000
	134.820000	22.968000	-25.600000
	134.840000	22.500000	-24.400000
	134.860000	22.056000	-23.400000
	134.880000	21.636000	-22.200000
	134.900000	21.252000	-20.800000
	134.920000	20.892000	-19.400000
	134.940000	20.568000	-17.800000
	134.960000	20.268000	-16.400000
	134.980000	20.004000	-14.800000
	135.000000	19.764000	-13.400000
	135.020000	19.560000	-11.800000
	135.040000	19.380000	-10.400000
	135.060000	19.236000	-8.800000
	135.080000	19.128000	-7.200000
	135.100000	19.056000	-5.400000
	135.120000	19.020000	-3.600000
	135.140000	19.020000	-1.800000
	135.160000	19.056000	0.000000
	135.180000	19.128000	1.800000
	135.200000	19.224000	3.400000
	135.220000	19.344000	4.800000
	135.240000	19.488000	6.000000
	135.260000	19.668000	7.400000
	135.280000	19.884000	9.000000
	135.300000	20.124000	10.600000
	135.320000	20.388000	12.000000
	135.340000	20.676000	13.200000
	135.360000	20.988000	14.400000
	135.380000	21.336000	15.800000
	135.400000	21.696000	17.000000
	135.420000	22.104000	18.600000
	135.440000	22.524000	19.800000
	135.460000	22.980000	21.400000
	135.480000	23.436000	22.200000
	135.500000	23.928000	23.400000
	135.520000	24.432000	24.200000
	135.540000	24.984000	25.800000
	135.560000	25.536000	26.800000
	135.580000	26.124000	28.200000
	135.600000	26.712000	28.800000
	135.620000	27.348000	30.200000
	135.640000	27.984000	31.000000
	135.660000	28.644000	32.200000
	135.680000	29.304000	32.600000
	135.700000	30.000000	33.600000
	135.720000	30.696000	34.200000
	135.740000	31.404000	35.000000
	135.760000	32.136000	35.600000
	135.780000	32.868000	36.200000
	135.800000	33.612000	36.800000
	135.820000	34.332000	36.600000
	135.840000	35.076000	36.800000
	135.860000	35.832000	37.000000
	135.880000	36.588000	37.600000
	135.900000	37.344000	37.800000
	135.920000	38.088000	37.600000
	135.940000	38.832000	37.400000
	135.960000	39.564000	37.000000
	135.980000	40.284000	36.600000
	136.000000	40.992000	36.000000
	136.020000	41.700000	35.600000
	136.040000	42.396000	35.200000
	136.060000	43.080000	34.800000
	136.080000	43.728000	33.800000
	136.100000	44.364000	32.800000
	136.120000	44.976000	31.600000
	136.140000	45.576000	30.800000
	136.160000	46.152000	29.800000
	136.180000	46.704000	28.800000
	136.200000	47.220000	27.400000
	136.220000	47.700000	25.800000
	136.240000	48.144000	24.000000
	136.260000	48.564000	22.400000
	136.280000	48.948000	20.800000
	136.300000	49.308000	19.400000
	136.320000	49.632000	17.800000
	136.340000	49.908000	16.000000
	136.360000	50.148000	14.000000
	136.380000	50.340000	11.800000
	136.400000	50.508000	10.000000
	136.420000	50.628000	8.000000
	136.440000	50.712000	6.200000
	136.460000	50.748000	4.000000
	136.480000	50.748000	2.000000
	136.500000	50.700000	-0.200000
	136.520000	50.616000	-2.200000
	136.540000	50.484000	-4.400000
	136.560000	50.328000	-6.200000
	136.580000	50.124000	-8.200000
	136.600000	49.896000	-9.800000
	136.620000	49.632000	-11.600000
	136.640000	49.344000	-13.000000
	136.660000	49.020000	-14.600000
	136.680000	48.672000	-16.000000
	136.700000	48.288000	-17.600000
	136.720000	47.880000	-19.000000
	136.740000	47.424000	-20.800000
	136.760000	46.968000	-22.000000
	136.780000	46.464000	-23.600000
	136.800000	45.948000	-24.600000
	136.820000	45.396000	-26.200000
	136.840000	44.832000	-27.200000
	136.860000	44.244000	-28.400000
	136.880000	43.620000	-29.600000
	136.900000	42.996000	-30.600000
	136.920000	42.348000	-31.600000
	136.940000	41.676000	-32.400000
	136.960000	41.004000	-33.200000
	136.980000	40.308000	-34.000000
	137.000000	39.624000	-34.200000
	137.020000	38.892000	-35.200000
	137.040000	38.184000	-35.400000
	137.060000	37.452000	-36.200000
	137.080000	36.732000	-36.000000
	137.100000	35.988000	-36.600000
	137.120000	35.256000	-36.600000
	137.140000	34.524000	-36.800000
	137.160000	33.792000	-36.600000
	137.180000	33.060000	-36.600000
	137.200000	32.328000	-36.600000
	137.220000	31.608000	-36.400000
	137.240000	30.900000	-36.000000
	137.260000	30.204000	-35.400000
	137.280000	29.520000	-34.800000
	137.300000	28.848000	-34.200000
	137.320000	28.176000	-33.800000
	137.340000	27.528000	-33.200000
	137.360000	26.892000	-32.600000
	137.380000	26.292000	-31.400000
	137.400000	25.692000	-30.600000
	137.420000	25.116000	-29.600000
	137.440000	24.552000	-29.000000
	137.460000	24.024000	-27.800000
	137.480000	23.532000	-26.400000
	137.500000	23.064000	-24.800000
	137.520000	22.632000	-23.200000
	137.540000	22.212000	-22.000000
	137.560000	21.828000	-20.600000
	137.580000	21.456000	-19.600000
	137.600000	21.120000	-18.200000
	137.620000	20.820000	-16.800000
	137.640000	20.556000	-15.000000
	137.660000	20.316000	-13.400000
	137.680000	20.112000	-11.800000
	137.700000	19.944000	-10.200000
	137.720000	19.824000	-8.200000
	137.740000	19.728000	-6.400000
	137.760000	19.668000	-4.600000
	137.780000	19.632000	-3.200000
	137.800000	19.632000	-1.600000
	137.820000	19.680000	0.200000
	137.840000	19.752000	2.000000
	137.860000	19.860000	3.800000
	137.880000	19.992000	5.200000
	137.900000	20.160000	6.800000
	137.920000	20.352000	8.200000
	137.940000	20.580000	9.800000
	137.960000	20.832000	11.200000
	137.980000	21.120000	12.800000
	138.000000	21.420000	14.000000
	138.020000	21.756000	15.400000
	138.040000	22.104000	16.400000
	138.060000	22.488000	17.800000
	138.080000	22.884000	18.800000
	138.100000	23.328000	20.400000
	138.120000	23.784000	21.600000
	138.140000	24.264000	23.000000
	138.160000	24.756000	23.800000
	138.180000	25.272000	24.800000
	138.200000	25.824000	26.000000
	138.220000	26.388000	27.200000
	138.240000	26.976000	28.400000
	138.260000	27.576000	29.200000
	138.280000	28.200000	30.200000
	138.300000	28.836000	31.000000
	138.320000	29.496000	32.000000
	138.340000	30.168000	32.800000
	138.360000	30.852000	33.600000
	138.380000	31.548000	34.200000
	138.400000	32.256000	34.800000
	138.420000	32.964000	35.200000
	138.440000	33.684000	35.600000
	138.460000	34.404000	35.800000
	138.480000	35.136000	36.200000
	138.500000	35.868000	36.400000
	138.520000	36.588000	36.400000
	138.540000	37.308000	36.200000
	138.560000	38.028000	36.000000
	138.580000	38.748000	36.000000
	138.600000	39.468000	36.000000
	138.620000	40.164000	35.600000
	138.640000	40.848000	35.000000
	138.660000	41.532000	34.400000
	138.680000	42.192000	33.800000
	138.700000	42.852000	33.400000
	138.720000	43.476000	32.400000
	138.740000	44.088000	31.600000
	138.760000	44.676000	30.400000
	138.780000	45.240000	29.400000
	138.800000	45.780000	28.200000
	138.820000	46.284000	26.800000
	138.840000	46.764000	25.400000
	138.860000	47.220000	24.000000
	138.880000	47.652000	22.800000
	138.900000	48.048000	21.400000
	138.920000	48.408000	19.800000
	138.940000	48.732000	18.000000
	138.960000	49.020000	16.200000
	138.980000	49.260000	14.200000
	139.000000	49.464000	12.200000
	139.020000	49.620000	10.000000
	139.040000	49.752000	8.200000
	139.060000	49.836000	6.200000
	139.080000	49.884000	4.400000
	139.100000	49.896000	2.400000
	139.120000	49.860000	0.400000
	139.140000	49.800000	-1.400000
	139.160000	49.680000	-3.600000
	139.180000	49.536000	-5.400000
	139.200000	49.344000	-7.600000
	139.220000	49.140000	-9.000000
	139.240000	48.900000	-10.600000
	139.260000	48.624000	-12.000000
	139.280000	48.312000	-13.800000
	139.300000	47.976000	-15.400000
	139.320000	47.604000	-17.000000
	139.340000	47.208000	-18.400000
	139.360000	46.776000	-20.000000
	139.380000	46.332000	-21.200000
	139.400000	45.852000	-22.600000
	139.420000	45.348000	-23.800000
	139.440000	44.820000	-25.200000
	139.460000	44.268000	-26.400000
	139.480000	43.704000	-27.400000
	139.500000	43.116000	-28.400000
	139.520000	42.504000	-29.400000
	139.540000	41.880000	-30.400000
	139.560000	41.232000	-31.400000
	139.580000	40.584000	-32.000000
	139.600000	39.900000	-33.000000
	139.620000	39.216000	-33.600000
	139.640000	38.508000	-34.600000
	139.660000	37.800000	-35.000000
	139.680000	37.092000	-35.400000
	139.700000	36.384000	-35.400000
	139.720000	35.664000	-35.600000
	139.740000	34.932000	-36.000000
	139.760000	34.200000	-36.400000
	139.780000	33.480000	-36.400000
	139.800000	32.772000	-36.000000
	139.820000	32.064000	-35.600000
	139.840000	31.368000	-35.200000
	139.860000	30.660000	-35.200000
	139.880000	29.964000	-35.000000
	139.900000	29.280000	-34.800000
	139.920000	28.608000	-34.200000
	139.940000	27.948000	-33.600000
	139.960000	27.312000	-32.800000
	139.980000	26.688000	-32.000000
	140.000000	26.076000	-31.200000
	140.020000	25.476000	-30.600000
	140.040000	24.912000	-29.600000
	140.060000	24.384000	-28.200000
	140.080000	23.868000	-26.800000
	140.100000	23.364000	-25.800000
	140.120000	22.884000	-25.000000
	140.140000	22.428000	-24.000000
	140.160000	22.008000	-22.600000
	140.180000	21.612000	-21.200000
	140.200000	21.252000	-19.600000
	140.220000	20.916000	-18.200000
	140.240000	20.616000	-16.600000
	140.260000	20.340000	-15.200000
	140.280000	20.100000	-13.600000
	140.300000	19.884000	-12.200000
	140.320000	19.704000	-10.600000
	140.340000	19.572000	-8.800000
	140.360000	19.476000	-6.800000
	140.380000	19.416000	-4.800000
	140.400000	19.380000	-3.200000
	140.420000	19.380000	-1.600000
	140.440000	19.416000	0.000000
	140.460000	19.476000	1.600000
	140.480000	19.572000	3.200000
	140.500000	19.692000	4.600000
	140.520000	19.860000	6.400000
	140.540000	20.052000	8.000000
	140.560000	20.280000	9.800000
	140.580000	20.520000	11.000000
	140.600000	20.784000	12.200000
	140.620000	21.072000	13.200000
	140.640000	21.396000	14.600000
	140.660000	21.744000	16.000000
	140.680000	22.116000	17.400000
	140.700000	22.500000	18.400000
	140.720000	22.932000	19.800000
	140.740000	23.376000	21.000000
	140.760000	23.856000	22.600000
	140.780000	24.336000	23.400000
	140.800000	24.852000	24.600000
	140.820000	25.392000	25.600000
	140.840000	25.956000	27.000000
	140.860000	26.544000	28.200000
	140.880000	27.144000	29.200000
	140.900000	27.768000	30.200000
	140.920000	28.404000	31.000000
	140.940000	29.052000	31.800000
	140.960000	29.724000	32.600000
	140.980000	30.396000	33.200000
	141.000000	31.104000	34.200000
	141.020000	31.800000	34.600000
	141.040000	32.520000	35.400000
	141.060000	33.216000	35.200000
	141.080000	33.936000	35.600000
	141.100000	34.668000	35.800000
	141.120000	35.400000	36.400000
	141.140000	36.216000	38.000000
	141.160000	36.948000	38.000000
	141.180000	37.692000	38.200000
	141.200000	38.340000	35.400000
	141.220000	39.060000	35.200000
	141.240000	39.768000	34.600000
	141.260000	40.464000	35.400000
	141.280000	41.148000	34.800000
	141.300000	41.832000	34.400000
	141.320000	42.492000	33.800000
	141.340000	43.152000	33.400000
	141.360000	43.776000	32.400000
	141.380000	44.388000	31.600000
	141.400000	44.964000	30.200000
	141.420000	45.528000	29.200000
	141.440000	46.068000	28.000000
	141.460000	46.572000	26.800000
	141.480000	47.040000	25.200000
	141.500000	47.484000	23.600000
	141.520000	47.892000	22.000000
	141.540000	48.276000	20.600000
	141.560000	48.612000	18.800000
	141.580000	48.924000	17.200000
	141.600000	49.200000	15.400000
	141.620000	49.440000	13.800000
	141.640000	49.644000	12.000000
	141.660000	49.800000	10.000000
	141.680000	49.920000	8.000000
	141.700000	49.992000	5.800000
	141.720000	50.028000	3.800000
	141.740000	50.028000	1.800000
	141.760000	49.992000	0.000000
	141.780000	49.908000	-2.000000
	141.800000	49.788000	-4.000000
	141.820000	49.620000	-6.200000
	141.840000	49.428000	-8.000000
	141.860000	49.200000	-9.800000
	141.880000	48.948000	-11.200000
	141.900000	48.660000	-12.800000
	141.920000	48.348000	-14.200000
	141.940000	48.000000	-15.800000
	141.960000	47.628000	-17.200000
	141.980000	47.220000	-18.800000
	142.000000	46.800000	-20.000000
	142.020000	46.344000	-21.400000
	142.040000	45.864000	-22.600000
	142.060000	45.348000	-24.200000
	142.080000	44.820000	-25.400000
	142.100000	44.268000	-26.600000
	142.120000	43.692000	-27.600000
	142.140000	43.080000	-29.000000
	142.160000	42.456000	-30.200000
	142.180000	41.820000	-31.200000
	142.200000	41.184000	-31.600000
	142.220000	40.524000	-32.200000
	142.240000	39.840000	-33.000000
	142.260000	39.144000	-34.000000
	142.280000	38.448000	-34.600000
	142.300000	37.740000	-35.000000
	142.320000	37.032000	-35.200000
	142.340000	36.312000	-35.600000
	142.360000	35.592000	-35.800000
	142.380000	34.860000	-36.200000
	142.400000	34.140000	-36.200000
	142.420000	33.432000	-36.000000
	142.440000	32.736000	-35.400000
	142.460000	32.028000	-35.200000
	142.480000	31.320000	-35.200000
	142.500000	30.612000	-35.400000
	142.520000	29.928000	-35.000000
	142.540000	29.268000	-34.200000
	142.560000	28.608000	-33.400000
	142.580000	27.960000	-32.800000
	142.600000	27.324000	-32.400000
	142.620000	26.724000	-31.400000
	142.640000	26.124000	-30.600000
	142.660000	25.548000	-29.600000
	142.680000	24.984000	-29.000000
	142.700000	24.456000	-27.800000
	142.720000	23.952000	-26.600000
	142.740000	23.460000	-25.400000
	142.760000	22.992000	-24.400000
	142.780000	22.548000	-23.400000
	142.800000	22.140000	-22.000000
	142.820000	21.768000	-20.400000
	142.840000	21.420000	-18.800000
	142.860000	21.120000	-17.000000
	142.880000	20.832000	-15.600000
	142.900000	20.580000	-14.000000
	142.920000	20.352000	-12.800000
	142.940000	20.172000	-11.000000
	142.960000	20.028000	-9.200000
	142.980000	19.908000	-7.400000
	143.000000	19.824000	-5.800000
	143.020000	19.776000	-4.200000
	143.040000	19.764000	-2.400000
	143.060000	19.788000	-0.600000
	143.080000	19.836000	1.000000
	143.100000	19.920000	2.600000
	143.120000	20.028000	4.000000
	143.140000	20.172000	5.600000
	143.160000	20.352000	7.200000
	143.180000	20.556000	8.800000
	143.200000	20.796000	10.400000
	143.220000	21.060000	11.800000
	143.240000	21.348000	13.200000
	143.260000	21.660000	14.400000
	143.280000	21.996000	15.600000
	143.300000	22.368000	17.000000
	143.320000	22.752000	18.200000
	143.340000	23.160000	19.400000
	143.360000	23.592000	20.400000
	143.380000	24.060000	21.800000
	143.400000	24.552000	23.200000
	143.420000	25.068000	24.600000
	143.440000	25.608000	25.800000
	143.460000	26.172000	27.000000
	143.480000	26.748000	28.000000
	143.500000	27.336000	28.800000
	143.520000	27.960000	29.800000
	143.540000	28.596000	30.800000
	143.560000	29.244000	31.800000
	143.580000	29.916000	32.600000
	143.600000	30.612000	33.600000
	143.620000	31.320000	34.600000
	143.640000	32.016000	35.000000
	143.660000	32.724000	35.200000
	143.680000	33.444000	35.400000
	143.700000	34.176000	36.000000
	143.720000	34.920000	36.600000
	143.740000	35.676000	37.200000
	143.760000	36.408000	37.200000
	143.780000	37.140000	37.000000
	143.800000	37.872000	36.600000
	143.820000	38.628000	37.000000
	143.840000	39.372000	37.200000
	143.860000	40.092000	37.000000
	143.880000	40.800000	36.200000
	143.900000	41.496000	35.400000
	143.920000	42.192000	35.000000
	143.940000	42.876000	34.600000
	143.960000	43.548000	34.200000
	143.980000	44.196000	33.400000
	144.000000	44.820000	32.400000
	144.020000	45.420000	31.200000
	144.040000	46.008000	30.200000
	144.060000	46.560000	29.000000
	144.080000	47.088000	27.800000
	144.100000	47.580000	26.200000
	144.120000	48.048000	24.800000
	144.140000	48.480000	23.200000
	144.160000	48.876000	21.600000
	144.180000	49.236000	19.800000
	144.200000	49.572000	18.200000
	144.220000	49.872000	16.600000
	144.240000	50.136000	15.000000
	144.260000	50.352000	13.000000
	144.280000	50.532000	11.000000
	144.300000	50.664000	8.800000
	144.320000	50.760000	6.800000
	144.340000	50.808000	4.600000
	144.360000	50.820000	2.600000
	144.380000	50.796000	0.600000
	144.400000	50.724000	-1.400000
	144.420000	50.616000	-3.400000
	144.440000	50.472000	-5.400000
	144.460000	50.292000	-7.200000
	144.480000	50.076000	-9.000000
	144.500000	49.812000	-11.000000
	144.520000	49.524000	-12.800000
	144.540000	49.212000	-14.400000
	144.560000	48.876000	-15.600000
	144.580000	48.516000	-16.800000
	144.600000	48.120000	-18.200000
	144.620000	47.688000	-19.800000
	144.640000	47.232000	-21.400000
	144.660000	46.740000	-23.000000
	144.680000	46.224000	-24.400000
	144.700000	45.684000	-25.800000
	144.720000	45.120000	-27.000000
	144.740000	44.544000	-28.000000
	144.760000	43.944000	-29.000000
	144.780000	43.332000	-29.800000
	144.800000	42.684000	-31.000000
	144.820000	42.024000	-32.000000
	144.840000	41.352000	-33.000000
	144.860000	40.668000	-33.600000
	144.880000	39.960000	-34.400000
	144.900000	39.240000	-35.200000
	144.920000	38.520000	-35.800000
	144.940000	37.800000	-36.000000
	144.960000	37.068000	-36.200000
	144.980000	36.324000	-36.600000
	145.000000	35.580000	-37.000000
	145.020000	34.836000	-37.200000
	145.040000	34.092000	-37.200000
	145.060000	33.360000	-37.000000
	145.080000	32.640000	-36.600000
	145.100000	31.932000	-36.000000
	145.120000	31.212000	-35.800000
	145.140000	30.504000	-35.600000
	145.160000	29.784000	-35.800000
	145.180000	29.088000	-35.400000
	145.200000	28.404000	-35.000000
	145.220000	27.756000	-33.800000
	145.240000	27.108000	-33.000000
	145.260000	26.484000	-32.000000
	145.280000	25.884000	-31.200000
	145.300000	25.296000	-30.200000
	145.320000	24.732000	-29.200000
	145.340000	24.192000	-28.200000
	145.360000	23.676000	-27.000000
	145.380000	23.172000	-26.000000
	145.400000	22.692000	-25.000000
	145.420000	22.248000	-23.800000
	145.440000	21.840000	-22.200000
	145.460000	21.456000	-20.600000
	145.480000	21.108000	-19.000000
	145.500000	20.784000	-17.600000
	145.520000	20.496000	-16.000000
	145.540000	20.244000	-14.400000
	145.560000	20.016000	-12.800000
	145.580000	19.824000	-11.200000
	145.600000	19.656000	-9.800000
	145.620000	19.536000	-8.000000
	145.640000	19.440000	-6.400000
	145.660000	19.392000	-4.400000
	145.680000	19.368000	-2.800000
	145.700000	19.392000	-0.800000
	145.720000	19.440000	0.800000
	145.740000	19.524000	2.600000
	145.760000	19.632000	4.000000
	145.780000	19.776000	5.600000
	145.800000	19.956000	7.200000
	145.820000	20.160000	8.800000
	145.840000	20.388000	10.200000
	145.860000	20.640000	11.400000
	145.880000	20.916000	12.600000
	145.900000	21.228000	14.000000
	145.920000	21.552000	15.200000
	145.940000	21.912000	16.600000
	145.960000	22.284000	17.600000
	145.980000	22.704000	19.200000
	146.000000	23.136000	20.400000
	146.020000	23.592000	21.800000
	146.040000	24.060000	22.600000
	146.060000	24.564000	23.800000
	146.080000	25.092000	25.000000
	146.100000	25.644000	26.400000
	146.120000	26.208000	27.400000
	146.140000	26.796000	28.400000
	146.160000	27.408000	29.400000
	146.180000	28.044000	30.600000
	146.200000	28.680000	31.400000
	146.220000	29.328000	32.000000
	146.240000	29.988000	32.400000
	146.260000	30.672000	33.200000
	146.280000	31.356000	33.800000
	146.300000	32.052000	34.400000
	146.320000	32.760000	34.800000
	146.340000	33.480000	35.400000
	146.360000	34.200000	35.800000
	146.380000	34.920000	36.000000
	146.400000	35.640000	36.000000
	146.420000	36.360000	36.000000
	146.440000	37.080000	36.000000
	146.460000	37.788000	35.800000
	146.480000	38.484000	35.400000
	146.500000	39.180000	35.000000
	146.520000	39.876000	34.800000
	146.540000	40.572000	34.800000
	146.560000	41.256000	34.600000
	146.580000	41.916000	34.000000
	146.600000	42.552000	33.000000
	146.620000	43.164000	31.800000
	146.640000	43.752000	30.600000
	146.660000	44.328000	29.600000
	146.680000	44.880000	28.600000
	146.700000	45.420000	27.800000
	146.720000	45.924000	26.600000
	146.740000	46.404000	25.400000
	146.760000	46.848000	23.800000
	146.780000	47.268000	22.400000
	146.800000	47.652000	20.800000
	146.820000	48.000000	19.200000
	146.840000	48.312000	17.400000
	146.860000	48.576000	15.400000
	146.880000	48.816000	13.600000
	146.900000	49.008000	11.600000
	146.920000	49.164000	9.800000
	146.940000	49.284000	7.800000
	146.960000	49.368000	6.000000
	146.980000	49.416000	4.200000
	147.000000	49.416000	2.200000
	147.020000	49.380000	0.200000
	147.040000	49.296000	-2.000000
	147.060000	49.176000	-4.000000
	147.080000	49.020000	-6.000000
	147.100000	48.840000	-7.600000
	147.120000	48.624000	-9.200000
	147.140000	48.372000	-10.800000
	147.160000	48.096000	-12.400000
	147.180000	47.784000	-14.000000
	147.200000	47.448000	-15.400000
	147.220000	47.088000	-16.800000
	147.240000	46.704000	-18.000000
	147.260000	46.284000	-19.400000
	147.280000	45.828000	-21.000000
	147.300000	45.348000	-22.600000
	147.320000	44.844000	-24.000000
	147.340000	44.328000	-25.000000
	147.360000	43.776000	-26.200000
	147.380000	43.224000	-27.000000
	147.400000	42.624000	-28.400000
	147.420000	42.024000	-29.200000
	147.440000	41.388000	-30.600000
	147.460000	40.752000	-31.200000
	147.480000	40.092000	-32.200000
	147.500000	39.432000	-32.600000
	147.520000	38.748000	-33.400000
	147.540000	38.064000	-33.800000
	147.560000	37.368000	-34.400000
	147.580000	36.672000	-34.600000
	147.600000	35.964000	-35.000000
	147.620000	35.256000	-35.200000
	147.640000	34.548000	-35.400000
	147.660000	33.852000	-35.200000
	147.680000	33.156000	-35.000000
	147.700000	32.460000	-34.800000
	147.720000	31.752000	-35.000000
	147.740000	31.044000	-35.200000
	147.760000	30.360000	-35.000000
	147.780000	29.688000	-34.400000
	147.800000	29.016000	-33.800000
	147.820000	28.356000	-33.400000
	147.840000	27.708000	-33.000000
	147.860000	27.096000	-32.000000
	147.880000	26.484000	-31.200000
	147.900000	25.908000	-30.000000
	147.920000	25.332000	-29.400000
	147.940000	24.780000	-28.400000
	147.960000	24.240000	-27.800000
	147.980000	23.736000	-26.600000
	148.000000	23.256000	-25.400000
	148.020000	22.800000	-24.000000
	148.040000	22.368000	-22.800000
	148.060000	21.972000	-21.400000
	148.080000	21.600000	-20.000000
	148.100000	21.264000	-18.400000
	148.120000	20.952000	-17.000000
	148.140000	20.676000	-15.400000
	148.160000	20.424000	-14.000000
	148.180000	20.208000	-12.400000
	148.200000	20.016000	-11.000000
	148.220000	19.860000	-9.400000
	148.240000	19.740000	-7.800000
	148.260000	19.668000	-5.800000
	148.280000	19.620000	-4.000000
	148.300000	19.608000	-2.200000
	148.320000	19.632000	-0.600000
	148.340000	19.692000	1.200000
	148.360000	19.776000	2.800000
	148.380000	19.896000	4.400000
	148.400000	20.040000	5.800000
	148.420000	20.220000	7.400000
	148.440000	20.424000	8.800000
	148.460000	20.664000	10.400000
	148.480000	20.928000	11.800000
	148.500000	21.216000	13.200000
	148.520000	21.528000	14.400000
	148.540000	21.876000	15.800000
	148.560000	22.236000	17.000000
	148.580000	22.620000	18.200000
	148.600000	23.028000	19.200000
	148.620000	23.472000	20.600000
	148.640000	23.952000	22.200000
	148.660000	24.444000	23.600000
	148.680000	24.948000	24.600000
	148.700000	25.488000	25.600000
	148.720000	26.052000	26.800000
	148.740000	26.652000	28.400000
	148.760000	27.252000	29.400000
	148.780000	27.864000	30.200000
	148.800000	28.500000	30.800000
	148.820000	29.148000	31.600000
	148.840000	29.832000	32.800000
	148.860000	30.516000	33.600000
	148.880000	31.224000	34.600000
	148.900000	31.932000	35.000000
	148.920000	32.652000	35.600000
	148.940000	33.384000	36.000000
	148.960000	34.128000	36.600000
	148.980000	34.872000	37.000000
	149.000000	35.616000	37.200000
	149.020000	36.360000	37.200000
	149.040000	37.104000	37.200000
	149.060000	37.848000	37.200000
	149.080000	38.592000	37.200000
	149.100000	39.336000	37.200000
	149.120000	40.080000	37.200000
	149.140000	40.788000	36.600000
	149.160000	41.496000	36.000000
	149.180000	42.180000	35.000000
	149.200000	42.876000	34.800000
	149.220000	43.560000	34.400000
	149.240000	44.220000	34.000000
	149.260000	44.844000	32.800000
	149.280000	45.444000	31.400000
	149.300000	46.032000	30.200000
	149.320000	46.608000	29.400000
	149.340000	47.136000	28.200000
	149.360000	47.640000	26.800000
	149.380000	48.120000	25.200000
	149.400000	48.576000	24.000000
	149.420000	48.996000	22.600000
	149.440000	49.368000	20.800000
	149.460000	49.704000	18.800000
	149.480000	50.004000	16.800000
	149.500000	50.268000	15.000000
	149.520000	50.496000	13.200000
	149.540000	50.676000	11.200000
	149.560000	50.820000	9.200000
	149.580000	50.928000	7.200000
	149.600000	50.988000	5.200000
	149.620000	51.012000	3.200000
	149.640000	50.988000	1.000000
	149.660000	50.928000	-1.000000
	149.680000	50.820000	-3.200000
	149.700000	50.676000	-5.200000
	149.720000	50.496000	-7.200000
	149.740000	50.280000	-9.000000
	149.760000	50.040000	-10.600000
	149.780000	49.764000	-12.200000
	149.800000	49.464000	-13.600000
	149.820000	49.116000	-15.400000
	149.840000	48.756000	-16.800000
	149.860000	48.360000	-18.400000
	149.880000	47.940000	-19.600000
	149.900000	47.472000	-21.400000
	149.920000	46.980000	-23.000000
	149.940000	46.476000	-24.400000
	149.960000	45.948000	-25.400000
	149.980000	45.396000	-26.400000
	150.000000	44.796000	-28.000000
	150.020000	44.184000	-29.400000
	150.040000	43.548000	-30.800000
	150.060000	42.912000	-31.400000
	150.080000	42.264000	-32.000000
	150.100000	41.592000	-32.600000
	150.120000	40.896000	-33.600000
	150.140000	40.176000	-34.800000
	150.160000	39.456000	-35.600000
	150.180000	38.736000	-36.000000
	150.200000	38.016000	-36.000000
	150.220000	37.284000	-36.200000
	150.240000	36.540000	-36.600000
	150.260000	35.784000	-37.200000
	150.280000	35.028000	-37.600000
	150.300000	34.272000	-37.800000
	150.320000	33.528000	-37.600000
	150.340000	32.796000	-37.200000
	150.360000	32.076000	-36.600000
	150.380000	31.344000	-36.400000
	150.400000	30.612000	-36.400000
	150.420000	29.892000	-36.400000
	150.440000	29.184000	-36.000000
	150.460000	28.500000	-35.200000
	150.480000	27.828000	-34.400000
	150.500000	27.180000	-33.400000
	150.520000	26.544000	-32.600000
	150.540000	25.920000	-31.800000
	150.560000	25.332000	-30.800000
	150.580000	24.756000	-29.800000
	150.600000	24.204000	-28.600000
	150.620000	23.652000	-28.000000
	150.640000	23.136000	-27.000000
	150.660000	22.644000	-26.000000
	150.680000	22.188000	-24.400000
	150.700000	21.768000	-22.800000
	150.720000	21.372000	-21.200000
	150.740000	21.012000	-19.600000
	150.760000	20.664000	-18.400000
	150.780000	20.364000	-16.800000
	150.800000	20.088000	-15.400000
	150.820000	19.848000	-13.600000
	150.840000	19.632000	-12.200000
	150.860000	19.452000	-10.600000
	150.880000	19.308000	-9.000000
	150.900000	19.200000	-7.200000
	150.920000	19.128000	-5.400000
	150.940000	19.092000	-3.600000
	150.960000	19.092000	-1.800000
	150.980000	19.128000	0.000000
	151.000000	19.188000	1.600000
	151.020000	19.284000	3.200000
	151.040000	19.404000	4.600000
	151.060000	19.560000	6.200000
	151.080000	19.740000	7.600000
	151.100000	19.956000	9.200000
	151.120000	20.196000	10.600000
	151.140000	20.496000	12.600000
	151.160000	20.784000	13.800000
	151.180000	21.108000	15.200000
	151.200000	21.420000	15.400000
	151.220000	21.792000	16.800000
	151.240000	22.188000	18.000000
	151.260000	22.608000	19.800000
	151.280000	23.040000	20.800000
	151.300000	23.496000	21.800000
	151.320000	23.988000	23.000000
	151.340000	24.504000	24.400000
	151.360000	25.032000	25.600000
	151.380000	25.584000	26.600000
	151.400000	26.160000	27.600000
	151.420000	26.748000	28.600000
	151.440000	27.348000	29.400000
	151.460000	27.960000	30.000000
	151.480000	28.596000	30.800000
	151.500000	29.232000	31.400000
	151.520000	29.904000	32.400000
	151.540000	30.576000	33.000000
	151.560000	31.272000	34.000000
	151.580000	31.956000	34.200000
	151.600000	32.652000	34.600000
	151.620000	33.348000	34.600000
	151.640000	34.056000	35.000000
	151.660000	34.776000	35.400000
	151.680000	35.484000	35.600000
	151.700000	36.180000	35.400000
	151.720000	36.876000	35.000000
	151.740000	37.572000	34.800000
	151.760000	38.256000	34.600000
	151.780000	38.940000	34.400000
	151.800000	39.612000	34.000000
	151.820000	40.272000	33.600000
	151.840000	40.908000	32.800000
	151.860000	41.532000	32.000000
	151.880000	42.156000	31.400000
	151.900000	42.756000	30.800000
	151.920000	43.332000	30.000000
	151.940000	43.884000	28.800000
	151.960000	44.412000	27.600000
	151.980000	44.904000	26.200000
	152.000000	45.372000	24.800000
	152.020000	45.816000	23.400000
	152.040000	46.236000	22.200000
	152.060000	46.620000	20.800000
	152.080000	46.956000	19.000000
	152.100000	47.280000	17.400000
	152.120000	47.556000	15.600000
	152.140000	47.808000	14.200000
	152.160000	48.000000	12.000000
	152.180000	48.168000	10.200000
	152.200000	48.288000	8.000000
	152.220000	48.372000	6.200000
	152.240000	48.408000	4.000000
	152.260000	48.408000	2.000000
	152.280000	48.372000	-1.184608E-13
	152.300000	48.300000	-1.800000
	152.320000	48.192000	-3.600000
	152.340000	48.048000	-5.400000
	152.360000	47.868000	-7.200000
	152.380000	47.652000	-9.000000
	152.400000	47.400000	-10.800000
	152.420000	47.112000	-12.600000
	152.440000	46.800000	-14.200000
	152.460000	46.464000	-15.600000
	152.480000	46.104000	-16.800000
	152.500000	45.708000	-18.200000
	152.520000	45.288000	-19.600000
	152.540000	44.844000	-21.000000
	152.560000	44.376000	-22.200000
	152.580000	43.884000	-23.400000
	152.600000	43.368000	-24.600000
	152.620000	42.828000	-25.800000
	152.640000	42.276000	-26.800000
	152.660000	41.700000	-27.800000
	152.680000	41.100000	-28.800000
	152.700000	40.476000	-30.000000
	152.720000	39.840000	-31.000000
	152.740000	39.192000	-31.800000
	152.760000	38.532000	-32.400000
	152.780000	37.860000	-33.000000
	152.800000	37.200000	-33.200000
	152.820000	36.516000	-33.600000
	152.840000	35.820000	-34.000000
	152.860000	35.112000	-34.800000
	152.880000	34.416000	-35.000000
	152.900000	33.720000	-35.000000
	152.920000	33.012000	-35.000000
	152.940000	32.292000	-35.400000
	152.960000	31.584000	-35.600000
	152.980000	30.900000	-35.200000
	153.000000	30.228000	-34.400000
	153.020000	29.556000	-33.800000
	153.040000	28.884000	-33.600000
	153.060000	28.224000	-33.400000
	153.080000	27.576000	-33.000000
	153.100000	26.940000	-32.400000
	153.120000	26.316000	-31.800000
	153.140000	25.704000	-31.200000
	153.160000	25.116000	-30.400000
	153.180000	24.552000	-29.400000
	153.200000	24.012000	-28.200000
	153.220000	23.484000	-27.200000
	153.240000	22.968000	-26.400000
	153.260000	22.476000	-25.600000
	153.280000	22.008000	-24.600000
	153.300000	21.576000	-23.200000
	153.320000	21.168000	-21.800000
	153.340000	20.784000	-20.400000
	153.360000	20.436000	-19.000000
	153.380000	20.124000	-17.400000
	153.400000	19.848000	-15.600000
	153.420000	19.584000	-14.200000
	153.440000	19.356000	-12.800000
	153.460000	19.152000	-11.600000
	153.480000	18.996000	-9.800000
	153.500000	18.864000	-8.200000
	153.520000	18.780000	-6.200000
	153.540000	18.720000	-4.600000
	153.560000	18.696000	-2.800000
	153.580000	18.708000	-1.200000
	153.600000	18.756000	0.600000
	153.620000	18.840000	2.400000
	153.640000	18.948000	4.000000
	153.660000	19.080000	5.400000
	153.680000	19.248000	6.800000
	153.700000	19.440000	8.200000
	153.720000	19.668000	9.800000
	153.740000	19.920000	11.200000
	153.760000	20.196000	12.600000
	153.780000	20.508000	14.000000
	153.800000	20.832000	15.200000
	153.820000	21.192000	16.600000
	153.840000	21.552000	17.400000
	153.860000	21.960000	18.800000
	153.880000	22.380000	19.800000
	153.900000	22.836000	21.400000
	153.920000	23.304000	22.400000
	153.940000	23.808000	23.800000
	153.960000	24.336000	25.000000
	153.980000	24.888000	26.400000
	154.000000	25.452000	27.400000
	154.020000	26.040000	28.400000
	154.040000	26.640000	29.200000
	154.060000	27.252000	30.000000
	154.080000	27.888000	30.800000
	154.100000	28.548000	31.800000
	154.120000	29.220000	32.800000
	154.140000	29.904000	33.600000
	154.160000	30.588000	34.000000
	154.180000	31.308000	34.800000
	154.200000	32.004000	35.000000
	154.220000	32.724000	35.600000
	154.240000	33.432000	35.400000
	154.260000	34.164000	36.000000
	154.280000	34.896000	36.200000
	154.300000	35.628000	36.600000
	154.320000	36.372000	36.800000
	154.340000	37.104000	36.800000
	154.360000	37.836000	36.800000
	154.380000	38.544000	36.200000
	154.400000	39.252000	35.800000
	154.420000	39.960000	35.400000
	154.440000	40.656000	35.200000
	154.460000	41.328000	34.600000
	154.480000	41.988000	33.800000
	154.500000	42.636000	33.000000
	154.520000	43.272000	32.400000
	154.540000	43.872000	31.400000
	154.560000	44.460000	30.400000
	154.580000	45.012000	29.000000
	154.600000	45.540000	27.800000
	154.620000	46.044000	26.400000
	154.640000	46.536000	25.400000
	154.660000	46.992000	24.200000
	154.680000	47.412000	22.800000
	154.700000	47.796000	21.000000
	154.720000	48.156000	19.400000
	154.740000	48.468000	17.600000
	154.760000	48.744000	15.800000
	154.780000	48.984000	13.800000
	154.800000	49.188000	12.000000
	154.820000	49.356000	10.200000
	154.840000	49.476000	8.200000
	154.860000	49.572000	6.400000
	154.880000	49.620000	4.400000
	154.900000	49.632000	2.600000
	154.920000	49.596000	0.400000
	154.940000	49.524000	-1.600000
	154.960000	49.404000	-3.800000
	154.980000	49.248000	-5.800000
	155.000000	49.056000	-7.800000
	155.020000	48.852000	-9.200000
	155.040000	48.612000	-10.600000
	155.060000	48.336000	-12.000000
	155.080000	48.024000	-13.800000
	155.100000	47.688000	-15.400000
	155.120000	47.316000	-17.000000
	155.140000	46.920000	-18.400000
	155.160000	46.500000	-19.800000
	155.180000	46.068000	-20.800000
	155.200000	45.588000	-22.200000
	155.220000	45.084000	-23.600000
	155.240000	44.556000	-25.200000
	155.260000	44.016000	-26.200000
	155.280000	43.452000	-27.200000
	155.300000	42.864000	-28.200000
	155.320000	42.252000	-29.400000
	155.340000	41.628000	-30.400000
	155.360000	40.980000	-31.400000
	155.380000	40.320000	-32.200000
	155.400000	39.648000	-33.000000
	155.420000	38.976000	-33.400000
	155.440000	38.304000	-33.600000
	155.460000	37.620000	-33.800000
	155.480000	36.924000	-34.200000
	155.500000	36.216000	-34.800000
	155.520000	35.496000	-35.400000
	155.540000	34.788000	-35.600000
	155.560000	34.080000	-35.600000
	155.580000	33.372000	-35.400000
	155.600000	32.664000	-35.400000
	155.620000	31.968000	-35.200000
	155.640000	31.272000	-35.000000
	155.660000	30.576000	-34.800000
	155.680000	29.904000	-34.400000
	155.700000	29.244000	-33.800000
	155.720000	28.608000	-32.800000
	155.740000	27.960000	-32.400000
	155.760000	27.348000	-31.600000
	155.780000	26.748000	-31.000000
	155.800000	26.172000	-29.800000
	155.820000	25.596000	-29.200000
	155.840000	25.032000	-28.600000
	155.860000	24.504000	-27.800000
	155.880000	24.000000	-26.600000
	155.900000	23.532000	-25.000000
	155.920000	23.076000	-23.800000
	155.940000	22.656000	-22.400000
	155.960000	22.260000	-21.200000
	155.980000	21.888000	-19.800000
	156.000000	21.552000	-18.400000
	156.020000	21.240000	-17.000000
	156.040000	20.976000	-15.200000
	156.060000	20.736000	-13.600000
	156.080000	20.532000	-11.800000
	156.100000	20.352000	-10.400000
	156.120000	20.208000	-8.800000
	156.140000	20.100000	-7.200000
	156.160000	20.028000	-5.400000
	156.180000	19.992000	-3.600000
	156.200000	19.992000	-1.800000
	156.220000	20.028000	-5.928591E-14
	156.240000	20.088000	1.600000
	156.260000	20.172000	3.000000
	156.280000	20.292000	4.400000
	156.300000	20.448000	6.000000
	156.320000	20.640000	7.800000
	156.340000	20.844000	9.200000
	156.360000	21.084000	10.600000
	156.380000	21.348000	11.800000
	156.400000	21.648000	13.400000
	156.420000	21.972000	14.800000
	156.440000	22.320000	16.200000
	156.460000	22.692000	17.400000
	156.480000	23.088000	18.600000
	156.500000	23.520000	20.000000
	156.520000	23.964000	21.200000
	156.540000	24.432000	22.400000
	156.560000	24.912000	23.200000
	156.580000	25.440000	24.600000
	156.600000	25.992000	26.000000
	156.620000	26.568000	27.600000
	156.640000	27.156000	28.600000
	156.660000	27.768000	29.600000
	156.680000	28.416000	30.800000
	156.700000	29.064000	31.800000
	156.720000	29.712000	32.400000
	156.740000	30.372000	32.600000
	156.760000	31.068000	33.400000
	156.780000	31.788000	34.600000
	156.800000	32.496000	35.400000
	156.820000	33.204000	35.600000
	156.840000	33.924000	35.600000
	156.860000	34.668000	36.200000
	156.880000	35.424000	37.000000
	156.900000	36.180000	37.600000
	156.920000	36.936000	37.800000
	156.940000	37.680000	37.600000
	156.960000	38.424000	37.400000
	156.980000	39.156000	37.000000
	157.000000	39.900000	37.000000
	157.020000	40.632000	36.800000
	157.040000	41.376000	37.000000
	157.060000	42.084000	36.400000
	157.080000	42.780000	35.800000
	157.100000	43.452000	34.600000
	157.120000	44.124000	34.000000
	157.140000	44.784000	33.400000
	157.160000	45.408000	32.600000
	157.180000	46.020000	31.600000
	157.200000	46.596000	30.200000
	157.220000	47.160000	29.200000
	157.240000	47.676000	27.600000
	157.260000	48.180000	26.400000
	157.280000	48.648000	24.800000
	157.300000	49.092000	23.600000
	157.320000	49.488000	21.800000
	157.340000	49.848000	20.000000
	157.360000	50.172000	18.000000
	157.380000	50.460000	16.200000
	157.400000	50.712000	14.400000
	157.420000	50.928000	12.600000
	157.440000	51.108000	10.800000
	157.460000	51.240000	8.800000
	157.480000	51.324000	6.600000
	157.500000	51.360000	4.200000
	157.520000	51.360000	2.000000
	157.540000	51.324000	-1.184608E-13
	157.560000	51.252000	-1.800000
	157.580000	51.132000	-3.800000
	157.600000	50.976000	-5.800000
	157.620000	50.772000	-8.000000
	157.640000	50.544000	-9.800000
	157.660000	50.280000	-11.600000
	157.680000	49.992000	-13.000000
	157.700000	49.668000	-14.600000
	157.720000	49.320000	-16.000000
	157.740000	48.936000	-17.600000
	157.760000	48.528000	-19.000000
	157.780000	48.072000	-20.800000
	157.800000	47.592000	-22.400000
	157.820000	47.088000	-24.000000
	157.840000	46.572000	-25.000000
	157.860000	46.020000	-26.200000
	157.880000	45.444000	-27.400000
	157.900000	44.844000	-28.800000
	157.920000	44.232000	-29.800000
	157.940000	43.596000	-30.800000
	157.960000	42.924000	-32.000000
	157.980000	42.240000	-33.200000
	158.000000	41.544000	-34.200000
	158.020000	40.836000	-34.800000
	158.040000	40.116000	-35.400000
	158.060000	39.384000	-36.000000
	158.080000	38.664000	-36.200000
	158.100000	37.920000	-36.600000
	158.120000	37.152000	-37.200000
	158.140000	36.384000	-38.000000
	158.160000	35.616000	-38.400000
	158.180000	34.872000	-38.000000
	158.200000	34.104000	-38.000000
	158.220000	33.360000	-37.600000
	158.240000	32.616000	-37.600000
	158.260000	31.872000	-37.200000
	158.280000	31.128000	-37.200000
	158.300000	30.396000	-37.000000
	158.320000	29.688000	-36.400000
	158.340000	28.980000	-35.800000
	158.360000	28.272000	-35.400000
	158.380000	27.588000	-35.000000
	158.400000	26.928000	-34.200000
	158.420000	26.292000	-33.000000
	158.440000	25.668000	-32.000000
	158.460000	25.056000	-31.200000
	158.480000	24.468000	-30.400000
	158.500000	23.904000	-29.400000
	158.520000	23.376000	-28.000000
	158.540000	22.860000	-26.800000
	158.560000	22.380000	-25.400000
	158.580000	21.924000	-24.200000
	158.600000	21.492000	-22.800000
	158.620000	21.084000	-21.600000
	158.640000	20.712000	-20.200000
	158.660000	20.376000	-18.600000
	158.680000	20.064000	-17.000000
	158.700000	19.776000	-15.600000
	158.720000	19.536000	-14.000000
	158.740000	19.320000	-12.400000
	158.760000	19.140000	-10.600000
	158.780000	18.984000	-9.200000
	158.800000	18.876000	-7.400000
	158.820000	18.804000	-5.600000
	158.840000	18.768000	-3.600000
	158.860000	18.768000	-1.800000
	158.880000	18.804000	-5.928591E-14
	158.900000	18.864000	1.600000
	158.920000	18.960000	3.200000
	158.940000	19.080000	4.600000
	158.960000	19.236000	6.200000
	158.980000	19.416000	7.600000
	159.000000	19.632000	9.200000
	159.020000	19.872000	10.600000
	159.040000	20.148000	12.200000
	159.060000	20.436000	13.400000
	159.080000	20.748000	14.600000
	159.100000	21.072000	15.400000
	159.120000	21.432000	16.600000
	159.140000	21.828000	18.000000
	159.160000	22.248000	19.600000
	159.180000	22.680000	20.800000
	159.200000	23.136000	21.800000
	159.220000	23.616000	22.800000
	159.240000	24.120000	24.000000
	159.260000	24.636000	25.000000
	159.280000	25.176000	26.000000
	159.300000	25.740000	27.000000
	159.320000	26.316000	28.000000
	159.340000	26.916000	29.000000
	159.360000	27.528000	29.800000
	159.380000	28.164000	30.800000
	159.400000	28.800000	31.400000
	159.420000	29.448000	32.000000
	159.440000	30.120000	32.600000
	159.460000	30.792000	33.200000
	159.480000	31.476000	33.800000
	159.500000	32.136000	33.600000
	159.520000	32.820000	33.800000
	159.540000	33.504000	33.800000
	159.560000	34.212000	34.600000
	159.580000	34.908000	34.800000
	159.600000	35.604000	35.000000
	159.620000	36.288000	34.600000
	159.640000	36.960000	34.200000
	159.660000	37.644000	34.000000
	159.680000	38.304000	33.600000
	159.700000	38.964000	33.400000
	159.720000	39.600000	32.600000
	159.740000	40.236000	32.200000
	159.760000	40.860000	31.600000
	159.780000	41.448000	30.800000
	159.800000	42.024000	29.800000
	159.820000	42.576000	28.600000
	159.840000	43.116000	27.800000
	159.860000	43.632000	26.800000
	159.880000	44.112000	25.600000
	159.900000	44.568000	24.200000
	159.920000	44.988000	22.600000
	159.940000	45.384000	21.200000
	159.960000	45.744000	19.600000
	159.980000	46.080000	18.200000
	160.000000	46.392000	16.800000
	160.020000	46.668000	15.400000
	160.040000	46.896000	13.600000
	160.060000	47.088000	11.600000
	160.080000	47.244000	9.600000
	160.100000	47.364000	7.800000
	160.120000	47.436000	5.800000
	160.140000	47.472000	3.800000
	160.160000	47.472000	1.800000
	160.180000	47.424000	-0.200000
	160.200000	47.340000	-2.200000
	160.220000	47.220000	-4.200000
	160.240000	47.076000	-5.800000
	160.260000	46.896000	-7.400000
	160.280000	46.680000	-9.000000
	160.300000	46.428000	-10.800000
	160.320000	46.152000	-12.400000
	160.340000	45.840000	-14.000000
	160.360000	45.504000	-15.400000
	160.380000	45.144000	-16.800000
	160.400000	44.772000	-17.800000
	160.420000	44.376000	-18.800000
	160.440000	43.944000	-20.000000
	160.460000	43.488000	-21.400000
	160.480000	43.008000	-22.800000
	160.500000	42.504000	-24.000000
	160.520000	41.976000	-25.200000
	160.540000	41.424000	-26.400000
	160.560000	40.848000	-27.600000
	160.580000	40.260000	-28.600000
	160.600000	39.660000	-29.400000
	160.620000	39.060000	-29.800000
	160.640000	38.436000	-30.400000
	160.660000	37.788000	-31.200000
	160.680000	37.128000	-32.200000
	160.700000	36.468000	-32.800000
	160.720000	35.820000	-32.800000
	160.740000	35.160000	-32.800000
	160.760000	34.476000	-33.200000
	160.780000	33.792000	-33.800000
	160.800000	33.120000	-34.000000
	160.820000	32.448000	-33.800000
	160.840000	31.776000	-33.600000
	160.860000	31.092000	-33.800000
	160.880000	30.420000	-33.800000
	160.900000	29.748000	-33.800000
	160.920000	29.100000	-33.200000
	160.940000	28.464000	-32.600000
	160.960000	27.840000	-31.800000
	160.980000	27.216000	-31.400000
	161.000000	26.616000	-30.800000
	161.020000	26.016000	-30.400000
	161.040000	25.440000	-29.600000
	161.060000	24.876000	-29.000000
	161.080000	24.336000	-28.000000
	161.100000	23.808000	-27.200000
	161.120000	23.304000	-26.200000
	161.140000	22.824000	-25.200000
	161.160000	22.380000	-23.800000
	161.180000	21.960000	-22.400000
	161.200000	21.576000	-20.800000
	161.220000	21.204000	-19.600000
	161.240000	20.868000	-18.200000
	161.260000	20.556000	-17.000000
	161.280000	20.280000	-15.400000
	161.300000	20.028000	-14.000000
	161.320000	19.812000	-12.400000
	161.340000	19.620000	-11.000000
	161.360000	19.464000	-9.400000
	161.380000	19.344000	-7.800000
	161.400000	19.260000	-6.000000
	161.420000	19.212000	-4.200000
	161.440000	19.188000	-2.600000
	161.460000	19.212000	-0.800000
	161.480000	19.260000	0.800000
	161.500000	19.344000	2.600000
	161.520000	19.452000	4.000000
	161.540000	19.596000	5.600000
	161.560000	19.764000	7.000000
	161.580000	19.956000	8.400000
	161.600000	20.172000	9.600000
	161.620000	20.424000	11.000000
	161.640000	20.712000	12.600000
	161.660000	21.024000	14.200000
	161.680000	21.360000	15.600000
	161.700000	21.720000	16.800000
	161.720000	22.104000	18.000000
	161.740000	22.512000	19.200000
	161.760000	22.944000	20.400000
	161.780000	23.400000	21.600000
	161.800000	23.880000	22.800000
	161.820000	24.384000	24.000000
	161.840000	24.912000	25.200000
	161.860000	25.476000	26.600000
	161.880000	26.052000	27.800000
	161.900000	26.652000	29.000000
	161.920000	27.252000	29.600000
	161.940000	27.888000	30.600000
	161.960000	28.536000	31.400000
	161.980000	29.208000	32.600000
	162.000000	29.880000	33.200000
	162.020000	30.588000	34.200000
	162.040000	31.308000	35.000000
	162.060000	32.052000	36.200000
	162.080000	32.784000	36.600000
	162.100000	33.528000	37.000000
	162.120000	34.272000	37.000000
	162.140000	35.028000	37.400000
	162.160000	35.772000	37.400000
	162.180000	36.528000	37.600000
	162.200000	37.284000	37.600000
	162.220000	38.064000	38.200000
	162.240000	38.820000	38.200000
	162.260000	39.576000	38.200000
	162.280000	40.308000	37.400000
	162.300000	41.040000	37.000000
	162.320000	41.760000	36.400000
	162.340000	42.468000	36.000000
	162.360000	43.164000	35.400000
	162.380000	43.836000	34.600000
	162.400000	44.508000	34.000000
	162.420000	45.156000	33.200000
	162.440000	45.780000	32.400000
	162.460000	46.368000	31.000000
	162.480000	46.932000	29.600000
	162.500000	47.484000	28.400000
	162.520000	48.000000	27.200000
	162.540000	48.492000	26.000000
	162.560000	48.936000	24.200000
	162.580000	49.356000	22.600000
	162.600000	49.740000	20.800000
	162.620000	50.088000	19.200000
	162.640000	50.400000	17.400000
	162.660000	50.664000	15.400000
	162.680000	50.904000	13.600000
	162.700000	51.096000	11.600000
	162.720000	51.252000	9.800000
	162.740000	51.348000	7.400000
	162.760000	51.408000	5.200000
	162.780000	51.432000	3.000000
	162.800000	51.420000	1.200000
	162.820000	51.360000	-0.800000
	162.840000	51.252000	-3.000000
	162.860000	51.108000	-5.200000
	162.880000	50.928000	-7.200000
	162.900000	50.712000	-9.000000
	162.920000	50.460000	-10.800000
	162.940000	50.184000	-12.400000
	162.960000	49.872000	-14.000000
	162.980000	49.536000	-15.400000
	163.000000	49.152000	-17.200000
	163.020000	48.756000	-18.600000
	163.040000	48.324000	-20.200000
	163.060000	47.880000	-21.200000
	163.080000	47.376000	-23.000000
	163.100000	46.860000	-24.400000
	163.120000	46.308000	-26.200000
	163.140000	45.744000	-27.200000
	163.160000	45.144000	-28.600000
	163.180000	44.520000	-29.800000
	163.200000	43.896000	-30.800000
	163.220000	43.248000	-31.600000
	163.240000	42.576000	-32.400000
	163.260000	41.892000	-33.400000
	163.280000	41.196000	-34.200000
	163.300000	40.488000	-34.800000
	163.320000	39.756000	-35.600000
	163.340000	39.012000	-36.400000
	163.360000	38.268000	-37.000000
	163.380000	37.524000	-37.200000
	163.400000	36.780000	-37.200000
	163.420000	36.024000	-37.400000
	163.440000	35.256000	-37.800000
	163.460000	34.500000	-38.000000
	163.480000	33.756000	-37.800000
	163.500000	33.024000	-37.200000
	163.520000	32.292000	-36.800000
	163.540000	31.560000	-36.600000
	163.560000	30.840000	-36.400000
	163.580000	30.108000	-36.400000
	163.600000	29.400000	-36.000000
	163.620000	28.704000	-35.600000
	163.640000	28.020000	-34.800000
	163.660000	27.372000	-33.800000
	163.680000	26.712000	-33.200000
	163.700000	26.088000	-32.200000
	163.720000	25.464000	-31.800000
	163.740000	24.888000	-30.400000
	163.760000	24.336000	-29.200000
	163.780000	23.796000	-27.800000
	163.800000	23.280000	-26.800000
	163.820000	22.788000	-25.800000
	163.840000	22.332000	-24.400000
	163.860000	21.900000	-23.000000
	163.880000	21.504000	-21.400000
	163.900000	21.132000	-20.000000
	163.920000	20.784000	-18.600000
	163.940000	20.472000	-17.200000
	163.960000	20.196000	-15.600000
	163.980000	19.956000	-13.800000
	164.000000	19.740000	-12.200000
	164.020000	19.560000	-10.600000
	164.040000	19.416000	-9.000000
	164.060000	19.308000	-7.200000
	164.080000	19.236000	-5.400000
	164.100000	19.200000	-3.600000
	164.120000	19.188000	-2.000000
	164.140000	19.212000	-0.400000
	164.160000	19.272000	1.200000
	164.180000	19.368000	3.000000
	164.200000	19.500000	4.800000
	164.220000	19.656000	6.400000
	164.240000	19.848000	8.000000
	164.260000	20.052000	9.200000
	164.280000	20.292000	10.600000
	164.300000	20.556000	11.800000
	164.320000	20.856000	13.400000
	164.340000	21.168000	14.600000
	164.360000	21.504000	15.800000
	164.380000	21.864000	16.800000
	164.400000	22.248000	18.000000
	164.420000	22.668000	19.400000
	164.440000	23.112000	20.800000
	164.460000	23.580000	22.200000
	164.480000	24.060000	23.200000
	164.500000	24.552000	24.000000
	164.520000	25.080000	25.000000
	164.540000	25.632000	26.200000
	164.560000	26.208000	27.600000
	164.580000	26.808000	28.800000
	164.600000	27.408000	29.600000
	164.620000	28.032000	30.400000
	164.640000	28.656000	30.800000
	164.660000	29.304000	31.600000
	164.680000	29.952000	32.000000
	164.700000	30.624000	32.800000
	164.720000	31.308000	33.400000
	164.740000	32.016000	34.400000
	164.760000	32.712000	34.800000
	164.780000	33.408000	35.000000
	164.800000	34.092000	34.600000
	164.820000	34.788000	34.600000
	164.840000	35.496000	34.800000
	164.860000	36.204000	35.200000
	164.880000	36.900000	35.200000
	164.900000	37.584000	34.800000
	164.920000	38.268000	34.400000
	164.940000	38.940000	34.000000
	164.960000	39.624000	34.000000
	164.980000	40.284000	33.600000
	165.000000	40.932000	33.200000
	165.020000	41.544000	32.000000
	165.040000	42.156000	31.200000
	165.060000	42.744000	30.200000
	165.080000	43.308000	29.400000
	165.100000	43.848000	28.200000
	165.120000	44.376000	27.200000
	165.140000	44.868000	26.000000
	165.160000	45.336000	24.800000
	165.180000	45.768000	23.200000
	165.200000	46.188000	22.000000
	165.220000	46.560000	20.400000
	165.240000	46.908000	19.000000
	165.260000	47.208000	17.000000
	165.280000	47.484000	15.400000
	165.300000	47.724000	13.600000
	165.320000	47.928000	12.000000
	165.340000	48.084000	10.000000
	165.360000	48.204000	8.000000
	165.380000	48.288000	6.000000
	165.400000	48.336000	4.200000
	165.420000	48.336000	2.200000
	165.440000	48.288000	0.000000
	165.460000	48.204000	-2.200000
	165.480000	48.084000	-4.200000
	165.500000	47.940000	-5.800000
	165.520000	47.760000	-7.400000
	165.540000	47.544000	-9.000000
	165.560000	47.292000	-10.800000
	165.580000	47.004000	-12.600000
	165.600000	46.680000	-14.400000
	165.620000	46.344000	-15.800000
	165.640000	45.972000	-17.200000
	165.660000	45.588000	-18.200000
	165.680000	45.168000	-19.600000
	165.700000	44.736000	-20.600000
	165.720000	44.268000	-22.000000
	165.740000	43.776000	-23.200000
	165.760000	43.248000	-24.800000
	165.780000	42.708000	-26.000000
	165.800000	42.144000	-27.200000
	165.820000	41.580000	-27.800000
	165.840000	40.980000	-28.800000
	165.860000	40.356000	-29.800000
	165.880000	39.708000	-31.200000
	165.900000	39.060000	-32.000000
	165.920000	38.412000	-32.400000
	165.940000	37.752000	-32.600000
	165.960000	37.080000	-33.000000
	165.980000	36.396000	-33.600000
	166.000000	35.712000	-34.000000
	166.020000	35.016000	-34.400000
	166.040000	34.308000	-34.800000
	166.060000	33.612000	-35.000000
	166.080000	32.916000	-35.000000
	166.100000	32.220000	-34.800000
	166.120000	31.524000	-34.800000
	166.140000	30.828000	-34.800000
	166.160000	30.156000	-34.400000
	166.180000	29.472000	-34.200000
	166.200000	28.824000	-33.400000
	166.220000	28.164000	-33.200000
	166.240000	27.528000	-32.400000
	166.260000	26.892000	-32.200000
	166.280000	26.280000	-31.400000
	166.300000	25.680000	-30.800000
	166.320000	25.092000	-30.000000
	166.340000	24.540000	-29.000000
	166.360000	24.000000	-28.000000
	166.380000	23.484000	-26.800000
	166.400000	22.980000	-26.000000
	166.420000	22.500000	-25.000000
	166.440000	22.044000	-24.000000
	166.460000	21.624000	-22.600000
	166.480000	21.228000	-21.200000
	166.500000	20.868000	-19.600000
	166.520000	20.520000	-18.400000
	166.540000	20.220000	-16.800000
	166.560000	19.944000	-15.400000
	166.580000	19.704000	-13.600000
	166.600000	19.488000	-12.200000
	166.620000	19.296000	-10.800000
	166.640000	19.140000	-9.400000
	166.660000	19.020000	-7.800000
	166.680000	18.948000	-5.800000
	166.700000	18.912000	-3.800000
	166.720000	18.912000	-1.800000
	166.740000	18.936000	-0.200000
	166.760000	18.996000	1.400000
	166.780000	19.080000	2.800000
	166.800000	19.200000	4.400000
	166.820000	19.344000	5.800000
	166.840000	19.524000	7.400000
	166.860000	19.728000	8.800000
	166.880000	19.968000	10.400000
	166.900000	20.220000	11.600000
	166.920000	20.508000	13.000000
	166.940000	20.808000	14.000000
	166.960000	21.144000	15.400000
	166.980000	21.504000	16.600000
	167.000000	21.888000	18.000000
	167.020000	22.308000	19.400000
	167.040000	22.752000	20.800000
	167.060000	23.208000	22.000000
	167.080000	23.688000	23.000000
	167.100000	24.192000	24.000000
	167.120000	24.732000	25.400000
	167.140000	25.296000	26.800000
	167.160000	25.872000	28.000000
	167.180000	26.460000	28.800000
	167.200000	27.060000	29.400000
	167.220000	27.684000	30.200000
	167.240000	28.344000	31.400000
	167.260000	29.016000	32.600000
	167.280000	29.700000	33.600000
	167.300000	30.384000	34.000000
	167.320000	31.092000	34.600000
	167.340000	31.800000	35.000000
	167.360000	32.520000	35.600000
	167.380000	33.240000	35.800000
	167.400000	33.972000	36.200000
	167.420000	34.716000	36.600000
	167.440000	35.460000	37.000000
	167.460000	36.204000	37.200000
	167.480000	36.936000	37.000000
	167.500000	37.656000	36.600000
	167.520000	38.400000	36.600000
	167.540000	39.120000	36.400000
	167.560000	39.840000	36.400000
	167.580000	40.536000	35.600000
	167.600000	41.256000	35.600000
	167.620000	41.952000	35.200000
	167.640000	42.624000	34.800000
	167.660000	43.260000	33.400000
	167.680000	43.884000	32.200000
	167.700000	44.496000	31.200000
	167.720000	45.096000	30.600000
	167.740000	45.660000	29.600000
	167.760000	46.200000	28.400000
	167.780000	46.704000	26.800000
	167.800000	47.184000	25.400000
	167.820000	47.628000	23.800000
	167.840000	48.048000	22.400000
	167.860000	48.432000	20.800000
	167.880000	48.780000	19.200000
	167.900000	49.092000	17.400000
	167.920000	49.368000	15.600000
	167.940000	49.608000	13.800000
	167.960000	49.800000	11.800000
	167.980000	49.956000	9.800000
	168.000000	50.064000	7.600000
	168.020000	50.136000	5.600000
	168.040000	50.172000	3.600000
	168.060000	50.172000	1.800000
	168.080000	50.136000	0.000000
	168.100000	50.052000	-2.000000
	168.120000	49.932000	-4.000000
	168.140000	49.776000	-6.000000
	168.160000	49.584000	-7.800000
	168.180000	49.356000	-9.600000
	168.200000	49.092000	-11.400000
	168.220000	48.804000	-13.000000
	168.240000	48.492000	-14.400000
	168.260000	48.144000	-15.800000
	168.280000	47.772000	-17.200000
	168.300000	47.364000	-18.800000
	168.320000	46.944000	-20.000000
	168.340000	46.476000	-21.600000
	168.360000	45.984000	-23.000000
	168.380000	45.456000	-24.800000
	168.400000	44.916000	-26.000000
	168.420000	44.364000	-27.000000
	168.440000	43.788000	-27.800000
	168.460000	43.200000	-28.600000
	168.480000	42.588000	-29.600000
	168.500000	41.952000	-30.600000
	168.520000	41.292000	-31.800000
	168.540000	40.608000	-33.000000
	168.560000	39.924000	-33.800000
	168.580000	39.228000	-34.400000
	168.600000	38.532000	-34.600000
	168.620000	37.824000	-35.000000
	168.640000	37.116000	-35.200000
	168.660000	36.396000	-35.600000
	168.680000	35.676000	-35.800000
	168.700000	34.956000	-36.000000
	168.720000	34.236000	-36.000000
	168.740000	33.516000	-36.000000
	168.760000	32.796000	-36.000000
	168.780000	32.076000	-36.000000
	168.800000	31.368000	-35.800000
	168.820000	30.672000	-35.400000
	168.840000	29.988000	-34.800000
	168.860000	29.304000	-34.400000
	168.880000	28.644000	-33.800000
	168.900000	27.996000	-33.200000
	168.920000	27.372000	-32.200000
	168.940000	26.748000	-31.600000
	168.960000	26.160000	-30.600000
	168.980000	25.584000	-29.800000
	169.000000	25.032000	-28.600000
	169.020000	24.492000	-27.800000
	169.040000	23.976000	-26.800000
	169.060000	23.484000	-25.800000
	169.080000	23.016000	-24.600000
	169.100000	22.584000	-23.200000
	169.120000	22.176000	-21.800000
	169.140000	21.804000	-20.200000
	169.160000	21.456000	-18.800000
	169.180000	21.144000	-17.200000
	169.200000	20.856000	-15.800000
	169.220000	20.604000	-14.200000
	169.240000	20.376000	-12.800000
	169.260000	20.184000	-11.200000
	169.280000	20.028000	-9.600000
	169.300000	19.920000	-7.600000
	169.320000	19.836000	-5.800000
	169.340000	19.788000	-4.000000
	169.360000	19.776000	-2.400000
	169.380000	19.800000	-0.600000
	169.400000	19.860000	1.200000
	169.420000	19.944000	2.800000
	169.440000	20.064000	4.400000
	169.460000	20.208000	5.800000
	169.480000	20.376000	7.200000
	169.500000	20.580000	8.600000
	169.520000	20.808000	10.000000
	169.540000	21.072000	11.600000
	169.560000	21.360000	13.000000
	169.580000	21.672000	14.400000
	169.600000	22.020000	15.800000
	169.620000	22.380000	17.000000
	169.640000	22.776000	18.400000
	169.660000	23.184000	19.400000
	169.680000	23.628000	20.800000
	169.700000	24.096000	22.000000
	169.720000	24.588000	23.400000
	169.740000	25.104000	24.600000
	169.760000	25.632000	25.600000
	169.780000	26.184000	26.600000
	169.800000	26.760000	27.600000
	169.820000	27.372000	29.000000
	169.840000	27.996000	30.200000
	169.860000	28.632000	31.200000
	169.880000	29.280000	31.800000
	169.900000	29.952000	32.600000
	169.920000	30.636000	33.400000
	169.940000	31.320000	34.000000
	169.960000	32.028000	34.600000
	169.980000	32.760000	35.400000
	170.000000	33.492000	36.200000
	170.020000	34.212000	36.400000
	170.040000	34.920000	36.000000
	170.060000	35.664000	36.200000
	170.080000	36.408000	36.600000
	170.100000	37.164000	37.400000
	170.120000	37.896000	37.200000
	170.140000	38.628000	37.000000
	170.160000	39.360000	36.600000
	170.180000	40.080000	36.400000
	170.200000	40.800000	36.200000
	170.220000	41.484000	35.400000
	170.240000	42.180000	35.000000
	170.260000	42.840000	34.000000
	170.280000	43.500000	33.600000
	170.300000	44.124000	32.400000
	170.320000	44.748000	31.800000
	170.340000	45.348000	30.800000
	170.360000	45.924000	30.000000
	170.380000	46.464000	28.600000
	170.400000	46.980000	27.200000
	170.420000	47.460000	25.600000
	170.440000	47.928000	24.400000
	170.460000	48.360000	23.000000
	170.480000	48.768000	21.800000
	170.500000	49.128000	20.000000
	170.520000	49.452000	18.200000
	170.540000	49.728000	16.000000
	170.560000	49.968000	14.000000
	170.580000	50.172000	12.000000
	170.600000	50.352000	10.400000
	170.620000	50.484000	8.600000
	170.640000	50.568000	6.600000
	170.660000	50.604000	4.200000
	170.680000	50.616000	2.200000
	170.700000	50.580000	0.200000
	170.720000	50.508000	-1.600000
	170.740000	50.388000	-3.800000
	170.760000	50.232000	-5.800000
	170.780000	50.040000	-7.800000
	170.800000	49.824000	-9.400000
	170.820000	49.584000	-10.800000
	170.840000	49.308000	-12.200000
	170.860000	48.984000	-14.000000
	170.880000	48.624000	-16.000000
	170.900000	48.252000	-17.600000
	170.920000	47.844000	-19.000000
	170.940000	47.412000	-20.200000
	170.960000	46.944000	-21.800000
	170.980000	46.464000	-23.000000
	171.000000	45.960000	-24.200000
	171.020000	45.420000	-25.400000
	171.040000	44.856000	-26.800000
	171.060000	44.268000	-28.200000
	171.080000	43.656000	-29.400000
	171.100000	43.020000	-30.600000
	171.120000	42.372000	-31.600000
	171.140000	41.712000	-32.400000
	171.160000	41.040000	-33.000000
	171.180000	40.356000	-33.600000
	171.200000	39.660000	-34.200000
	171.220000	38.952000	-34.800000
	171.240000	38.232000	-35.400000
	171.260000	37.512000	-35.800000
	171.280000	36.780000	-36.200000
	171.300000	36.048000	-36.400000
	171.320000	35.304000	-36.800000
	171.340000	34.572000	-36.800000
	171.360000	33.828000	-37.000000
	171.380000	33.096000	-36.800000
	171.400000	32.364000	-36.800000
	171.420000	31.656000	-36.200000
	171.440000	30.936000	-36.000000
	171.460000	30.228000	-35.600000
	171.480000	29.532000	-35.400000
	171.500000	28.860000	-34.600000
	171.520000	28.200000	-33.800000
	171.540000	27.528000	-33.400000
	171.560000	26.892000	-32.800000
	171.580000	26.268000	-32.200000
	171.600000	25.680000	-30.800000
	171.620000	25.092000	-30.000000
	171.640000	24.540000	-28.800000
	171.660000	24.000000	-28.000000
	171.680000	23.484000	-26.800000
	171.700000	22.992000	-25.800000
	171.720000	22.536000	-24.400000
	171.740000	22.104000	-23.000000
	171.760000	21.696000	-21.600000
	171.780000	21.312000	-20.400000
	171.800000	20.976000	-18.800000
	171.820000	20.664000	-17.200000
	171.840000	20.388000	-15.400000
	171.860000	20.136000	-14.000000
	171.880000	19.920000	-12.400000
	171.900000	19.740000	-10.800000
	171.920000	19.596000	-9.000000
	171.940000	19.488000	-7.200000
	171.960000	19.416000	-5.400000
	171.980000	19.368000	-3.800000
	172.000000	19.356000	-2.200000
	172.020000	19.380000	-0.600000
	172.040000	19.440000	1.200000
	172.060000	19.536000	3.000000
	172.080000	19.656000	4.600000
	172.100000	19.812000	6.200000
	172.120000	19.992000	7.600000
	172.140000	20.196000	9.000000
	172.160000	20.436000	10.400000
	172.180000	20.700000	11.800000
	172.200000	20.988000	13.200000
	172.220000	21.300000	14.400000
	172.240000	21.636000	15.600000
	172.260000	21.996000	16.800000
	172.280000	22.392000	18.200000
	172.300000	22.812000	19.600000
	172.320000	23.256000	21.000000
	172.340000	23.712000	22.000000
	172.360000	24.192000	23.000000
	172.380000	24.708000	24.200000
	172.400000	25.224000	25.200000
	172.420000	25.776000	26.400000
	172.440000	26.340000	27.200000
	172.460000	26.952000	28.800000
	172.480000	27.564000	29.800000
	172.500000	28.200000	31.000000
	172.520000	28.836000	31.400000
	172.540000	29.496000	32.200000
	172.560000	30.168000	32.800000
	172.580000	30.852000	33.600000
	172.600000	31.536000	34.000000
	172.620000	32.232000	34.400000
	172.640000	32.940000	34.800000
	172.660000	33.672000	35.600000
	172.680000	34.404000	36.200000
	172.700000	35.124000	36.400000
	172.720000	35.844000	36.200000
	172.740000	36.564000	36.000000
	172.760000	37.284000	36.000000
	172.780000	37.992000	35.800000
	172.800000	38.688000	35.400000
	172.820000	39.396000	35.200000
	172.840000	40.080000	34.800000
	172.860000	40.764000	34.600000
	172.880000	41.424000	33.800000
	172.900000	42.096000	33.600000
	172.920000	42.744000	33.000000
	172.940000	43.368000	32.400000
	172.960000	43.968000	31.200000
	172.980000	44.532000	29.800000
	173.000000	45.084000	28.600000
	173.020000	45.600000	27.200000
	173.040000	46.104000	26.200000
	173.060000	46.584000	25.000000
	173.080000	47.016000	23.600000
	173.100000	47.424000	22.000000
	173.120000	47.796000	20.200000
	173.140000	48.144000	18.800000
	173.160000	48.456000	17.200000
	173.180000	48.720000	15.400000
	173.200000	48.948000	13.400000
	173.220000	49.140000	11.400000
	173.240000	49.296000	9.600000
	173.260000	49.416000	7.800000
	173.280000	49.488000	5.800000
	173.300000	49.512000	3.600000
	173.320000	49.500000	1.400000
	173.340000	49.452000	-0.600000
	173.360000	49.380000	-2.200000
	173.380000	49.260000	-4.000000
	173.400000	49.104000	-5.800000
	173.420000	48.912000	-7.800000
	173.440000	48.696000	-9.400000
	173.460000	48.444000	-11.000000
	173.480000	48.156000	-12.600000
	173.500000	47.844000	-14.200000
	173.520000	47.496000	-15.800000
	173.540000	47.124000	-17.200000
	173.560000	46.728000	-18.600000
	173.580000	46.308000	-19.800000
	173.600000	45.864000	-21.000000
	173.620000	45.372000	-22.600000
	173.640000	44.856000	-24.200000
	173.660000	44.328000	-25.600000
	173.680000	43.776000	-26.600000
	173.700000	43.212000	-27.400000
	173.720000	42.612000	-28.600000
	173.740000	42.012000	-29.400000
	173.760000	41.388000	-30.400000
	173.780000	40.752000	-31.000000
	173.800000	40.092000	-32.000000
	173.820000	39.432000	-32.600000
	173.840000	38.748000	-33.400000
	173.860000	38.064000	-33.800000
	173.880000	37.356000	-34.600000
	173.900000	36.648000	-35.000000
	173.920000	35.940000	-35.400000
	173.940000	35.232000	-35.400000
	173.960000	34.524000	-35.400000
	173.980000	33.816000	-35.400000
	174.000000	33.096000	-35.600000
	174.020000	32.388000	-35.600000
	174.040000	31.692000	-35.400000
	174.060000	31.008000	-34.800000
	174.080000	30.336000	-34.200000
	174.100000	29.652000	-34.000000
	174.120000	28.992000	-33.600000
	174.140000	28.332000	-33.400000
	174.160000	27.696000	-32.600000
	174.180000	27.072000	-32.000000
	174.200000	26.472000	-31.000000
	174.220000	25.896000	-30.000000
	174.240000	25.344000	-28.800000
	174.260000	24.792000	-28.000000
	174.280000	24.264000	-27.200000
	174.300000	23.760000	-26.400000
	174.320000	23.304000	-24.800000
	174.340000	22.860000	-23.400000
	174.360000	22.428000	-22.200000
	174.380000	22.020000	-21.400000
	174.400000	21.648000	-20.200000
	174.420000	21.312000	-18.600000
	174.440000	21.012000	-16.800000
	174.460000	20.736000	-15.200000
	174.480000	20.496000	-13.600000
	174.500000	20.292000	-12.000000
	174.520000	20.124000	-10.200000
	174.540000	19.992000	-8.400000
	174.560000	19.884000	-6.800000
	174.580000	19.812000	-5.200000
	174.600000	19.776000	-3.600000
	174.620000	19.776000	-1.800000
	174.640000	19.812000	0.000000
	174.660000	19.884000	1.800000
	174.680000	19.980000	3.400000
	174.700000	20.112000	5.000000
	174.720000	20.268000	6.400000
	174.740000	20.460000	8.000000
	174.760000	20.676000	9.400000
	174.780000	20.916000	10.800000
	174.800000	21.192000	12.200000
	174.820000	21.492000	13.600000
	174.840000	21.816000	15.000000
	174.860000	22.164000	16.200000
	174.880000	22.536000	17.400000
	174.900000	22.944000	18.800000
	174.920000	23.364000	20.000000
	174.940000	23.808000	21.200000
	174.960000	24.288000	22.400000
	174.980000	24.792000	23.800000
	175.000000	25.320000	25.200000
	175.020000	25.872000	26.400000
	175.040000	26.448000	27.600000
	175.060000	27.048000	28.800000
	175.080000	27.648000	29.600000
	175.100000	28.272000	30.400000
	175.120000	28.920000	31.200000
	175.140000	29.592000	32.400000
	175.160000	30.276000	33.400000
	175.180000	30.984000	34.400000
	175.200000	31.692000	35.000000
	175.220000	32.424000	35.800000
	175.240000	33.144000	36.000000
	175.260000	33.888000	36.600000
	175.280000	34.632000	36.800000
	175.300000	35.376000	37.200000
	175.320000	36.132000	37.400000
	175.340000	36.876000	37.400000
	175.360000	37.632000	37.600000
	175.380000	38.376000	37.400000
	175.400000	39.144000	37.800000
	175.420000	39.900000	37.800000
	175.440000	40.632000	37.600000
	175.460000	41.352000	36.800000
	175.480000	42.060000	36.000000
	175.500000	42.768000	35.600000
	175.520000	43.464000	35.200000
	175.540000	44.136000	34.600000
	175.560000	44.796000	33.800000
	175.580000	45.420000	32.600000
	175.600000	46.032000	31.600000
	175.620000	46.620000	30.400000
	175.640000	47.184000	29.400000
	175.660000	47.724000	28.200000
	175.680000	48.228000	26.800000
	175.700000	48.696000	25.200000
	175.720000	49.140000	23.600000
	175.740000	49.548000	22.000000
	175.760000	49.920000	20.400000
	175.780000	50.256000	18.600000
	175.800000	50.556000	16.800000
	175.820000	50.820000	15.000000
	175.840000	51.036000	13.000000
	175.860000	51.216000	11.000000
	175.880000	51.348000	8.800000
	175.900000	51.444000	6.800000
	175.920000	51.492000	4.600000
	175.940000	51.504000	2.600000
	175.960000	51.468000	0.400000
	175.980000	51.396000	-1.600000
	176.000000	51.276000	-3.800000
	176.020000	51.120000	-5.800000
	176.040000	50.928000	-7.800000
	176.060000	50.712000	-9.400000
	176.080000	50.460000	-11.000000
	176.100000	50.160000	-12.800000
	176.120000	49.824000	-14.800000
	176.140000	49.464000	-16.600000
	176.160000	49.092000	-17.800000
	176.180000	48.684000	-19.000000
	176.200000	48.240000	-20.400000
	176.220000	47.760000	-22.200000
	176.240000	47.256000	-23.800000
	176.260000	46.740000	-25.000000
	176.280000	46.200000	-26.000000
	176.300000	45.636000	-27.000000
	176.320000	45.024000	-28.600000
	176.340000	44.388000	-30.200000
	176.360000	43.740000	-31.600000
	176.380000	43.080000	-32.400000
	176.400000	42.408000	-33.000000
	176.420000	41.724000	-33.600000
	176.440000	41.016000	-34.400000
	176.460000	40.284000	-35.400000
	176.480000	39.552000	-36.200000
	176.500000	38.808000	-36.800000
	176.520000	38.076000	-36.800000
	176.540000	37.320000	-37.200000
	176.560000	36.576000	-37.200000
	176.580000	35.808000	-37.800000
	176.600000	35.052000	-37.800000
	176.620000	34.272000	-38.400000
	176.640000	33.516000	-38.200000
	176.660000	32.760000	-38.200000
	176.680000	32.028000	-37.400000
	176.700000	31.284000	-37.200000
	176.720000	30.552000	-36.800000
	176.740000	29.844000	-36.400000
	176.760000	29.148000	-35.600000
	176.780000	28.440000	-35.200000
	176.800000	27.744000	-35.000000
	176.820000	27.072000	-34.600000
	176.840000	26.424000	-33.600000
	176.860000	25.788000	-32.600000
	176.880000	25.176000	-31.600000
	176.900000	24.600000	-30.400000
	176.920000	24.048000	-29.000000
	176.940000	23.508000	-27.800000
	176.960000	22.992000	-26.800000
	176.980000	22.488000	-26.000000
	177.000000	22.032000	-24.600000
	177.020000	21.588000	-23.400000
	177.040000	21.192000	-21.600000
	177.060000	20.808000	-20.400000
	177.080000	20.460000	-18.800000
	177.100000	20.136000	-17.600000
	177.120000	19.848000	-16.000000
	177.140000	19.596000	-14.400000
	177.160000	19.380000	-12.600000
	177.180000	19.200000	-10.800000
	177.200000	19.056000	-9.000000
	177.220000	18.948000	-7.200000
	177.240000	18.876000	-5.400000
	177.260000	18.840000	-3.600000
	177.280000	18.828000	-2.000000
	177.300000	18.852000	-0.400000
	177.320000	18.912000	1.200000
	177.340000	19.008000	3.000000
	177.360000	19.128000	4.600000
	177.380000	19.284000	6.200000
	177.400000	19.464000	7.600000
	177.420000	19.680000	9.200000
	177.440000	19.908000	10.400000
	177.460000	20.172000	11.800000
	177.480000	20.460000	13.000000
	177.500000	20.784000	14.600000
	177.520000	21.132000	16.000000
	177.540000	21.492000	17.200000
	177.560000	21.864000	18.000000
	177.580000	22.272000	19.000000
	177.600000	22.704000	20.200000
	177.620000	23.160000	21.600000
	177.640000	23.628000	22.600000
	177.660000	24.144000	24.000000
	177.680000	24.684000	25.400000
	177.700000	25.236000	26.800000
	177.720000	25.788000	27.400000
	177.740000	26.364000	28.000000
	177.760000	26.964000	28.800000
	177.780000	27.576000	29.800000
	177.800000	28.200000	30.600000
	177.820000	28.836000	31.200000
	177.840000	29.496000	32.000000
	177.860000	30.156000	32.600000
	177.880000	30.828000	33.200000
	177.900000	31.512000	33.600000
	177.920000	32.196000	34.000000
	177.940000	32.892000	34.400000
	177.960000	33.588000	34.600000
	177.980000	34.284000	34.800000
	178.000000	34.980000	34.800000
	178.020000	35.664000	34.600000
	178.040000	36.360000	34.600000
	178.060000	37.032000	34.200000
	178.080000	37.716000	34.200000
	178.100000	38.376000	33.600000
	178.120000	39.048000	33.600000
	178.140000	39.684000	32.800000
	178.160000	40.332000	32.600000
	178.180000	40.956000	31.800000
	178.200000	41.556000	31.200000
	178.220000	42.132000	30.000000
	178.240000	42.684000	28.800000
	178.260000	43.224000	27.800000
	178.280000	43.728000	26.600000
	178.300000	44.208000	25.400000
	178.320000	44.664000	24.000000
	178.340000	45.108000	23.000000
	178.360000	45.516000	21.800000
	178.380000	45.900000	20.600000
	178.400000	46.236000	18.800000
	178.420000	46.548000	17.200000
	178.440000	46.812000	15.200000
	178.460000	47.040000	13.400000
	178.480000	47.232000	11.400000
	178.500000	47.388000	9.600000
	178.520000	47.508000	7.800000
	178.540000	47.580000	5.800000
	178.560000	47.616000	3.800000
	178.580000	47.616000	1.800000
	178.600000	47.580000	-1.184608E-13
	178.620000	47.508000	-1.800000
	178.640000	47.400000	-3.600000
	178.660000	47.244000	-5.600000
	178.680000	47.052000	-7.600000
	178.700000	46.836000	-9.400000
	178.720000	46.596000	-10.800000
	178.740000	46.332000	-12.000000
	178.760000	46.020000	-13.600000
	178.780000	45.684000	-15.200000
	178.800000	45.324000	-16.800000
	178.820000	44.940000	-18.000000
	178.840000	44.532000	-19.200000
	178.860000	44.088000	-20.600000
	178.880000	43.632000	-21.800000
	178.900000	43.152000	-23.000000
	178.920000	42.660000	-23.800000
	178.940000	42.120000	-25.200000
	178.960000	41.568000	-26.400000
	178.980000	40.980000	-28.000000
	179.000000	40.404000	-28.600000
	179.020000	39.804000	-29.400000
	179.040000	39.192000	-29.800000
	179.060000	38.568000	-30.600000
	179.080000	37.908000	-31.600000
	179.100000	37.260000	-32.200000
	179.120000	36.576000	-33.200000
	179.140000	35.916000	-33.200000
	179.160000	35.232000	-33.800000
	179.180000	34.572000	-33.400000
	179.200000	33.888000	-33.800000
	179.220000	33.216000	-33.600000
	179.240000	32.532000	-34.000000
	179.260000	31.860000	-33.800000
	179.280000	31.176000	-34.000000
	179.300000	30.492000	-34.000000
	179.320000	29.820000	-34.000000
	179.340000	29.160000	-33.600000
	179.360000	28.524000	-32.800000
	179.380000	27.888000	-32.200000
	179.400000	27.252000	-31.800000
	179.420000	26.628000	-31.600000
	179.440000	26.016000	-31.200000
	179.460000	25.452000	-30.000000
	179.480000	24.888000	-29.000000
	179.500000	24.360000	-27.600000
	179.520000	23.832000	-27.000000
	179.540000	23.328000	-26.000000
	179.560000	22.848000	-25.200000
	179.580000	22.380000	-24.200000
	179.600000	21.948000	-23.000000
	179.620000	21.540000	-21.800000
	179.640000	21.168000	-20.200000
	179.660000	20.820000	-18.800000
	179.680000	20.496000	-17.400000
	179.700000	20.208000	-16.000000
	179.720000	19.956000	-14.400000
	179.740000	19.728000	-12.800000
	179.760000	19.524000	-11.400000
	179.780000	19.356000	-10.000000
	179.800000	19.224000	-8.400000
	179.820000	19.140000	-6.400000
	179.840000	19.080000	-4.600000
	179.860000	19.056000	-2.800000
	179.880000	19.056000	-1.400000
	179.900000	19.092000	0.200000
	179.920000	19.164000	1.800000
	179.940000	19.272000	3.600000
	179.960000	19.416000	5.400000
	179.980000	19.584000	7.000000
	180.000000	19.776000	8.400000
	180.020000	19.992000	9.600000
	180.040000	20.232000	10.800000
	180.060000	20.508000	12.200000
	180.080000	20.808000	13.600000
	180.100000	21.132000	15.000000
	180.120000	21.480000	16.200000
	180.140000	21.852000	17.400000
	180.160000	22.260000	18.800000
	180.180000	22.680000	20.000000
	180.200000	23.136000	21.400000
	180.220000	23.616000	22.600000
	180.240000	24.120000	24.000000
	180.260000	24.636000	25.000000
	180.280000	25.176000	26.000000
	180.300000	25.752000	27.200000
	180.320000	26.352000	28.600000
	180.340000	26.964000	29.800000
	180.360000	27.600000	30.800000
	180.380000	28.236000	31.400000
	180.400000	28.908000	32.400000
	180.420000	29.580000	33.000000
	180.440000	30.276000	34.000000
	180.460000	30.972000	34.400000
	180.480000	31.704000	35.400000
	180.500000	32.448000	36.200000
	180.520000	33.192000	37.000000
	180.540000	33.924000	37.000000
	180.560000	34.656000	36.800000
	180.580000	35.412000	37.000000
	180.600000	36.168000	37.400000
	180.620000	36.936000	38.000000
	180.640000	37.692000	38.000000
	180.660000	38.436000	37.800000
	180.680000	39.192000	37.600000
	180.700000	39.936000	37.400000
	180.720000	40.680000	37.400000
	180.740000	41.388000	36.600000
	180.760000	42.096000	36.000000
	180.780000	42.792000	35.200000
	180.800000	43.476000	34.800000
	180.820000	44.136000	34.000000
	180.840000	44.772000	33.000000
	180.860000	45.384000	31.800000
	180.880000	45.972000	30.600000
	180.900000	46.548000	29.600000
	180.920000	47.100000	28.600000
	180.940000	47.616000	27.400000
	180.960000	48.096000	25.800000
	180.980000	48.552000	24.200000
	181.000000	48.984000	22.800000
	181.020000	49.368000	21.200000
	181.040000	49.716000	19.400000
	181.060000	50.028000	17.400000
	181.080000	50.304000	15.600000
	181.100000	50.532000	13.600000
	181.120000	50.724000	11.600000
	181.140000	50.892000	9.800000
	181.160000	51.012000	8.000000
	181.180000	51.084000	6.000000
	181.200000	51.096000	3.400000
	181.220000	51.084000	1.200000
	181.240000	51.024000	-1.000000
	181.260000	50.928000	-2.800000
	181.280000	50.796000	-4.800000
	181.300000	50.628000	-6.600000
	181.320000	50.424000	-8.400000
	181.340000	50.184000	-10.200000
	181.360000	49.908000	-12.000000
	181.380000	49.608000	-13.600000
	181.400000	49.272000	-15.200000
	181.420000	48.912000	-16.600000
	181.440000	48.528000	-18.000000
	181.460000	48.096000	-19.600000
	181.480000	47.640000	-21.200000
	181.500000	47.160000	-22.800000
	181.520000	46.656000	-24.000000
	181.540000	46.116000	-25.400000
	181.560000	45.552000	-26.800000
	181.580000	44.976000	-28.000000
	181.600000	44.376000	-29.000000
	181.620000	43.740000	-30.200000
	181.640000	43.092000	-31.400000
	181.660000	42.432000	-32.400000
	181.680000	41.760000	-33.000000
	181.700000	41.076000	-33.600000
	181.720000	40.380000	-34.200000
	181.740000	39.672000	-34.800000
	181.760000	38.952000	-35.400000
	181.780000	38.220000	-36.000000
	181.800000	37.476000	-36.600000
	181.820000	36.732000	-37.000000
	181.840000	35.988000	-37.200000
	181.860000	35.244000	-37.200000
	181.880000	34.488000	-37.400000
	181.900000	33.756000	-37.200000
	181.920000	33.012000	-37.200000
	181.940000	32.292000	-36.600000
	181.960000	31.548000	-36.800000
	181.980000	30.840000	-36.200000
	182.000000	30.132000	-36.000000
	182.020000	29.448000	-35.000000
	182.040000	28.764000	-34.600000
	182.060000	28.092000	-34.000000
	182.080000	27.432000	-33.600000
	182.100000	26.796000	-32.800000
	182.120000	26.160000	-32.200000
	182.140000	25.560000	-31.200000
	182.160000	24.984000	-30.200000
	182.180000	24.432000	-28.800000
	182.200000	23.904000	-27.600000
	182.220000	23.400000	-26.400000
	182.240000	22.932000	-25.000000
	182.260000	22.476000	-23.800000
	182.280000	22.044000	-22.600000
	182.300000	21.636000	-21.600000
	182.320000	21.264000	-20.200000
	182.340000	20.916000	-18.800000
	182.360000	20.616000	-17.000000
	182.380000	20.352000	-15.200000
	182.400000	20.124000	-13.200000
	182.420000	19.920000	-11.600000
	182.440000	19.740000	-10.200000
	182.460000	19.608000	-8.600000
	182.480000	19.512000	-6.800000
	182.500000	19.452000	-4.800000
	182.520000	19.416000	-3.200000
	182.540000	19.416000	-1.600000
	182.560000	19.452000	0.000000
	182.580000	19.524000	1.800000
	182.600000	19.620000	3.400000
	182.620000	19.752000	5.000000
	182.640000	19.908000	6.400000
	182.660000	20.100000	8.000000
	182.680000	20.316000	9.400000
	182.700000	20.568000	11.000000
	182.720000	20.844000	12.400000
	182.740000	21.132000	13.600000
	182.760000	21.444000	14.600000
	182.780000	21.792000	15.800000
	182.800000	22.176000	17.400000
	182.820000	22.584000	19.000000
	182.840000	23.004000	20.200000
	182.860000	23.448000	21.200000
	182.880000	23.916000	22.200000
	182.900000	24.408000	23.400000
	182.920000	24.924000	24.600000
	182.940000	25.464000	25.800000
	182.960000	26.028000	27.000000
	182.980000	26.604000	28.000000
	183.000000	27.192000	28.800000
	183.020000	27.804000	29.600000
	183.040000	28.440000	30.600000
	183.060000	29.088000	31.600000
	183.080000	29.736000	32.200000
	183.100000	30.408000	32.800000
	183.120000	31.080000	33.200000
	183.140000	31.776000	34.000000
	183.160000	32.472000	34.400000
	183.180000	33.180000	35.000000
	183.200000	33.888000	35.200000
	183.220000	34.608000	35.600000
	183.240000	35.340000	36.000000
	183.260000	36.060000	36.200000
	183.280000	36.756000	35.800000
	183.300000	37.464000	35.400000
	183.320000	38.172000	35.200000
	183.340000	38.880000	35.400000
	183.360000	39.564000	35.000000
	183.380000	40.236000	34.400000
	183.400000	40.896000	33.600000
	183.420000	41.532000	32.800000
	183.440000	42.168000	32.200000
	183.460000	42.792000	31.600000
	183.480000	43.404000	31.200000
	183.500000	43.992000	30.400000
	183.520000	44.544000	29.200000
	183.540000	45.072000	27.800000
	183.560000	45.564000	26.200000
	183.580000	46.044000	25.000000
	183.600000	46.488000	23.600000
	183.620000	46.908000	22.400000
	183.640000	47.280000	20.600000
	183.660000	47.628000	19.000000
	183.680000	47.940000	17.200000
	183.700000	48.216000	15.600000
	183.720000	48.456000	13.800000
	183.740000	48.648000	11.800000
	183.760000	48.816000	10.000000
	183.780000	48.936000	8.000000
	183.800000	49.020000	6.200000
	183.820000	49.056000	4.000000
	183.840000	49.056000	2.000000
	183.860000	49.020000	0.000000
	183.880000	48.948000	-1.800000
	183.900000	48.840000	-3.600000
	183.920000	48.684000	-5.600000
	183.940000	48.492000	-7.600000
	183.960000	48.264000	-9.600000
	183.980000	48.012000	-11.200000
	184.000000	47.736000	-12.600000
	184.020000	47.424000	-14.000000
	184.040000	47.088000	-15.400000
	184.060000	46.716000	-17.000000
	184.080000	46.320000	-18.400000
	184.100000	45.900000	-19.800000
	184.120000	45.444000	-21.200000
	184.140000	44.976000	-22.400000
	184.160000	44.472000	-23.800000
	184.180000	43.956000	-24.800000
	184.200000	43.404000	-26.200000
	184.220000	42.840000	-27.200000
	184.240000	42.240000	-28.600000
	184.260000	41.628000	-29.600000
	184.280000	40.992000	-30.800000
	184.300000	40.356000	-31.400000
	184.320000	39.696000	-32.200000
	184.340000	39.036000	-32.600000
	184.360000	38.352000	-33.400000
	184.380000	37.656000	-34.000000
	184.400000	36.948000	-34.800000
	184.420000	36.240000	-35.200000
	184.440000	35.544000	-35.200000
	184.460000	34.824000	-35.400000
	184.480000	34.104000	-35.600000
	184.500000	33.384000	-36.000000
	184.520000	32.688000	-35.600000
	184.540000	31.980000	-35.400000
	184.560000	31.272000	-35.200000
	184.580000	30.564000	-35.400000
	184.600000	29.880000	-35.000000
	184.620000	29.196000	-34.600000
	184.640000	28.524000	-34.000000
	184.660000	27.864000	-33.600000
	184.680000	27.216000	-33.000000
	184.700000	26.568000	-32.600000
	184.720000	25.932000	-32.200000
	184.740000	25.332000	-31.400000
	184.760000	24.768000	-30.000000
	184.780000	24.228000	-28.400000
	184.800000	23.688000	-27.400000
	184.820000	23.160000	-26.800000
	184.840000	22.668000	-26.000000
	184.860000	22.200000	-24.800000
	184.880000	21.768000	-23.200000
	184.900000	21.348000	-22.000000
	184.920000	20.964000	-20.600000
	184.940000	20.604000	-19.400000
	184.960000	20.268000	-18.000000
	184.980000	19.968000	-16.600000
	185.000000	19.692000	-15.200000
	185.020000	19.464000	-13.400000
	185.040000	19.260000	-11.800000
	185.060000	19.092000	-10.000000
	185.080000	18.948000	-8.600000
	185.100000	18.852000	-6.800000
	185.120000	18.792000	-5.000000
	185.140000	18.768000	-3.000000
	185.160000	18.768000	-1.400000
	185.180000	18.804000	0.200000
	185.200000	18.876000	1.800000
	185.220000	18.972000	3.400000
	185.240000	19.104000	5.000000
	185.260000	19.260000	6.400000
	185.280000	19.452000	8.000000
	185.300000	19.668000	9.400000
	185.320000	19.908000	10.800000
	185.340000	20.172000	12.000000
	185.360000	20.472000	13.400000
	185.380000	20.796000	14.800000
	185.400000	21.144000	16.200000
	185.420000	21.504000	17.200000
	185.440000	21.900000	18.400000
	185.460000	22.320000	19.600000
	185.480000	22.764000	21.000000
	185.500000	23.232000	22.200000
	185.520000	23.724000	23.400000
	185.540000	24.240000	24.600000
	185.560000	24.780000	25.800000
	185.580000	25.344000	27.000000
	185.600000	25.920000	28.000000
	185.620000	26.508000	28.800000
	185.640000	27.120000	29.600000
	185.660000	27.768000	30.800000
	185.680000	28.416000	31.800000
	185.700000	29.076000	32.600000
	185.720000	29.736000	32.800000
	185.740000	30.420000	33.400000
	185.760000	31.116000	34.000000
	185.780000	31.824000	34.800000
	185.800000	32.532000	35.200000
	185.820000	33.252000	35.600000
	185.840000	33.960000	35.600000
	185.860000	34.692000	36.000000
	185.880000	35.412000	36.000000
	185.900000	36.156000	36.600000
	185.920000	36.876000	36.400000
	185.940000	37.584000	36.200000
	185.960000	38.280000	35.400000
	185.980000	38.988000	35.200000
	186.000000	39.684000	35.000000
	186.020000	40.368000	34.800000
	186.040000	41.028000	34.000000
	186.060000	41.688000	33.400000
	186.080000	42.336000	32.800000
	186.100000	42.972000	32.400000
	186.120000	43.572000	31.400000
	186.140000	44.148000	30.200000
	186.160000	44.700000	28.800000
	186.180000	45.228000	27.600000
	186.200000	45.720000	26.200000
	186.220000	46.188000	24.800000
	186.240000	46.644000	23.600000
	186.260000	47.064000	22.400000
	186.280000	47.436000	20.800000
	186.300000	47.772000	18.800000
	186.320000	48.072000	16.800000
	186.340000	48.348000	15.200000
	186.360000	48.588000	13.600000
	186.380000	48.792000	12.000000
	186.400000	48.948000	10.000000
	186.420000	49.056000	7.800000
	186.440000	49.128000	5.600000
	186.460000	49.164000	3.600000
	186.480000	49.164000	1.800000
	186.500000	49.128000	0.000000
	186.520000	49.044000	-2.000000
	186.540000	48.924000	-4.000000
	186.560000	48.768000	-6.000000
	186.580000	48.588000	-7.600000
	186.600000	48.372000	-9.200000
	186.620000	48.120000	-10.800000
	186.640000	47.832000	-12.600000
	186.660000	47.520000	-14.200000
	186.680000	47.184000	-15.600000
	186.700000	46.812000	-17.000000
	186.720000	46.416000	-18.400000
	186.740000	45.996000	-19.800000
	186.760000	45.564000	-20.800000
	186.780000	45.084000	-22.200000
	186.800000	44.580000	-23.600000
	186.820000	44.052000	-25.200000
	186.840000	43.512000	-26.200000
	186.860000	42.948000	-27.200000
	186.880000	42.360000	-28.200000
	186.900000	41.748000	-29.400000
	186.920000	41.124000	-30.400000
	186.940000	40.488000	-31.200000
	186.960000	39.828000	-32.000000
	186.980000	39.156000	-32.800000
	187.000000	38.484000	-33.400000
	187.020000	37.812000	-33.600000
	187.040000	37.116000	-34.000000
	187.060000	36.408000	-34.600000
	187.080000	35.700000	-35.200000
	187.100000	35.004000	-35.200000
	187.120000	34.308000	-35.000000
	187.140000	33.612000	-34.800000
	187.160000	32.916000	-34.800000
	187.180000	32.208000	-35.000000
	187.200000	31.512000	-35.000000
	187.220000	30.816000	-35.000000
	187.240000	30.132000	-34.600000
	187.260000	29.460000	-34.200000
	187.280000	28.800000	-33.600000
	187.300000	28.152000	-33.000000
	187.320000	27.516000	-32.400000
	187.340000	26.892000	-31.800000
	187.360000	26.292000	-31.000000
	187.380000	25.704000	-30.200000
	187.400000	25.152000	-29.000000
	187.420000	24.612000	-28.000000
	187.440000	24.108000	-26.600000
	187.460000	23.604000	-25.800000
	187.480000	23.136000	-24.600000
	187.500000	22.680000	-23.800000
	187.520000	22.260000	-22.400000
	187.540000	21.852000	-21.400000
	187.560000	21.480000	-20.000000
	187.580000	21.144000	-18.600000
	187.600000	20.844000	-16.800000
	187.620000	20.580000	-15.000000
	187.640000	20.340000	-13.400000
	187.660000	20.136000	-11.800000
	187.680000	19.956000	-10.400000
	187.700000	19.812000	-8.800000
	187.720000	19.704000	-7.200000
	187.740000	19.632000	-5.400000
	187.760000	19.596000	-3.600000
	187.780000	19.596000	-1.800000
	187.800000	19.632000	0.000000
	187.820000	19.704000	1.800000
	187.840000	19.800000	3.400000
	187.860000	19.932000	5.000000
	187.880000	20.076000	6.200000
	187.900000	20.268000	7.800000
	187.920000	20.472000	9.000000
	187.940000	20.724000	10.800000
	187.960000	20.988000	12.000000
	187.980000	21.288000	13.600000
	188.000000	21.612000	14.800000
	188.020000	21.960000	16.200000
	188.040000	22.332000	17.400000
	188.060000	22.728000	18.600000
	188.080000	23.148000	19.800000
	188.100000	23.604000	21.200000
	188.120000	24.072000	22.400000
	188.140000	24.576000	23.800000
	188.160000	25.104000	25.000000
	188.180000	25.644000	26.200000
	188.200000	26.220000	27.400000
	188.220000	26.796000	28.200000
	188.240000	27.420000	29.600000
	188.260000	28.044000	30.400000
	188.280000	28.692000	31.600000
	188.300000	29.352000	32.200000
	188.320000	30.024000	33.000000
	188.340000	30.720000	33.800000
	188.360000	31.428000	34.600000
	188.380000	32.148000	35.400000
	188.400000	32.868000	35.800000
	188.420000	33.612000	36.400000
	188.440000	34.344000	36.600000
	188.460000	35.088000	37.000000
	188.480000	35.820000	36.800000
	188.500000	36.576000	37.200000
	188.520000	37.344000	37.600000
	188.540000	38.100000	38.000000
	188.560000	38.844000	37.800000
	188.580000	39.564000	37.000000
	188.600000	40.296000	36.600000
	188.620000	41.016000	36.200000
	188.640000	41.736000	36.200000
	188.660000	42.432000	35.600000
	188.680000	43.116000	35.000000
	188.700000	43.788000	34.200000
	188.720000	44.448000	33.600000
	188.740000	45.084000	32.800000
	188.760000	45.684000	31.600000
	188.780000	46.248000	30.000000
	188.800000	46.800000	28.600000
	188.820000	47.340000	27.600000
	188.840000	47.844000	26.600000
	188.860000	48.324000	25.400000
	188.880000	48.756000	23.600000
	188.900000	49.176000	22.200000
	188.920000	49.548000	20.400000
	188.940000	49.884000	18.800000
	188.960000	50.172000	16.600000
	188.980000	50.424000	14.600000
	189.000000	50.640000	12.600000
	189.020000	50.820000	10.800000
	189.040000	50.952000	8.800000
	189.060000	51.036000	6.600000
	189.080000	51.084000	4.400000
	189.100000	51.096000	2.400000
	189.120000	51.072000	0.600000
	189.140000	51.000000	-1.400000
	189.160000	50.892000	-3.400000
	189.180000	50.736000	-5.600000
	189.200000	50.544000	-7.600000
	189.220000	50.316000	-9.600000
	189.240000	50.064000	-11.200000
	189.260000	49.776000	-12.800000
	189.280000	49.464000	-14.200000
	189.300000	49.116000	-15.800000
	189.320000	48.732000	-17.400000
	189.340000	48.324000	-19.000000
	189.360000	47.880000	-20.600000
	189.380000	47.424000	-21.800000
	189.400000	46.932000	-23.200000
	189.420000	46.416000	-24.400000
	189.440000	45.876000	-25.800000
	189.460000	45.300000	-27.200000
	189.480000	44.700000	-28.600000
	189.500000	44.076000	-30.000000
	189.520000	43.440000	-31.000000
	189.540000	42.780000	-32.000000
	189.560000	42.108000	-32.800000
	189.580000	41.412000	-33.800000
	189.600000	40.728000	-34.200000
	189.620000	40.020000	-34.800000
	189.640000	39.300000	-35.200000
	189.660000	38.568000	-36.000000
	189.680000	37.824000	-36.600000
	189.700000	37.092000	-36.800000
	189.720000	36.324000	-37.400000
	189.740000	35.568000	-37.600000
	189.760000	34.812000	-38.000000
	189.780000	34.080000	-37.400000
	189.800000	33.336000	-37.200000
	189.820000	32.580000	-37.200000
	189.840000	31.836000	-37.400000
	189.860000	31.116000	-37.000000
	189.880000	30.408000	-36.200000
	189.900000	29.700000	-35.600000
	189.920000	28.992000	-35.400000
	189.940000	28.296000	-35.200000
	189.960000	27.624000	-34.600000
	189.980000	26.964000	-33.800000
	190.000000	26.328000	-32.800000
	190.020000	25.704000	-32.000000
	190.040000	25.104000	-31.000000
	190.060000	24.528000	-30.000000
	190.080000	23.976000	-28.800000
	190.100000	23.448000	-27.600000
	190.120000	22.944000	-26.400000
	190.140000	22.464000	-25.200000
	190.160000	22.008000	-24.000000
	190.180000	21.588000	-22.600000
	190.200000	21.192000	-21.200000
	190.220000	20.832000	-19.600000
	190.240000	20.496000	-18.200000
	190.260000	20.196000	-16.600000
	190.280000	19.920000	-15.200000
	190.300000	19.680000	-13.600000
	190.320000	19.476000	-12.000000
	190.340000	19.308000	-10.200000
	190.360000	19.164000	-8.600000
	190.380000	19.056000	-7.000000
	190.400000	18.996000	-5.200000
	190.420000	18.972000	-3.200000
	190.440000	18.984000	-1.200000
	190.460000	19.020000	0.400000
	190.480000	19.080000	1.800000
	190.500000	19.176000	3.200000
	190.520000	19.308000	4.800000
	190.540000	19.476000	6.600000
	190.560000	19.668000	8.200000
	190.580000	19.884000	9.600000
	190.600000	20.136000	11.000000
	190.620000	20.412000	12.400000
	190.640000	20.712000	13.800000
	190.660000	21.024000	14.800000
	190.680000	21.372000	16.000000
	190.700000	21.744000	17.200000
	190.720000	22.140000	18.600000
	190.740000	22.548000	19.600000
	190.760000	22.980000	20.600000
	190.780000	23.448000	21.800000
	190.800000	23.940000	23.200000
	190.820000	24.456000	24.600000
	190.840000	24.984000	25.600000
	190.860000	25.536000	26.600000
	190.880000	26.100000	27.400000
	190.900000	26.688000	28.400000
	190.920000	27.288000	29.200000
	190.940000	27.912000	30.200000
	190.960000	28.548000	31.000000
	190.980000	29.208000	32.000000
	191.000000	29.868000	32.600000
	191.020000	30.540000	33.200000
	191.040000	31.212000	33.400000
	191.060000	31.908000	34.000000
	191.080000	32.604000	34.400000
	191.100000	33.312000	35.000000
	191.120000	34.008000	35.000000
	191.140000	34.716000	35.200000
	191.160000	35.412000	35.000000
	191.180000	36.108000	35.000000
	191.200000	36.804000	34.800000
	191.220000	37.488000	34.600000
	191.240000	38.172000	34.400000
	191.260000	38.844000	34.000000
	191.280000	39.528000	34.000000
	191.300000	40.188000	33.600000
	191.320000	40.824000	33.000000
	191.340000	41.448000	32.000000
	191.360000	42.048000	31.000000
	191.380000	42.636000	30.200000
	191.400000	43.188000	29.000000
	191.420000	43.728000	28.000000
	191.440000	44.244000	26.800000
	191.460000	44.736000	25.800000
	191.480000	45.204000	24.600000
	191.500000	45.636000	23.200000
	191.520000	46.032000	21.600000
	191.540000	46.404000	20.000000
	191.560000	46.740000	18.400000
	191.580000	47.052000	17.000000
	191.600000	47.316000	15.200000
	191.620000	47.556000	13.600000
	191.640000	47.748000	11.600000
	191.660000	47.904000	9.800000
	191.680000	48.012000	7.600000
	191.700000	48.084000	5.600000
	191.720000	48.120000	3.600000
	191.740000	48.120000	1.800000
	191.760000	48.072000	-0.200000
	191.780000	47.988000	-2.200000
	191.800000	47.868000	-4.200000
	191.820000	47.712000	-6.000000
	191.840000	47.520000	-7.800000
	191.860000	47.292000	-9.600000
	191.880000	47.040000	-11.200000
	191.900000	46.752000	-12.800000
	191.920000	46.440000	-14.200000
	191.940000	46.104000	-15.600000
	191.960000	45.732000	-17.000000
	191.980000	45.336000	-18.400000
	192.000000	44.916000	-19.800000
	192.020000	44.484000	-20.800000
	192.040000	44.016000	-22.000000
	192.060000	43.524000	-23.200000
	192.080000	42.996000	-24.800000
	192.100000	42.456000	-26.000000
	192.120000	41.892000	-27.200000
	192.140000	41.316000	-28.000000
	192.160000	40.716000	-29.000000
	192.180000	40.092000	-30.000000
	192.200000	39.456000	-31.000000
	192.220000	38.820000	-31.600000
	192.240000	38.172000	-32.000000
	192.260000	37.512000	-32.400000
	192.280000	36.840000	-33.000000
	192.300000	36.156000	-33.600000
	192.320000	35.472000	-34.000000
	192.340000	34.776000	-34.400000
	192.360000	34.080000	-34.600000
	192.380000	33.396000	-34.600000
	192.400000	32.700000	-34.600000
	192.420000	32.004000	-34.600000
	192.440000	31.296000	-35.000000
	192.460000	30.612000	-34.800000
	192.480000	29.940000	-34.400000
	192.500000	29.268000	-33.800000
	192.520000	28.608000	-33.400000
	192.540000	27.960000	-33.000000
	192.560000	27.336000	-32.200000
	192.580000	26.712000	-31.600000
	192.600000	26.100000	-31.000000
	192.620000	25.500000	-30.600000
	192.640000	24.924000	-29.800000
	192.660000	24.372000	-28.800000
	192.680000	23.844000	-27.600000
	192.700000	23.328000	-26.600000
	192.720000	22.836000	-25.600000
	192.740000	22.368000	-24.600000
	192.760000	21.924000	-23.400000
	192.780000	21.516000	-22.000000
	192.800000	21.132000	-20.600000
	192.820000	20.784000	-19.000000
	192.840000	20.448000	-17.800000
	192.860000	20.148000	-16.400000
	192.880000	19.872000	-15.200000
	192.900000	19.644000	-13.400000
	192.920000	19.440000	-11.800000
	192.940000	19.272000	-10.000000
	192.960000	19.128000	-8.600000
	192.980000	19.020000	-7.000000
	193.000000	18.948000	-5.400000
	193.020000	18.912000	-3.600000
	193.040000	18.912000	-1.800000
	193.060000	18.948000	-5.928591E-14
	193.080000	19.008000	1.600000
	193.100000	19.104000	3.200000
	193.120000	19.224000	4.600000
	193.140000	19.380000	6.200000
	193.160000	19.560000	7.600000
	193.180000	19.776000	9.200000
	193.200000	20.016000	10.600000
	193.220000	20.280000	12.000000
	193.240000	20.568000	13.200000
	193.260000	20.892000	14.600000
	193.280000	21.240000	16.000000
	193.300000	21.612000	17.400000
	193.320000	22.008000	18.600000
	193.340000	22.428000	19.800000
	193.360000	22.860000	20.800000
	193.380000	23.328000	22.000000
	193.400000	23.820000	23.200000
	193.420000	24.336000	24.600000
	193.440000	24.876000	25.800000
	193.460000	25.440000	27.000000
	193.480000	26.028000	28.200000
	193.500000	26.616000	29.000000
	193.520000	27.216000	29.600000
	193.540000	27.852000	30.400000
	193.560000	28.512000	31.600000
	193.580000	29.184000	32.800000
	193.600000	29.868000	33.600000
	193.620000	30.564000	34.200000
	193.640000	31.284000	35.000000
	193.660000	32.004000	35.600000
	193.680000	32.724000	36.000000
	193.700000	33.456000	36.200000
	193.720000	34.188000	36.400000
	193.740000	34.932000	36.800000
	193.760000	35.664000	36.800000
	193.780000	36.420000	37.200000
	193.800000	37.152000	37.000000
	193.820000	37.896000	37.200000
	193.840000	38.616000	36.600000
	193.860000	39.348000	36.600000
	193.880000	40.080000	36.400000
	193.900000	40.788000	36.200000
	193.920000	41.484000	35.600000
	193.940000	42.156000	34.600000
	193.960000	42.840000	34.200000
	193.980000	43.500000	33.600000
	194.000000	44.124000	32.800000
	194.020000	44.724000	31.400000
	194.040000	45.300000	30.000000
	194.060000	45.864000	29.000000
	194.080000	46.392000	27.800000
	194.100000	46.896000	26.600000
	194.120000	47.376000	25.200000
	194.140000	47.820000	23.800000
	194.160000	48.240000	22.400000
	194.180000	48.612000	20.600000
	194.200000	48.960000	19.000000
	194.220000	49.260000	17.000000
	194.240000	49.536000	15.400000
	194.260000	49.764000	13.400000
	194.280000	49.956000	11.600000
	194.300000	50.100000	9.400000
	194.320000	50.208000	7.400000
	194.340000	50.280000	5.400000
	194.360000	50.316000	3.600000
	194.380000	50.304000	1.600000
	194.400000	50.256000	-0.400000
	194.420000	50.160000	-2.600000
	194.440000	50.028000	-4.600000
	194.460000	49.860000	-6.600000
	194.480000	49.656000	-8.400000
	194.500000	49.428000	-10.000000
	194.520000	49.164000	-11.600000
	194.540000	48.864000	-13.200000
	194.560000	48.540000	-14.800000
	194.580000	48.180000	-16.400000
	194.600000	47.808000	-17.600000
	194.620000	47.388000	-19.200000
	194.640000	46.956000	-20.400000
	194.660000	46.488000	-22.000000
	194.680000	46.008000	-23.000000
	194.700000	45.480000	-24.600000
	194.720000	44.928000	-26.000000
	194.740000	44.352000	-27.600000
	194.760000	43.764000	-28.600000
	194.780000	43.164000	-29.400000
	194.800000	42.540000	-30.200000
	194.820000	41.892000	-31.200000
	194.840000	41.220000	-32.400000
	194.860000	40.548000	-33.200000
	194.880000	39.864000	-33.800000
	194.900000	39.180000	-34.000000
	194.920000	38.472000	-34.600000
	194.940000	37.764000	-35.000000
	194.960000	37.044000	-35.600000
	194.980000	36.324000	-35.800000
	195.000000	35.592000	-36.200000
	195.020000	34.860000	-36.400000
	195.040000	34.128000	-36.600000
	195.060000	33.420000	-36.200000
	195.080000	32.712000	-35.800000
	195.100000	32.004000	-35.400000
	195.120000	31.296000	-35.400000
	195.140000	30.588000	-35.400000
	195.160000	29.904000	-35.000000
	195.180000	29.220000	-34.600000
	195.200000	28.572000	-33.600000
	195.220000	27.924000	-33.000000
	195.240000	27.300000	-32.000000
	195.260000	26.676000	-31.600000
	195.280000	26.076000	-30.800000
	195.300000	25.500000	-30.000000
	195.320000	24.936000	-29.000000
	195.340000	24.408000	-27.800000
	195.360000	23.892000	-26.800000
	195.380000	23.424000	-25.200000
	195.400000	22.956000	-24.200000
	195.420000	22.524000	-22.800000
	195.440000	22.116000	-21.800000
	195.460000	21.744000	-20.200000
	195.480000	21.408000	-18.600000
	195.500000	21.096000	-17.000000
	195.520000	20.820000	-15.400000
	195.540000	20.568000	-14.000000
	195.560000	20.352000	-12.400000
	195.580000	20.172000	-10.800000
	195.600000	20.028000	-9.000000
	195.620000	19.920000	-7.200000
	195.640000	19.848000	-5.400000
	195.660000	19.812000	-3.600000
	195.680000	19.800000	-2.000000
	195.700000	19.824000	-0.400000
	195.720000	19.884000	1.200000
	195.740000	19.980000	3.000000
	195.760000	20.100000	4.600000
	195.780000	20.244000	6.000000
	195.800000	20.424000	7.400000
	195.820000	20.640000	9.000000
	195.840000	20.892000	10.800000
	195.860000	21.156000	12.200000
	195.880000	21.444000	13.400000
	195.900000	21.756000	14.400000
	195.920000	22.104000	15.800000
	195.940000	22.476000	17.200000
	195.960000	22.872000	18.600000
	195.980000	23.304000	20.000000
	196.000000	23.760000	21.400000
	196.020000	24.228000	22.600000
	196.040000	24.720000	23.600000
	196.060000	25.236000	24.600000
	196.080000	25.788000	26.000000
	196.100000	26.352000	27.200000
	196.120000	26.940000	28.400000
	196.140000	27.540000	29.200000
	196.160000	28.164000	30.200000
	196.180000	28.800000	31.000000
	196.200000	29.460000	32.000000
	196.220000	30.132000	32.800000
	196.240000	30.816000	33.600000
	196.260000	31.512000	34.200000
	196.280000	32.208000	34.600000
	196.300000	32.928000	35.200000
	196.320000	33.648000	35.600000
	196.340000	34.392000	36.400000
	196.360000	35.124000	36.600000
	196.380000	35.868000	37.000000
	196.400000	36.612000	37.000000
	196.420000	37.356000	37.200000
	196.440000	38.100000	37.200000
	196.460000	38.832000	37.000000
	196.480000	39.576000	37.000000
	196.500000	40.284000	36.400000
	196.520000	40.992000	36.000000
	196.540000	41.676000	35.000000
	196.560000	42.360000	34.600000
	196.580000	43.044000	34.200000
	196.600000	43.692000	33.600000
	196.620000	44.340000	33.000000
	196.640000	44.940000	31.600000
	196.660000	45.540000	30.800000
	196.680000	46.104000	29.400000
	196.700000	46.656000	28.600000
	196.720000	47.172000	27.200000
	196.740000	47.664000	26.000000
	196.760000	48.120000	24.400000
	196.780000	48.540000	22.800000
	196.800000	48.924000	21.000000
	196.820000	49.272000	19.200000
	196.840000	49.596000	17.600000
	196.860000	49.872000	15.800000
	196.880000	50.112000	14.000000
	196.900000	50.304000	11.800000
	196.920000	50.472000	10.000000
	196.940000	50.592000	8.000000
	196.960000	50.676000	6.200000
	196.980000	50.712000	4.000000
	197.000000	50.712000	2.000000
	197.020000	50.676000	-1.184608E-13
	197.040000	50.592000	-2.000000
	197.060000	50.472000	-4.000000
	197.080000	50.304000	-6.200000
	197.100000	50.112000	-8.000000
	197.120000	49.872000	-10.000000
	197.140000	49.608000	-11.600000
	197.160000	49.308000	-13.400000
	197.180000	48.984000	-14.800000
	197.200000	48.636000	-16.200000
	197.220000	48.264000	-17.400000
	197.240000	47.868000	-18.600000
	197.260000	47.436000	-20.000000
	197.280000	46.968000	-21.600000
	197.300000	46.464000	-23.400000
	197.320000	45.936000	-25.000000
	197.340000	45.384000	-26.400000
	197.360000	44.820000	-27.400000
	197.380000	44.220000	-28.600000
	197.400000	43.596000	-29.800000
	197.420000	42.960000	-31.000000
	197.440000	42.312000	-31.800000
	197.460000	41.640000	-32.600000
	197.480000	40.956000	-33.400000
	197.500000	40.260000	-34.200000
	197.520000	39.552000	-34.800000
	197.540000	38.832000	-35.400000
	197.560000	38.112000	-35.800000
	197.580000	37.392000	-36.000000
	197.600000	36.648000	-36.400000
	197.620000	35.892000	-37.000000
	197.640000	35.148000	-37.400000
	197.660000	34.416000	-37.200000
	197.680000	33.684000	-36.800000
	197.700000	32.952000	-36.600000
	197.720000	32.208000	-36.800000
	197.740000	31.476000	-36.800000
	197.760000	30.756000	-36.600000
	197.780000	30.036000	-36.200000
	197.800000	29.340000	-35.600000
	197.820000	28.656000	-35.000000
	197.840000	27.996000	-34.000000
	197.860000	27.336000	-33.400000
	197.880000	26.688000	-32.800000
	197.900000	26.064000	-32.200000
	197.920000	25.452000	-31.400000
	197.940000	24.864000	-30.400000
	197.960000	24.300000	-29.400000
	197.980000	23.772000	-28.000000
	198.000000	23.256000	-26.800000
	198.020000	22.752000	-25.800000
	198.040000	22.284000	-24.800000
	198.060000	21.840000	-23.600000
	198.080000	21.444000	-21.800000
	198.100000	21.060000	-20.400000
	198.120000	20.712000	-18.800000
	198.140000	20.388000	-17.600000
	198.160000	20.100000	-16.000000
	198.180000	19.836000	-14.600000
	198.200000	19.608000	-13.000000
	198.220000	19.416000	-11.400000
	198.240000	19.272000	-9.400000
	198.260000	19.152000	-7.600000
	198.280000	19.068000	-5.800000
	198.300000	19.020000	-4.200000
	198.320000	19.008000	-2.400000
	198.340000	19.032000	-0.600000
	198.360000	19.080000	1.000000
	198.380000	19.164000	2.600000
	198.400000	19.284000	4.200000
	198.420000	19.428000	5.800000
	198.440000	19.608000	7.400000
	198.460000	19.812000	8.800000
	198.480000	20.052000	10.400000
