	120.000000	11.940000	5.800000
	120.020000	11.928000	2.400000
	120.040000	11.856000	-0.600000
	120.060000	11.724000	-3.600000
	120.080000	11.532000	-6.600000
	120.100000	11.292000	-9.400000
	120.120000	10.992000	-12.200000
	120.140000	10.656000	-14.600000
	120.160000	10.272000	-17.000000
	120.180000	9.864000	-18.800000
	120.200000	9.408000	-20.800000
	120.220000	8.928000	-22.400000
	120.240000	8.400000	-24.400000
	120.260000	7.848000	-26.000000
	120.280000	7.272000	-27.600000
	120.300000	6.684000	-28.600000
	120.320000	6.084000	-29.400000
	120.340000	5.460000	-30.200000
	120.360000	4.836000	-30.800000
	120.380000	4.212000	-31.200000
	120.400000	3.600000	-31.000000
	120.420000	2.988000	-30.800000
	120.440000	2.388000	-30.400000
	120.460000	1.800000	-30.000000
	120.480000	1.236000	-29.200000
	120.500000	0.684000	-28.400000
	120.520000	0.168000	-27.200000
	120.540000	-0.324000	-26.000000
	120.560000	-0.780000	-24.400000
	120.580000	-1.212000	-23.000000
	120.600000	-1.608000	-21.400000
	120.620000	-1.968000	-19.800000
	120.640000	-2.280000	-17.800000
	120.660000	-2.544000	-15.600000
	120.680000	-2.760000	-13.200000
	120.700000	-2.940000	-11.000000
	120.720000	-3.072000	-8.800000
	120.740000	-3.156000	-6.600000
	120.760000	-3.192000	-4.200000
	120.780000	-3.180000	-1.800000
	120.800000	-3.120000	0.600000
	120.820000	-3.012000	3.000000
	120.840000	-2.868000	5.200000
	120.860000	-2.688000	7.200000
	120.880000	-2.484000	8.800000
	120.900000	-2.244000	10.400000
	120.920000	-1.968000	12.000000
	120.940000	-1.656000	13.800000
	120.960000	-1.320000	15.400000
	120.980000	-0.972000	16.600000
	121.000000	-0.600000	17.600000
	121.020000	-0.216000	18.400000
	121.040000	0.192000	19.400000
	121.060000	0.612000	20.200000
	121.080000	1.044000	21.000000
	121.100000	1.476000	21.400000
	121.120000	1.920000	21.800000
	121.140000	2.352000	21.800000
	121.160000	2.784000	21.800000
	121.180000	3.204000	21.400000
	121.200000	3.624000	21.200000
	121.220000	4.032000	20.800000
	121.240000	4.416000	20.200000
	121.260000	4.788000	19.400000
	121.280000	5.124000	18.200000
	121.300000	5.436000	17.000000
	121.320000	5.712000	15.400000
	121.340000	5.964000	14.000000
	121.360000	6.180000	12.400000
	121.380000	6.348000	10.600000
	121.400000	6.480000	8.600000
	121.420000	6.564000	6.400000
	121.440000	6.612000	4.400000
	121.460000	6.600000	2.000000
	121.480000	6.540000	-0.400000
	121.500000	6.432000	-3.000000
	121.520000	6.300000	-5.000000
	121.540000	6.120000	-7.000000
	121.560000	5.904000	-8.800000
	121.580000	5.628000	-11.200000
	121.600000	5.328000	-13.200000
	121.620000	4.992000	-15.200000
	121.640000	4.620000	-16.800000
	121.660000	4.212000	-18.600000
	121.680000	3.768000	-20.400000
	121.700000	3.300000	-22.000000
	121.720000	2.796000	-23.600000
	121.740000	2.268000	-25.000000
	121.760000	1.704000	-26.600000
	121.780000	1.140000	-27.600000
	121.800000	0.540000	-28.800000
	121.820000	-0.072000	-29.600000
	121.840000	-0.708000	-30.800000
	121.860000	-1.344000	-31.400000
	121.880000	-1.980000	-31.800000
	121.900000	-2.628000	-32.000000
	121.920000	-3.276000	-32.200000
	121.940000	-3.936000	-32.600000
	121.960000	-4.584000	-32.600000
	121.980000	-5.220000	-32.400000
	122.000000	-5.832000	-31.600000
	122.020000	-6.420000	-30.600000
	122.040000	-6.984000	-29.400000
	122.060000	-7.524000	-28.200000
	122.080000	-8.040000	-27.000000
	122.100000	-8.532000	-25.800000
	122.120000	-8.988000	-24.400000
	122.140000	-9.408000	-22.800000
	122.160000	-9.780000	-20.800000
	122.180000	-10.104000	-18.600000
	122.200000	-10.392000	-16.400000
	122.220000	-10.632000	-14.200000
	122.240000	-10.824000	-12.000000
	122.260000	-10.968000	-9.600000
	122.280000	-11.052000	-7.000000
	122.300000	-11.088000	-4.400000
	122.320000	-11.064000	-1.600000
	122.340000	-10.992000	1.000000
	122.360000	-10.860000	3.800000
	122.380000	-10.668000	6.600000
	122.400000	-10.440000	9.200000
	122.420000	-10.164000	11.600000
	122.440000	-9.840000	13.800000
	122.460000	-9.456000	16.400000
	122.480000	-9.024000	19.000000
	122.500000	-8.556000	21.400000
	122.520000	-8.040000	23.600000
	122.540000	-7.488000	25.600000
	122.560000	-6.888000	27.800000
	122.580000	-6.252000	29.800000
	122.600000	-5.580000	31.800000
	122.620000	-4.884000	33.400000
	122.640000	-4.140000	35.200000
	122.660000	-3.360000	37.000000
	122.680000	-2.568000	38.600000
	122.700000	-1.752000	39.800000
	122.720000	-0.924000	40.600000
	122.740000	-0.072000	41.600000
	122.760000	0.768000	42.000000
	122.780000	1.620000	42.400000
	122.800000	2.472000	42.400000
	122.820000	3.324000	42.600000
	122.840000	4.164000	42.400000
	122.860000	5.016000	42.400000
	122.880000	5.844000	42.000000
	122.900000	6.648000	41.400000
	122.920000	7.404000	39.800000
	122.940000	8.136000	38.200000
	122.960000	8.844000	36.600000
	122.980000	9.504000	35.000000
	123.000000	10.128000	33.200000
	123.020000	10.680000	30.600000
	123.040000	11.196000	28.200000
	123.060000	11.640000	25.200000
	123.080000	12.048000	22.800000
	123.100000	12.384000	19.800000
	123.120000	12.660000	17.000000
	123.140000	12.864000	13.600000
	123.160000	13.008000	10.400000
	123.180000	13.080000	7.000000
	123.200000	13.080000	3.600000
	123.220000	13.008000	0.000000
	123.240000	12.864000	-3.600000
	123.260000	12.660000	-7.000000
	123.280000	12.396000	-10.200000
	123.300000	12.072000	-13.200000
	123.320000	11.688000	-16.200000
	123.340000	11.256000	-19.000000
	123.360000	10.764000	-21.800000
	123.380000	10.224000	-24.400000
	123.400000	9.636000	-27.000000
	123.420000	9.012000	-29.200000
	123.440000	8.328000	-31.600000
	123.460000	7.608000	-33.800000
	123.480000	6.852000	-36.000000
	123.500000	6.072000	-37.600000
	123.520000	5.244000	-39.400000
	123.540000	4.404000	-40.800000
	123.560000	3.540000	-42.200000
	123.580000	2.664000	-43.000000
	123.600000	1.776000	-43.800000
	123.620000	0.888000	-44.200000
	123.640000	0.012000	-44.200000
	123.660000	-0.876000	-44.200000
	123.680000	-1.740000	-43.800000
	123.700000	-2.616000	-43.800000
	123.720000	-3.468000	-43.200000
	123.740000	-4.308000	-42.800000
	123.760000	-5.100000	-41.400000
	123.780000	-5.868000	-40.000000
	123.800000	-6.600000	-38.200000
	123.820000	-7.320000	-37.000000
	123.840000	-7.980000	-35.200000
	123.860000	-8.616000	-33.600000
	123.880000	-9.192000	-31.200000
	123.900000	-9.732000	-29.200000
	123.920000	-10.212000	-26.600000
	123.940000	-10.644000	-24.200000
	123.960000	-11.028000	-21.600000
	123.980000	-11.352000	-19.000000
	124.000000	-11.616000	-16.200000
	124.020000	-11.820000	-13.200000
	124.040000	-11.964000	-10.200000
	124.060000	-12.048000	-7.200000
	124.080000	-12.084000	-4.400000
	124.100000	-12.060000	-1.600000
	124.120000	-11.976000	1.200000
	124.140000	-11.832000	4.200000
	124.160000	-11.640000	7.000000
	124.180000	-11.400000	9.600000
	124.200000	-11.112000	12.000000
	124.220000	-10.776000	14.400000
	124.240000	-10.392000	16.800000
	124.260000	-9.960000	19.200000
	124.280000	-9.480000	21.600000
	124.300000	-8.988000	23.400000
	124.320000	-8.448000	25.200000
	124.340000	-7.884000	26.600000
	124.360000	-7.260000	28.800000
	124.380000	-6.624000	30.400000
	124.400000	-5.964000	32.000000
	124.420000	-5.280000	33.000000
	124.440000	-4.584000	34.000000
	124.460000	-3.864000	35.000000
	124.480000	-3.144000	35.600000
	124.500000	-2.400000	36.400000
	124.520000	-1.656000	36.800000
	124.540000	-0.912000	37.200000
	124.560000	-0.192000	36.800000
	124.580000	0.516000	36.200000
	124.600000	1.224000	35.600000
	124.620000	1.920000	35.200000
	124.640000	2.604000	34.800000
	124.660000	3.252000	33.800000
	124.680000	3.888000	32.800000
	124.700000	4.476000	31.200000
	124.720000	5.028000	29.600000
	124.740000	5.544000	27.600000
	124.760000	6.012000	25.600000
	124.780000	6.444000	23.600000
	124.800000	6.816000	21.200000
	124.820000	7.152000	19.000000
	124.840000	7.428000	16.400000
	124.860000	7.656000	14.000000
	124.880000	7.824000	11.200000
	124.900000	7.944000	8.600000
	124.920000	8.004000	5.800000
	124.940000	8.016000	3.200000
	124.960000	7.968000	0.400000
	124.980000	7.872000	-2.200000
	125.000000	7.728000	-4.800000
	125.020000	7.536000	-7.200000
	125.040000	7.296000	-9.600000
	125.060000	7.008000	-12.000000
	125.080000	6.684000	-14.200000
	125.100000	6.336000	-16.000000
	125.120000	5.940000	-17.800000
	125.140000	5.532000	-19.200000
	125.160000	5.088000	-20.800000
	125.180000	4.632000	-21.800000
	125.200000	4.140000	-23.200000
	125.220000	3.636000	-24.200000
	125.240000	3.108000	-25.400000
	125.260000	2.568000	-26.200000
	125.280000	2.016000	-27.000000
	125.300000	1.464000	-27.400000
	125.320000	0.912000	-27.600000
	125.340000	0.360000	-27.600000
	125.360000	-0.180000	-27.400000
	125.380000	-0.708000	-27.000000
	125.400000	-1.224000	-26.400000
	125.420000	-1.716000	-25.600000
	125.440000	-2.196000	-24.800000
	125.460000	-2.652000	-23.800000
	125.480000	-3.084000	-22.800000
	125.500000	-3.480000	-21.400000
	125.520000	-3.840000	-19.800000
	125.540000	-4.164000	-18.000000
	125.560000	-4.452000	-16.200000
	125.580000	-4.704000	-14.400000
	125.600000	-4.908000	-12.400000
	125.620000	-5.064000	-10.200000
	125.640000	-5.172000	-7.800000
	125.660000	-5.232000	-5.400000
	125.680000	-5.244000	-3.000000
	125.700000	-5.208000	-0.600000
	125.720000	-5.124000	1.800000
	125.740000	-4.992000	4.200000
	125.760000	-4.824000	6.400000
	125.780000	-4.608000	8.600000
	125.800000	-4.356000	10.600000
	125.820000	-4.056000	12.800000
	125.840000	-3.732000	14.600000
	125.860000	-3.360000	16.600000
	125.880000	-2.952000	18.400000
	125.900000	-2.520000	20.200000
	125.920000	-2.064000	21.600000
	125.940000	-1.572000	23.000000
	125.960000	-1.044000	24.600000
	125.980000	-0.492000	26.200000
	126.000000	0.072000	27.400000
	126.020000	0.660000	28.400000
	126.040000	1.260000	29.200000
	126.060000	1.872000	30.000000
	126.080000	2.496000	30.600000
	126.100000	3.108000	30.800000
	126.120000	3.720000	30.800000
	126.140000	4.320000	30.400000
	126.160000	4.944000	30.600000
	126.180000	5.544000	30.400000
	126.200000	6.132000	30.200000
	126.220000	6.672000	28.800000
	126.240000	7.212000	27.800000
	126.260000	7.716000	26.400000
	126.280000	8.184000	25.200000
	126.300000	8.604000	23.200000
	126.320000	8.988000	21.200000
	126.340000	9.336000	19.200000
	126.360000	9.636000	17.200000
	126.380000	9.876000	14.800000
	126.400000	10.068000	12.200000
	126.420000	10.212000	9.600000
	126.440000	10.308000	7.200000
	126.460000	10.344000	4.600000
	126.480000	10.308000	1.600000
	126.500000	10.212000	-1.600000
	126.520000	10.068000	-4.600000
	126.540000	9.876000	-7.200000
	126.560000	9.624000	-9.800000
	126.580000	9.312000	-12.600000
	126.600000	8.952000	-15.400000
	126.620000	8.544000	-18.000000
	126.640000	8.100000	-20.200000
	126.660000	7.608000	-22.400000
	126.680000	7.080000	-24.400000
	126.700000	6.516000	-26.400000
	126.720000	5.904000	-28.400000
	126.740000	5.244000	-30.600000
	126.760000	4.560000	-32.600000
	126.780000	3.852000	-34.200000
	126.800000	3.120000	-35.400000
	126.820000	2.340000	-37.000000
	126.840000	1.548000	-38.400000
	126.860000	0.744000	-39.600000
	126.880000	-0.072000	-40.200000
	126.900000	-0.888000	-40.600000
	126.920000	-1.692000	-40.600000
	126.940000	-2.508000	-40.600000
	126.960000	-3.324000	-40.600000
	126.980000	-4.140000	-40.800000
	127.000000	-4.920000	-40.200000
	127.020000	-5.700000	-39.600000
	127.040000	-6.456000	-38.600000
	127.060000	-7.176000	-37.600000
	127.080000	-7.860000	-36.000000
	127.100000	-8.532000	-34.600000
	127.120000	-9.192000	-33.600000
	127.140000	-9.804000	-32.400000
	127.160000	-10.356000	-30.400000
	127.180000	-10.872000	-28.000000
	127.200000	-11.340000	-25.600000
	127.220000	-11.760000	-23.400000
	127.240000	-12.120000	-20.800000
	127.260000	-12.432000	-18.200000
	127.280000	-12.696000	-15.600000
	127.300000	-12.900000	-13.000000
	127.320000	-13.056000	-10.400000
	127.340000	-13.140000	-7.400000
	127.360000	-13.176000	-4.600000
	127.380000	-13.140000	-1.400000
	127.400000	-13.056000	1.400000
	127.420000	-12.912000	4.400000
	127.440000	-12.720000	7.000000
	127.460000	-12.480000	9.600000
	127.480000	-12.180000	12.200000
	127.500000	-11.820000	15.000000
	127.520000	-11.412000	17.800000
	127.540000	-10.956000	20.400000
	127.560000	-10.476000	22.400000
	127.580000	-9.948000	24.400000
	127.600000	-9.384000	26.200000
	127.620000	-8.760000	28.600000
	127.640000	-8.100000	30.800000
	127.660000	-7.392000	33.200000
	127.680000	-6.672000	34.800000
	127.700000	-5.928000	36.200000
	127.720000	-5.160000	37.200000
	127.740000	-4.368000	38.400000
	127.760000	-3.540000	39.800000
	127.780000	-2.712000	40.800000
	127.800000	-1.860000	41.800000
	127.820000	-1.020000	42.000000
	127.840000	-0.168000	42.400000
	127.860000	0.684000	42.400000
	127.880000	1.536000	42.600000
	127.900000	2.364000	42.200000
	127.920000	3.168000	41.400000
	127.940000	3.972000	40.600000
	127.960000	4.752000	39.800000
	127.980000	5.496000	38.800000
	128.000000	6.192000	37.000000
	128.020000	6.864000	35.200000
	128.040000	7.500000	33.400000
	128.060000	8.076000	31.400000
	128.080000	8.616000	29.200000
	128.100000	9.096000	26.600000
	128.120000	9.540000	24.400000
	128.140000	9.900000	21.400000
	128.160000	10.224000	18.800000
	128.180000	10.476000	15.600000
	128.200000	10.680000	13.000000
	128.220000	10.812000	9.800000
	128.240000	10.884000	6.800000
	128.260000	10.884000	3.400000
	128.280000	10.824000	0.200000
	128.300000	10.704000	-3.000000
	128.320000	10.524000	-6.000000
	128.340000	10.284000	-9.000000
	128.360000	9.996000	-11.800000
	128.380000	9.660000	-14.400000
	128.400000	9.276000	-16.800000
	128.420000	8.856000	-19.000000
	128.440000	8.400000	-21.000000
	128.460000	7.908000	-22.800000
	128.480000	7.368000	-24.800000
	128.500000	6.792000	-26.800000
	128.520000	6.192000	-28.600000
	128.540000	5.568000	-30.000000
	128.560000	4.920000	-31.200000
	128.580000	4.248000	-32.400000
	128.600000	3.564000	-33.400000
	128.620000	2.868000	-34.200000
	128.640000	2.160000	-34.800000
	128.660000	1.452000	-35.200000
	128.680000	0.756000	-35.200000
	128.700000	0.060000	-35.000000
	128.720000	-0.624000	-34.600000
	128.740000	-1.296000	-34.200000
	128.760000	-1.944000	-33.400000
	128.780000	-2.568000	-32.400000
	128.800000	-3.168000	-31.200000
	128.820000	-3.732000	-29.800000
	128.840000	-4.272000	-28.400000
	128.860000	-4.764000	-26.600000
	128.880000	-5.220000	-24.800000
	128.900000	-5.628000	-22.600000
	128.920000	-6.012000	-20.800000
	128.940000	-6.348000	-18.800000
	128.960000	-6.636000	-16.800000
	128.980000	-6.864000	-14.200000
	129.000000	-7.032000	-11.400000
	129.020000	-7.152000	-8.600000
	129.040000	-7.224000	-6.000000
	129.060000	-7.248000	-3.600000
	129.080000	-7.224000	-1.200000
	129.100000	-7.140000	1.400000
	129.120000	-7.008000	4.000000
	129.140000	-6.828000	6.600000
	129.160000	-6.612000	8.800000
	129.180000	-6.348000	11.000000
	129.200000	-6.036000	13.200000
	129.220000	-5.676000	15.600000
	129.240000	-5.292000	17.600000
	129.260000	-4.872000	19.400000
	129.280000	-4.428000	20.800000
	129.300000	-3.948000	22.400000
	129.320000	-3.444000	23.800000
	129.340000	-2.916000	25.200000
	129.360000	-2.352000	26.600000
	129.380000	-1.764000	28.000000
	129.400000	-1.164000	29.200000
	129.420000	-0.564000	29.800000
	129.440000	0.048000	30.200000
	129.460000	0.672000	30.600000
	129.480000	1.296000	31.000000
	129.500000	1.920000	31.200000
	129.520000	2.544000	31.200000
	129.540000	3.156000	31.000000
	129.560000	3.744000	30.400000
	129.580000	4.308000	29.400000
	129.600000	4.860000	28.400000
	129.620000	5.388000	27.400000
	129.640000	5.880000	26.200000
	129.660000	6.336000	24.600000
	129.680000	6.756000	22.800000
	129.700000	7.140000	21.000000
	129.720000	7.488000	19.200000
	129.740000	7.776000	17.000000
	129.760000	8.028000	14.800000
	129.780000	8.220000	12.200000
	129.800000	8.364000	9.800000
	129.820000	8.448000	7.000000
	129.840000	8.484000	4.400000
	129.860000	8.460000	1.600000
	129.880000	8.388000	-1.000000
	129.900000	8.256000	-3.800000
	129.920000	8.076000	-6.400000
	129.940000	7.848000	-9.000000
	129.960000	7.572000	-11.400000
	129.980000	7.260000	-13.600000
	130.000000	6.888000	-16.000000
	130.020000	6.492000	-18.000000
	130.040000	6.060000	-20.000000
	130.060000	5.592000	-21.600000
	130.080000	5.076000	-23.600000
	130.100000	4.524000	-25.600000
	130.120000	3.948000	-27.400000
	130.140000	3.348000	-28.800000
	130.160000	2.724000	-30.000000
	130.180000	2.076000	-31.200000
	130.200000	1.416000	-32.200000
	130.220000	0.744000	-33.000000
	130.240000	0.072000	-33.400000
	130.260000	-0.612000	-33.800000
	130.280000	-1.296000	-34.000000
	130.300000	-1.980000	-34.200000
	130.320000	-2.664000	-34.200000
	130.340000	-3.324000	-33.800000
	130.360000	-3.972000	-33.200000
	130.380000	-4.596000	-32.200000
	130.400000	-5.208000	-31.400000
	130.420000	-5.796000	-30.400000
	130.440000	-6.348000	-29.200000
	130.460000	-6.876000	-27.800000
	130.480000	-7.356000	-26.000000
	130.500000	-7.812000	-24.400000
	130.520000	-8.220000	-22.400000
	130.540000	-8.592000	-20.600000
	130.560000	-8.904000	-18.200000
	130.580000	-9.168000	-15.800000
	130.600000	-9.384000	-13.200000
	130.620000	-9.552000	-10.800000
	130.640000	-9.672000	-8.400000
	130.660000	-9.732000	-5.800000
	130.680000	-9.744000	-3.200000
	130.700000	-9.696000	-0.400000
	130.720000	-9.588000	2.400000
	130.740000	-9.432000	5.200000
	130.760000	-9.228000	7.800000
	130.780000	-8.988000	10.000000
	130.800000	-8.688000	12.400000
	130.820000	-8.340000	14.800000
	130.840000	-7.944000	17.400000
	130.860000	-7.512000	19.600000
	130.880000	-7.032000	21.800000
	130.900000	-6.504000	24.000000
	130.920000	-5.940000	26.200000
	130.940000	-5.352000	28.000000
	130.960000	-4.740000	29.400000
	130.980000	-4.092000	30.800000
	131.000000	-3.408000	32.400000
	131.020000	-2.700000	34.000000
	131.040000	-1.968000	35.400000
	131.060000	-1.212000	36.600000
	131.080000	-0.444000	37.600000
	131.100000	0.324000	38.200000
	131.120000	1.092000	38.400000
	131.140000	1.860000	38.400000
	131.160000	2.628000	38.400000
	131.180000	3.396000	38.400000
	131.200000	4.152000	38.200000
	131.220000	4.908000	38.000000
	131.240000	5.616000	37.000000
	131.260000	6.312000	36.000000
	131.280000	6.960000	34.200000
	131.300000	7.596000	33.000000
	131.320000	8.184000	31.200000
	131.340000	8.760000	30.000000
	131.360000	9.264000	27.800000
	131.380000	9.720000	25.600000
	131.400000	10.104000	22.400000
	131.420000	10.452000	19.800000
	131.440000	10.752000	17.200000
	131.460000	10.992000	14.800000
	131.480000	11.172000	12.000000
	131.500000	11.280000	8.800000
	131.520000	11.328000	5.600000
	131.540000	11.316000	2.400000
	131.560000	11.244000	-0.600000
	131.580000	11.112000	-3.600000
	131.600000	10.908000	-6.800000
	131.620000	10.656000	-9.800000
	131.640000	10.344000	-12.800000
	131.660000	9.984000	-15.400000
	131.680000	9.576000	-18.000000
	131.700000	9.120000	-20.400000
	131.720000	8.616000	-22.800000
	131.740000	8.076000	-25.000000
	131.760000	7.488000	-27.200000
	131.780000	6.876000	-29.000000
	131.800000	6.216000	-31.000000
	131.820000	5.520000	-32.800000
	131.840000	4.800000	-34.600000
	131.860000	4.056000	-36.000000
	131.880000	3.300000	-37.000000
	131.900000	2.520000	-38.000000
	131.920000	1.728000	-38.800000
	131.940000	0.924000	-39.600000
	131.960000	0.132000	-39.800000
	131.980000	-0.672000	-40.000000
	132.000000	-1.464000	-39.800000
	132.020000	-2.256000	-39.800000
	132.040000	-3.012000	-39.000000
	132.060000	-3.744000	-38.000000
	132.080000	-4.464000	-36.800000
	132.100000	-5.172000	-36.000000
	132.120000	-5.844000	-35.000000
	132.140000	-6.480000	-33.600000
	132.160000	-7.080000	-31.800000
	132.180000	-7.644000	-30.000000
	132.200000	-8.160000	-28.000000
	132.220000	-8.628000	-25.800000
	132.240000	-9.060000	-23.600000
	132.260000	-9.444000	-21.400000
	132.280000	-9.780000	-19.200000
	132.300000	-10.044000	-16.400000
	132.320000	-10.260000	-13.600000
	132.340000	-10.416000	-10.600000
	132.360000	-10.524000	-8.000000
	132.380000	-10.572000	-5.200000
	132.400000	-10.560000	-2.400000
	132.420000	-10.500000	0.400000
	132.440000	-10.380000	3.200000
	132.460000	-10.212000	5.800000
	132.480000	-9.984000	8.600000
	132.500000	-9.720000	11.000000
	132.520000	-9.408000	13.400000
	132.540000	-9.048000	15.600000
	132.560000	-8.640000	18.000000
	132.580000	-8.184000	20.400000
	132.600000	-7.704000	22.400000
	132.620000	-7.188000	24.200000
	132.640000	-6.636000	25.800000
	132.660000	-6.036000	27.800000
	132.680000	-5.412000	29.600000
	132.700000	-4.752000	31.400000
	132.720000	-4.080000	32.600000
	132.740000	-3.384000	33.800000
	132.760000	-2.676000	34.600000
	132.780000	-1.944000	35.600000
	132.800000	-1.200000	36.400000
	132.820000	-0.468000	36.800000
	132.840000	0.252000	36.600000
	132.860000	0.984000	36.400000
	132.880000	1.716000	36.400000
	132.900000	2.436000	36.400000
	132.920000	3.120000	35.600000
	132.940000	3.792000	34.600000
	132.960000	4.452000	33.600000
	132.980000	5.088000	32.800000
	133.000000	5.688000	31.600000
	133.020000	6.240000	29.800000
	133.040000	6.756000	27.800000
	133.060000	7.224000	25.600000
	133.080000	7.656000	23.600000
	133.100000	8.052000	21.600000
	133.120000	8.388000	19.400000
	133.140000	8.664000	16.800000
	133.160000	8.880000	13.800000
	133.180000	9.048000	11.000000
	133.200000	9.156000	8.200000
	133.220000	9.204000	5.400000
	133.240000	9.192000	2.400000
	133.260000	9.132000	-0.400000
	133.280000	9.012000	-3.200000
	133.300000	8.832000	-6.000000
	133.320000	8.604000	-8.800000
	133.340000	8.328000	-11.400000
	133.360000	8.016000	-13.600000
	133.380000	7.656000	-15.800000
	133.400000	7.260000	-17.800000
	133.420000	6.828000	-19.800000
	133.440000	6.348000	-21.800000
	133.460000	5.844000	-23.600000
	133.480000	5.292000	-25.600000
	133.500000	4.728000	-27.000000
	133.520000	4.128000	-28.600000
	133.540000	3.528000	-29.400000
	133.560000	2.892000	-30.600000
	133.580000	2.244000	-31.400000
	133.600000	1.596000	-32.200000
	133.620000	0.948000	-32.400000
	133.640000	0.300000	-32.400000
	133.660000	-0.360000	-32.600000
	133.680000	-1.008000	-32.600000
	133.700000	-1.656000	-32.600000
	133.720000	-2.280000	-32.000000
	133.740000	-2.880000	-31.200000
	133.760000	-3.456000	-30.000000
	133.780000	-4.008000	-28.800000
	133.800000	-4.536000	-27.600000
	133.820000	-5.028000	-26.200000
	133.840000	-5.496000	-24.800000
	133.860000	-5.928000	-23.200000
	133.880000	-6.312000	-21.400000
	133.900000	-6.648000	-19.200000
	133.920000	-6.936000	-16.800000
	133.940000	-7.176000	-14.400000
	133.960000	-7.368000	-12.000000
	133.980000	-7.512000	-9.600000
	134.000000	-7.608000	-7.200000
	134.020000	-7.644000	-4.600000
	134.040000	-7.620000	-1.800000
	134.060000	-7.548000	1.000000
	134.080000	-7.428000	3.600000
	134.100000	-7.260000	6.000000
	134.120000	-7.044000	8.400000
	134.140000	-6.780000	10.800000
	134.160000	-6.480000	13.000000
	134.180000	-6.132000	15.200000
	134.200000	-5.760000	17.000000
	134.220000	-5.340000	19.000000
	134.240000	-4.884000	20.800000
	134.260000	-4.380000	23.000000
	134.280000	-3.852000	24.800000
	134.300000	-3.300000	26.400000
	134.320000	-2.712000	27.800000
	134.340000	-2.088000	29.400000
	134.360000	-1.452000	30.800000
	134.380000	-0.804000	31.800000
	134.400000	-0.144000	32.400000
	134.420000	0.540000	33.200000
	134.440000	1.224000	33.800000
	134.460000	1.920000	34.400000
	134.480000	2.604000	34.400000
	134.500000	3.276000	34.200000
	134.520000	3.936000	33.600000
	134.540000	4.596000	33.200000
	134.560000	5.244000	32.800000
	134.580000	5.856000	32.000000
	134.600000	6.444000	30.800000
	134.620000	6.996000	29.200000
	134.640000	7.524000	27.800000
	134.660000	8.004000	26.000000
	134.680000	8.448000	24.200000
	134.700000	8.844000	22.000000
	134.720000	9.204000	20.000000
	134.740000	9.516000	17.800000
	134.760000	9.768000	15.400000
	134.780000	9.960000	12.600000
	134.800000	10.092000	9.600000
	134.820000	10.164000	6.600000
	134.840000	10.176000	3.600000
	134.860000	10.140000	0.800000
	134.880000	10.044000	-2.000000
	134.900000	9.900000	-4.600000
	134.920000	9.684000	-7.600000
	134.940000	9.420000	-10.400000
	134.960000	9.108000	-13.200000
	134.980000	8.760000	-15.400000
	135.000000	8.364000	-17.600000
	135.020000	7.920000	-19.800000
	135.040000	7.416000	-22.400000
	135.060000	6.888000	-24.600000
	135.080000	6.324000	-26.600000
	135.100000	5.736000	-28.000000
	135.120000	5.100000	-29.800000
	135.140000	4.428000	-31.600000
	135.160000	3.732000	-33.400000
	135.180000	3.024000	-34.600000
	135.200000	2.292000	-35.600000
	135.220000	1.548000	-36.400000
	135.240000	0.780000	-37.400000
	135.260000	0.012000	-38.000000
	135.280000	-0.768000	-38.600000
	135.300000	-1.536000	-38.600000
	135.320000	-2.304000	-38.600000
	135.340000	-3.048000	-38.000000
	135.360000	-3.780000	-37.400000
	135.380000	-4.488000	-36.400000
	135.400000	-5.184000	-35.600000
	135.420000	-5.856000	-34.600000
	135.440000	-6.492000	-33.400000
	135.460000	-7.104000	-32.000000
	135.480000	-7.668000	-30.200000
	135.500000	-8.208000	-28.600000
	135.520000	-8.688000	-26.400000
	135.540000	-9.132000	-24.400000
	135.560000	-9.528000	-22.000000
	135.580000	-9.888000	-20.000000
	135.600000	-10.188000	-17.600000
	135.620000	-10.440000	-15.200000
	135.640000	-10.620000	-12.200000
	135.660000	-10.764000	-9.600000
	135.680000	-10.836000	-6.600000
	135.700000	-10.860000	-4.000000
	135.720000	-10.824000	-1.000000
	135.740000	-10.740000	1.600000
	135.760000	-10.608000	4.200000
	135.780000	-10.416000	6.800000
	135.800000	-10.176000	9.400000
	135.820000	-9.876000	12.200000
	135.840000	-9.540000	14.600000
	135.860000	-9.156000	17.000000
	135.880000	-8.736000	19.000000
	135.900000	-8.256000	21.400000
	135.920000	-7.752000	23.400000
	135.940000	-7.188000	25.800000
	135.960000	-6.600000	27.600000
	135.980000	-5.964000	29.800000
	136.000000	-5.316000	31.200000
	136.020000	-4.644000	32.600000
	136.040000	-3.936000	33.800000
	136.060000	-3.216000	35.000000
	136.080000	-2.472000	36.200000
	136.100000	-1.716000	37.000000
	136.120000	-0.948000	37.800000
	136.140000	-0.180000	38.200000
	136.160000	0.576000	38.200000
	136.180000	1.356000	38.400000
	136.200000	2.124000	38.400000
	136.220000	2.880000	38.400000
	136.240000	3.624000	37.800000
	136.260000	4.344000	37.000000
	136.280000	5.052000	36.200000
	136.300000	5.712000	34.800000
	136.320000	6.360000	33.600000
	136.340000	6.960000	31.800000
	136.360000	7.512000	30.000000
	136.380000	8.016000	27.600000
	136.400000	8.484000	25.400000
	136.420000	8.904000	23.200000
	136.440000	9.276000	21.000000
	136.460000	9.588000	18.400000
	136.480000	9.852000	15.800000
	136.500000	10.056000	13.000000
	136.520000	10.200000	10.200000
	136.540000	10.272000	7.000000
	136.560000	10.284000	3.800000
	136.580000	10.236000	0.600000
	136.600000	10.140000	-2.200000
	136.620000	9.984000	-5.000000
	136.640000	9.768000	-7.800000
	136.660000	9.504000	-10.600000
	136.680000	9.192000	-13.200000
	136.700000	8.844000	-15.400000
	136.720000	8.436000	-17.800000
	136.740000	7.980000	-20.200000
	136.760000	7.488000	-22.600000
	136.780000	6.960000	-24.600000
	136.800000	6.408000	-26.200000
	136.820000	5.808000	-28.000000
	136.840000	5.196000	-29.400000
	136.860000	4.548000	-31.000000
	136.880000	3.888000	-32.000000
	136.900000	3.192000	-33.400000
	136.920000	2.496000	-34.200000
	136.940000	1.788000	-35.000000
	136.960000	1.080000	-35.200000
	136.980000	0.372000	-35.400000
	137.000000	-0.336000	-35.400000
	137.020000	-1.020000	-35.000000
	137.040000	-1.704000	-34.600000
	137.060000	-2.376000	-34.000000
	137.080000	-3.036000	-33.600000
	137.100000	-3.672000	-32.800000
	137.120000	-4.272000	-31.600000
	137.140000	-4.836000	-30.000000
	137.160000	-5.376000	-28.400000
	137.180000	-5.868000	-26.600000
	137.200000	-6.336000	-25.000000
	137.220000	-6.756000	-23.000000
	137.240000	-7.140000	-21.200000
	137.260000	-7.464000	-18.800000
	137.280000	-7.740000	-16.400000
	137.300000	-7.956000	-13.600000
	137.320000	-8.136000	-11.200000
	137.340000	-8.256000	-8.600000
	137.360000	-8.328000	-6.200000
	137.380000	-8.340000	-3.400000
	137.400000	-8.292000	-0.600000
	137.420000	-8.196000	2.200000
	137.440000	-8.052000	4.800000
	137.460000	-7.860000	7.200000
	137.480000	-7.620000	9.600000
	137.500000	-7.320000	12.200000
	137.520000	-6.984000	14.600000
	137.540000	-6.612000	16.800000
	137.560000	-6.216000	18.400000
	137.580000	-5.772000	20.200000
	137.600000	-5.292000	22.000000
	137.620000	-4.776000	24.000000
	137.640000	-4.224000	25.800000
	137.660000	-3.648000	27.400000
	137.680000	-3.036000	29.000000
	137.700000	-2.424000	30.000000
	137.720000	-1.776000	31.200000
	137.740000	-1.116000	32.000000
	137.760000	-0.432000	33.200000
	137.780000	0.252000	33.800000
	137.800000	0.948000	34.400000
	137.820000	1.620000	34.200000
	137.840000	2.292000	34.000000
	137.860000	2.952000	33.400000
	137.880000	3.624000	33.400000
	137.900000	4.272000	33.000000
	137.920000	4.896000	32.400000
	137.940000	5.496000	31.200000
	137.960000	6.072000	30.000000
	137.980000	6.612000	28.600000
	138.000000	7.116000	27.000000
	138.020000	7.584000	25.200000
	138.040000	8.004000	23.200000
	138.060000	8.376000	21.000000
	138.080000	8.700000	18.600000
	138.100000	8.976000	16.200000
	138.120000	9.204000	13.800000
	138.140000	9.360000	11.000000
	138.160000	9.468000	8.200000
	138.180000	9.516000	5.200000
	138.200000	9.516000	2.600000
	138.220000	9.456000	-0.200000
	138.240000	9.336000	-3.000000
	138.260000	9.168000	-5.800000
	138.280000	8.940000	-8.600000
	138.300000	8.676000	-11.000000
	138.320000	8.364000	-13.400000
	138.340000	8.004000	-15.600000
	138.360000	7.596000	-18.000000
	138.380000	7.152000	-20.200000
	138.400000	6.660000	-22.400000
	138.420000	6.144000	-24.200000
	138.440000	5.568000	-26.400000
	138.460000	4.992000	-27.800000
	138.480000	4.368000	-29.600000
	138.500000	3.732000	-30.600000
	138.520000	3.072000	-32.000000
	138.540000	2.376000	-33.200000
	138.560000	1.680000	-34.200000
	138.580000	0.972000	-35.000000
	138.600000	0.276000	-35.000000
	138.620000	-0.432000	-35.200000
	138.640000	-1.152000	-35.400000
	138.660000	-1.848000	-35.400000
	138.680000	-2.544000	-35.200000
	138.700000	-3.228000	-34.600000
	138.720000	-3.912000	-34.400000
	138.740000	-4.548000	-33.400000
	138.760000	-5.172000	-32.400000
	138.780000	-5.760000	-30.800000
	138.800000	-6.324000	-29.600000
	138.820000	-6.828000	-27.600000
	138.840000	-7.296000	-25.600000
	138.860000	-7.728000	-23.400000
	138.880000	-8.124000	-21.600000
	138.900000	-8.484000	-19.800000
	138.920000	-8.796000	-17.800000
	138.940000	-9.048000	-15.400000
	138.960000	-9.240000	-12.600000
	138.980000	-9.384000	-9.800000
	139.000000	-9.480000	-7.200000
	139.020000	-9.516000	-4.600000
	139.040000	-9.492000	-1.800000
	139.060000	-9.420000	1.000000
	139.080000	-9.300000	3.600000
	139.100000	-9.132000	6.000000
	139.120000	-8.904000	8.600000
	139.140000	-8.628000	11.200000
	139.160000	-8.304000	13.800000
	139.180000	-7.944000	16.000000
	139.200000	-7.548000	18.000000
	139.220000	-7.116000	19.800000
	139.240000	-6.648000	21.600000
	139.260000	-6.132000	23.600000
	139.280000	-5.568000	25.800000
	139.300000	-4.968000	28.000000
	139.320000	-4.344000	29.800000
	139.340000	-3.696000	31.200000
	139.360000	-3.012000	32.600000
	139.380000	-2.316000	33.800000
	139.400000	-1.608000	34.800000
	139.420000	-0.888000	35.400000
	139.440000	-0.156000	36.000000
	139.460000	0.576000	36.400000
	139.480000	1.320000	36.800000
	139.500000	2.064000	37.000000
	139.520000	2.820000	37.400000
	139.540000	3.540000	37.000000
	139.560000	4.248000	36.400000
	139.580000	4.920000	35.000000
	139.600000	5.592000	34.200000
	139.620000	6.216000	32.800000
	139.640000	6.816000	31.600000
	139.660000	7.368000	29.600000
	139.680000	7.908000	28.200000
	139.700000	8.400000	26.400000
	139.720000	8.844000	24.600000
	139.740000	9.228000	22.000000
	139.760000	9.564000	19.400000
	139.780000	9.840000	16.600000
	139.800000	10.068000	14.000000
	139.820000	10.224000	11.000000
	139.840000	10.332000	8.200000
	139.860000	10.368000	5.000000
	139.880000	10.356000	2.200000
	139.900000	10.284000	-0.800000
	139.920000	10.164000	-3.400000
	139.940000	9.984000	-6.200000
	139.960000	9.744000	-9.000000
	139.980000	9.444000	-12.000000
	140.000000	9.108000	-14.600000
	140.020000	8.724000	-17.000000
	140.040000	8.304000	-19.000000
	140.060000	7.836000	-21.200000
	140.080000	7.320000	-23.400000
	140.100000	6.768000	-25.600000
	140.120000	6.180000	-27.600000
	140.140000	5.568000	-29.200000
	140.160000	4.908000	-31.000000
	140.180000	4.236000	-32.400000
	140.200000	3.528000	-34.000000
	140.220000	2.832000	-34.600000
	140.240000	2.100000	-35.600000
	140.260000	1.368000	-36.000000
	140.280000	0.624000	-36.800000
	140.300000	-0.108000	-36.800000
	140.320000	-0.840000	-36.800000
	140.340000	-1.572000	-36.600000
	140.360000	-2.304000	-36.600000
	140.380000	-3.012000	-36.200000
	140.400000	-3.696000	-35.400000
	140.420000	-4.356000	-34.200000
	140.440000	-4.992000	-33.000000
	140.460000	-5.592000	-31.600000
	140.480000	-6.156000	-30.000000
	140.500000	-6.684000	-28.200000
	140.520000	-7.188000	-26.600000
	140.540000	-7.644000	-24.800000
	140.560000	-8.052000	-22.800000
	140.580000	-8.412000	-20.400000
	140.600000	-8.724000	-18.000000
	140.620000	-8.988000	-15.600000
	140.640000	-9.204000	-13.200000
	140.660000	-9.360000	-10.600000
	140.680000	-9.456000	-7.800000
	140.700000	-9.492000	-4.800000
	140.720000	-9.480000	-2.000000
	140.740000	-9.420000	0.600000
	140.760000	-9.300000	3.200000
	140.780000	-9.132000	5.800000
	140.800000	-8.916000	8.400000
	140.820000	-8.652000	10.800000
	140.840000	-8.352000	13.000000
	140.860000	-7.992000	15.400000
	140.880000	-7.608000	17.400000
	140.900000	-7.164000	19.800000
	140.920000	-6.696000	21.600000
	140.940000	-6.168000	24.000000
	140.960000	-5.628000	25.600000
	140.980000	-5.052000	27.400000
	141.000000	-4.440000	28.800000
	141.020000	-3.804000	30.400000
	141.040000	-3.144000	31.800000
	141.060000	-2.472000	32.800000
	141.080000	-1.764000	34.000000
	141.100000	-1.044000	35.000000
	141.120000	-0.336000	35.600000
	141.140000	0.384000	35.800000
	141.160000	1.104000	35.800000
	141.180000	1.824000	36.000000
	141.200000	2.520000	35.600000
	141.220000	3.204000	35.000000
	141.240000	3.876000	34.200000
	141.260000	4.536000	33.600000
	141.280000	5.184000	33.000000
	141.300000	5.796000	32.000000
	141.320000	6.384000	30.800000
	141.340000	6.912000	28.800000
	141.360000	7.416000	27.000000
	141.380000	7.872000	24.800000
	141.400000	8.292000	23.000000
	141.420000	8.652000	20.600000
	141.440000	8.952000	18.000000
	141.460000	9.204000	15.200000
	141.480000	9.408000	12.600000
	141.500000	9.552000	10.000000
	141.520000	9.636000	7.200000
	141.540000	9.660000	4.200000
	141.560000	9.636000	1.400000
	141.580000	9.552000	-1.400000
	141.600000	9.408000	-4.200000
	141.620000	9.204000	-7.200000
	141.640000	8.952000	-10.000000
	141.660000	8.664000	-12.400000
	141.680000	8.328000	-14.600000
	141.700000	7.944000	-16.800000
	141.720000	7.524000	-19.000000
	141.740000	7.068000	-21.000000
	141.760000	6.576000	-22.800000
	141.780000	6.024000	-25.000000
	141.800000	5.448000	-27.000000
	141.820000	4.836000	-29.000000
	141.840000	4.224000	-30.000000
	141.860000	3.588000	-31.000000
	141.880000	2.928000	-31.800000
	141.900000	2.244000	-33.000000
	141.920000	1.548000	-34.000000
	141.940000	0.840000	-34.800000
	141.960000	0.144000	-35.000000
	141.980000	-0.552000	-35.000000
	142.000000	-1.236000	-34.600000
	142.020000	-1.932000	-34.600000
	142.040000	-2.604000	-34.200000
	142.060000	-3.264000	-33.800000
	142.080000	-3.888000	-32.600000
	142.100000	-4.500000	-31.600000
	142.120000	-5.064000	-30.000000
	142.140000	-5.604000	-28.600000
	142.160000	-6.120000	-27.000000
	142.180000	-6.600000	-25.600000
	142.200000	-7.032000	-23.800000
	142.220000	-7.416000	-21.600000
	142.240000	-7.752000	-19.200000
	142.260000	-8.052000	-17.000000
	142.280000	-8.304000	-14.800000
	142.300000	-8.496000	-12.400000
	142.320000	-8.640000	-9.800000
	142.340000	-8.724000	-7.000000
	142.360000	-8.760000	-4.400000
	142.380000	-8.736000	-1.600000
	142.400000	-8.664000	1.000000
	142.420000	-8.544000	3.600000
	142.440000	-8.376000	6.000000
	142.460000	-8.160000	8.400000
	142.480000	-7.896000	10.800000
	142.500000	-7.584000	13.200000
	142.520000	-7.224000	15.600000
	142.540000	-6.828000	17.800000
	142.560000	-6.396000	19.800000
	142.580000	-5.916000	21.800000
	142.600000	-5.412000	23.600000
	142.620000	-4.860000	25.600000
	142.640000	-4.296000	27.000000
	142.660000	-3.684000	28.800000
	142.680000	-3.060000	30.000000
	142.700000	-2.400000	31.600000
	142.720000	-1.728000	32.600000
	142.740000	-1.032000	33.800000
	142.760000	-0.336000	34.400000
	142.780000	0.372000	35.000000
	142.800000	1.080000	35.200000
	142.820000	1.812000	35.800000
	142.840000	2.532000	36.000000
	142.860000	3.228000	35.800000
	142.880000	3.900000	34.800000
	142.900000	4.560000	33.800000
	142.920000	5.220000	33.200000
	142.940000	5.844000	32.400000
	142.960000	6.444000	31.400000
	142.980000	6.996000	29.600000
	143.000000	7.524000	28.000000
	143.020000	8.004000	26.000000
	143.040000	8.460000	24.400000
	143.060000	8.844000	22.000000
	143.080000	9.192000	19.800000
	143.100000	9.468000	16.800000
	143.120000	9.708000	14.400000
	143.140000	9.876000	11.400000
	143.160000	9.996000	8.800000
	143.180000	10.056000	5.800000
	143.200000	10.056000	3.000000
	143.220000	9.996000	0.000000
	143.240000	9.876000	-3.000000
	143.260000	9.708000	-5.800000
	143.280000	9.492000	-8.400000
	143.300000	9.228000	-10.800000
	143.320000	8.916000	-13.200000
	143.340000	8.532000	-16.000000
	143.360000	8.124000	-18.400000
	143.380000	7.668000	-20.800000
	143.400000	7.188000	-22.400000
	143.420000	6.648000	-24.600000
	143.440000	6.072000	-26.600000
	143.460000	5.472000	-28.600000
	143.480000	4.836000	-30.200000
	143.500000	4.188000	-31.400000
	143.520000	3.504000	-32.800000
	143.540000	2.808000	-33.800000
	143.560000	2.088000	-35.000000
	143.580000	1.356000	-35.800000
	143.600000	0.624000	-36.400000
	143.620000	-0.120000	-36.800000
	143.640000	-0.840000	-36.600000
	143.660000	-1.572000	-36.600000
	143.680000	-2.292000	-36.200000
	143.700000	-3.000000	-36.000000
	143.720000	-3.684000	-35.200000
	143.740000	-4.344000	-34.200000
	143.760000	-4.992000	-33.200000
	143.780000	-5.604000	-32.000000
	143.800000	-6.180000	-30.600000
	143.820000	-6.732000	-29.000000
	143.840000	-7.248000	-27.400000
	143.860000	-7.716000	-25.600000
	143.880000	-8.136000	-23.400000
	143.900000	-8.508000	-21.000000
	143.920000	-8.844000	-18.800000
	143.940000	-9.120000	-16.400000
	143.960000	-9.348000	-14.000000
	143.980000	-9.528000	-11.400000
	144.000000	-9.648000	-8.800000
	144.020000	-9.720000	-6.200000
	144.040000	-9.720000	-3.200000
	144.060000	-9.684000	-0.600000
	144.080000	-9.588000	2.200000
	144.100000	-9.444000	4.600000
	144.120000	-9.240000	7.400000
	144.140000	-8.976000	10.200000
	144.160000	-8.676000	12.800000
	144.180000	-8.328000	15.200000
	144.200000	-7.956000	17.000000
	144.220000	-7.536000	19.000000
	144.240000	-7.080000	20.800000
	144.260000	-6.564000	23.200000
	144.280000	-6.036000	25.000000
	144.300000	-5.472000	26.800000
	144.320000	-4.884000	28.000000
	144.340000	-4.248000	29.800000
	144.360000	-3.588000	31.400000
	144.380000	-2.904000	33.000000
	144.400000	-2.196000	34.200000
	144.420000	-1.476000	35.200000
	144.440000	-0.744000	36.000000
	144.460000	-0.012000	36.400000
	144.480000	0.732000	36.800000
	144.500000	1.464000	36.800000
	144.520000	2.184000	36.600000
	144.540000	2.892000	36.000000
	144.560000	3.600000	35.600000
	144.580000	4.296000	35.200000
	144.600000	4.968000	34.600000
	144.620000	5.604000	33.400000
	144.640000	6.216000	32.000000
	144.660000	6.792000	30.400000
	144.680000	7.332000	28.800000
	144.700000	7.824000	26.800000
	144.720000	8.280000	24.800000
	144.740000	8.676000	22.400000
	144.760000	9.036000	20.200000
	144.780000	9.336000	17.600000
	144.800000	9.588000	15.200000
	144.820000	9.768000	12.200000
	144.840000	9.888000	9.200000
	144.860000	9.960000	6.200000
	144.880000	9.972000	3.400000
	144.900000	9.924000	0.600000
	144.920000	9.816000	-2.400000
	144.940000	9.660000	-5.200000
	144.960000	9.444000	-8.000000
	144.980000	9.180000	-10.600000
	145.000000	8.856000	-13.400000
	145.020000	8.508000	-15.600000
	145.040000	8.100000	-18.000000
	145.060000	7.668000	-19.800000
	145.080000	7.176000	-22.200000
	145.100000	6.660000	-24.000000
	145.120000	6.108000	-26.000000
	145.140000	5.520000	-27.600000
	145.160000	4.908000	-29.200000
	145.180000	4.260000	-30.800000
	145.200000	3.600000	-32.000000
	145.220000	2.916000	-33.200000
	145.240000	2.220000	-34.000000
	145.260000	1.512000	-34.800000
	145.280000	0.792000	-35.400000
	145.300000	0.072000	-35.800000
	145.320000	-0.636000	-35.800000
	145.340000	-1.332000	-35.400000
	145.360000	-2.016000	-34.800000
	145.380000	-2.688000	-34.200000
	145.400000	-3.348000	-33.600000
	145.420000	-3.984000	-32.800000
	145.440000	-4.596000	-31.800000
	145.460000	-5.184000	-30.600000
	145.480000	-5.736000	-29.200000
	145.500000	-6.252000	-27.600000
	145.520000	-6.720000	-25.600000
	145.540000	-7.152000	-23.600000
	145.560000	-7.536000	-21.400000
	145.580000	-7.884000	-19.400000
	145.600000	-8.172000	-17.000000
	145.620000	-8.412000	-14.600000
	145.640000	-8.592000	-11.800000
	145.660000	-8.724000	-9.200000
	145.680000	-8.808000	-6.600000
	145.700000	-8.832000	-4.000000
	145.720000	-8.808000	-1.400000
	145.740000	-8.736000	1.200000
	145.760000	-8.616000	3.600000
	145.780000	-8.436000	6.200000
	145.800000	-8.208000	8.800000
	145.820000	-7.932000	11.400000
	145.840000	-7.620000	13.600000
	145.860000	-7.260000	15.800000
	145.880000	-6.852000	18.000000
	145.900000	-6.408000	20.200000
	145.920000	-5.928000	22.200000
	145.940000	-5.424000	23.800000
	145.960000	-4.884000	25.400000
	145.980000	-4.296000	27.200000
	146.000000	-3.672000	29.200000
	146.020000	-3.036000	30.800000
	146.040000	-2.400000	31.600000
	146.060000	-1.728000	32.400000
	146.080000	-1.044000	33.200000
	146.100000	-0.336000	34.400000
	146.120000	0.348000	34.600000
	146.140000	1.056000	35.000000
	146.160000	1.752000	34.800000
	146.180000	2.460000	35.200000
	146.200000	3.156000	35.000000
	146.220000	3.840000	34.800000
	146.240000	4.500000	34.000000
	146.260000	5.136000	33.000000
	146.280000	5.748000	31.800000
	146.300000	6.336000	30.600000
	146.320000	6.876000	29.000000
	146.340000	7.392000	27.400000
	146.360000	7.860000	25.400000
	146.380000	8.292000	23.600000
	146.400000	8.664000	21.200000
	146.420000	8.988000	18.800000
	146.440000	9.264000	16.200000
	146.460000	9.480000	13.600000
	146.480000	9.636000	10.800000
	146.500000	9.744000	8.000000
	146.520000	9.792000	5.200000
	146.540000	9.792000	2.600000
	146.560000	9.720000	-0.400000
	146.580000	9.600000	-3.200000
	146.600000	9.420000	-6.200000
	146.620000	9.192000	-8.800000
	146.640000	8.916000	-11.400000
	146.660000	8.580000	-14.000000
	146.680000	8.208000	-16.400000
	146.700000	7.788000	-18.800000
	146.720000	7.344000	-20.600000
	146.740000	6.840000	-22.800000
	146.760000	6.312000	-24.600000
	146.780000	5.736000	-26.800000
	146.800000	5.148000	-28.200000
	146.820000	4.524000	-29.800000
	146.840000	3.876000	-31.000000
	146.860000	3.180000	-32.800000
	146.880000	2.484000	-34.000000
	146.900000	1.788000	-34.800000
	146.920000	1.092000	-34.800000
	146.940000	0.372000	-35.200000
	146.960000	-0.360000	-35.800000
	146.980000	-1.080000	-36.200000
	147.000000	-1.788000	-36.000000
	147.020000	-2.472000	-35.200000
	147.040000	-3.144000	-34.400000
	147.060000	-3.804000	-33.600000
	147.080000	-4.464000	-33.200000
	147.100000	-5.088000	-32.400000
	147.120000	-5.688000	-31.400000
	147.140000	-6.240000	-29.600000
	147.160000	-6.756000	-27.800000
	147.180000	-7.236000	-25.800000
	147.200000	-7.680000	-24.000000
	147.220000	-8.088000	-22.200000
	147.240000	-8.436000	-20.000000
	147.260000	-8.736000	-17.600000
	147.280000	-8.988000	-15.000000
	147.300000	-9.192000	-12.600000
	147.320000	-9.336000	-10.000000
	147.340000	-9.420000	-7.200000
	147.360000	-9.456000	-4.400000
	147.380000	-9.444000	-1.800000
	147.400000	-9.372000	0.800000
	147.420000	-9.240000	3.600000
	147.440000	-9.060000	6.400000
	147.460000	-8.832000	9.000000
	147.480000	-8.556000	11.400000
	147.500000	-8.244000	13.600000
	147.520000	-7.896000	15.600000
	147.540000	-7.500000	17.600000
	147.560000	-7.056000	19.800000
	147.580000	-6.576000	22.000000
	147.600000	-6.060000	24.000000
	147.620000	-5.508000	25.800000
	147.640000	-4.896000	28.000000
	147.660000	-4.284000	29.600000
	147.680000	-3.624000	31.400000
	147.700000	-2.952000	32.400000
	147.720000	-2.256000	33.800000
	147.740000	-1.572000	34.200000
	147.760000	-0.876000	34.600000
	147.780000	-0.156000	35.000000
	147.800000	0.576000	35.800000
	147.820000	1.308000	36.400000
	147.840000	2.040000	36.600000
	147.860000	2.772000	36.600000
	147.880000	3.480000	36.200000
	147.900000	4.188000	35.800000
	147.920000	4.848000	34.600000
	147.940000	5.508000	33.800000
	147.960000	6.120000	32.200000
	147.980000	6.720000	31.200000
	148.000000	7.272000	29.400000
	148.020000	7.776000	27.600000
	148.040000	8.244000	25.400000
	148.060000	8.652000	23.000000
	148.080000	9.036000	21.000000
	148.100000	9.360000	18.600000
	148.120000	9.636000	16.400000
	148.140000	9.840000	13.400000
	148.160000	9.984000	10.400000
	148.180000	10.068000	7.200000
	148.200000	10.092000	4.200000
	148.220000	10.068000	1.400000
	148.240000	9.984000	-1.400000
	148.260000	9.852000	-4.000000
	148.280000	9.660000	-6.800000
	148.300000	9.420000	-9.400000
	148.320000	9.120000	-12.200000
	148.340000	8.772000	-14.800000
	148.360000	8.376000	-17.400000
	148.380000	7.932000	-19.800000
	148.400000	7.452000	-22.000000
	148.420000	6.924000	-24.200000
	148.440000	6.396000	-25.600000
	148.460000	5.832000	-27.000000
	148.480000	5.232000	-28.200000
	148.500000	4.572000	-30.400000
	148.520000	3.900000	-32.200000
	148.540000	3.192000	-34.000000
	148.560000	2.484000	-34.800000
	148.580000	1.764000	-35.600000
	148.600000	1.068000	-35.400000
	148.620000	0.360000	-35.400000
	148.640000	-0.360000	-35.400000
	148.660000	-1.080000	-35.800000
	148.680000	-1.788000	-35.800000
	148.700000	-2.508000	-35.800000
	148.720000	-3.192000	-35.200000
	148.740000	-3.864000	-34.600000
	148.760000	-4.488000	-33.000000
	148.780000	-5.100000	-31.800000
	148.800000	-5.688000	-30.400000
	148.820000	-6.228000	-29.000000
	148.840000	-6.732000	-27.200000
	148.860000	-7.188000	-25.000000
	148.880000	-7.608000	-23.000000
	148.900000	-7.992000	-21.000000
	148.920000	-8.328000	-19.000000
	148.940000	-8.616000	-16.800000
	148.960000	-8.844000	-14.200000
	148.980000	-9.012000	-11.400000
	149.000000	-9.132000	-8.600000
	149.020000	-9.204000	-6.000000
	149.040000	-9.228000	-3.600000
	149.060000	-9.192000	-1.000000
	149.080000	-9.096000	1.800000
	149.100000	-8.952000	4.600000
	149.120000	-8.760000	7.200000
	149.140000	-8.520000	9.600000
	149.160000	-8.232000	12.000000
	149.180000	-7.908000	14.200000
	149.200000	-7.548000	16.200000
	149.220000	-7.128000	18.400000
	149.240000	-6.684000	20.400000
	149.260000	-6.192000	22.600000
	149.280000	-5.676000	24.200000
	149.300000	-5.112000	26.200000
	149.320000	-4.524000	27.800000
	149.340000	-3.912000	29.400000
	149.360000	-3.264000	30.800000
	149.380000	-2.592000	32.200000
	149.400000	-1.908000	33.400000
	149.420000	-1.212000	34.200000
	149.440000	-0.492000	35.000000
	149.460000	0.240000	35.800000
	149.480000	0.972000	36.400000
	149.500000	1.692000	36.400000
	149.520000	2.400000	36.000000
	149.540000	3.096000	35.400000
	149.560000	3.768000	34.600000
	149.580000	4.428000	33.800000
	149.600000	5.052000	32.600000
	149.620000	5.664000	31.600000
	149.640000	6.252000	30.400000
	149.660000	6.816000	29.400000
	149.680000	7.332000	27.800000
	149.700000	7.800000	25.800000
	149.720000	8.220000	23.400000
	149.740000	8.604000	21.200000
	149.760000	8.940000	19.000000
	149.780000	9.228000	16.800000
	149.800000	9.444000	14.000000
	149.820000	9.600000	11.000000
	149.840000	9.708000	8.000000
	149.860000	9.768000	5.400000
	149.880000	9.768000	2.800000
	149.900000	9.696000	-0.200000
	149.920000	9.576000	-3.200000
	149.940000	9.396000	-6.200000
	149.960000	9.180000	-8.600000
	149.980000	8.892000	-11.400000
	150.000000	8.580000	-13.600000
	150.020000	8.208000	-16.200000
	150.040000	7.800000	-18.200000
	150.060000	7.332000	-20.800000
	150.080000	6.840000	-22.800000
	150.100000	6.312000	-24.800000
	150.120000	5.760000	-26.200000
	150.140000	5.172000	-27.800000
	150.160000	4.560000	-29.200000
	150.180000	3.924000	-30.600000
	150.200000	3.252000	-32.000000
	150.220000	2.568000	-33.200000
	150.240000	1.872000	-34.200000
	150.260000	1.164000	-34.800000
	150.280000	0.456000	-35.200000
	150.300000	-0.264000	-35.600000
	150.320000	-0.960000	-35.400000
	150.340000	-1.656000	-35.200000
	150.360000	-2.340000	-34.600000
	150.380000	-3.012000	-34.200000
	150.400000	-3.672000	-33.600000
	150.420000	-4.308000	-32.800000
	150.440000	-4.920000	-31.800000
	150.460000	-5.484000	-30.200000
	150.480000	-6.024000	-28.600000
	150.500000	-6.528000	-26.800000
	150.520000	-7.008000	-25.400000
	150.540000	-7.416000	-23.200000
	150.560000	-7.788000	-21.000000
	150.580000	-8.112000	-18.400000
	150.600000	-8.400000	-16.400000
	150.620000	-8.628000	-14.000000
	150.640000	-8.808000	-11.600000
	150.660000	-8.928000	-8.800000
	150.680000	-9.000000	-6.200000
	150.700000	-9.012000	-3.400000
	150.720000	-8.988000	-1.000000
	150.740000	-8.904000	1.600000
	150.760000	-8.772000	4.000000
	150.780000	-8.568000	7.000000
	150.800000	-8.328000	9.600000
	150.820000	-8.040000	12.200000
	150.840000	-7.728000	14.000000
	150.860000	-7.356000	16.200000
	150.880000	-6.948000	18.200000
	150.900000	-6.492000	20.600000
	150.920000	-6.012000	22.400000
	150.940000	-5.484000	24.400000
	150.960000	-4.932000	26.000000
	150.980000	-4.344000	27.800000
	151.000000	-3.732000	29.200000
	151.020000	-3.096000	30.600000
	151.040000	-2.412000	32.200000
	151.060000	-1.740000	33.200000
	151.080000	-1.044000	34.200000
	151.100000	-0.348000	34.400000
	151.120000	0.384000	35.400000
	151.140000	1.128000	36.200000
	151.160000	1.860000	36.800000
	151.180000	2.568000	36.400000
	151.200000	3.252000	35.400000
	151.220000	3.924000	34.400000
	151.240000	4.608000	34.000000
	151.260000	5.256000	33.400000
	151.280000	5.868000	32.400000
	151.300000	6.444000	30.600000
	151.320000	6.984000	28.800000
	151.340000	7.512000	27.400000
	151.360000	7.980000	25.600000
	151.380000	8.436000	24.200000
	151.400000	8.808000	21.600000
	151.420000	9.144000	19.400000
	151.440000	9.408000	16.200000
	151.460000	9.636000	13.800000
	151.480000	9.804000	11.000000
	151.500000	9.912000	8.400000
	151.520000	9.960000	5.400000
	151.540000	9.960000	2.600000
	151.560000	9.900000	-0.200000
	151.580000	9.780000	-3.000000
	151.600000	9.600000	-6.000000
	151.620000	9.372000	-8.800000
	151.640000	9.084000	-11.600000
	151.660000	8.760000	-14.000000
	151.680000	8.388000	-16.400000
	151.700000	7.992000	-18.200000
	151.720000	7.536000	-20.400000
	151.740000	7.032000	-22.600000
	151.760000	6.492000	-25.000000
	151.780000	5.928000	-26.800000
	151.800000	5.328000	-28.400000
	151.820000	4.692000	-30.000000
	151.840000	4.020000	-31.800000
	151.860000	3.324000	-33.400000
	151.880000	2.604000	-34.800000
	151.900000	1.908000	-35.200000
	151.920000	1.212000	-35.200000
	151.940000	0.516000	-34.800000
	151.960000	-0.240000	-35.800000
	151.980000	-0.960000	-36.200000
	152.000000	-1.680000	-36.600000
	152.020000	-2.376000	-35.600000
	152.040000	-3.072000	-35.200000
	152.060000	-3.756000	-34.600000
	152.080000	-4.404000	-33.800000
	152.100000	-5.040000	-32.800000
	152.120000	-5.628000	-31.200000
	152.140000	-6.192000	-29.800000
	152.160000	-6.720000	-28.000000
	152.180000	-7.212000	-26.400000
	152.200000	-7.656000	-24.400000
	152.220000	-8.064000	-22.400000
	152.240000	-8.424000	-20.200000
	152.260000	-8.736000	-18.000000
	152.280000	-8.976000	-15.200000
	152.300000	-9.180000	-12.600000
	152.320000	-9.324000	-9.800000
	152.340000	-9.432000	-7.600000
	152.360000	-9.468000	-4.800000
	152.380000	-9.456000	-2.200000
	152.400000	-9.384000	0.800000
	152.420000	-9.264000	3.400000
	152.440000	-9.096000	6.000000
	152.460000	-8.880000	8.400000
	152.480000	-8.628000	10.600000
	152.500000	-8.328000	12.800000
	152.520000	-7.968000	15.200000
	152.540000	-7.572000	17.600000
	152.560000	-7.128000	20.000000
	152.580000	-6.672000	21.600000
	152.600000	-6.156000	23.600000
	152.620000	-5.616000	25.200000
	152.640000	-5.028000	27.400000
	152.660000	-4.416000	29.000000
	152.680000	-3.768000	30.800000
	152.700000	-3.108000	32.000000
	152.720000	-2.424000	33.200000
	152.740000	-1.728000	34.000000
	152.760000	-0.984000	35.400000
	152.780000	-0.252000	36.200000
	152.800000	0.480000	36.800000
	152.820000	1.188000	36.200000
	152.840000	1.896000	35.800000
	152.860000	2.604000	35.400000
	152.880000	3.312000	35.400000
	152.900000	4.020000	35.400000
	152.920000	4.704000	35.000000
	152.940000	5.352000	34.000000
	152.960000	5.964000	32.400000
	152.980000	6.552000	30.800000
	153.000000	7.104000	29.200000
	153.020000	7.620000	27.600000
	153.040000	8.088000	25.600000
	153.060000	8.508000	23.400000
	153.080000	8.880000	21.000000
	153.100000	9.204000	18.600000
	153.120000	9.480000	16.200000
	153.140000	9.696000	13.600000
	153.160000	9.852000	10.800000
	153.180000	9.936000	7.600000
	153.200000	9.972000	4.600000
	153.220000	9.948000	1.600000
	153.240000	9.876000	-1.000000
	153.260000	9.732000	-4.000000
	153.280000	9.540000	-6.800000
	153.300000	9.300000	-9.600000
	153.320000	9.012000	-12.000000
	153.340000	8.664000	-14.600000
	153.360000	8.280000	-17.000000
	153.380000	7.860000	-19.200000
	153.400000	7.404000	-21.000000
	153.420000	6.888000	-23.200000
	153.440000	6.348000	-25.200000
	153.460000	5.760000	-27.400000
	153.480000	5.160000	-28.800000
	153.500000	4.512000	-30.600000
	153.520000	3.852000	-31.800000
	153.540000	3.168000	-33.200000
	153.560000	2.460000	-34.200000
	153.580000	1.740000	-35.200000
	153.600000	1.032000	-35.600000
	153.620000	0.336000	-35.400000
	153.640000	-0.360000	-35.000000
	153.660000	-1.092000	-35.400000
	153.680000	-1.800000	-35.600000
	153.700000	-2.496000	-35.600000
	153.720000	-3.180000	-34.800000
	153.740000	-3.828000	-33.800000
	153.760000	-4.452000	-32.600000
	153.780000	-5.040000	-31.000000
	153.800000	-5.616000	-29.800000
	153.820000	-6.156000	-28.400000
	153.840000	-6.648000	-26.800000
	153.860000	-7.116000	-25.000000
	153.880000	-7.536000	-23.000000
	153.900000	-7.920000	-21.200000
	153.920000	-8.244000	-18.800000
	153.940000	-8.520000	-16.400000
	153.960000	-8.736000	-13.600000
	153.980000	-8.904000	-11.000000
	154.000000	-9.024000	-8.400000
	154.020000	-9.084000	-5.800000
	154.040000	-9.096000	-3.200000
	154.060000	-9.048000	-0.400000
	154.080000	-8.952000	2.200000
	154.100000	-8.808000	4.800000
	154.120000	-8.616000	7.200000
	154.140000	-8.376000	9.600000
	154.160000	-8.088000	12.000000
	154.180000	-7.752000	14.400000
	154.200000	-7.368000	16.800000
	154.220000	-6.948000	19.000000
	154.240000	-6.492000	21.000000
	154.260000	-6.000000	22.800000
	154.280000	-5.472000	24.600000
	154.300000	-4.920000	26.200000
	154.320000	-4.320000	28.000000
	154.340000	-3.672000	30.000000
	154.360000	-3.012000	31.800000
	154.380000	-2.352000	32.800000
	154.400000	-1.704000	32.800000
	154.420000	-1.008000	33.400000
	154.440000	-0.300000	34.200000
	154.460000	0.432000	35.600000
	154.480000	1.152000	36.000000
	154.500000	1.860000	36.000000
	154.520000	2.580000	35.800000
	154.540000	3.276000	35.400000
	154.560000	3.960000	35.000000
	154.580000	4.620000	34.000000
	154.600000	5.256000	33.000000
	154.620000	5.868000	31.800000
	154.640000	6.444000	30.400000
	154.660000	6.984000	28.800000
	154.680000	7.512000	27.400000
	154.700000	7.980000	25.600000
	154.720000	8.412000	23.800000
	154.740000	8.772000	21.000000
	154.760000	9.084000	18.400000
	154.780000	9.360000	15.800000
	154.800000	9.576000	13.400000
	154.820000	9.744000	11.000000
	154.840000	9.840000	8.000000
	154.860000	9.876000	5.000000
	154.880000	9.852000	1.800000
	154.900000	9.768000	-1.200000
	154.920000	9.636000	-4.000000
	154.940000	9.456000	-6.600000
	154.960000	9.228000	-9.000000
	154.980000	8.940000	-11.600000
	155.000000	8.604000	-14.200000
	155.020000	8.220000	-16.800000
	155.040000	7.788000	-19.200000
	155.060000	7.320000	-21.400000
	155.080000	6.816000	-23.400000
	155.100000	6.300000	-24.800000
	155.120000	5.736000	-26.400000
	155.140000	5.136000	-28.000000
	155.160000	4.500000	-30.000000
	155.180000	3.840000	-31.600000
	155.200000	3.156000	-33.000000
	155.220000	2.460000	-34.000000
	155.240000	1.752000	-34.800000
	155.260000	1.044000	-35.200000
	155.280000	0.324000	-35.600000
	155.300000	-0.396000	-35.800000
	155.320000	-1.128000	-36.200000
	155.340000	-1.836000	-36.000000
	155.360000	-2.532000	-35.600000
	155.380000	-3.192000	-34.400000
	155.400000	-3.840000	-33.400000
	155.420000	-4.476000	-32.400000
	155.440000	-5.088000	-31.600000
	155.460000	-5.676000	-30.600000
	155.480000	-6.216000	-29.000000
	155.500000	-6.732000	-27.400000
	155.520000	-7.200000	-25.400000
	155.540000	-7.632000	-23.600000
	155.560000	-8.004000	-21.200000
	155.580000	-8.340000	-19.000000
	155.600000	-8.628000	-16.600000
	155.620000	-8.868000	-14.400000
	155.640000	-9.048000	-11.800000
	155.660000	-9.180000	-9.200000
	155.680000	-9.252000	-6.400000
	155.700000	-9.276000	-3.800000
	155.720000	-9.240000	-1.000000
	155.740000	-9.156000	1.600000
	155.760000	-9.024000	4.200000
	155.780000	-8.844000	6.600000
	155.800000	-8.616000	9.000000
	155.820000	-8.340000	11.400000
	155.840000	-8.004000	14.000000
	155.860000	-7.632000	16.400000
	155.880000	-7.212000	18.800000
	155.900000	-6.768000	20.600000
	155.920000	-6.276000	22.600000
	155.940000	-5.748000	24.400000
	155.960000	-5.184000	26.400000
	155.980000	-4.596000	28.000000
	156.000000	-3.984000	29.400000
	156.020000	-3.324000	31.000000
	156.040000	-2.652000	32.400000
	156.060000	-1.968000	33.600000
	156.080000	-1.296000	33.800000
	156.100000	-0.588000	34.400000
	156.120000	0.132000	35.000000
	156.140000	0.888000	36.400000
	156.160000	1.620000	36.800000
	156.180000	2.328000	36.600000
	156.200000	3.012000	35.400000
	156.220000	3.720000	35.000000
	156.240000	4.404000	34.600000
	156.260000	5.064000	34.200000
	156.280000	5.676000	32.600000
	156.300000	6.288000	31.400000
	156.320000	6.864000	30.000000
	156.340000	7.392000	28.600000
	156.360000	7.872000	26.400000
	156.380000	8.316000	24.200000
	156.400000	8.712000	22.000000
	156.420000	9.060000	19.800000
	156.440000	9.360000	17.400000
	156.460000	9.600000	14.800000
	156.480000	9.792000	12.200000
	156.500000	9.912000	9.200000
	156.520000	9.984000	6.400000
	156.540000	9.984000	3.200000
	156.560000	9.924000	0.200000
	156.580000	9.816000	-2.800000
	156.600000	9.660000	-5.400000
	156.620000	9.444000	-8.000000
	156.640000	9.168000	-10.800000
	156.660000	8.844000	-13.600000
	156.680000	8.484000	-16.000000
	156.700000	8.076000	-18.200000
	156.720000	7.632000	-20.200000
	156.740000	7.140000	-22.400000
	156.760000	6.624000	-24.200000
	156.780000	6.072000	-26.000000
	156.800000	5.484000	-27.600000
	156.820000	4.872000	-29.200000
	156.840000	4.224000	-30.800000
	156.860000	3.552000	-32.200000
	156.880000	2.856000	-33.600000
	156.900000	2.148000	-34.600000
	156.920000	1.428000	-35.400000
	156.940000	0.696000	-36.000000
	156.960000	-0.036000	-36.400000
	156.980000	-0.756000	-36.400000
	157.000000	-1.464000	-36.000000
	157.020000	-2.160000	-35.400000
	157.040000	-2.856000	-35.000000
	157.060000	-3.516000	-34.200000
	157.080000	-4.164000	-33.400000
	157.100000	-4.764000	-31.800000
	157.120000	-5.364000	-30.800000
	157.140000	-5.928000	-29.400000
	157.160000	-6.456000	-28.200000
	157.180000	-6.948000	-26.400000
	157.200000	-7.392000	-24.400000
	157.220000	-7.800000	-22.400000
	157.240000	-8.148000	-20.000000
	157.260000	-8.460000	-17.800000
	157.280000	-8.724000	-15.400000
	157.300000	-8.940000	-13.200000
	157.320000	-9.096000	-10.600000
	157.340000	-9.192000	-7.800000
	157.360000	-9.228000	-4.800000
	157.380000	-9.216000	-2.000000
	157.400000	-9.156000	0.600000
	157.420000	-9.048000	3.000000
	157.440000	-8.880000	5.600000
	157.460000	-8.664000	8.200000
	157.480000	-8.400000	10.800000
	157.500000	-8.088000	13.200000
	157.520000	-7.728000	15.600000
	157.540000	-7.344000	17.600000
	157.560000	-6.924000	19.400000
	157.580000	-6.456000	21.200000
	157.600000	-5.940000	23.400000
	157.620000	-5.388000	25.600000
	157.640000	-4.812000	27.400000
	157.660000	-4.212000	28.800000
	157.680000	-3.576000	30.200000
	157.700000	-2.928000	31.400000
	157.720000	-2.256000	32.600000
	157.740000	-1.572000	33.400000
	157.760000	-0.864000	34.400000
	157.780000	-0.144000	35.200000
	157.800000	0.588000	36.000000
	157.820000	1.308000	36.200000
	157.840000	2.028000	36.200000
	157.860000	2.736000	35.800000
	157.880000	3.444000	35.600000
	157.900000	4.116000	34.800000
	157.920000	4.764000	33.800000
	157.940000	5.400000	32.600000
	157.960000	6.012000	31.600000
	157.980000	6.588000	30.400000
	158.000000	7.116000	28.600000
	158.020000	7.620000	26.800000
	158.040000	8.088000	25.000000
	158.060000	8.508000	23.200000
	158.080000	8.868000	20.800000
	158.100000	9.168000	18.000000
	158.120000	9.420000	15.200000
	158.140000	9.624000	12.600000
	158.160000	9.768000	10.000000
	158.180000	9.852000	7.200000
	158.200000	9.876000	4.200000
	158.220000	9.840000	1.200000
	158.240000	9.744000	-1.800000
	158.260000	9.600000	-4.600000
	158.280000	9.408000	-7.200000
	158.300000	9.168000	-9.600000
	158.320000	8.868000	-12.200000
	158.340000	8.520000	-14.800000
	158.360000	8.124000	-17.400000
	158.380000	7.692000	-19.600000
	158.400000	7.224000	-21.600000
	158.420000	6.720000	-23.400000
	158.440000	6.168000	-25.400000
	158.460000	5.592000	-27.200000
	158.480000	4.968000	-29.200000
	158.500000	4.344000	-30.400000
	158.520000	3.672000	-32.000000
	158.540000	3.000000	-32.800000
	158.560000	2.292000	-34.200000
	158.580000	1.584000	-34.800000
	158.600000	0.876000	-35.400000
	158.620000	0.156000	-35.600000
	158.640000	-0.564000	-35.800000
	158.660000	-1.296000	-36.200000
	158.680000	-2.016000	-36.200000
	158.700000	-2.688000	-35.400000
	158.720000	-3.348000	-34.200000
	158.740000	-3.984000	-32.800000
	158.760000	-4.620000	-32.200000
	158.780000	-5.220000	-31.200000
	158.800000	-5.784000	-30.000000
	158.820000	-6.324000	-28.400000
	158.840000	-6.816000	-26.600000
	158.860000	-7.272000	-24.800000
	158.880000	-7.680000	-22.600000
	158.900000	-8.052000	-20.600000
	158.920000	-8.376000	-18.400000
	158.940000	-8.652000	-16.200000
	158.960000	-8.868000	-13.600000
	158.980000	-9.024000	-10.800000
	159.000000	-9.132000	-8.000000
	159.020000	-9.192000	-5.400000
	159.040000	-9.204000	-3.000000
	159.060000	-9.156000	-0.400000
	159.080000	-9.060000	2.200000
	159.100000	-8.904000	5.000000
	159.120000	-8.688000	7.800000
	159.140000	-8.436000	10.400000
	159.160000	-8.136000	12.800000
	159.180000	-7.800000	14.800000
	159.200000	-7.416000	17.000000
	159.220000	-6.996000	19.000000
	159.240000	-6.540000	21.000000
	159.260000	-6.048000	22.800000
	159.280000	-5.520000	24.600000
	159.300000	-4.956000	26.400000
	159.320000	-4.356000	28.200000
	159.340000	-3.720000	30.000000
	159.360000	-3.060000	31.600000
	159.380000	-2.376000	33.000000
	159.400000	-1.680000	34.000000
	159.420000	-0.984000	34.600000
	159.440000	-0.264000	35.200000
	159.460000	0.456000	35.600000
	159.480000	1.176000	36.000000
	159.500000	1.896000	36.000000
	159.520000	2.604000	35.800000
	159.540000	3.312000	35.600000
	159.560000	4.008000	35.200000
	159.580000	4.680000	34.600000
	159.600000	5.328000	33.600000
	159.620000	5.940000	32.200000
	159.640000	6.540000	31.000000
	159.660000	7.092000	29.400000
	159.680000	7.608000	27.800000
	159.700000	8.076000	25.600000
	159.720000	8.508000	23.600000
	159.740000	8.880000	21.200000
	159.760000	9.192000	18.600000
	159.780000	9.468000	16.000000
	159.800000	9.684000	13.400000
	159.820000	9.852000	11.000000
	159.840000	9.948000	8.000000
	159.860000	9.996000	5.200000
	159.880000	9.984000	2.200000
	159.900000	9.912000	-0.600000
	159.920000	9.780000	-3.600000
	159.940000	9.588000	-6.600000
	159.960000	9.348000	-9.400000
	159.980000	9.060000	-12.000000
	160.000000	8.724000	-14.400000
	160.020000	8.340000	-16.800000
	160.040000	7.908000	-19.200000
	160.060000	7.428000	-21.600000
	160.080000	6.912000	-23.800000
	160.100000	6.372000	-25.600000
	160.120000	5.796000	-27.200000
	160.140000	5.208000	-28.400000
	160.160000	4.572000	-30.000000
	160.180000	3.912000	-31.400000
	160.200000	3.228000	-33.000000
	160.220000	2.544000	-33.800000
	160.240000	1.836000	-34.600000
	160.260000	1.116000	-35.200000
	160.280000	0.372000	-36.200000
	160.300000	-0.336000	-36.200000
	160.320000	-1.044000	-36.000000
	160.340000	-1.752000	-35.400000
	160.360000	-2.460000	-35.400000
	160.380000	-3.156000	-35.200000
	160.400000	-3.816000	-34.400000
	160.420000	-4.452000	-33.200000
	160.440000	-5.064000	-31.800000
	160.460000	-5.652000	-30.600000
	160.480000	-6.204000	-29.200000
	160.500000	-6.720000	-27.600000
	160.520000	-7.188000	-25.600000
	160.540000	-7.620000	-23.600000
	160.560000	-8.004000	-21.400000
	160.580000	-8.352000	-19.400000
	160.600000	-8.652000	-17.200000
	160.620000	-8.904000	-15.000000
	160.640000	-9.084000	-12.200000
	160.660000	-9.204000	-9.200000
	160.680000	-9.276000	-6.200000
	160.700000	-9.300000	-3.600000
	160.720000	-9.276000	-1.200000
	160.740000	-9.192000	1.400000
	160.760000	-9.060000	4.000000
	160.780000	-8.880000	6.600000
	160.800000	-8.652000	9.000000
	160.820000	-8.376000	11.400000
	160.840000	-8.052000	13.800000
	160.860000	-7.680000	16.200000
	160.880000	-7.272000	18.400000
	160.900000	-6.828000	20.400000
	160.920000	-6.348000	22.200000
	160.940000	-5.820000	24.200000
	160.960000	-5.256000	26.200000
	160.980000	-4.668000	28.000000
	161.000000	-4.056000	29.400000
	161.020000	-3.420000	30.600000
	161.040000	-2.748000	32.000000
	161.060000	-2.064000	33.200000
	161.080000	-1.356000	34.400000
	161.100000	-0.660000	34.800000
	161.120000	0.072000	35.600000
	161.140000	0.792000	35.800000
	161.160000	1.536000	36.600000
	161.180000	2.244000	36.200000
	161.200000	2.964000	36.200000
	161.220000	3.648000	35.200000
	161.240000	4.320000	34.600000
	161.260000	4.968000	33.400000
	161.280000	5.604000	32.600000
	161.300000	6.216000	31.600000
	161.320000	6.780000	30.200000
	161.340000	7.308000	28.400000
	161.360000	7.800000	26.400000
	161.380000	8.256000	24.600000
	161.400000	8.652000	22.400000
	161.420000	9.000000	20.000000
	161.440000	9.288000	17.200000
	161.460000	9.540000	14.800000
	161.480000	9.720000	12.000000
	161.500000	9.852000	9.400000
	161.520000	9.912000	6.200000
	161.540000	9.924000	3.400000
	161.560000	9.876000	0.400000
	161.580000	9.768000	-2.400000
	161.600000	9.600000	-5.400000
	161.620000	9.384000	-8.200000
	161.640000	9.120000	-10.800000
	161.660000	8.796000	-13.400000
	161.680000	8.436000	-15.800000
	161.700000	8.040000	-18.000000
	161.720000	7.620000	-19.600000
	161.740000	7.140000	-21.600000
	161.760000	6.612000	-23.800000
	161.780000	6.048000	-26.200000
	161.800000	5.460000	-28.000000
	161.820000	4.836000	-29.600000
	161.840000	4.188000	-31.000000
	161.860000	3.516000	-32.400000
	161.880000	2.832000	-33.400000
	161.900000	2.124000	-34.400000
	161.920000	1.404000	-35.200000
	161.940000	0.696000	-35.600000
	161.960000	-0.012000	-35.600000
	161.980000	-0.720000	-35.400000
	162.000000	-1.440000	-35.600000
	162.020000	-2.148000	-35.600000
	162.040000	-2.844000	-35.400000
	162.060000	-3.504000	-34.400000
	162.080000	-4.152000	-33.400000
	162.100000	-4.764000	-32.000000
	162.120000	-5.364000	-31.000000
	162.140000	-5.928000	-29.600000
	162.160000	-6.456000	-28.200000
	162.180000	-6.936000	-26.200000
	162.200000	-7.380000	-24.200000
	162.220000	-7.788000	-22.200000
	162.240000	-8.136000	-20.000000
	162.260000	-8.436000	-17.600000
	162.280000	-8.688000	-15.000000
	162.300000	-8.904000	-12.800000
	162.320000	-9.048000	-10.200000
	162.340000	-9.144000	-7.600000
	162.360000	-9.180000	-4.600000
	162.380000	-9.168000	-2.000000
	162.400000	-9.096000	0.800000
	162.420000	-8.976000	3.400000
	162.440000	-8.808000	6.000000
	162.460000	-8.592000	8.400000
	162.480000	-8.328000	10.800000
	162.500000	-8.016000	13.200000
	162.520000	-7.656000	15.600000
	162.540000	-7.260000	17.800000
	162.560000	-6.828000	19.800000
	162.580000	-6.360000	21.600000
	162.600000	-5.868000	23.200000
	162.620000	-5.328000	25.000000
	162.640000	-4.752000	26.800000
	162.660000	-4.140000	28.800000
	162.680000	-3.516000	30.200000
	162.700000	-2.856000	31.600000
	162.720000	-2.172000	32.800000
	162.740000	-1.464000	34.200000
	162.760000	-0.756000	35.000000
	162.780000	-0.048000	35.400000
	162.800000	0.672000	35.600000
	162.820000	1.380000	35.600000
	162.840000	2.100000	35.800000
	162.860000	2.796000	35.400000
	162.880000	3.504000	35.400000
	162.900000	4.200000	35.000000
	162.920000	4.872000	34.600000
	162.940000	5.508000	33.400000
	162.960000	6.108000	31.800000
	162.980000	6.684000	30.200000
	163.000000	7.224000	28.600000
	163.020000	7.716000	26.800000
	163.040000	8.172000	24.800000
	163.060000	8.580000	22.600000
	163.080000	8.940000	20.400000
	163.100000	9.240000	17.800000
	163.120000	9.492000	15.200000
	163.140000	9.696000	12.600000
	163.160000	9.840000	10.000000
	163.180000	9.912000	7.000000
	163.200000	9.936000	4.000000
	163.220000	9.900000	1.000000
	163.240000	9.816000	-1.600000
	163.260000	9.660000	-4.600000
	163.280000	9.456000	-7.400000
	163.300000	9.192000	-10.400000
	163.320000	8.892000	-12.800000
	163.340000	8.544000	-15.200000
	163.360000	8.160000	-17.200000
	163.380000	7.728000	-19.400000
	163.400000	7.260000	-21.400000
	163.420000	6.732000	-23.800000
	163.440000	6.180000	-25.800000
	163.460000	5.592000	-27.800000
	163.480000	4.992000	-29.000000
	163.500000	4.344000	-30.600000
	163.520000	3.672000	-32.000000
	163.540000	2.988000	-33.400000
	163.560000	2.280000	-34.400000
	163.580000	1.572000	-35.000000
	163.600000	0.852000	-35.600000
	163.620000	0.144000	-35.600000
	163.640000	-0.576000	-35.800000
	163.660000	-1.284000	-35.600000
	163.680000	-2.004000	-35.800000
	163.700000	-2.700000	-35.400000
	163.720000	-3.384000	-35.000000
	163.740000	-4.020000	-33.600000
	163.760000	-4.644000	-32.400000
	163.780000	-5.256000	-31.200000
	163.800000	-5.832000	-30.200000
	163.820000	-6.372000	-28.800000
	163.840000	-6.864000	-26.800000
	163.860000	-7.320000	-24.800000
	163.880000	-7.728000	-22.600000
	163.900000	-8.100000	-20.600000
	163.920000	-8.424000	-18.400000
	163.940000	-8.700000	-16.200000
	163.960000	-8.916000	-13.600000
	163.980000	-9.084000	-11.000000
	164.000000	-9.204000	-8.400000
	164.020000	-9.264000	-5.800000
	164.040000	-9.276000	-3.200000
	164.060000	-9.228000	-0.400000
	164.080000	-9.132000	2.200000
	164.100000	-8.976000	5.000000
	164.120000	-8.772000	7.600000
	164.140000	-8.520000	10.200000
	164.160000	-8.232000	12.400000
	164.180000	-7.896000	14.600000
	164.200000	-7.512000	16.800000
	164.220000	-7.080000	19.200000
	164.240000	-6.612000	21.400000
	164.260000	-6.108000	23.400000
	164.280000	-5.580000	25.000000
	164.300000	-5.016000	26.600000
	164.320000	-4.416000	28.200000
	164.340000	-3.780000	30.000000
	164.360000	-3.132000	31.400000
	164.380000	-2.460000	32.600000
	164.400000	-1.764000	33.600000
	164.420000	-1.056000	34.600000
	164.440000	-0.348000	35.200000
	164.460000	0.372000	35.600000
	164.480000	1.092000	35.800000
	164.500000	1.824000	36.200000
	164.520000	2.532000	36.000000
	164.540000	3.240000	35.800000
	164.560000	3.924000	35.000000
	164.580000	4.596000	34.400000
	164.600000	5.244000	33.400000
	164.620000	5.856000	32.200000
	164.640000	6.456000	31.000000
	164.660000	7.008000	29.400000
	164.680000	7.524000	27.800000
	164.700000	7.980000	25.400000
	164.720000	8.412000	23.400000
	164.740000	8.796000	21.200000
	164.760000	9.132000	19.200000
	164.780000	9.408000	16.600000
	164.800000	9.624000	13.800000
	164.820000	9.780000	10.800000
	164.840000	9.876000	7.800000
	164.860000	9.924000	5.000000
	164.880000	9.912000	2.200000
	164.900000	9.852000	-0.400000
	164.920000	9.720000	-3.400000
	164.940000	9.540000	-6.200000
	164.960000	9.300000	-9.200000
	164.980000	9.024000	-11.600000
	165.000000	8.688000	-14.200000
	165.020000	8.316000	-16.400000
	165.040000	7.896000	-18.800000
	165.060000	7.452000	-20.600000
	165.080000	6.960000	-22.600000
	165.100000	6.432000	-24.400000
	165.120000	5.856000	-26.600000
	165.140000	5.244000	-28.600000
	165.160000	4.608000	-30.400000
	165.180000	3.960000	-31.600000
	165.200000	3.288000	-32.600000
	165.220000	2.592000	-33.600000
	165.240000	1.884000	-34.600000
	165.260000	1.164000	-35.400000
	165.280000	0.456000	-35.600000
	165.300000	-0.276000	-36.000000
	165.320000	-0.984000	-35.800000
	165.340000	-1.692000	-35.800000
	165.360000	-2.376000	-35.000000
	165.380000	-3.060000	-34.600000
	165.400000	-3.720000	-33.800000
	165.420000	-4.368000	-33.200000
	165.440000	-4.980000	-32.000000
	165.460000	-5.580000	-31.000000
	165.480000	-6.120000	-29.200000
	165.500000	-6.636000	-27.600000
	165.520000	-7.092000	-25.200000
	165.540000	-7.524000	-23.400000
	165.560000	-7.908000	-21.200000
	165.580000	-8.244000	-19.200000
	165.600000	-8.532000	-16.800000
	165.620000	-8.760000	-14.200000
	165.640000	-8.952000	-11.800000
	165.660000	-9.084000	-9.200000
	165.680000	-9.168000	-6.800000
	165.700000	-9.192000	-4.000000
	165.720000	-9.156000	-1.200000
	165.740000	-9.072000	1.600000
	165.760000	-8.940000	4.200000
	165.780000	-8.760000	6.600000
	165.800000	-8.520000	9.200000
	165.820000	-8.232000	11.800000
	165.840000	-7.908000	14.200000
	165.860000	-7.536000	16.400000
	165.880000	-7.128000	18.400000
	165.900000	-6.684000	20.400000
	165.920000	-6.204000	22.200000
	165.940000	-5.688000	24.000000
	165.960000	-5.124000	26.000000
	165.980000	-4.536000	27.800000
	166.000000	-3.912000	29.600000
	166.020000	-3.264000	31.000000
	166.040000	-2.592000	32.400000
	166.060000	-1.908000	33.400000
	166.080000	-1.224000	34.000000
	166.100000	-0.528000	34.400000
	166.120000	0.192000	35.000000
	166.140000	0.924000	35.800000
	166.160000	1.644000	36.200000
	166.180000	2.352000	36.000000
	166.200000	3.048000	35.400000
	166.220000	3.744000	35.000000
	166.240000	4.428000	34.600000
	166.260000	5.088000	34.000000
	166.280000	5.712000	32.800000
	166.300000	6.300000	31.200000
	166.320000	6.864000	29.600000
	166.340000	7.392000	28.000000
	166.360000	7.872000	26.200000
	166.380000	8.316000	24.200000
	166.400000	8.700000	21.800000
	166.420000	9.036000	19.400000
	166.440000	9.312000	16.600000
	166.460000	9.552000	14.200000
	166.480000	9.732000	11.600000
	166.500000	9.852000	9.000000
	166.520000	9.912000	6.000000
	166.540000	9.924000	3.200000
	166.560000	9.864000	0.200000
	166.580000	9.756000	-2.600000
	166.600000	9.588000	-5.600000
	166.620000	9.372000	-8.200000
	166.640000	9.096000	-11.000000
	166.660000	8.772000	-13.600000
	166.680000	8.412000	-16.000000
	166.700000	8.016000	-18.000000
	166.720000	7.572000	-20.000000
	166.740000	7.080000	-22.200000
	166.760000	6.552000	-24.400000
	166.780000	5.976000	-26.600000
	166.800000	5.376000	-28.400000
	166.820000	4.752000	-30.000000
	166.840000	4.116000	-31.000000
	166.860000	3.456000	-32.000000
	166.880000	2.760000	-33.200000
	166.900000	2.052000	-34.400000
	166.920000	1.344000	-35.200000
	166.940000	0.624000	-35.600000
	166.960000	-0.084000	-35.600000
	166.980000	-0.804000	-35.800000
	167.000000	-1.512000	-35.600000
	167.020000	-2.220000	-35.600000
	167.040000	-2.916000	-35.200000
	167.060000	-3.576000	-34.400000
	167.080000	-4.236000	-33.600000
	167.100000	-4.860000	-32.400000
	167.120000	-5.460000	-31.400000
	167.140000	-6.000000	-29.400000
	167.160000	-6.516000	-27.600000
	167.180000	-7.008000	-25.800000
	167.200000	-7.464000	-24.400000
	167.220000	-7.860000	-22.400000
	167.240000	-8.208000	-20.000000
	167.260000	-8.508000	-17.400000
	167.280000	-8.760000	-15.000000
	167.300000	-8.964000	-12.600000
	167.320000	-9.108000	-10.000000
	167.340000	-9.204000	-7.400000
	167.360000	-9.240000	-4.600000
	167.380000	-9.228000	-2.000000
	167.400000	-9.168000	0.600000
	167.420000	-9.048000	3.200000
	167.440000	-8.880000	5.800000
	167.460000	-8.652000	8.600000
	167.480000	-8.388000	11.000000
	167.500000	-8.076000	13.400000
	167.520000	-7.728000	15.400000
	167.540000	-7.332000	17.600000
	167.560000	-6.900000	19.600000
	167.580000	-6.432000	21.600000
	167.600000	-5.928000	23.400000
	167.620000	-5.376000	25.400000
	167.640000	-4.800000	27.200000
	167.660000	-4.188000	29.000000
	167.680000	-3.552000	30.400000
	167.700000	-2.892000	31.800000
	167.720000	-2.196000	33.200000
	167.740000	-1.512000	34.000000
	167.760000	-0.804000	34.800000
	167.780000	-0.096000	35.000000
	167.800000	0.636000	35.800000
	167.820000	1.380000	36.400000
	167.840000	2.088000	36.400000
	167.860000	2.808000	36.200000
	167.880000	3.492000	35.200000
	167.900000	4.188000	35.000000
	167.920000	4.848000	34.000000
	167.940000	5.484000	33.200000
	167.960000	6.096000	31.800000
	167.980000	6.660000	30.200000
	168.000000	7.212000	28.800000
	168.020000	7.716000	27.000000
	168.040000	8.184000	25.400000
	168.060000	8.592000	23.000000
	168.080000	8.940000	20.400000
	168.100000	9.240000	17.600000
	168.120000	9.492000	15.000000
	168.140000	9.696000	12.600000
	168.160000	9.840000	10.000000
	168.180000	9.924000	7.200000
	168.200000	9.948000	4.200000
	168.220000	9.912000	1.200000
	168.240000	9.816000	-1.800000
	168.260000	9.672000	-4.600000
	168.280000	9.480000	-7.200000
	168.300000	9.228000	-9.800000
	168.320000	8.928000	-12.400000
	168.340000	8.580000	-15.000000
	168.360000	8.196000	-17.200000
	168.380000	7.764000	-19.400000
	168.400000	7.284000	-21.600000
	168.420000	6.768000	-23.800000
	168.440000	6.216000	-25.800000
	168.460000	5.640000	-27.400000
	168.480000	5.028000	-29.000000
	168.500000	4.380000	-30.600000
	168.520000	3.708000	-32.200000
	168.540000	3.012000	-33.600000
	168.560000	2.316000	-34.400000
	168.580000	1.620000	-34.800000
	168.600000	0.912000	-35.000000
	168.620000	0.192000	-35.400000
	168.640000	-0.540000	-36.000000
	168.660000	-1.248000	-36.000000
	168.680000	-1.956000	-35.800000
	168.700000	-2.640000	-35.000000
	168.720000	-3.324000	-34.600000
	168.740000	-3.972000	-33.600000
	168.760000	-4.608000	-32.800000
	168.780000	-5.208000	-31.400000
	168.800000	-5.784000	-30.200000
	168.820000	-6.324000	-28.600000
	168.840000	-6.816000	-26.800000
	168.860000	-7.284000	-25.000000
	168.880000	-7.692000	-22.800000
	168.900000	-8.064000	-20.800000
	168.920000	-8.376000	-18.200000
	168.940000	-8.652000	-16.000000
	168.960000	-8.880000	-13.600000
	168.980000	-9.048000	-11.200000
	169.000000	-9.168000	-8.600000
	169.020000	-9.228000	-5.800000
	169.040000	-9.240000	-3.200000
	169.060000	-9.192000	-0.400000
	169.080000	-9.096000	2.200000
	169.100000	-8.940000	5.000000
	169.120000	-8.736000	7.600000
	169.140000	-8.484000	10.200000
	169.160000	-8.184000	12.600000
	169.180000	-7.848000	14.800000
	169.200000	-7.464000	17.000000
	169.220000	-7.044000	19.000000
	169.240000	-6.576000	21.200000
	169.260000	-6.072000	23.200000
	169.280000	-5.544000	25.000000
	169.300000	-4.980000	26.600000
	169.320000	-4.392000	28.000000
	169.340000	-3.780000	29.400000
	169.360000	-3.144000	30.600000
	169.380000	-2.460000	32.200000
	169.400000	-1.752000	33.800000
	169.420000	-1.032000	35.200000
	169.440000	-0.324000	35.600000
	169.460000	0.396000	35.800000
	169.480000	1.104000	35.600000
	169.500000	1.824000	35.800000
	169.520000	2.532000	35.600000
	169.540000	3.240000	35.600000
	169.560000	3.924000	35.000000
	169.580000	4.596000	34.400000
	169.600000	5.232000	33.200000
	169.620000	5.856000	32.200000
	169.640000	6.444000	30.800000
	169.660000	7.008000	29.600000
	169.680000	7.512000	27.600000
	169.700000	7.980000	25.600000
	169.720000	8.400000	23.200000
	169.740000	8.784000	21.200000
	169.760000	9.108000	18.800000
	169.780000	9.384000	16.400000
	169.800000	9.600000	13.600000
	169.820000	9.768000	11.000000
	169.840000	9.876000	8.200000
	169.860000	9.924000	5.400000
	169.880000	9.912000	2.400000
	169.900000	9.840000	-0.600000
	169.920000	9.708000	-3.600000
	169.940000	9.528000	-6.400000
	169.960000	9.300000	-9.000000
	169.980000	9.024000	-11.400000
	170.000000	8.688000	-14.000000
	170.020000	8.304000	-16.600000
	170.040000	7.884000	-19.000000
	170.060000	7.428000	-21.000000
	170.080000	6.936000	-22.800000
	170.100000	6.384000	-25.000000
	170.120000	5.808000	-27.000000
	170.140000	5.196000	-29.000000
	170.160000	4.572000	-30.200000
	170.180000	3.924000	-31.400000
	170.200000	3.252000	-32.400000
	170.220000	2.556000	-33.600000
	170.240000	1.836000	-34.800000
	170.260000	1.128000	-35.400000
	170.280000	0.408000	-35.800000
	170.300000	-0.300000	-35.600000
	170.320000	-1.032000	-36.000000
	170.340000	-1.728000	-35.600000
	170.360000	-2.436000	-35.600000
	170.380000	-3.108000	-34.600000
	170.400000	-3.780000	-34.200000
	170.420000	-4.416000	-33.000000
	170.440000	-5.028000	-32.000000
	170.460000	-5.604000	-30.400000
	170.480000	-6.144000	-28.800000
	170.500000	-6.648000	-27.000000
	170.520000	-7.116000	-25.200000
	170.540000	-7.548000	-23.400000
	170.560000	-7.932000	-21.400000
	170.580000	-8.280000	-19.400000
	170.600000	-8.568000	-17.000000
	170.620000	-8.808000	-14.600000
	170.640000	-8.988000	-11.800000
	170.660000	-9.120000	-9.200000
	170.680000	-9.192000	-6.400000
	170.700000	-9.216000	-3.800000
	170.720000	-9.180000	-1.000000
	170.740000	-9.096000	1.600000
	170.760000	-8.952000	4.400000
	170.780000	-8.772000	6.800000
	170.800000	-8.544000	9.200000
	170.820000	-8.256000	11.600000
	170.840000	-7.920000	14.200000
	170.860000	-7.548000	16.600000
	170.880000	-7.140000	18.600000
	170.900000	-6.684000	20.600000
	170.920000	-6.204000	22.400000
	170.940000	-5.688000	24.200000
	170.960000	-5.136000	25.800000
	170.980000	-4.536000	27.800000
	171.000000	-3.912000	29.600000
	171.020000	-3.276000	31.000000
	171.040000	-2.604000	32.200000
	171.060000	-1.908000	33.400000
	171.080000	-1.200000	34.600000
	171.100000	-0.492000	35.200000
	171.120000	0.216000	35.400000
	171.140000	0.936000	35.600000
	171.160000	1.656000	35.800000
	171.180000	2.376000	36.000000
	171.200000	3.084000	35.800000
	171.220000	3.792000	35.600000
	171.240000	4.464000	34.800000
	171.260000	5.112000	33.800000
	171.280000	5.724000	32.200000
	171.300000	6.324000	31.000000
	171.320000	6.900000	29.800000
	171.340000	7.428000	28.400000
	171.360000	7.908000	26.400000
	171.380000	8.340000	24.000000
	171.400000	8.736000	21.800000
	171.420000	9.084000	19.600000
	171.440000	9.372000	17.200000
	171.460000	9.600000	14.400000
	171.480000	9.780000	11.600000
	171.500000	9.912000	9.000000
	171.520000	9.984000	6.400000
	171.540000	9.984000	3.400000
	171.560000	9.924000	0.200000
	171.580000	9.804000	-3.000000
	171.600000	9.636000	-5.800000
	171.620000	9.420000	-8.400000
	171.640000	9.156000	-10.800000
	171.660000	8.832000	-13.400000
	171.680000	8.460000	-16.000000
	171.700000	8.052000	-18.400000
	171.720000	7.608000	-20.400000
	171.740000	7.128000	-22.200000
	171.760000	6.600000	-24.200000
	171.780000	6.036000	-26.200000
	171.800000	5.436000	-28.200000
	171.820000	4.812000	-29.800000
	171.840000	4.164000	-31.200000
	171.860000	3.492000	-32.400000
	171.880000	2.796000	-33.600000
	171.900000	2.088000	-34.600000
	171.920000	1.380000	-35.200000
	171.940000	0.660000	-35.600000
	171.960000	-0.060000	-35.800000
	171.980000	-0.780000	-36.000000
	172.000000	-1.500000	-36.000000
	172.020000	-2.208000	-35.800000
	172.040000	-2.904000	-35.400000
	172.060000	-3.564000	-34.400000
	172.080000	-4.200000	-33.200000
	172.100000	-4.824000	-32.000000
	172.120000	-5.424000	-31.000000
	172.140000	-5.988000	-29.800000
	172.160000	-6.516000	-28.200000
	172.180000	-7.008000	-26.400000
	172.200000	-7.464000	-24.600000
	172.220000	-7.872000	-22.600000
	172.240000	-8.220000	-20.200000
	172.260000	-8.532000	-17.800000
	172.280000	-8.784000	-15.200000
	172.300000	-9.000000	-13.000000
	172.320000	-9.144000	-10.200000
	172.340000	-9.240000	-7.600000
	172.360000	-9.276000	-4.600000
	172.380000	-9.264000	-2.000000
	172.400000	-9.204000	0.600000
	172.420000	-9.084000	3.200000
	172.440000	-8.916000	5.800000
	172.460000	-8.700000	8.400000
	172.480000	-8.436000	10.800000
	172.500000	-8.136000	13.000000
	172.520000	-7.788000	15.200000
	172.540000	-7.392000	17.400000
	172.560000	-6.960000	19.600000
	172.580000	-6.480000	21.800000
	172.600000	-5.976000	23.600000
	172.620000	-5.424000	25.600000
	172.640000	-4.848000	27.200000
	172.660000	-4.236000	29.000000
	172.680000	-3.600000	30.400000
	172.700000	-2.940000	31.800000
	172.720000	-2.268000	32.800000
	172.740000	-1.584000	33.600000
	172.760000	-0.888000	34.200000
	172.780000	-0.168000	35.000000
	172.800000	0.564000	35.800000
	172.820000	1.308000	36.600000
	172.840000	2.028000	36.600000
	172.860000	2.748000	36.400000
	172.880000	3.444000	35.600000
	172.900000	4.128000	35.000000
	172.920000	4.788000	34.000000
	172.940000	5.424000	33.000000
	172.960000	6.036000	31.800000
	172.980000	6.612000	30.400000
	173.000000	7.152000	28.800000
	173.020000	7.656000	27.000000
	173.040000	8.124000	25.200000
	173.060000	8.544000	23.200000
	173.080000	8.904000	20.800000
	173.100000	9.216000	18.200000
	173.120000	9.468000	15.400000
	173.140000	9.672000	12.800000
	173.160000	9.816000	10.000000
	173.180000	9.900000	7.200000
	173.200000	9.936000	4.400000
	173.220000	9.900000	1.400000
	173.240000	9.816000	-1.400000
	173.260000	9.672000	-4.400000
	173.280000	9.480000	-7.000000
	173.300000	9.228000	-9.800000
	173.320000	8.928000	-12.400000
	173.340000	8.580000	-15.000000
	173.360000	8.196000	-17.200000
	173.380000	7.764000	-19.400000
	173.400000	7.284000	-21.600000
	173.420000	6.768000	-23.800000
	173.440000	6.228000	-25.600000
	173.460000	5.652000	-27.200000
	173.480000	5.040000	-28.800000
	173.500000	4.392000	-30.600000
	173.520000	3.732000	-32.000000
	173.540000	3.048000	-33.200000
	173.560000	2.352000	-34.000000
	173.580000	1.644000	-34.800000
	173.600000	0.936000	-35.200000
	173.620000	0.216000	-35.600000
	173.640000	-0.492000	-35.600000
	173.660000	-1.224000	-36.000000
	173.680000	-1.932000	-35.800000
	173.700000	-2.628000	-35.600000
	173.720000	-3.288000	-34.400000
	173.740000	-3.936000	-33.400000
	173.760000	-4.572000	-32.400000
	173.780000	-5.172000	-31.400000
	173.800000	-5.736000	-30.000000
	173.820000	-6.276000	-28.400000
	173.840000	-6.768000	-26.600000
	173.860000	-7.236000	-25.000000
	173.880000	-7.656000	-23.000000
	173.900000	-8.028000	-21.000000
	173.920000	-8.352000	-18.600000
	173.940000	-8.616000	-16.000000
	173.960000	-8.832000	-13.400000
	173.980000	-9.000000	-10.800000
	174.000000	-9.108000	-8.200000
	174.020000	-9.168000	-5.600000
	174.040000	-9.168000	-2.800000
	174.060000	-9.120000	-0.200000
	174.080000	-9.024000	2.400000
	174.100000	-8.880000	4.800000
	174.120000	-8.676000	7.400000
	174.140000	-8.424000	10.000000
	174.160000	-8.124000	12.600000
	174.180000	-7.788000	14.800000
	174.200000	-7.416000	16.800000
	174.220000	-6.996000	18.800000
	174.240000	-6.540000	20.800000
	174.260000	-6.036000	23.000000
	174.280000	-5.508000	24.800000
	174.300000	-4.944000	26.600000
	174.320000	-4.344000	28.200000
	174.340000	-3.720000	29.800000
	174.360000	-3.084000	31.000000
	174.380000	-2.412000	32.200000
	174.400000	-1.704000	33.600000
	174.420000	-0.984000	35.000000
	174.440000	-0.276000	35.600000
	174.460000	0.456000	36.000000
	174.480000	1.176000	36.000000
	174.500000	1.884000	36.000000
	174.520000	2.568000	35.200000
	174.540000	3.264000	34.800000
	174.560000	3.960000	34.600000
	174.580000	4.620000	34.200000
	174.600000	5.268000	33.400000
	174.620000	5.880000	32.000000
	174.640000	6.480000	31.000000
	174.660000	7.032000	29.400000
	174.680000	7.548000	27.800000
	174.700000	8.016000	25.600000
	174.720000	8.436000	23.400000
	174.740000	8.808000	21.000000
	174.760000	9.132000	18.600000
	174.780000	9.408000	16.200000
	174.800000	9.624000	13.600000
	174.820000	9.780000	10.800000
	174.840000	9.876000	7.800000
	174.860000	9.924000	5.000000
	174.880000	9.912000	2.200000
	174.900000	9.840000	-0.600000
	174.920000	9.708000	-3.600000
	174.940000	9.516000	-6.600000
	174.960000	9.276000	-9.400000
	174.980000	8.988000	-12.000000
	175.000000	8.652000	-14.400000
	175.020000	8.268000	-16.800000
	175.040000	7.848000	-19.000000
	175.060000	7.392000	-21.000000
	175.080000	6.900000	-22.800000
	175.100000	6.372000	-24.600000
	175.120000	5.796000	-26.600000
	175.140000	5.196000	-28.400000
	175.160000	4.560000	-30.200000
	175.180000	3.912000	-31.400000
	175.200000	3.228000	-32.800000
	175.220000	2.532000	-33.800000
	175.240000	1.824000	-34.800000
	175.260000	1.128000	-35.000000
	175.280000	0.408000	-35.400000
	175.300000	-0.312000	-35.600000
	175.320000	-1.044000	-36.200000
	175.340000	-1.752000	-36.000000
	175.360000	-2.448000	-35.600000
	175.380000	-3.120000	-34.600000
	175.400000	-3.780000	-33.800000
	175.420000	-4.416000	-32.800000
	175.440000	-5.028000	-31.800000
	175.460000	-5.604000	-30.400000
	175.480000	-6.144000	-28.800000
	175.500000	-6.648000	-27.000000
	175.520000	-7.116000	-25.200000
	175.540000	-7.536000	-23.200000
	175.560000	-7.920000	-21.200000
	175.580000	-8.244000	-18.800000
	175.600000	-8.532000	-16.600000
	175.620000	-8.760000	-14.000000
	175.640000	-8.952000	-11.800000
	175.660000	-9.084000	-9.200000
	175.680000	-9.156000	-6.600000
	175.700000	-9.168000	-3.600000
	175.720000	-9.132000	-0.800000
	175.740000	-9.048000	1.800000
	175.760000	-8.904000	4.400000
	175.780000	-8.712000	7.000000
	175.800000	-8.472000	9.600000
	175.820000	-8.196000	11.800000
	175.840000	-7.872000	14.000000
	175.860000	-7.500000	16.200000
	175.880000	-7.092000	18.400000
	175.900000	-6.648000	20.400000
	175.920000	-6.168000	22.200000
	175.940000	-5.640000	24.200000
	175.960000	-5.076000	26.200000
	175.980000	-4.488000	28.000000
	176.000000	-3.876000	29.400000
	176.020000	-3.240000	30.600000
	176.040000	-2.580000	31.800000
	176.060000	-1.896000	33.000000
	176.080000	-1.188000	34.200000
	176.100000	-0.480000	35.000000
	176.120000	0.228000	35.400000
	176.140000	0.948000	35.600000
	176.160000	1.668000	35.800000
	176.180000	2.388000	36.000000
	176.200000	3.084000	35.600000
	176.220000	3.780000	35.200000
	176.240000	4.452000	34.400000
	176.260000	5.112000	33.800000
	176.280000	5.736000	32.600000
	176.300000	6.324000	31.200000
	176.320000	6.876000	29.400000
	176.340000	7.392000	27.600000
	176.360000	7.872000	25.800000
	176.380000	8.316000	24.000000
	176.400000	8.712000	22.000000
	176.420000	9.060000	19.800000
	176.440000	9.336000	17.000000
	176.460000	9.564000	14.200000
	176.480000	9.732000	11.200000
	176.500000	9.840000	8.400000
	176.520000	9.888000	5.400000
	176.540000	9.888000	2.600000
	176.560000	9.828000	-0.200000
	176.580000	9.720000	-2.800000
	176.600000	9.540000	-5.800000
	176.620000	9.324000	-8.400000
	176.640000	9.048000	-11.200000
	176.660000	8.736000	-13.400000
	176.680000	8.364000	-16.000000
	176.700000	7.956000	-18.200000
	176.720000	7.500000	-20.600000
	176.740000	7.020000	-22.400000
	176.760000	6.492000	-24.400000
	176.780000	5.928000	-26.200000
	176.800000	5.328000	-28.200000
	176.820000	4.692000	-30.000000
	176.840000	4.032000	-31.600000
	176.860000	3.360000	-32.800000
	176.880000	2.676000	-33.600000
	176.900000	1.980000	-34.200000
	176.920000	1.248000	-35.200000
	176.940000	0.528000	-35.800000
	176.960000	-0.204000	-36.400000
	176.980000	-0.900000	-35.800000
	177.000000	-1.608000	-35.600000
	177.020000	-2.304000	-35.000000
	177.040000	-3.000000	-35.000000
	177.060000	-3.684000	-34.600000
	177.080000	-4.332000	-33.800000
	177.100000	-4.956000	-32.600000
	177.120000	-5.544000	-31.000000
	177.140000	-6.096000	-29.400000
	177.160000	-6.624000	-27.800000
	177.180000	-7.104000	-26.000000
	177.200000	-7.548000	-24.200000
	177.220000	-7.944000	-22.000000
	177.240000	-8.292000	-19.800000
	177.260000	-8.592000	-17.400000
	177.280000	-8.844000	-15.000000
	177.300000	-9.048000	-12.600000
	177.320000	-9.204000	-10.200000
	177.340000	-9.300000	-7.600000
	177.360000	-9.336000	-4.800000
	177.380000	-9.312000	-1.800000
	177.400000	-9.240000	1.000000
	177.420000	-9.120000	3.600000
	177.440000	-8.952000	6.000000
	177.460000	-8.724000	8.600000
	177.480000	-8.460000	11.000000
	177.500000	-8.148000	13.400000
	177.520000	-7.800000	15.400000
	177.540000	-7.392000	17.800000
	177.560000	-6.948000	20.000000
	177.580000	-6.468000	22.200000
	177.600000	-5.964000	23.800000
	177.620000	-5.424000	25.400000
	177.640000	-4.836000	27.200000
	177.660000	-4.224000	29.000000
	177.680000	-3.576000	30.800000
	177.700000	-2.916000	32.000000
	177.720000	-2.220000	33.400000
	177.740000	-1.524000	34.200000
	177.760000	-0.804000	35.200000
	177.780000	-0.096000	35.400000
	177.800000	0.636000	36.000000
	177.820000	1.356000	36.000000
	177.840000	2.088000	36.400000
	177.860000	2.808000	36.200000
	177.880000	3.516000	36.000000
	177.900000	4.212000	35.400000
	177.920000	4.872000	34.400000
	177.940000	5.508000	33.200000
	177.960000	6.120000	31.800000
	177.980000	6.708000	30.600000
	178.000000	7.260000	29.200000
	178.020000	7.764000	27.400000
	178.040000	8.220000	25.200000
	178.060000	8.628000	22.800000
	178.080000	8.988000	20.400000
	178.100000	9.300000	18.000000
	178.120000	9.564000	15.600000
	178.140000	9.768000	13.000000
	178.160000	9.912000	10.200000
	178.180000	9.996000	7.200000
	178.200000	10.020000	4.200000
	178.220000	9.996000	1.400000
	178.240000	9.912000	-1.400000
	178.260000	9.768000	-4.200000
	178.280000	9.564000	-7.200000
	178.300000	9.312000	-10.000000
	178.320000	9.012000	-12.600000
	178.340000	8.664000	-15.000000
	178.360000	8.268000	-17.400000
	178.380000	7.824000	-19.800000
	178.400000	7.356000	-21.800000
	178.420000	6.840000	-23.800000
	178.440000	6.300000	-25.400000
	178.460000	5.712000	-27.400000
	178.480000	5.100000	-29.000000
	178.500000	4.452000	-30.800000
	178.520000	3.792000	-32.000000
	178.540000	3.108000	-33.200000
	178.560000	2.412000	-34.000000
	178.580000	1.704000	-34.800000
	178.600000	0.996000	-35.200000
	178.620000	0.276000	-35.600000
	178.640000	-0.456000	-36.000000
	178.660000	-1.176000	-36.200000
	178.680000	-1.884000	-36.000000
	178.700000	-2.568000	-35.200000
	178.720000	-3.252000	-34.600000
	178.740000	-3.900000	-33.600000
	178.760000	-4.536000	-32.800000
	178.780000	-5.136000	-31.400000
	178.800000	-5.712000	-30.200000
	178.820000	-6.252000	-28.600000
	178.840000	-6.756000	-27.000000
	178.860000	-7.224000	-25.200000
	178.880000	-7.644000	-23.200000
	178.900000	-8.016000	-21.000000
	178.920000	-8.328000	-18.400000
	178.940000	-8.604000	-16.000000
	178.960000	-8.820000	-13.400000
	178.980000	-8.988000	-11.000000
	179.000000	-9.096000	-8.200000
	179.020000	-9.156000	-5.600000
	179.040000	-9.168000	-3.000000
	179.060000	-9.120000	-0.400000
	179.080000	-9.024000	2.200000
	179.100000	-8.868000	5.000000
	179.120000	-8.664000	7.600000
	179.140000	-8.412000	10.200000
	179.160000	-8.124000	12.400000
	179.180000	-7.788000	14.600000
	179.200000	-7.404000	16.800000
	179.220000	-6.984000	19.000000
	179.240000	-6.540000	20.800000
	179.260000	-6.060000	22.400000
	179.280000	-5.532000	24.200000
	179.300000	-4.956000	26.400000
	179.320000	-4.356000	28.400000
	179.340000	-3.732000	30.000000
	179.360000	-3.084000	31.200000
	179.380000	-2.412000	32.400000
	179.400000	-1.704000	33.800000
	179.420000	-1.008000	34.600000
	179.440000	-0.300000	35.200000
	179.460000	0.408000	35.200000
	179.480000	1.116000	35.400000
	179.500000	1.836000	35.600000
	179.520000	2.532000	35.400000
	179.540000	3.228000	35.200000
	179.560000	3.900000	34.400000
	179.580000	4.572000	34.000000
	179.600000	5.232000	33.400000
	179.620000	5.856000	32.600000
	179.640000	6.432000	31.000000
	179.660000	6.972000	29.000000
	179.680000	7.476000	27.000000
	179.700000	7.944000	25.200000
	179.720000	8.364000	23.200000
	179.740000	8.736000	21.000000
	179.760000	9.048000	18.400000
	179.780000	9.324000	16.000000
	179.800000	9.540000	13.400000
	179.820000	9.708000	11.000000
	179.840000	9.804000	8.000000
	179.860000	9.840000	5.000000
	179.880000	9.816000	1.800000
	179.900000	9.732000	-1.200000
	179.920000	9.600000	-4.000000
	179.940000	9.420000	-6.600000
	179.960000	9.192000	-9.000000
	179.980000	8.904000	-11.600000
	180.000000	8.556000	-14.400000
	180.020000	8.172000	-17.000000
	180.040000	7.764000	-19.000000
	180.060000	7.320000	-20.600000
	180.080000	6.828000	-22.400000
	180.100000	6.288000	-24.600000
	180.120000	5.712000	-26.800000
	180.140000	5.112000	-28.600000
	180.160000	4.476000	-30.200000
	180.180000	3.816000	-31.600000
	180.200000	3.132000	-33.000000
	180.220000	2.436000	-34.000000
	180.240000	1.728000	-34.800000
	180.260000	1.020000	-35.200000
	180.280000	0.324000	-35.200000
	180.300000	-0.384000	-35.200000
	180.320000	-1.104000	-35.400000
	180.340000	-1.824000	-35.800000
	180.360000	-2.520000	-35.600000
	180.380000	-3.192000	-34.800000
	180.400000	-3.852000	-33.800000
	180.420000	-4.488000	-32.800000
	180.440000	-5.100000	-31.800000
	180.460000	-5.676000	-30.400000
	180.480000	-6.216000	-28.800000
	180.500000	-6.720000	-27.000000
	180.520000	-7.176000	-25.000000
	180.540000	-7.596000	-23.000000
	180.560000	-7.980000	-21.000000
	180.580000	-8.328000	-19.200000
	180.600000	-8.616000	-17.000000
	180.620000	-8.844000	-14.400000
	180.640000	-9.012000	-11.400000
	180.660000	-9.132000	-8.600000
	180.680000	-9.204000	-6.000000
	180.700000	-9.228000	-3.600000
	180.720000	-9.192000	-1.000000
	180.740000	-9.108000	1.600000
	180.760000	-8.964000	4.400000
	180.780000	-8.772000	7.000000
	180.800000	-8.532000	9.600000
	180.820000	-8.244000	12.000000
	180.840000	-7.920000	14.200000
	180.860000	-7.536000	16.600000
	180.880000	-7.128000	18.600000
	180.900000	-6.672000	20.800000
	180.920000	-6.180000	22.600000
	180.940000	-5.652000	24.600000
	180.960000	-5.088000	26.400000
	180.980000	-4.512000	27.800000
	181.000000	-3.888000	29.400000
	181.020000	-3.240000	30.800000
	181.040000	-2.568000	32.400000
	181.060000	-1.884000	33.400000
	181.080000	-1.188000	34.200000
	181.100000	-0.456000	35.200000
	181.120000	0.276000	36.000000
	181.140000	1.008000	36.600000
	181.160000	1.728000	36.400000
	181.180000	2.448000	36.200000
	181.200000	3.156000	35.800000
	181.220000	3.852000	35.400000
	181.240000	4.512000	34.400000
	181.260000	5.160000	33.400000
	181.280000	5.784000	32.200000
	181.300000	6.396000	31.400000
	181.320000	6.960000	30.000000
	181.340000	7.488000	28.400000
	181.360000	7.968000	26.200000
	181.380000	8.412000	24.200000
	181.400000	8.808000	22.000000
	181.420000	9.156000	19.800000
	181.440000	9.456000	17.400000
	181.460000	9.684000	14.600000
	181.480000	9.864000	11.800000
	181.500000	9.972000	8.600000
	181.520000	10.032000	5.800000
	181.540000	10.032000	2.800000
	181.560000	9.984000	0.200000
	181.580000	9.876000	-2.600000
	181.600000	9.708000	-5.400000
	181.620000	9.480000	-8.400000
	181.640000	9.216000	-11.000000
	181.660000	8.892000	-13.600000
	181.680000	8.532000	-15.800000
	181.700000	8.124000	-18.200000
	181.720000	7.680000	-20.200000
	181.740000	7.188000	-22.400000
	181.760000	6.660000	-24.400000
	181.780000	6.096000	-26.400000
	181.800000	5.496000	-28.200000
	181.820000	4.848000	-30.200000
	181.840000	4.188000	-31.800000
	181.860000	3.516000	-33.000000
	181.880000	2.832000	-33.600000
	181.900000	2.124000	-34.400000
	181.920000	1.404000	-35.200000
	181.940000	0.684000	-35.800000
	181.960000	-0.036000	-36.000000
	181.980000	-0.756000	-36.000000
	182.000000	-1.476000	-36.000000
	182.020000	-2.196000	-36.000000
	182.040000	-2.892000	-35.600000
	182.060000	-3.564000	-34.800000
	182.080000	-4.200000	-33.400000
	182.100000	-4.824000	-32.200000
	182.120000	-5.424000	-31.000000
	182.140000	-6.000000	-30.000000
	182.160000	-6.528000	-28.400000
	182.180000	-7.020000	-26.600000
	182.200000	-7.464000	-24.400000
	182.220000	-7.872000	-22.400000
	182.240000	-8.232000	-20.200000
	182.260000	-8.544000	-18.000000
	182.280000	-8.808000	-15.600000
	182.300000	-9.012000	-13.000000
	182.320000	-9.168000	-10.400000
	182.340000	-9.264000	-7.600000
	182.360000	-9.312000	-5.000000
	182.380000	-9.300000	-2.200000
	182.400000	-9.240000	0.400000
	182.420000	-9.120000	3.200000
	182.440000	-8.964000	5.600000
	182.460000	-8.748000	8.200000
	182.480000	-8.496000	10.400000
	182.500000	-8.184000	13.000000
	182.520000	-7.836000	15.200000
	182.540000	-7.440000	17.600000
	182.560000	-7.020000	19.400000
	182.580000	-6.552000	21.400000
	182.600000	-6.036000	23.400000
	182.620000	-5.484000	25.600000
	182.640000	-4.896000	27.600000
	182.660000	-4.296000	29.000000
	182.680000	-3.660000	30.400000
	182.700000	-3.012000	31.400000
	182.720000	-2.328000	32.800000
	182.740000	-1.620000	34.000000
	182.760000	-0.900000	35.200000
	182.780000	-0.192000	35.600000
	182.800000	0.516000	35.600000
	182.820000	1.224000	35.400000
	182.840000	1.956000	35.800000
	182.860000	2.664000	35.800000
	182.880000	3.372000	35.800000
	182.900000	4.056000	35.000000
	182.920000	4.728000	34.400000
	182.940000	5.364000	33.200000
	182.960000	5.964000	31.800000
	182.980000	6.540000	30.200000
	183.000000	7.080000	28.600000
	183.020000	7.584000	27.000000
	183.040000	8.052000	25.200000
	183.060000	8.472000	23.200000
	183.080000	8.844000	21.000000
	183.100000	9.156000	18.400000
	183.120000	9.420000	15.800000
	183.140000	9.624000	13.000000
	183.160000	9.768000	10.200000
	183.180000	9.852000	7.200000
	183.200000	9.876000	4.200000
	183.220000	9.852000	1.400000
	183.240000	9.768000	-1.400000
	183.260000	9.636000	-4.000000
	183.280000	9.444000	-6.800000
	183.300000	9.204000	-9.400000
	183.320000	8.904000	-12.200000
	183.340000	8.556000	-14.800000
	183.360000	8.172000	-17.200000
	183.380000	7.752000	-19.200000
	183.400000	7.284000	-21.200000
	183.420000	6.768000	-23.400000
	183.440000	6.216000	-25.600000
	183.460000	5.640000	-27.400000
	183.480000	5.040000	-28.800000
	183.500000	4.404000	-30.200000
	183.520000	3.756000	-31.400000
	183.540000	3.072000	-32.800000
	183.560000	2.376000	-33.800000
	183.580000	1.668000	-34.800000
	183.600000	0.960000	-35.200000
	183.620000	0.252000	-35.400000
	183.640000	-0.468000	-35.600000
	183.660000	-1.188000	-35.800000
	183.680000	-1.896000	-35.800000
	183.700000	-2.580000	-35.200000
	183.720000	-3.252000	-34.400000
	183.740000	-3.900000	-33.400000
	183.760000	-4.536000	-32.600000
	183.780000	-5.136000	-31.400000
	183.800000	-5.700000	-30.000000
	183.820000	-6.228000	-28.200000
	183.840000	-6.720000	-26.400000
	183.860000	-7.176000	-24.600000
	183.880000	-7.596000	-22.800000
	183.900000	-7.956000	-20.600000
	183.920000	-8.280000	-18.400000
	183.940000	-8.544000	-15.800000
	183.960000	-8.772000	-13.600000
	183.980000	-8.940000	-11.000000
	184.000000	-9.048000	-8.400000
	184.020000	-9.096000	-5.400000
	184.040000	-9.096000	-2.600000
	184.060000	-9.048000	0.000000
	184.080000	-8.952000	2.400000
	184.100000	-8.796000	5.000000
	184.120000	-8.592000	7.600000
	184.140000	-8.340000	10.200000
	184.160000	-8.052000	12.400000
	184.180000	-7.716000	14.600000
	184.200000	-7.332000	16.800000
	184.220000	-6.912000	19.000000
	184.240000	-6.456000	21.000000
	184.260000	-5.964000	22.800000
	184.280000	-5.436000	24.600000
	184.300000	-4.872000	26.400000
	184.320000	-4.284000	28.000000
	184.340000	-3.648000	29.800000
	184.360000	-3.000000	31.200000
	184.380000	-2.328000	32.600000
	184.400000	-1.644000	33.400000
	184.420000	-0.936000	34.400000
	184.440000	-0.216000	35.200000
	184.460000	0.504000	35.800000
	184.480000	1.236000	36.200000
	184.500000	1.956000	36.200000
	184.520000	2.676000	36.200000
	184.540000	3.372000	35.600000
	184.560000	4.044000	34.800000
	184.580000	4.692000	33.600000
	184.600000	5.328000	32.600000
	184.620000	5.952000	31.800000
	184.640000	6.552000	31.000000
	184.660000	7.092000	29.400000
	184.680000	7.608000	27.600000
	184.700000	8.064000	25.200000
	184.720000	8.484000	23.200000
	184.740000	8.844000	20.600000
	184.760000	9.168000	18.400000
	184.780000	9.444000	16.000000
	184.800000	9.660000	13.600000
	184.820000	9.816000	10.800000
	184.840000	9.912000	7.800000
	184.860000	9.948000	4.800000
	184.880000	9.924000	1.800000
	184.900000	9.840000	-1.200000
	184.920000	9.708000	-4.000000
	184.940000	9.516000	-6.800000
	184.960000	9.276000	-9.400000
	184.980000	8.988000	-12.000000
	185.000000	8.652000	-14.400000
	185.020000	8.268000	-16.800000
	185.040000	7.836000	-19.200000
	185.060000	7.368000	-21.400000
	185.080000	6.864000	-23.400000
	185.100000	6.324000	-25.200000
	185.120000	5.748000	-27.000000
	185.140000	5.136000	-28.800000
	185.160000	4.500000	-30.400000
	185.180000	3.840000	-31.800000
	185.200000	3.156000	-33.000000
	185.220000	2.460000	-34.000000
	185.240000	1.752000	-34.800000
	185.260000	1.044000	-35.200000
	185.280000	0.324000	-35.600000
	185.300000	-0.396000	-35.800000
	185.320000	-1.128000	-36.200000
	185.340000	-1.848000	-36.200000
	185.360000	-2.544000	-35.800000
	185.380000	-3.228000	-35.000000
	185.400000	-3.888000	-34.000000
	185.420000	-4.536000	-33.200000
	185.440000	-5.136000	-31.800000
	185.460000	-5.724000	-30.600000
	185.480000	-6.276000	-29.000000
	185.500000	-6.792000	-27.600000
	185.520000	-7.260000	-25.600000
	185.540000	-7.692000	-23.600000
	185.560000	-8.076000	-21.400000
	185.580000	-8.412000	-19.200000
	185.600000	-8.688000	-16.600000
	185.620000	-8.928000	-14.200000
	185.640000	-9.108000	-11.600000
	185.660000	-9.252000	-9.400000
	185.680000	-9.324000	-6.600000
	185.700000	-9.348000	-4.000000
	185.720000	-9.312000	-1.000000
	185.740000	-9.228000	1.600000
	185.760000	-9.096000	4.200000
	185.780000	-8.904000	6.800000
	185.800000	-8.676000	9.200000
	185.820000	-8.400000	11.600000
	185.840000	-8.076000	13.800000
	185.860000	-7.704000	16.200000
	185.880000	-7.284000	18.600000
	185.900000	-6.840000	20.600000
	185.920000	-6.360000	22.400000
	185.940000	-5.844000	24.000000
	185.960000	-5.280000	26.000000
	185.980000	-4.692000	27.800000
	186.000000	-4.068000	29.600000
	186.020000	-3.420000	31.000000
	186.040000	-2.748000	32.400000
	186.060000	-2.064000	33.400000
	186.080000	-1.368000	34.200000
	186.100000	-0.648000	35.000000
	186.120000	0.084000	35.800000
	186.140000	0.816000	36.400000
	186.160000	1.548000	36.600000
	186.180000	2.256000	36.200000
	186.200000	2.964000	35.800000
	186.220000	3.660000	35.200000
	186.240000	4.356000	35.000000
	186.260000	5.016000	34.200000
	186.280000	5.652000	33.200000
	186.300000	6.252000	31.600000
	186.320000	6.828000	30.200000
	186.340000	7.368000	28.600000
	186.360000	7.860000	26.800000
	186.380000	8.304000	24.600000
	186.400000	8.700000	22.200000
	186.420000	9.048000	19.800000
	186.440000	9.348000	17.400000
	186.460000	9.588000	14.800000
	186.480000	9.768000	12.000000
	186.500000	9.888000	9.000000
	186.520000	9.960000	6.200000
	186.540000	9.972000	3.400000
	186.560000	9.924000	0.600000
	186.580000	9.816000	-2.400000
	186.600000	9.660000	-5.200000
	186.620000	9.456000	-7.800000
	186.640000	9.192000	-10.400000
	186.660000	8.880000	-13.000000
	186.680000	8.520000	-15.600000
	186.700000	8.112000	-18.000000
	186.720000	7.668000	-20.200000
	186.740000	7.188000	-22.200000
	186.760000	6.672000	-24.000000
	186.780000	6.108000	-26.000000
	186.800000	5.508000	-28.000000
	186.820000	4.896000	-29.600000
	186.840000	4.260000	-30.800000
	186.860000	3.588000	-32.000000
	186.880000	2.880000	-33.600000
	186.900000	2.172000	-34.800000
	186.920000	1.476000	-35.200000
	186.940000	0.768000	-35.200000
	186.960000	0.060000	-35.200000
	186.980000	-0.660000	-35.600000
	187.000000	-1.368000	-35.600000
	187.020000	-2.076000	-35.600000
	187.040000	-2.772000	-35.200000
	187.060000	-3.444000	-34.600000
	187.080000	-4.092000	-33.600000
	187.100000	-4.716000	-32.400000
	187.120000	-5.304000	-31.000000
	187.140000	-5.868000	-29.600000
	187.160000	-6.396000	-28.000000
	187.180000	-6.888000	-26.400000
	187.200000	-7.332000	-24.400000
	187.220000	-7.728000	-22.200000
	187.240000	-8.088000	-20.000000
	187.260000	-8.400000	-17.800000
	187.280000	-8.652000	-15.400000
	187.300000	-8.856000	-12.800000
	187.320000	-9.000000	-10.000000
	187.340000	-9.108000	-7.600000
	187.360000	-9.144000	-4.800000
	187.380000	-9.144000	-2.400000
	187.400000	-9.072000	0.600000
	187.420000	-8.964000	3.000000
	187.440000	-8.796000	5.800000
	187.460000	-8.592000	8.000000
	187.480000	-8.316000	10.800000
	187.500000	-8.004000	13.200000
	187.520000	-7.644000	15.800000
	187.540000	-7.260000	17.600000
	187.560000	-6.828000	19.600000
	187.580000	-6.360000	21.400000
	187.600000	-5.856000	23.400000
	187.620000	-5.304000	25.400000
	187.640000	-4.740000	27.000000
	187.660000	-4.140000	28.600000
	187.680000	-3.504000	30.000000
	187.700000	-2.820000	32.000000
	187.720000	-2.136000	33.400000
	187.740000	-1.452000	34.200000
	187.760000	-0.768000	34.200000
	187.780000	-0.060000	34.600000
	187.800000	0.660000	35.200000
	187.820000	1.392000	36.000000
	187.840000	2.124000	36.400000
	187.860000	2.832000	36.200000
	187.880000	3.528000	35.600000
	187.900000	4.200000	34.600000
	187.920000	4.848000	33.600000
	187.940000	5.472000	32.400000
	187.960000	6.072000	31.200000
	187.980000	6.648000	30.000000
	188.000000	7.188000	28.600000
	188.020000	7.692000	27.000000
	188.040000	8.148000	25.000000
	188.060000	8.556000	22.800000
	188.080000	8.916000	20.400000
	188.100000	9.228000	18.000000
	188.120000	9.480000	15.400000
	188.140000	9.672000	12.600000
	188.160000	9.804000	9.600000
	188.180000	9.888000	6.800000
	188.200000	9.912000	4.000000
	188.220000	9.876000	1.200000
	188.240000	9.780000	-1.800000
	188.260000	9.636000	-4.600000
	188.280000	9.432000	-7.400000
	188.300000	9.180000	-10.000000
	188.320000	8.880000	-12.600000
	188.340000	8.532000	-15.000000
	188.360000	8.136000	-17.400000
	188.380000	7.692000	-19.800000
	188.400000	7.224000	-21.800000
	188.420000	6.720000	-23.600000
	188.440000	6.180000	-25.200000
	188.460000	5.592000	-27.200000
	188.480000	4.968000	-29.200000
	188.500000	4.332000	-30.800000
	188.520000	3.684000	-31.800000
	188.540000	3.012000	-32.600000
	188.560000	2.304000	-33.800000
	188.580000	1.584000	-35.000000
	188.600000	0.876000	-35.600000
	188.620000	0.156000	-35.800000
	188.640000	-0.552000	-35.600000
	188.660000	-1.272000	-35.800000
	188.680000	-1.956000	-35.200000
	188.700000	-2.652000	-35.000000
	188.720000	-3.324000	-34.200000
	188.740000	-3.996000	-34.000000
	188.760000	-4.620000	-32.800000
	188.780000	-5.232000	-31.800000
	188.800000	-5.796000	-30.000000
	188.820000	-6.324000	-28.400000
	188.840000	-6.816000	-26.400000
	188.860000	-7.272000	-24.600000
	188.880000	-7.692000	-22.800000
	188.900000	-8.052000	-20.600000
	188.920000	-8.364000	-18.200000
	188.940000	-8.628000	-15.600000
	188.960000	-8.844000	-13.200000
	188.980000	-9.012000	-10.800000
	189.000000	-9.120000	-8.200000
	189.020000	-9.180000	-5.600000
	189.040000	-9.180000	-2.800000
	189.060000	-9.132000	-0.200000
	189.080000	-9.024000	2.600000
	189.100000	-8.868000	5.200000
	189.120000	-8.664000	7.800000
	189.140000	-8.400000	10.400000
	189.160000	-8.100000	12.800000
	189.180000	-7.752000	15.200000
	189.200000	-7.380000	17.000000
	189.220000	-6.960000	19.000000
	189.240000	-6.504000	20.800000
	189.260000	-6.000000	23.000000
	189.280000	-5.472000	24.800000
	189.300000	-4.908000	26.600000
	189.320000	-4.320000	28.000000
	189.340000	-3.696000	29.600000
	189.360000	-3.048000	31.000000
	189.380000	-2.376000	32.400000
	189.400000	-1.680000	33.600000
	189.420000	-0.972000	34.600000
	189.440000	-0.252000	35.400000
	189.460000	0.468000	35.800000
	189.480000	1.188000	36.000000
	189.500000	1.908000	36.000000
	189.520000	2.616000	35.800000
	189.540000	3.312000	35.400000
	189.560000	3.996000	34.800000
	189.580000	4.668000	34.200000
	189.600000	5.316000	33.400000
	189.620000	5.928000	32.200000
	189.640000	6.504000	30.600000
	189.660000	7.056000	29.000000
	189.680000	7.572000	27.400000
	189.700000	8.040000	25.600000
	189.720000	8.460000	23.400000
	189.740000	8.832000	21.000000
	189.760000	9.156000	18.600000
	189.780000	9.420000	16.000000
	189.800000	9.624000	13.200000
	189.820000	9.780000	10.400000
	189.840000	9.876000	7.600000
	189.860000	9.924000	5.000000
	189.880000	9.900000	2.000000
	189.900000	9.828000	-0.800000
	189.920000	9.684000	-4.000000
	189.940000	9.504000	-6.600000
	189.960000	9.264000	-9.400000
	189.980000	8.976000	-11.800000
	190.000000	8.640000	-14.400000
	190.020000	8.256000	-16.800000
	190.040000	7.836000	-19.000000
	190.060000	7.368000	-21.200000
	190.080000	6.864000	-23.200000
	190.100000	6.324000	-25.200000
	190.120000	5.748000	-27.000000
	190.140000	5.136000	-28.800000
	190.160000	4.500000	-30.400000
	190.180000	3.828000	-32.000000
	190.200000	3.144000	-33.200000
	190.220000	2.448000	-34.200000
	190.240000	1.764000	-34.400000
	190.260000	1.056000	-34.800000
	190.280000	0.336000	-35.200000
	190.300000	-0.396000	-36.000000
	190.320000	-1.116000	-36.200000
	190.340000	-1.824000	-36.000000
	190.360000	-2.520000	-35.400000
	190.380000	-3.192000	-34.600000
	190.400000	-3.852000	-33.800000
	190.420000	-4.488000	-32.800000
	190.440000	-5.100000	-31.800000
	190.460000	-5.688000	-30.600000
	190.480000	-6.252000	-29.400000
	190.500000	-6.768000	-27.800000
	190.520000	-7.236000	-25.800000
	190.540000	-7.656000	-23.400000
	190.560000	-8.040000	-21.200000
	190.580000	-8.376000	-19.000000
	190.600000	-8.652000	-16.600000
	190.620000	-8.880000	-14.000000
	190.640000	-9.060000	-11.400000
	190.660000	-9.192000	-9.000000
	190.680000	-9.264000	-6.400000
	190.700000	-9.276000	-3.600000
	190.720000	-9.240000	-0.800000
	190.740000	-9.156000	1.800000
	190.760000	-9.024000	4.200000
	190.780000	-8.844000	6.600000
	190.800000	-8.616000	9.000000
	190.820000	-8.328000	11.600000
	190.840000	-7.992000	14.200000
	190.860000	-7.620000	16.600000
	190.880000	-7.212000	18.600000
	190.900000	-6.768000	20.400000
	190.920000	-6.276000	22.400000
	190.940000	-5.748000	24.400000
	190.960000	-5.172000	26.600000
	190.980000	-4.584000	28.200000
	191.000000	-3.960000	29.800000
	191.020000	-3.324000	30.800000
	191.040000	-2.652000	32.200000
	191.060000	-1.980000	33.000000
	191.080000	-1.284000	34.000000
	191.100000	-0.576000	34.600000
	191.120000	0.144000	35.400000
	191.140000	0.876000	36.000000
	191.160000	1.596000	36.200000
	191.180000	2.316000	36.200000
	191.200000	3.024000	35.800000
	191.220000	3.732000	35.600000
	191.240000	4.416000	35.000000
	191.260000	5.064000	34.000000
	191.280000	5.688000	32.600000
	191.300000	6.288000	31.200000
	191.320000	6.852000	29.800000
	191.340000	7.380000	28.200000
	191.360000	7.872000	26.400000
	191.380000	8.316000	24.400000
	191.400000	8.712000	22.200000
	191.420000	9.048000	19.600000
	191.440000	9.348000	17.200000
	191.460000	9.576000	14.400000
	191.480000	9.756000	11.800000
	191.500000	9.864000	8.600000
	191.520000	9.936000	6.000000
	191.540000	9.936000	3.000000
	191.560000	9.888000	0.400000
	191.580000	9.768000	-2.800000
	191.600000	9.600000	-5.600000
	191.620000	9.372000	-8.600000
	191.640000	9.096000	-11.200000
	191.660000	8.784000	-13.600000
	191.680000	8.424000	-15.800000
	191.700000	8.028000	-17.800000
	191.720000	7.572000	-20.200000
	191.740000	7.092000	-22.200000
	191.760000	6.564000	-24.400000
	191.780000	6.000000	-26.200000
	191.800000	5.388000	-28.400000
	191.820000	4.764000	-30.000000
	191.840000	4.116000	-31.400000
	191.860000	3.456000	-32.200000
	191.880000	2.772000	-33.200000
	191.900000	2.076000	-34.000000
	191.920000	1.344000	-35.200000
	191.940000	0.624000	-35.800000
	191.960000	-0.096000	-36.200000
	191.980000	-0.792000	-35.600000
	192.000000	-1.512000	-35.600000
	192.020000	-2.220000	-35.400000
	192.040000	-2.904000	-35.200000
	192.060000	-3.576000	-34.400000
	192.080000	-4.212000	-33.200000
	192.100000	-4.848000	-32.400000
	192.120000	-5.436000	-31.000000
	192.140000	-6.000000	-29.800000
	192.160000	-6.516000	-27.800000
	192.180000	-6.996000	-26.000000
	192.200000	-7.440000	-24.000000
	192.220000	-7.836000	-22.000000
	192.240000	-8.196000	-20.000000
	192.260000	-8.496000	-17.600000
	192.280000	-8.748000	-15.200000
	192.300000	-8.940000	-12.400000
	192.320000	-9.096000	-10.000000
	192.340000	-9.192000	-7.400000
	192.360000	-9.228000	-4.800000
	192.380000	-9.204000	-1.800000
	192.400000	-9.132000	1.000000
	192.420000	-9.012000	3.600000
	192.440000	-8.844000	6.000000
	192.460000	-8.628000	8.400000
	192.480000	-8.364000	10.800000
	192.500000	-8.052000	13.200000
	192.520000	-7.692000	15.600000
	192.540000	-7.284000	18.000000
	192.560000	-6.852000	20.000000
	192.580000	-6.384000	21.800000
	192.600000	-5.892000	23.200000
	192.620000	-5.352000	25.000000
	192.640000	-4.764000	27.000000
	192.660000	-4.140000	29.200000
	192.680000	-3.492000	31.000000
	192.700000	-2.832000	32.200000
	192.720000	-2.160000	33.000000
	192.740000	-1.464000	33.800000
	192.760000	-0.756000	34.600000
	192.780000	-0.048000	35.200000
	192.800000	0.672000	35.600000
	192.820000	1.392000	35.800000
	192.840000	2.112000	36.000000
	192.860000	2.832000	36.000000
	192.880000	3.528000	35.600000
	192.900000	4.212000	35.000000
	192.920000	4.860000	33.800000
	192.940000	5.496000	32.800000
	192.960000	6.108000	31.600000
	192.980000	6.684000	30.400000
	193.000000	7.224000	28.800000
	193.020000	7.716000	26.800000
	193.040000	8.172000	24.800000
	193.060000	8.580000	22.600000
	193.080000	8.940000	20.400000
	193.100000	9.240000	17.800000
	193.120000	9.492000	15.200000
	193.140000	9.696000	12.600000
	193.160000	9.840000	10.000000
	193.180000	9.912000	7.000000
	193.200000	9.924000	3.800000
	193.220000	9.876000	0.600000
	193.240000	9.780000	-2.200000
	193.260000	9.636000	-4.800000
	193.280000	9.432000	-7.400000
	193.300000	9.180000	-10.000000
	193.320000	8.868000	-12.800000
	193.340000	8.520000	-15.200000
	193.360000	8.136000	-17.400000
	193.380000	7.704000	-19.400000
	193.400000	7.236000	-21.400000
	193.420000	6.720000	-23.600000
	193.440000	6.168000	-25.600000
	193.460000	5.580000	-27.600000
	193.480000	4.956000	-29.400000
	193.500000	4.308000	-31.000000
	193.520000	3.636000	-32.400000
	193.540000	2.952000	-33.400000
	193.560000	2.256000	-34.200000
	193.580000	1.548000	-34.800000
	193.600000	0.828000	-35.400000
	193.620000	0.120000	-35.600000
	193.640000	-0.600000	-35.800000
	193.660000	-1.320000	-35.800000
	193.680000	-2.028000	-35.800000
	193.700000	-2.712000	-35.200000
	193.720000	-3.384000	-34.400000
	193.740000	-4.056000	-33.800000
	193.760000	-4.680000	-32.800000
	193.780000	-5.280000	-31.600000
	193.800000	-5.844000	-29.800000
	193.820000	-6.396000	-28.600000
	193.840000	-6.888000	-26.800000
	193.860000	-7.356000	-25.200000
	193.880000	-7.764000	-22.800000
	193.900000	-8.136000	-20.800000
	193.920000	-8.448000	-18.200000
	193.940000	-8.724000	-16.000000
	193.960000	-8.940000	-13.400000
	193.980000	-9.096000	-10.800000
	194.000000	-9.204000	-8.000000
	194.020000	-9.264000	-5.400000
	194.040000	-9.276000	-3.000000
	194.060000	-9.228000	-0.400000
	194.080000	-9.120000	2.400000
	194.100000	-8.964000	5.200000
	194.120000	-8.760000	7.800000
	194.140000	-8.508000	10.200000
	194.160000	-8.208000	12.600000
	194.180000	-7.872000	14.800000
	194.200000	-7.488000	17.000000
	194.220000	-7.068000	19.000000
	194.240000	-6.588000	21.400000
	194.260000	-6.096000	23.200000
	194.280000	-5.556000	25.200000
	194.300000	-4.992000	26.600000
	194.320000	-4.392000	28.400000
	194.340000	-3.768000	29.800000
	194.360000	-3.120000	31.200000
	194.380000	-2.436000	32.600000
	194.400000	-1.740000	33.800000
	194.420000	-1.032000	34.800000
	194.440000	-0.312000	35.400000
	194.460000	0.420000	36.000000
	194.480000	1.140000	36.200000
	194.500000	1.860000	36.200000
	194.520000	2.580000	36.000000
	194.540000	3.300000	36.000000
	194.560000	3.984000	35.400000
	194.580000	4.656000	34.600000
	194.600000	5.304000	33.400000
	194.620000	5.928000	32.400000
	194.640000	6.516000	31.000000
	194.660000	7.080000	29.600000
	194.680000	7.608000	28.000000
	194.700000	8.088000	26.200000
	194.720000	8.508000	23.800000
	194.740000	8.880000	21.200000
	194.760000	9.204000	18.600000
	194.780000	9.480000	16.200000
	194.800000	9.708000	13.800000
	194.820000	9.864000	11.000000
	194.840000	9.972000	8.200000
	194.860000	10.008000	5.000000
	194.880000	9.996000	2.200000
	194.900000	9.924000	-0.800000
	194.920000	9.804000	-3.400000
	194.940000	9.624000	-6.200000
	194.960000	9.384000	-9.000000
	194.980000	9.084000	-12.000000
	195.000000	8.748000	-14.600000
	195.020000	8.376000	-16.800000
	195.040000	7.968000	-18.600000
	195.060000	7.512000	-20.600000
	195.080000	7.008000	-22.800000
	195.100000	6.468000	-25.000000
	195.120000	5.892000	-27.000000
	195.140000	5.292000	-28.600000
	195.160000	4.668000	-30.000000
	195.180000	4.008000	-31.400000
	195.200000	3.324000	-32.800000
	195.220000	2.616000	-34.200000
	195.240000	1.908000	-35.000000
	195.260000	1.188000	-35.600000
	195.280000	0.456000	-36.000000
	195.300000	-0.264000	-36.200000
	195.320000	-0.984000	-36.200000
	195.340000	-1.680000	-35.600000
	195.360000	-2.376000	-35.200000
	195.380000	-3.060000	-34.600000
	195.400000	-3.732000	-34.200000
	195.420000	-4.380000	-33.400000
	195.440000	-4.992000	-32.200000
	195.460000	-5.580000	-30.800000
	195.480000	-6.132000	-29.200000
	195.500000	-6.648000	-27.600000
	195.520000	-7.116000	-25.600000
	195.540000	-7.560000	-23.800000
	195.560000	-7.956000	-21.800000
	195.580000	-8.304000	-19.800000
	195.600000	-8.580000	-17.000000
	195.620000	-8.820000	-14.400000
	195.640000	-9.012000	-11.800000
	195.660000	-9.156000	-9.600000
	195.680000	-9.228000	-6.800000
	195.700000	-9.252000	-4.000000
	195.720000	-9.216000	-1.000000
	195.740000	-9.144000	1.400000
	195.760000	-9.000000	4.200000
	195.780000	-8.820000	6.600000
	195.800000	-8.580000	9.400000
	195.820000	-8.304000	11.600000
	195.840000	-7.980000	14.000000
	195.860000	-7.620000	16.000000
	195.880000	-7.212000	18.200000
	195.900000	-6.768000	20.200000
	195.920000	-6.288000	22.200000
	195.940000	-5.772000	24.000000
	195.960000	-5.220000	25.800000
	195.980000	-4.632000	27.600000
	196.000000	-4.008000	29.400000
	196.020000	-3.360000	31.000000
	196.040000	-2.688000	32.400000
	196.060000	-2.016000	33.200000
	196.080000	-1.320000	34.000000
	196.100000	-0.612000	34.600000
	196.120000	0.120000	35.600000
	196.140000	0.840000	36.000000
	196.160000	1.572000	36.400000
	196.180000	2.292000	36.200000
	196.200000	3.012000	36.200000
	196.220000	3.708000	35.600000
	196.240000	4.380000	34.800000
	196.260000	5.016000	33.400000
	196.280000	5.640000	32.200000
	196.300000	6.228000	30.800000
	196.320000	6.804000	29.800000
	196.340000	7.320000	28.000000
	196.360000	7.812000	26.400000
	196.380000	8.256000	24.200000
	196.400000	8.664000	22.400000
	196.420000	9.000000	19.800000
	196.440000	9.288000	17.200000
	196.460000	9.516000	14.200000
	196.480000	9.696000	11.600000
	196.500000	9.816000	8.800000
	196.520000	9.876000	6.000000
	196.540000	9.888000	3.200000
	196.560000	9.840000	0.400000
	196.580000	9.732000	-2.400000
	196.600000	9.564000	-5.400000
	196.620000	9.348000	-8.200000
	196.640000	9.084000	-10.800000
	196.660000	8.772000	-13.200000
	196.680000	8.412000	-15.600000
	196.700000	8.004000	-18.000000
	196.720000	7.560000	-20.200000
	196.740000	7.080000	-22.200000
	196.760000	6.564000	-24.000000
	196.780000	6.000000	-26.000000
	196.800000	5.400000	-28.000000
	196.820000	4.776000	-29.800000
	196.840000	4.128000	-31.200000
	196.860000	3.468000	-32.200000
	196.880000	2.784000	-33.200000
	196.900000	2.088000	-34.000000
	196.920000	1.368000	-35.000000
	196.940000	0.648000	-35.600000
	196.960000	-0.072000	-36.000000
	196.980000	-0.792000	-36.000000
	197.000000	-1.500000	-35.800000
	197.020000	-2.196000	-35.400000
	197.040000	-2.868000	-34.600000
	197.060000	-3.540000	-34.000000
	197.080000	-4.176000	-33.000000
	197.100000	-4.800000	-32.200000
	197.120000	-5.376000	-30.600000
	197.140000	-5.940000	-29.400000
	197.160000	-6.456000	-27.600000
	197.180000	-6.948000	-26.200000
	197.200000	-7.392000	-24.200000
	197.220000	-7.800000	-22.400000
	197.240000	-8.160000	-20.200000
	197.260000	-8.460000	-17.800000
	197.280000	-8.712000	-15.200000
	197.300000	-8.904000	-12.400000
	197.320000	-9.060000	-10.000000
	197.340000	-9.156000	-7.400000
	197.360000	-9.192000	-4.800000
	197.380000	-9.168000	-1.800000
	197.400000	-9.096000	1.000000
	197.420000	-8.976000	3.600000
	197.440000	-8.808000	6.000000
	197.460000	-8.592000	8.400000
	197.480000	-8.328000	10.800000
	197.500000	-8.016000	13.200000
	197.520000	-7.656000	15.600000
	197.540000	-7.260000	17.800000
	197.560000	-6.828000	19.800000
	197.580000	-6.360000	21.600000
	197.600000	-5.856000	23.400000
	197.620000	-5.316000	25.200000
	197.640000	-4.740000	27.000000
	197.660000	-4.128000	28.800000
	197.680000	-3.480000	30.600000
	197.700000	-2.808000	32.200000
	197.720000	-2.124000	33.400000
	197.740000	-1.428000	34.200000
	197.760000	-0.720000	34.800000
	197.780000	0.000000	35.400000
	197.800000	0.720000	35.800000
	197.820000	1.440000	36.000000
	197.840000	2.160000	36.000000
	197.860000	2.880000	36.000000
	197.880000	3.588000	35.800000
	197.900000	4.272000	35.200000
	197.920000	4.932000	34.200000
	197.940000	5.568000	33.000000
	197.960000	6.180000	31.800000
	197.980000	6.756000	30.400000
	198.000000	7.296000	28.800000
	198.020000	7.800000	27.000000
	198.040000	8.256000	25.000000
	198.060000	8.664000	22.800000
	198.080000	9.024000	20.400000
	198.100000	9.336000	18.000000
	198.120000	9.588000	15.400000
	198.140000	9.780000	12.600000
	198.160000	9.912000	9.600000
	198.180000	9.996000	6.800000
	198.200000	10.020000	4.000000
	198.220000	9.984000	1.200000
	198.240000	9.888000	-1.800000
	198.260000	9.732000	-4.800000
	198.280000	9.528000	-7.600000
	198.300000	9.264000	-10.400000
	198.320000	8.952000	-13.000000
	198.340000	8.592000	-15.600000
	198.360000	8.208000	-17.600000
	198.380000	7.776000	-19.600000
	198.400000	7.308000	-21.400000
	198.420000	6.780000	-23.800000
	198.440000	6.228000	-25.800000
	198.460000	5.628000	-28.000000
	198.480000	5.016000	-29.400000
	198.500000	4.380000	-30.800000
	198.520000	3.720000	-31.800000
	198.540000	3.036000	-33.000000
	198.560000	2.340000	-34.000000
	198.580000	1.620000	-35.000000
	198.600000	0.900000	-35.600000
	198.620000	0.168000	-36.200000
	198.640000	-0.552000	-36.200000
	198.660000	-1.272000	-36.200000
	198.680000	-1.992000	-36.000000
	198.700000	-2.688000	-35.600000
	198.720000	-3.360000	-34.800000
	198.740000	-4.008000	-33.600000
	198.760000	-4.632000	-32.400000
	198.780000	-5.244000	-31.400000
	198.800000	-5.820000	-30.200000
	198.820000	-6.360000	-28.800000
	198.840000	-6.852000	-26.800000
	198.860000	-7.308000	-24.800000
	198.880000	-7.728000	-22.800000
	198.900000	-8.100000	-20.800000
	198.920000	-8.424000	-18.600000
	198.940000	-8.688000	-16.000000
	198.960000	-8.916000	-13.600000
	198.980000	-9.084000	-11.000000
	199.000000	-9.204000	-8.600000
	199.020000	-9.264000	-5.800000
	199.040000	-9.276000	-3.200000
	199.060000	-9.228000	-0.400000
	199.080000	-9.120000	2.400000
	199.100000	-8.964000	5.200000
	199.120000	-8.760000	7.800000
	199.140000	-8.520000	10.000000
	199.160000	-8.232000	12.200000
	199.180000	-7.896000	14.400000
	199.200000	-7.512000	16.800000
	199.220000	-7.092000	19.000000
	199.240000	-6.636000	21.000000
	199.260000	-6.144000	22.800000
	199.280000	-5.604000	24.800000
	199.300000	-5.028000	26.800000
	199.320000	-4.428000	28.600000
	199.340000	-3.804000	30.000000
	199.360000	-3.156000	31.200000
	199.380000	-2.484000	32.400000
	199.400000	-1.788000	33.600000
	199.420000	-1.092000	34.400000
	199.440000	-0.372000	35.200000
	199.460000	0.348000	35.600000
	199.480000	1.080000	36.200000
	199.500000	1.800000	36.200000
	199.520000	2.508000	36.000000
	199.540000	3.204000	35.400000
	199.560000	3.888000	34.800000
	199.580000	4.560000	34.200000
	199.600000	5.208000	33.400000
	199.620000	5.820000	32.200000
	199.640000	6.420000	31.000000
	199.660000	6.972000	29.400000
	199.680000	7.500000	28.000000
	199.700000	7.956000	25.600000
	199.720000	8.388000	23.600000
	199.740000	8.760000	21.000000
	199.760000	9.096000	19.000000
	199.780000	9.372000	16.400000
	199.800000	9.588000	13.800000
	199.820000	9.744000	10.800000
	199.840000	9.840000	7.800000
	199.860000	9.888000	5.000000
	199.880000	9.876000	2.200000
	199.900000	9.804000	-0.600000
	199.920000	9.672000	-3.600000
	199.940000	9.492000	-6.400000
	199.960000	9.264000	-9.000000
	199.980000	8.976000	-11.600000
	200.000000	8.640000	-14.200000
	200.020000	8.268000	-16.600000
	200.040000	7.860000	-18.600000
	200.060000	7.404000	-20.600000
	200.080000	6.900000	-22.800000
	200.100000	6.360000	-25.000000
	200.120000	5.796000	-26.800000
	200.140000	5.196000	-28.400000
	200.160000	4.572000	-29.800000
	200.180000	3.912000	-31.400000
	200.200000	3.240000	-32.600000
	200.220000	2.544000	-33.800000
	200.240000	1.836000	-34.600000
	200.260000	1.116000	-35.400000
	200.280000	0.408000	-35.600000
	200.300000	-0.312000	-35.800000
	200.320000	-1.032000	-35.800000
	200.340000	-1.740000	-35.800000
	200.360000	-2.436000	-35.400000
	200.380000	-3.096000	-34.400000
	200.400000	-3.756000	-33.600000
	200.420000	-4.380000	-32.400000
	200.440000	-5.004000	-31.800000
	200.460000	-5.580000	-30.400000
	200.480000	-6.132000	-29.200000
	200.500000	-6.636000	-27.200000
	200.520000	-7.116000	-25.600000
	200.540000	-7.548000	-23.600000
	200.560000	-7.932000	-21.600000
	200.580000	-8.268000	-19.200000
	200.600000	-8.544000	-16.600000
	200.620000	-8.784000	-14.200000
	200.640000	-8.964000	-11.600000
	200.660000	-9.096000	-9.200000
	200.680000	-9.168000	-6.400000
	200.700000	-9.192000	-3.800000
	200.720000	-9.168000	-1.200000
	200.740000	-9.084000	1.400000
	200.760000	-8.952000	4.000000
	200.780000	-8.760000	6.800000
	200.800000	-8.520000	9.400000
	200.820000	-8.232000	12.000000
	200.840000	-7.896000	14.400000
	200.860000	-7.524000	16.600000
	200.880000	-7.116000	18.600000
	200.900000	-6.672000	20.400000
	200.920000	-6.192000	22.200000
	200.940000	-5.664000	24.200000
	200.960000	-5.112000	26.000000
	200.980000	-4.524000	27.800000
	201.000000	-3.912000	29.200000
	201.020000	-3.264000	30.800000
	201.040000	-2.580000	32.400000
	201.060000	-1.884000	33.800000
	201.080000	-1.188000	34.600000
	201.100000	-0.480000	35.000000
	201.120000	0.252000	35.600000
	201.140000	0.984000	36.200000
	201.160000	1.704000	36.400000
	201.180000	2.412000	36.000000
	201.200000	3.120000	35.600000
	201.220000	3.816000	35.200000
	201.240000	4.488000	34.600000
	201.260000	5.136000	33.600000
	201.280000	5.760000	32.400000
	201.300000	6.360000	31.200000
	201.320000	6.936000	30.000000
	201.340000	7.464000	28.400000
	201.360000	7.956000	26.600000
	201.380000	8.388000	24.200000
	201.400000	8.784000	22.000000
	201.420000	9.120000	19.400000
	201.440000	9.420000	17.200000
	201.460000	9.660000	14.600000
	201.480000	9.840000	12.000000
	201.500000	9.960000	9.000000
	201.520000	10.020000	6.000000
	201.540000	10.020000	3.000000
	201.560000	9.960000	-2.953193E-14
	201.580000	9.840000	-3.000000
	201.600000	9.672000	-5.800000
	201.620000	9.444000	-8.600000
	201.640000	9.168000	-11.200000
	201.660000	8.844000	-13.800000
	201.680000	8.472000	-16.200000
	201.700000	8.064000	-18.400000
	201.720000	7.608000	-20.600000
	201.740000	7.128000	-22.400000
	201.760000	6.600000	-24.400000
	201.780000	6.048000	-26.000000
	201.800000	5.448000	-28.000000
	201.820000	4.812000	-29.800000
	201.840000	4.152000	-31.600000
	201.860000	3.468000	-33.000000
	201.880000	2.784000	-33.800000
	201.900000	2.076000	-34.600000
	201.920000	1.356000	-35.200000
	201.940000	0.636000	-35.800000
	201.960000	-0.096000	-36.200000
	201.980000	-0.804000	-36.000000
	202.000000	-1.524000	-36.000000
	202.020000	-2.232000	-35.600000
	202.040000	-2.928000	-35.400000
	202.060000	-3.600000	-34.600000
	202.080000	-4.248000	-33.600000
	202.100000	-4.884000	-32.600000
	202.120000	-5.484000	-31.400000
	202.140000	-6.048000	-30.000000
	202.160000	-6.576000	-28.200000
	202.180000	-7.068000	-26.400000
	202.200000	-7.512000	-24.400000
	202.220000	-7.908000	-22.200000
	202.240000	-8.268000	-20.000000
	202.260000	-8.580000	-17.800000
	202.280000	-8.844000	-15.600000
	202.300000	-9.048000	-13.000000
	202.320000	-9.204000	-10.400000
	202.340000	-9.300000	-7.600000
	202.360000	-9.348000	-5.000000
	202.380000	-9.336000	-2.200000
	202.400000	-9.276000	0.400000
	202.420000	-9.156000	3.200000
	202.440000	-8.988000	5.800000
	202.460000	-8.760000	8.600000
	202.480000	-8.496000	11.000000
	202.500000	-8.184000	13.400000
	202.520000	-7.836000	15.400000
	202.540000	-7.440000	17.600000
	202.560000	-7.008000	19.600000
	202.580000	-6.540000	21.600000
	202.600000	-6.024000	23.600000
	202.620000	-5.484000	25.400000
	202.640000	-4.908000	27.200000
	202.660000	-4.296000	28.800000
	202.680000	-3.648000	30.600000
	202.700000	-2.976000	32.200000
	202.720000	-2.304000	33.200000
	202.740000	-1.608000	34.000000
	202.760000	-0.912000	34.400000
	202.780000	-0.192000	35.200000
	202.800000	0.528000	35.600000
	202.820000	1.272000	36.400000
	202.840000	1.992000	36.400000
	202.860000	2.700000	36.200000
	202.880000	3.396000	35.400000
	202.900000	4.092000	35.000000
	202.920000	4.764000	34.400000
	202.940000	5.400000	33.400000
	202.960000	6.012000	32.000000
	202.980000	6.600000	30.600000
	203.000000	7.152000	29.200000
	203.020000	7.656000	27.400000
	203.040000	8.112000	25.200000
	203.060000	8.532000	23.000000
	203.080000	8.904000	20.800000
	203.100000	9.228000	18.600000
	203.120000	9.492000	16.000000
	203.140000	9.696000	13.200000
	203.160000	9.840000	10.200000
	203.180000	9.924000	7.200000
	203.200000	9.948000	4.200000
	203.220000	9.924000	1.400000
	203.240000	9.840000	-1.400000
	203.260000	9.696000	-4.200000
	203.280000	9.492000	-7.200000
	203.300000	9.240000	-10.000000
	203.320000	8.952000	-12.400000
	203.340000	8.616000	-14.600000
	203.360000	8.220000	-17.000000
	203.380000	7.788000	-19.400000
	203.400000	7.320000	-21.600000
	203.420000	6.828000	-23.200000
	203.440000	6.276000	-25.200000
	203.460000	5.700000	-27.000000
	203.480000	5.088000	-29.000000
	203.500000	4.464000	-30.200000
	203.520000	3.792000	-31.800000
	203.540000	3.120000	-32.800000
	203.560000	2.424000	-34.000000
	203.580000	1.716000	-34.600000
	203.600000	0.984000	-35.600000
	203.620000	0.264000	-36.000000
	203.640000	-0.456000	-36.200000
	203.660000	-1.176000	-36.000000
	203.680000	-1.884000	-35.800000
	203.700000	-2.568000	-35.200000
	203.720000	-3.228000	-34.200000
	203.740000	-3.888000	-33.400000
	203.760000	-4.512000	-32.400000
	203.780000	-5.124000	-31.600000
	203.800000	-5.700000	-30.200000
	203.820000	-6.240000	-28.800000
	203.840000	-6.732000	-26.800000
	203.860000	-7.176000	-24.600000
	203.880000	-7.596000	-22.600000
	203.900000	-7.968000	-20.600000
	203.920000	-8.292000	-18.600000
	203.940000	-8.568000	-16.200000
	203.960000	-8.784000	-13.600000
	203.980000	-8.964000	-11.200000
	204.000000	-9.072000	-8.400000
	204.020000	-9.132000	-5.800000
	204.040000	-9.132000	-2.800000
	204.060000	-9.084000	-0.200000
	204.080000	-8.988000	2.400000
	204.100000	-8.844000	4.800000
	204.120000	-8.652000	7.200000
	204.140000	-8.412000	9.600000
	204.160000	-8.124000	12.000000
	204.180000	-7.788000	14.400000
	204.200000	-7.404000	16.800000
	204.220000	-6.972000	19.200000
	204.240000	-6.516000	21.200000
	204.260000	-6.024000	23.000000
	204.280000	-5.496000	24.600000
	204.300000	-4.932000	26.400000
	204.320000	-4.344000	28.000000
	204.340000	-3.720000	29.600000
	204.360000	-3.060000	31.200000
	204.380000	-2.376000	32.800000
	204.400000	-1.692000	33.800000
	204.420000	-0.996000	34.400000
	204.440000	-0.288000	34.800000
	204.460000	0.432000	35.400000
	204.480000	1.152000	35.800000
	204.500000	1.872000	36.000000
	204.520000	2.592000	36.000000
	204.540000	3.300000	35.800000
	204.560000	3.984000	35.200000
	204.580000	4.644000	34.200000
	204.600000	5.292000	33.200000
	204.620000	5.916000	32.200000
	204.640000	6.504000	31.000000
	204.660000	7.056000	29.400000
	204.680000	7.560000	27.400000
	204.700000	8.028000	25.400000
	204.720000	8.448000	23.200000
	204.740000	8.820000	21.000000
	204.760000	9.144000	18.600000
	204.780000	9.408000	16.000000
	204.800000	9.624000	13.400000
	204.820000	9.780000	10.600000
	204.840000	9.876000	7.800000
	204.860000	9.924000	5.000000
	204.880000	9.912000	2.200000
	204.900000	9.840000	-0.600000
	204.920000	9.708000	-3.600000
	204.940000	9.516000	-6.600000
	204.960000	9.276000	-9.400000
	204.980000	8.988000	-12.000000
	205.000000	8.664000	-14.200000
	205.020000	8.292000	-16.400000
	205.040000	7.872000	-18.600000
	205.060000	7.404000	-21.000000
	205.080000	6.900000	-23.200000
	205.100000	6.360000	-25.200000
	205.120000	5.796000	-26.800000
	205.140000	5.196000	-28.400000
	205.160000	4.560000	-30.000000
	205.180000	3.900000	-31.600000
	205.200000	3.216000	-33.000000
	205.220000	2.520000	-34.000000
	205.240000	1.800000	-35.000000
	205.260000	1.080000	-35.600000
	205.280000	0.372000	-35.800000
	205.300000	-0.336000	-35.600000
	205.320000	-1.056000	-35.600000
	205.340000	-1.764000	-35.600000
	205.360000	-2.472000	-35.600000
	205.380000	-3.144000	-34.800000
	205.400000	-3.816000	-34.200000
	205.420000	-4.440000	-32.800000
	205.440000	-5.052000	-31.800000
	205.460000	-5.628000	-30.200000
	205.480000	-6.180000	-29.000000
	205.500000	-6.696000	-27.400000
	205.520000	-7.176000	-25.800000
	205.540000	-7.608000	-23.800000
	205.560000	-8.004000	-21.800000
	205.580000	-8.340000	-19.400000
	205.600000	-8.640000	-17.200000
	205.620000	-8.868000	-14.400000
	205.640000	-9.048000	-11.800000
	205.660000	-9.168000	-8.800000
	205.680000	-9.240000	-6.200000
	205.700000	-9.264000	-3.600000
	205.720000	-9.240000	-1.200000
	205.740000	-9.156000	1.400000
	205.760000	-9.012000	4.200000
	205.780000	-8.820000	7.000000
	205.800000	-8.580000	9.600000
	205.820000	-8.304000	11.800000
	205.840000	-7.980000	14.000000
	205.860000	-7.608000	16.200000
	205.880000	-7.200000	18.400000
	205.900000	-6.756000	20.400000
	205.920000	-6.264000	22.400000
	205.940000	-5.736000	24.400000
	205.960000	-5.172000	26.400000
	205.980000	-4.596000	27.800000
	206.000000	-3.984000	29.200000
	206.020000	-3.336000	30.600000
	206.040000	-2.676000	32.000000
	206.060000	-1.992000	33.200000
	206.080000	-1.296000	34.000000
	206.100000	-0.564000	35.200000
	206.120000	0.156000	35.800000
	206.140000	0.888000	36.400000
	206.160000	1.608000	36.200000
	206.180000	2.340000	36.400000
	206.200000	3.048000	36.000000
	206.220000	3.744000	35.600000
	206.240000	4.416000	34.600000
	206.260000	5.076000	33.800000
	206.280000	5.700000	32.600000
	206.300000	6.312000	31.600000
	206.320000	6.876000	30.000000
	206.340000	7.416000	28.600000
	206.360000	7.896000	26.400000
	206.380000	8.340000	24.400000
	206.400000	8.736000	22.000000
	206.420000	9.084000	19.800000
	206.440000	9.384000	17.400000
	206.460000	9.624000	14.800000
	206.480000	9.804000	12.000000
	206.500000	9.924000	9.000000
	206.520000	9.984000	6.000000
	206.540000	9.984000	3.000000
	206.560000	9.924000	0.000000
	206.580000	9.816000	-2.800000
	206.600000	9.648000	-5.600000
	206.620000	9.432000	-8.200000
	206.640000	9.168000	-10.800000
	206.660000	8.868000	-13.000000
	206.680000	8.508000	-15.400000
	206.700000	8.100000	-17.800000
	206.720000	7.644000	-20.400000
	206.740000	7.164000	-22.400000
	206.760000	6.636000	-24.400000
	206.780000	6.072000	-26.200000
	206.800000	5.472000	-28.200000
	206.820000	4.848000	-29.800000
	206.840000	4.200000	-31.200000
	206.860000	3.528000	-32.400000
	206.880000	2.844000	-33.400000
	206.900000	2.124000	-34.600000
	206.920000	1.404000	-35.400000
	206.940000	0.672000	-36.200000
	206.960000	-0.036000	-36.000000
	206.980000	-0.744000	-35.800000
	207.000000	-1.452000	-35.400000
	207.020000	-2.148000	-35.200000
	207.040000	-2.844000	-35.000000
	207.060000	-3.516000	-34.400000
	207.080000	-4.164000	-33.600000
	207.100000	-4.788000	-32.400000
	207.120000	-5.376000	-31.000000
	207.140000	-5.940000	-29.600000
	207.160000	-6.468000	-28.000000
	207.180000	-6.960000	-26.400000
	207.200000	-7.404000	-24.400000
	207.220000	-7.800000	-22.200000
	207.240000	-8.160000	-20.000000
	207.260000	-8.460000	-17.600000
	207.280000	-8.712000	-15.200000
	207.300000	-8.916000	-12.600000
	207.320000	-9.072000	-10.200000
	207.340000	-9.168000	-7.600000
	207.360000	-9.204000	-4.800000
	207.380000	-9.192000	-2.000000
	207.400000	-9.132000	0.600000
	207.420000	-9.012000	3.200000
	207.440000	-8.844000	5.800000
	207.460000	-8.628000	8.400000
	207.480000	-8.364000	10.800000
	207.500000	-8.052000	13.200000
	207.520000	-7.704000	15.400000
	207.540000	-7.320000	17.400000
	207.560000	-6.888000	19.400000
	207.580000	-6.420000	21.400000
	207.600000	-5.904000	23.600000
	207.620000	-5.364000	25.400000
	207.640000	-4.776000	27.400000
	207.660000	-4.176000	28.800000
	207.680000	-3.552000	30.200000
	207.700000	-2.904000	31.200000
	207.720000	-2.232000	32.400000
	207.740000	-1.536000	33.600000
	207.760000	-0.828000	34.600000
	207.780000	-0.108000	35.400000
	207.800000	0.612000	35.800000
	207.820000	1.344000	36.200000
	207.840000	2.076000	36.400000
	207.860000	2.784000	36.200000
	207.880000	3.468000	35.400000
	207.900000	4.140000	34.400000
	207.920000	4.800000	33.600000
	207.940000	5.436000	32.800000
	207.960000	6.036000	31.600000
	207.980000	6.612000	30.200000
	208.000000	7.152000	28.600000
	208.020000	7.656000	27.000000
	208.040000	8.112000	25.000000
	208.060000	8.520000	22.800000
	208.080000	8.880000	20.400000
	208.100000	9.192000	18.000000
	208.120000	9.444000	15.400000
	208.140000	9.636000	12.600000
	208.160000	9.768000	9.600000
	208.180000	9.852000	6.800000
	208.200000	9.876000	4.000000
	208.220000	9.840000	1.200000
	208.240000	9.744000	-1.800000
	208.260000	9.588000	-4.800000
	208.280000	9.396000	-7.400000
	208.300000	9.144000	-10.000000
	208.320000	8.844000	-12.400000
	208.340000	8.484000	-15.200000
	208.360000	8.088000	-17.600000
	208.380000	7.656000	-19.800000
	208.400000	7.188000	-21.600000
	208.420000	6.672000	-23.600000
	208.440000	6.120000	-25.600000
	208.460000	5.544000	-27.400000
	208.480000	4.932000	-29.000000
	208.500000	4.308000	-30.200000
	208.520000	3.636000	-31.800000
	208.540000	2.964000	-32.800000
	208.560000	2.256000	-34.200000
	208.580000	1.548000	-34.800000
	208.600000	0.840000	-35.400000
	208.620000	0.120000	-35.600000
	208.640000	-0.600000	-35.800000
	208.660000	-1.332000	-36.200000
	208.680000	-2.028000	-35.800000
	208.700000	-2.724000	-35.400000
	208.720000	-3.384000	-34.200000
	208.740000	-4.056000	-33.800000
	208.760000	-4.680000	-32.600000
	208.780000	-5.292000	-31.800000
	208.800000	-5.844000	-29.800000
	208.820000	-6.372000	-28.200000
	208.840000	-6.864000	-26.200000
	208.860000	-7.320000	-24.600000
	208.880000	-7.728000	-22.600000
	208.900000	-8.088000	-20.400000
	208.920000	-8.412000	-18.200000
	208.940000	-8.688000	-16.000000
	208.960000	-8.904000	-13.600000
	208.980000	-9.072000	-11.000000
	209.000000	-9.180000	-8.200000
	209.020000	-9.240000	-5.600000
	209.040000	-9.240000	-2.800000
	209.060000	-9.192000	-0.200000
	209.080000	-9.084000	2.600000
	209.100000	-8.916000	5.400000
	209.120000	-8.712000	8.000000
	209.140000	-8.460000	10.400000
	209.160000	-8.172000	12.400000
	209.180000	-7.824000	14.800000
	209.200000	-7.440000	17.000000
	209.220000	-7.008000	19.400000
	209.240000	-6.540000	21.400000
	209.260000	-6.048000	23.200000
	209.280000	-5.520000	24.800000
	209.300000	-4.956000	26.400000
	209.320000	-4.356000	28.200000
	209.340000	-3.720000	30.000000
	209.360000	-3.060000	31.600000
	209.380000	-2.364000	33.200000
	209.400000	-1.680000	34.000000
	209.420000	-0.972000	34.800000
	209.440000	-0.264000	35.000000
	209.460000	0.468000	35.800000
	209.480000	1.188000	36.000000
	209.500000	1.920000	36.400000
	209.520000	2.640000	36.200000
	209.540000	3.336000	35.800000
	209.560000	4.020000	35.000000
	209.580000	4.692000	34.200000
	209.600000	5.364000	33.800000
	209.620000	5.988000	32.800000
	209.640000	6.576000	31.400000
	209.660000	7.128000	29.400000
	209.680000	7.644000	27.600000
	209.700000	8.124000	25.800000
	209.720000	8.544000	23.600000
	209.740000	8.928000	21.400000
	209.760000	9.252000	18.800000
	209.780000	9.528000	16.400000
	209.800000	9.732000	13.400000
	209.820000	9.888000	10.600000
	209.840000	9.984000	7.600000
	209.860000	10.032000	5.000000
	209.880000	10.020000	2.200000
	209.900000	9.948000	-0.600000
	209.920000	9.816000	-3.600000
	209.940000	9.636000	-6.400000
	209.960000	9.396000	-9.200000
	209.980000	9.108000	-11.800000
	210.000000	8.772000	-14.400000
	210.020000	8.400000	-16.600000
	210.040000	7.980000	-18.800000
	210.060000	7.512000	-21.000000
	210.080000	7.008000	-23.200000
	210.100000	6.468000	-25.200000
	210.120000	5.904000	-26.800000
	210.140000	5.304000	-28.400000
	210.160000	4.668000	-30.000000
	210.180000	3.996000	-31.800000
	210.200000	3.312000	-33.200000
	210.220000	2.616000	-34.200000
	210.240000	1.908000	-34.800000
	210.260000	1.188000	-35.400000
	210.280000	0.456000	-36.000000
	210.300000	-0.276000	-36.400000
	210.320000	-1.008000	-36.600000
	210.340000	-1.728000	-36.400000
	210.360000	-2.424000	-35.800000
	210.380000	-3.108000	-35.000000
	210.400000	-3.768000	-34.000000
	210.420000	-4.416000	-33.200000
	210.440000	-5.028000	-32.000000
	210.460000	-5.616000	-30.800000
	210.480000	-6.168000	-29.200000
	210.500000	-6.684000	-27.600000
	210.520000	-7.164000	-25.800000
	210.540000	-7.596000	-23.800000
	210.560000	-7.992000	-21.800000
	210.580000	-8.328000	-19.400000
	210.600000	-8.628000	-17.200000
	210.620000	-8.868000	-14.600000
	210.640000	-9.060000	-12.200000
	210.660000	-9.204000	-9.600000
	210.680000	-9.288000	-7.000000
	210.700000	-9.324000	-4.400000
	210.720000	-9.288000	-1.400000
	210.740000	-9.216000	1.200000
	210.760000	-9.084000	4.000000
	210.780000	-8.904000	6.400000
	210.800000	-8.676000	9.000000
	210.820000	-8.388000	11.600000
	210.840000	-8.064000	14.000000
	210.860000	-7.692000	16.400000
	210.880000	-7.296000	18.200000
	210.900000	-6.852000	20.200000
	210.920000	-6.372000	22.000000
	210.940000	-5.844000	24.200000
	210.960000	-5.292000	26.000000
	210.980000	-4.704000	27.800000
	211.000000	-4.092000	29.200000
	211.020000	-3.444000	30.800000
	211.040000	-2.772000	32.200000
	211.060000	-2.088000	33.400000
	211.080000	-1.392000	34.200000
	211.100000	-0.684000	34.800000
	211.120000	0.048000	35.600000
	211.140000	0.768000	36.000000
	211.160000	1.500000	36.400000
	211.180000	2.208000	36.000000
	211.200000	2.916000	35.800000
	211.220000	3.600000	35.000000
	211.240000	4.284000	34.600000
	211.260000	4.944000	33.800000
	211.280000	5.592000	33.200000
	211.300000	6.192000	31.800000
	211.320000	6.768000	30.400000
	211.340000	7.296000	28.400000
	211.360000	7.788000	26.600000
	211.380000	8.244000	24.600000
	211.400000	8.640000	22.400000
	211.420000	9.000000	20.200000
	211.440000	9.288000	17.400000
	211.460000	9.528000	14.800000
	211.480000	9.708000	11.800000
	211.500000	9.840000	9.200000
	211.520000	9.912000	6.400000
	211.540000	9.924000	3.600000
	211.560000	9.876000	0.600000
	211.580000	9.768000	-2.400000
	211.600000	9.600000	-5.400000
	211.620000	9.384000	-8.200000
	211.640000	9.120000	-10.800000
	211.660000	8.808000	-13.200000
	211.680000	8.460000	-15.400000
	211.700000	8.064000	-17.600000
	211.720000	7.632000	-19.600000
	211.740000	7.140000	-22.000000
	211.760000	6.612000	-24.200000
	211.780000	6.048000	-26.400000
	211.800000	5.460000	-28.000000
	211.820000	4.848000	-29.400000
	211.840000	4.212000	-30.600000
	211.860000	3.552000	-31.800000
	211.880000	2.868000	-33.000000
	211.900000	2.172000	-34.000000
	211.920000	1.464000	-34.800000
	211.940000	0.744000	-35.400000
	211.960000	0.024000	-35.800000
	211.980000	-0.696000	-36.000000
	212.000000	-1.404000	-35.800000
	212.020000	-2.112000	-35.600000
	212.040000	-2.808000	-35.200000
	212.060000	-3.480000	-34.600000
	212.080000	-4.128000	-33.600000
	212.100000	-4.740000	-32.200000
	212.120000	-5.328000	-30.800000
	212.140000	-5.892000	-29.400000
	212.160000	-6.420000	-28.000000
	212.180000	-6.912000	-26.400000
	212.200000	-7.344000	-24.200000
	212.220000	-7.740000	-22.000000
	212.240000	-8.088000	-19.600000
	212.260000	-8.400000	-17.600000
	212.280000	-8.664000	-15.400000
	212.300000	-8.856000	-12.800000
	212.320000	-9.000000	-10.000000
	212.340000	-9.084000	-7.000000
	212.360000	-9.132000	-4.600000
	212.380000	-9.120000	-2.000000
	212.400000	-9.060000	0.400000
	212.420000	-8.940000	3.200000
	212.440000	-8.772000	5.800000
	212.460000	-8.556000	8.400000
	212.480000	-8.292000	10.800000
	212.500000	-7.980000	13.200000
	212.520000	-7.620000	15.600000
	212.540000	-7.236000	17.600000
	212.560000	-6.804000	19.600000
	212.580000	-6.336000	21.400000
	212.600000	-5.808000	23.800000
	212.620000	-5.268000	25.600000
	212.640000	-4.680000	27.600000
	212.660000	-4.080000	28.800000
	212.680000	-3.444000	30.400000
	212.700000	-2.796000	31.400000
	212.720000	-2.124000	32.600000
	212.740000	-1.428000	33.600000
	212.760000	-0.720000	34.600000
	212.780000	0.000000	35.400000
	212.800000	0.720000	35.800000
	212.820000	1.440000	36.000000
	212.840000	2.148000	35.800000
	212.860000	2.856000	35.600000
	212.880000	3.552000	35.200000
	212.900000	4.248000	35.000000
	212.920000	4.920000	34.400000
	212.940000	5.556000	33.400000
	212.960000	6.156000	31.800000
	212.980000	6.720000	30.000000
	213.000000	7.260000	28.400000
	213.020000	7.776000	27.000000
	213.040000	8.244000	25.400000
	213.060000	8.652000	23.200000
	213.080000	9.000000	20.400000
	213.100000	9.300000	17.600000
	213.120000	9.552000	15.000000
	213.140000	9.744000	12.400000
	213.160000	9.876000	9.600000
	213.180000	9.960000	6.800000
	213.200000	9.972000	3.800000
	213.220000	9.936000	1.000000
	213.240000	9.840000	-2.000000
	213.260000	9.696000	-4.600000
	213.280000	9.492000	-7.400000
	213.300000	9.228000	-10.200000
	213.320000	8.916000	-13.000000
	213.340000	8.568000	-15.400000
	213.360000	8.172000	-17.600000
	213.380000	7.740000	-19.600000
	213.400000	7.260000	-21.800000
	213.420000	6.744000	-23.800000
	213.440000	6.192000	-25.800000
	213.460000	5.604000	-27.600000
	213.480000	4.992000	-29.200000
	213.500000	4.356000	-30.600000
	213.520000	3.684000	-32.000000
	213.540000	2.988000	-33.400000
	213.560000	2.280000	-34.600000
	213.580000	1.584000	-35.000000
	213.600000	0.876000	-35.200000
	213.620000	0.156000	-35.400000
	213.640000	-0.588000	-36.200000
	213.660000	-1.308000	-36.400000
	213.680000	-2.004000	-36.000000
	213.700000	-2.688000	-35.000000
	213.720000	-3.348000	-34.000000
	213.740000	-4.020000	-33.600000
	213.760000	-4.644000	-32.600000
	213.780000	-5.256000	-31.800000
	213.800000	-5.832000	-30.200000
	213.820000	-6.372000	-28.800000
	213.840000	-6.876000	-27.000000
	213.860000	-7.320000	-24.800000
	213.880000	-7.728000	-22.600000
	213.900000	-8.088000	-20.200000
	213.920000	-8.412000	-18.200000
	213.940000	-8.688000	-16.000000
	213.960000	-8.916000	-13.800000
	213.980000	-9.084000	-11.200000
	214.000000	-9.204000	-8.600000
	214.020000	-9.264000	-5.800000
	214.040000	-9.264000	-3.000000
	214.060000	-9.204000	-2.953193E-14
	214.080000	-9.096000	2.800000
	214.100000	-8.940000	5.400000
	214.120000	-8.748000	7.600000
	214.140000	-8.508000	9.800000
	214.160000	-8.220000	12.000000
	214.180000	-7.872000	14.600000
	214.200000	-7.476000	17.200000
	214.220000	-7.044000	19.600000
	214.240000	-6.588000	21.400000
	214.260000	-6.096000	23.000000
	214.280000	-5.556000	24.800000
	214.300000	-4.980000	26.800000
	214.320000	-4.368000	28.800000
	214.340000	-3.756000	30.000000
	214.360000	-3.108000	31.200000
	214.380000	-2.448000	32.000000
	214.400000	-1.752000	33.400000
	214.420000	-1.044000	34.400000
	214.440000	-0.324000	35.400000
	214.460000	0.396000	35.800000
	214.480000	1.128000	36.200000
	214.500000	1.848000	36.200000
	214.520000	2.568000	36.200000
	214.540000	3.264000	35.600000
	214.560000	3.960000	35.200000
	214.580000	4.620000	34.200000
	214.600000	5.256000	33.200000
	214.620000	5.868000	31.800000
	214.640000	6.456000	30.600000
	214.660000	7.020000	29.400000
	214.680000	7.536000	27.800000
	214.700000	8.016000	26.000000
	214.720000	8.448000	23.800000
	214.740000	8.820000	21.400000
	214.760000	9.144000	18.800000
	214.780000	9.408000	16.000000
	214.800000	9.636000	13.600000
	214.820000	9.792000	10.800000
	214.840000	9.900000	8.200000
	214.860000	9.936000	5.000000
	214.880000	9.924000	2.200000
	214.900000	9.840000	-1.000000
	214.920000	9.720000	-3.600000
	214.940000	9.540000	-6.400000
	214.960000	9.312000	-8.800000
	214.980000	9.024000	-11.600000
	215.000000	8.688000	-14.200000
	215.020000	8.304000	-16.800000
	215.040000	7.884000	-19.000000
	215.060000	7.416000	-21.200000
	215.080000	6.924000	-23.000000
	215.100000	6.384000	-25.000000
	215.120000	5.820000	-26.600000
	215.140000	5.208000	-28.600000
	215.160000	4.572000	-30.200000
	215.180000	3.924000	-31.600000
	215.200000	3.264000	-32.400000
	215.220000	2.580000	-33.200000
	215.240000	1.872000	-34.200000
	215.260000	1.140000	-35.400000
	215.280000	0.420000	-36.000000
	215.300000	-0.312000	-36.400000
	215.320000	-1.032000	-36.200000
	215.340000	-1.740000	-36.000000
	215.360000	-2.424000	-35.200000
	215.380000	-3.096000	-34.400000
	215.400000	-3.756000	-33.600000
	215.420000	-4.392000	-32.800000
	215.440000	-5.004000	-31.800000
	215.460000	-5.592000	-30.600000
	215.480000	-6.144000	-29.200000
	215.500000	-6.648000	-27.400000
	215.520000	-7.116000	-25.400000
	215.540000	-7.548000	-23.400000
	215.560000	-7.932000	-21.400000
	215.580000	-8.268000	-19.200000
	215.600000	-8.556000	-16.800000
	215.620000	-8.796000	-14.400000
	215.640000	-8.988000	-12.000000
	215.660000	-9.120000	-9.400000
	215.680000	-9.192000	-6.600000
	215.700000	-9.216000	-3.800000
	215.720000	-9.180000	-1.000000
	215.740000	-9.096000	1.600000
	215.760000	-8.952000	4.400000
	215.780000	-8.760000	7.000000
	215.800000	-8.520000	9.600000
	215.820000	-8.244000	11.800000
	215.840000	-7.932000	13.800000
	215.860000	-7.584000	15.600000
	215.880000	-7.176000	17.800000
	215.900000	-6.720000	20.200000
	215.920000	-6.228000	22.600000
	215.940000	-5.700000	24.600000
	215.960000	-5.148000	26.200000
	215.980000	-4.560000	27.800000
	216.000000	-3.948000	29.200000
	216.020000	-3.300000	30.800000
	216.040000	-2.628000	32.200000
	216.060000	-1.944000	33.400000
	216.080000	-1.260000	34.000000
	216.100000	-0.552000	34.600000
	216.120000	0.168000	35.200000
	216.140000	0.900000	36.000000
	216.160000	1.608000	36.000000
	216.180000	2.316000	35.800000
	216.200000	3.024000	35.400000
	216.220000	3.720000	35.200000
	216.240000	4.392000	34.600000
	216.260000	5.040000	33.600000
	216.280000	5.676000	32.600000
	216.300000	6.288000	31.600000
	216.320000	6.852000	30.200000
	216.340000	7.380000	28.400000
	216.360000	7.848000	26.000000
	216.380000	8.292000	24.000000
	216.400000	8.676000	21.600000
	216.420000	9.036000	19.800000
	216.440000	9.312000	17.000000
	216.460000	9.540000	14.400000
	216.480000	9.708000	11.200000
	216.500000	9.828000	8.600000
	216.520000	9.900000	6.000000
	216.540000	9.900000	3.200000
	216.560000	9.852000	0.400000
	216.580000	9.744000	-2.600000
	216.600000	9.576000	-5.400000
	216.620000	9.360000	-8.200000
	216.640000	9.084000	-11.000000
	216.660000	8.784000	-13.200000
	216.680000	8.424000	-15.600000
	216.700000	8.028000	-17.600000
	216.720000	7.584000	-20.000000
	216.740000	7.104000	-22.000000
	216.760000	6.576000	-24.200000
	216.780000	6.012000	-26.200000
	216.800000	5.424000	-28.000000
	216.820000	4.812000	-29.400000
	216.840000	4.164000	-30.800000
	216.860000	3.492000	-32.200000
	216.880000	2.808000	-33.400000
	216.900000	2.112000	-34.200000
	216.920000	1.404000	-34.800000
	216.940000	0.684000	-35.400000
	216.960000	-0.036000	-35.800000
	216.980000	-0.756000	-36.000000
	217.000000	-1.464000	-35.800000
	217.020000	-2.160000	-35.400000
	217.040000	-2.832000	-34.600000
	217.060000	-3.492000	-33.800000
	217.080000	-4.140000	-33.000000
	217.100000	-4.764000	-32.200000
	217.120000	-5.364000	-31.200000
	217.140000	-5.916000	-29.600000
	217.160000	-6.432000	-27.800000
	217.180000	-6.912000	-25.800000
	217.200000	-7.356000	-24.000000
	217.220000	-7.752000	-22.000000
	217.240000	-8.100000	-19.800000
	217.260000	-8.400000	-17.400000
	217.280000	-8.652000	-15.000000
	217.300000	-8.856000	-12.600000
	217.320000	-9.000000	-10.000000
	217.340000	-9.096000	-7.400000
	217.360000	-9.132000	-4.600000
	217.380000	-9.120000	-2.000000
	217.400000	-9.060000	0.600000
	217.420000	-8.940000	3.200000
	217.440000	-8.772000	5.800000
	217.460000	-8.556000	8.400000
	217.480000	-8.292000	10.800000
	217.500000	-7.980000	13.200000
	217.520000	-7.620000	15.600000
	217.540000	-7.224000	17.800000
	217.560000	-6.792000	19.800000
	217.580000	-6.324000	21.600000
	217.600000	-5.808000	23.600000
	217.620000	-5.268000	25.400000
	217.640000	-4.692000	27.200000
	217.660000	-4.080000	28.800000
	217.680000	-3.432000	30.600000
	217.700000	-2.772000	32.000000
	217.720000	-2.100000	33.000000
	217.740000	-1.416000	33.600000
	217.760000	-0.696000	34.600000
	217.780000	0.012000	35.200000
	217.800000	0.744000	36.000000
	217.820000	1.464000	36.000000
	217.840000	2.184000	36.200000
	217.860000	2.892000	35.800000
	217.880000	3.576000	35.200000
	217.900000	4.248000	34.400000
	217.920000	4.908000	33.600000
	217.940000	5.556000	33.000000
	217.960000	6.168000	32.000000
	217.980000	6.732000	30.400000
	218.000000	7.260000	28.400000
	218.020000	7.764000	26.600000
	218.040000	8.220000	24.800000
	218.060000	8.628000	22.800000
	218.080000	8.988000	20.400000
	218.100000	9.300000	18.000000
	218.120000	9.552000	15.400000
	218.140000	9.744000	12.600000
	218.160000	9.876000	9.600000
	218.180000	9.960000	6.800000
	218.200000	9.984000	4.000000
	218.220000	9.948000	1.200000
	218.240000	9.852000	-1.800000
	218.260000	9.696000	-4.800000
	218.280000	9.492000	-7.600000
	218.300000	9.228000	-10.400000
	218.320000	8.916000	-13.000000
	218.340000	8.568000	-15.400000
	218.360000	8.172000	-17.600000
	218.380000	7.740000	-19.600000
	218.400000	7.248000	-22.000000
	218.420000	6.744000	-23.800000
	218.440000	6.204000	-25.600000
	218.460000	5.628000	-27.000000
	218.480000	5.004000	-29.000000
	218.500000	4.356000	-30.800000
	218.520000	3.684000	-32.400000
	218.540000	3.000000	-33.400000
	218.560000	2.292000	-34.400000
	218.580000	1.584000	-35.000000
	218.600000	0.864000	-35.600000
	218.620000	0.144000	-35.800000
	218.640000	-0.576000	-36.000000
	218.660000	-1.284000	-35.800000
	218.680000	-1.992000	-35.600000
	218.700000	-2.688000	-35.200000
	218.720000	-3.384000	-35.000000
	218.740000	-4.032000	-34.000000
	218.760000	-4.656000	-32.800000
	218.780000	-5.244000	-31.000000
	218.800000	-5.820000	-29.800000
	218.820000	-6.360000	-28.400000
	218.840000	-6.864000	-27.000000
	218.860000	-7.320000	-25.000000
	218.880000	-7.740000	-23.000000
	218.900000	-8.112000	-20.800000
	218.920000	-8.436000	-18.600000
	218.940000	-8.700000	-16.000000
	218.960000	-8.916000	-13.400000
	218.980000	-9.084000	-10.800000
	219.000000	-9.204000	-8.400000
	219.020000	-9.264000	-5.800000
	219.040000	-9.276000	-3.200000
	219.060000	-9.228000	-0.400000
	219.080000	-9.120000	2.400000
	219.100000	-8.964000	5.200000
	219.120000	-8.760000	7.800000
	219.140000	-8.520000	10.000000
	219.160000	-8.220000	12.400000
	219.180000	-7.872000	14.800000
	219.200000	-7.488000	17.200000
	219.220000	-7.080000	19.000000
	219.240000	-6.624000	20.800000
	219.260000	-6.120000	22.800000
	219.280000	-5.580000	25.000000
	219.300000	-5.016000	26.800000
	219.320000	-4.428000	28.200000
	219.340000	-3.792000	29.800000
	219.360000	-3.144000	31.200000
	219.380000	-2.472000	32.600000
	219.400000	-1.788000	33.400000
	219.420000	-1.080000	34.400000
	219.440000	-0.360000	35.200000
	219.460000	0.360000	35.800000
	219.480000	1.092000	36.200000
	219.500000	1.812000	36.200000
	219.520000	2.532000	36.200000
	219.540000	3.216000	35.400000
	219.560000	3.900000	34.800000
	219.580000	4.560000	33.800000
	219.600000	5.208000	33.200000
	219.620000	5.820000	32.000000
	219.640000	6.420000	31.000000
	219.660000	6.984000	29.600000
	219.680000	7.512000	28.200000
	219.700000	7.968000	25.800000
	219.720000	8.388000	23.400000
	219.740000	8.760000	20.800000
	219.760000	9.096000	18.800000
	219.780000	9.372000	16.400000
	219.800000	9.588000	13.800000
	219.820000	9.744000	10.800000
	219.840000	9.840000	7.800000
	219.860000	9.888000	5.000000
	219.880000	9.876000	2.200000
	219.900000	9.816000	-0.400000
	219.920000	9.684000	-3.400000
	219.940000	9.504000	-6.200000
	219.960000	9.264000	-9.200000
	219.980000	8.988000	-11.600000
	220.000000	8.664000	-14.000000
	220.020000	8.292000	-16.200000
	220.040000	7.872000	-18.600000
	220.060000	7.404000	-21.000000
	220.080000	6.912000	-23.000000
	220.100000	6.384000	-24.800000
	220.120000	5.820000	-26.400000
	220.140000	5.208000	-28.400000
	220.160000	4.584000	-30.000000
	220.180000	3.924000	-31.600000
	220.200000	3.252000	-32.600000
	220.220000	2.556000	-33.800000
	220.240000	1.860000	-34.400000
	220.260000	1.152000	-35.000000
	220.280000	0.420000	-35.600000
	220.300000	-0.300000	-36.000000
	220.320000	-1.008000	-36.000000
	220.340000	-1.704000	-35.400000
	220.360000	-2.400000	-35.000000
	220.380000	-3.096000	-34.800000
	220.400000	-3.756000	-34.200000
	220.420000	-4.392000	-33.200000
	220.440000	-4.992000	-31.600000
	220.460000	-5.580000	-30.400000
	220.480000	-6.132000	-29.000000
	220.500000	-6.648000	-27.600000
	220.520000	-7.116000	-25.600000
	220.540000	-7.536000	-23.400000
	220.560000	-7.920000	-21.200000
	220.580000	-8.256000	-19.000000
	220.600000	-8.544000	-16.800000
	220.620000	-8.772000	-14.200000
	220.640000	-8.952000	-11.600000
	220.660000	-9.084000	-9.000000
	220.680000	-9.168000	-6.600000
	220.700000	-9.192000	-4.000000
	220.720000	-9.168000	-1.400000
	220.740000	-9.084000	1.400000
	220.760000	-8.952000	4.000000
	220.780000	-8.760000	6.800000
	220.800000	-8.532000	9.200000
	220.820000	-8.244000	11.800000
	220.840000	-7.920000	14.000000
	220.860000	-7.548000	16.400000
	220.880000	-7.140000	18.400000
	220.900000	-6.696000	20.400000
	220.920000	-6.204000	22.400000
	220.940000	-5.688000	24.200000
	220.960000	-5.124000	26.200000
	220.980000	-4.536000	27.800000
	221.000000	-3.900000	29.800000
	221.020000	-3.252000	31.200000
	221.040000	-2.592000	32.400000
	221.060000	-1.932000	32.800000
	221.080000	-1.248000	33.400000
	221.100000	-0.528000	34.400000
	221.120000	0.204000	35.600000
	221.140000	0.936000	36.400000
	221.160000	1.644000	36.200000
	221.180000	2.352000	35.800000
	221.200000	3.048000	35.200000
	221.220000	3.744000	35.000000
	221.240000	4.428000	34.600000
	221.260000	5.088000	34.000000
	221.280000	5.724000	33.000000
	221.300000	6.324000	31.600000
	221.320000	6.900000	30.200000
	221.340000	7.428000	28.400000
	221.360000	7.908000	26.400000
	221.380000	8.340000	24.000000
	221.400000	8.724000	21.600000
	221.420000	9.072000	19.400000
	221.440000	9.360000	17.000000
	221.460000	9.600000	14.600000
	221.480000	9.768000	11.600000
	221.500000	9.888000	8.800000
	221.520000	9.948000	5.800000
	221.540000	9.960000	3.200000
	221.560000	9.900000	0.200000
	221.580000	9.792000	-2.600000
	221.600000	9.624000	-5.600000
	221.620000	9.408000	-8.200000
	221.640000	9.144000	-10.800000
	221.660000	8.832000	-13.200000
	221.680000	8.472000	-15.600000
	221.700000	8.064000	-18.000000
	221.720000	7.608000	-20.400000
	221.740000	7.116000	-22.600000
	221.760000	6.588000	-24.600000
	221.780000	6.012000	-26.600000
	221.800000	5.412000	-28.400000
	221.820000	4.776000	-30.200000
	221.840000	4.140000	-31.200000
	221.860000	3.480000	-32.200000
	221.880000	2.808000	-32.800000
	221.900000	2.100000	-34.000000
	221.920000	1.380000	-35.000000
	221.940000	0.648000	-36.000000
	221.960000	-0.072000	-36.200000
	221.980000	-0.792000	-36.200000
	222.000000	-1.500000	-35.800000
	222.020000	-2.220000	-35.800000
	222.040000	-2.916000	-35.400000
	222.060000	-3.588000	-34.800000
	222.080000	-4.212000	-33.200000
	222.100000	-4.824000	-31.800000
	222.120000	-5.424000	-30.600000
	222.140000	-6.000000	-29.800000
	222.160000	-6.528000	-28.400000
	222.180000	-7.020000	-26.600000
	222.200000	-7.464000	-24.400000
	222.220000	-7.872000	-22.400000
	222.240000	-8.220000	-20.000000
	222.260000	-8.532000	-17.800000
	222.280000	-8.784000	-15.200000
	222.300000	-9.000000	-13.000000
	222.320000	-9.144000	-10.200000
	222.340000	-9.240000	-7.600000
	222.360000	-9.276000	-4.600000
	222.380000	-9.264000	-2.000000
	222.400000	-9.204000	0.600000
	222.420000	-9.084000	3.200000
	222.440000	-8.916000	5.800000
	222.460000	-8.700000	8.400000
	222.480000	-8.436000	10.800000
	222.500000	-8.124000	13.200000
	222.520000	-7.764000	15.600000
	222.540000	-7.368000	17.800000
	222.560000	-6.948000	19.600000
	222.580000	-6.480000	21.400000
	222.600000	-5.976000	23.200000
	222.620000	-5.424000	25.400000
	222.640000	-4.836000	27.400000
	222.660000	-4.224000	29.200000
	222.680000	-3.576000	30.800000
	222.700000	-2.928000	31.800000
	222.720000	-2.256000	32.800000
	222.740000	-1.560000	33.600000
	222.760000	-0.852000	34.600000
	222.780000	-0.132000	35.400000
	222.800000	0.588000	35.800000
	222.820000	1.320000	36.200000
	222.840000	2.040000	36.200000
	222.860000	2.748000	36.000000
	222.880000	3.444000	35.400000
	222.900000	4.140000	35.000000
	222.920000	4.812000	34.400000
	222.940000	5.448000	33.400000
	222.960000	6.060000	32.000000
	222.980000	6.636000	30.400000
	223.000000	7.188000	29.000000
	223.020000	7.680000	27.000000
	223.040000	8.148000	25.200000
	223.060000	8.556000	22.800000
	223.080000	8.928000	20.800000
	223.100000	9.228000	18.000000
	223.120000	9.492000	15.600000
	223.140000	9.696000	12.800000
	223.160000	9.840000	10.200000
	223.180000	9.924000	7.200000
	223.200000	9.948000	4.200000
	223.220000	9.924000	1.400000
	223.240000	9.840000	-1.400000
	223.260000	9.696000	-4.200000
	223.280000	9.492000	-7.200000
	223.300000	9.240000	-10.000000
	223.320000	8.940000	-12.600000
	223.340000	8.592000	-15.000000
	223.360000	8.208000	-17.200000
	223.380000	7.776000	-19.400000
	223.400000	7.320000	-21.200000
	223.420000	6.804000	-23.400000
	223.440000	6.264000	-25.200000
	223.460000	5.664000	-27.600000
	223.480000	5.052000	-29.200000
	223.500000	4.416000	-30.800000
	223.520000	3.756000	-31.800000
	223.540000	3.072000	-33.000000
	223.560000	2.364000	-34.200000
	223.580000	1.656000	-35.000000
	223.600000	0.936000	-35.600000
	223.620000	0.216000	-35.800000
	223.640000	-0.516000	-36.200000
	223.660000	-1.224000	-36.000000
	223.680000	-1.932000	-35.800000
	223.700000	-2.604000	-34.800000
	223.720000	-3.276000	-34.200000
	223.740000	-3.924000	-33.200000
	223.760000	-4.560000	-32.600000
	223.780000	-5.172000	-31.600000
	223.800000	-5.748000	-30.400000
	223.820000	-6.288000	-28.800000
	223.840000	-6.792000	-27.000000
	223.860000	-7.260000	-25.200000
	223.880000	-7.680000	-23.200000
	223.900000	-8.052000	-21.000000
	223.920000	-8.376000	-18.600000
	223.940000	-8.652000	-16.200000
	223.960000	-8.868000	-13.600000
	223.980000	-9.036000	-11.000000
	224.000000	-9.144000	-8.200000
	224.020000	-9.204000	-5.600000
	224.040000	-9.204000	-2.800000
	224.060000	-9.156000	-0.200000
	224.080000	-9.060000	2.400000
	224.100000	-8.904000	5.000000
	224.120000	-8.712000	7.400000
	224.140000	-8.472000	9.800000
	224.160000	-8.184000	12.000000
	224.180000	-7.848000	14.400000
	224.200000	-7.464000	16.800000
	224.220000	-7.044000	19.000000
	224.240000	-6.576000	21.200000
	224.260000	-6.072000	23.200000
	224.280000	-5.544000	25.000000
	224.300000	-4.980000	26.600000
	224.320000	-4.392000	28.000000
	224.340000	-3.756000	29.800000
	224.360000	-3.096000	31.400000
	224.380000	-2.424000	32.800000
	224.400000	-1.752000	33.400000
	224.420000	-1.056000	34.000000
	224.440000	-0.336000	34.800000
	224.460000	0.396000	35.800000
	224.480000	1.116000	36.200000
	224.500000	1.836000	36.200000
	224.520000	2.544000	35.800000
	224.540000	3.252000	35.600000
	224.560000	3.936000	35.000000
	224.580000	4.608000	34.400000
	224.600000	5.244000	33.200000
	224.620000	5.868000	32.200000
	224.640000	6.456000	30.800000
	224.660000	7.008000	29.400000
	224.680000	7.524000	27.600000
	224.700000	8.004000	25.800000
	224.720000	8.436000	23.800000
	224.740000	8.808000	21.400000
	224.760000	9.132000	18.800000
	224.780000	9.408000	16.200000
	224.800000	9.636000	13.800000
	224.820000	9.792000	11.000000
	224.840000	9.900000	8.200000
	224.860000	9.936000	5.000000
	224.880000	9.924000	2.200000
	224.900000	9.852000	-0.800000
	224.920000	9.732000	-3.400000
	224.940000	9.552000	-6.200000
	224.960000	9.312000	-9.000000
	224.980000	9.024000	-11.800000
	225.000000	8.700000	-14.200000
	225.020000	8.328000	-16.400000
	225.040000	7.908000	-18.600000
	225.060000	7.440000	-21.000000
	225.080000	6.948000	-23.000000
	225.100000	6.420000	-24.800000
	225.120000	5.856000	-26.400000
	225.140000	5.244000	-28.400000
	225.160000	4.608000	-30.200000
	225.180000	3.960000	-31.600000
	225.200000	3.288000	-32.600000
	225.220000	2.592000	-33.600000
	225.240000	1.884000	-34.600000
	225.260000	1.164000	-35.400000
	225.280000	0.444000	-35.800000
	225.300000	-0.276000	-36.000000
	225.320000	-0.984000	-35.800000
	225.340000	-1.692000	-35.600000
	225.360000	-2.388000	-35.200000
	225.380000	-3.072000	-34.800000
	225.400000	-3.732000	-34.000000
	225.420000	-4.380000	-33.200000
	225.440000	-4.992000	-32.000000
	225.460000	-5.568000	-30.600000
	225.480000	-6.120000	-29.000000
	225.500000	-6.636000	-27.400000
	225.520000	-7.116000	-25.800000
	225.540000	-7.536000	-23.600000
	225.560000	-7.920000	-21.400000
	225.580000	-8.256000	-19.000000
	225.600000	-8.556000	-17.000000
	225.620000	-8.784000	-14.400000
	225.640000	-8.964000	-11.800000
	225.660000	-9.084000	-8.800000
	225.680000	-9.168000	-6.400000
	225.700000	-9.192000	-3.800000
	225.720000	-9.168000	-1.400000
	225.740000	-9.084000	1.400000
	225.760000	-8.952000	4.000000
	225.780000	-8.760000	6.800000
	225.800000	-8.520000	9.400000
	225.820000	-8.232000	12.000000
	225.840000	-7.920000	14.000000
	225.860000	-7.560000	16.000000
	225.880000	-7.164000	17.800000
	225.900000	-6.708000	20.200000
	225.920000	-6.228000	22.200000
	225.940000	-5.700000	24.400000
	225.960000	-5.148000	26.000000
	225.980000	-4.560000	27.800000
	226.000000	-3.948000	29.200000
	226.020000	-3.312000	30.600000
	226.040000	-2.628000	32.200000
	226.060000	-1.944000	33.400000
	226.080000	-1.236000	34.600000
	226.100000	-0.540000	34.800000
	226.120000	0.180000	35.400000
	226.140000	0.900000	35.600000
	226.160000	1.620000	36.000000
	226.180000	2.340000	36.000000
	226.200000	3.060000	36.000000
	226.220000	3.756000	35.600000
	226.240000	4.440000	35.000000
	226.260000	5.088000	33.800000
	226.280000	5.724000	32.800000
	226.300000	6.312000	31.200000
	226.320000	6.876000	29.800000
	226.340000	7.404000	28.000000
	226.360000	7.896000	26.400000
	226.380000	8.340000	24.400000
	226.400000	8.724000	22.000000
	226.420000	9.060000	19.400000
	226.440000	9.348000	16.800000
	226.460000	9.588000	14.400000
	226.480000	9.768000	11.800000
	226.500000	9.888000	9.000000
	226.520000	9.948000	6.000000
	226.540000	9.948000	3.000000
	226.560000	9.888000	0.000000
	226.580000	9.780000	-2.800000
	226.600000	9.624000	-5.400000
	226.620000	9.408000	-8.000000
	226.640000	9.144000	-10.600000
	226.660000	8.820000	-13.400000
	226.680000	8.460000	-15.800000
	226.700000	8.040000	-18.400000
	226.720000	7.596000	-20.400000
	226.740000	7.116000	-22.400000
	226.760000	6.600000	-24.000000
	226.780000	6.036000	-26.000000
	226.800000	5.436000	-28.000000
	226.820000	4.812000	-29.800000
	226.840000	4.164000	-31.200000
	226.860000	3.492000	-32.400000
	226.880000	2.796000	-33.600000
	226.900000	2.088000	-34.600000
	226.920000	1.380000	-35.200000
	226.940000	0.660000	-35.600000
	226.960000	-0.060000	-35.800000
	226.980000	-0.780000	-36.000000
	227.000000	-1.488000	-35.800000
	227.020000	-2.184000	-35.400000
	227.040000	-2.880000	-35.000000
	227.060000	-3.552000	-34.400000
	227.080000	-4.200000	-33.600000
	227.100000	-4.824000	-32.400000
	227.120000	-5.412000	-31.000000
	227.140000	-5.976000	-29.600000
	227.160000	-6.492000	-27.800000
	227.180000	-6.996000	-26.400000
	227.200000	-7.440000	-24.400000
	227.220000	-7.848000	-22.600000
	227.240000	-8.196000	-20.000000
	227.260000	-8.508000	-17.800000
	227.280000	-8.760000	-15.200000
	227.300000	-8.964000	-12.800000
	227.320000	-9.120000	-10.200000
	227.340000	-9.228000	-7.800000
	227.360000	-9.264000	-5.000000
	227.380000	-9.252000	-2.200000
	227.400000	-9.180000	0.800000
	227.420000	-9.072000	3.200000
	227.440000	-8.904000	5.800000
	227.460000	-8.688000	8.200000
	227.480000	-8.424000	10.800000
	227.500000	-8.112000	13.200000
	227.520000	-7.764000	15.400000
	227.540000	-7.368000	17.600000
	227.560000	-6.936000	19.600000
	227.580000	-6.468000	21.600000
	227.600000	-5.964000	23.400000
	227.620000	-5.412000	25.400000
	227.640000	-4.824000	27.400000
	227.660000	-4.212000	29.200000
	227.680000	-3.588000	30.400000
	227.700000	-2.928000	31.600000
	227.720000	-2.256000	32.600000
	227.740000	-1.548000	34.000000
	227.760000	-0.852000	34.600000
	227.780000	-0.132000	35.400000
	227.800000	0.588000	35.600000
	227.820000	1.320000	36.200000
	227.840000	2.052000	36.400000
	227.860000	2.760000	36.200000
	227.880000	3.456000	35.600000
	227.900000	4.128000	34.600000
	227.920000	4.788000	33.800000
	227.940000	5.424000	32.800000
	227.960000	6.048000	32.000000
	227.980000	6.624000	30.600000
	228.000000	7.176000	29.200000
	228.020000	7.668000	27.000000
	228.040000	8.136000	25.200000
	228.060000	8.544000	22.800000
	228.080000	8.904000	20.600000
	228.100000	9.216000	18.000000
	228.120000	9.468000	15.400000
	228.140000	9.672000	12.800000
	228.160000	9.816000	10.000000
	228.180000	9.900000	7.200000
	228.200000	9.924000	4.200000
	228.220000	9.888000	1.200000
	228.240000	9.804000	-1.600000
	228.260000	9.672000	-4.200000
	228.280000	9.480000	-6.800000
	228.300000	9.228000	-9.600000
	228.320000	8.928000	-12.400000
	228.340000	8.580000	-15.000000
	228.360000	8.196000	-17.200000
	228.380000	7.764000	-19.400000
	228.400000	7.296000	-21.400000
	228.420000	6.780000	-23.600000
	228.440000	6.228000	-25.600000
	228.460000	5.640000	-27.600000
	228.480000	5.040000	-29.000000
	228.500000	4.404000	-30.400000
	228.520000	3.744000	-31.600000
	228.540000	3.048000	-33.200000
	228.560000	2.364000	-34.000000
	228.580000	1.668000	-34.600000
	228.600000	0.960000	-34.800000
	228.620000	0.240000	-35.400000
	228.640000	-0.480000	-35.800000
	228.660000	-1.188000	-35.800000
	228.680000	-1.896000	-35.600000
	228.700000	-2.592000	-35.200000
	228.720000	-3.276000	-34.800000
	228.740000	-3.936000	-34.000000
	228.760000	-4.572000	-33.000000
	228.780000	-5.172000	-31.600000
	228.800000	-5.736000	-30.000000
	228.820000	-6.276000	-28.400000
	228.840000	-6.768000	-26.600000
	228.860000	-7.236000	-25.000000
	228.880000	-7.644000	-22.800000
	228.900000	-8.016000	-20.800000
	228.920000	-8.340000	-18.400000
	228.940000	-8.604000	-16.000000
	228.960000	-8.820000	-13.400000
	228.980000	-8.988000	-10.800000
	229.000000	-9.108000	-8.400000
	229.020000	-9.168000	-5.800000
	229.040000	-9.168000	-3.000000
	229.060000	-9.120000	-0.200000
	229.080000	-9.024000	2.400000
	229.100000	-8.868000	5.000000
	229.120000	-8.664000	7.600000
	229.140000	-8.412000	10.200000
	229.160000	-8.124000	12.400000
	229.180000	-7.788000	14.600000
	229.200000	-7.416000	16.600000
	229.220000	-6.996000	18.800000
	229.240000	-6.540000	20.800000
	229.260000	-6.036000	23.000000
	229.280000	-5.496000	25.000000
	229.300000	-4.932000	26.800000
	229.320000	-4.344000	28.200000
	229.340000	-3.720000	29.600000
	229.360000	-3.072000	31.000000
	229.380000	-2.400000	32.400000
	229.400000	-1.728000	33.200000
	229.420000	-1.020000	34.200000
	229.440000	-0.300000	35.000000
	229.460000	0.432000	36.000000
	229.480000	1.152000	36.200000
	229.500000	1.872000	36.200000
	229.520000	2.592000	36.000000
	229.540000	3.288000	35.600000
	229.560000	3.972000	35.000000
	229.580000	4.632000	34.000000
	229.600000	5.280000	33.200000
	229.620000	5.904000	32.200000
	229.640000	6.492000	31.000000
	229.660000	7.044000	29.400000
	229.680000	7.548000	27.400000
	229.700000	8.016000	25.400000
	229.720000	8.436000	23.200000
	229.740000	8.820000	21.200000
	229.760000	9.144000	18.800000
	229.780000	9.420000	16.400000
	229.800000	9.636000	13.600000
	229.820000	9.804000	11.000000
	229.840000	9.912000	8.200000
	229.860000	9.948000	5.200000
	229.880000	9.924000	2.000000
	229.900000	9.852000	-1.000000
	229.920000	9.732000	-3.600000
	229.940000	9.552000	-6.200000
	229.960000	9.312000	-9.000000
	229.980000	9.024000	-11.800000
	230.000000	8.688000	-14.400000
	230.020000	8.316000	-16.600000
	230.040000	7.896000	-18.800000
	230.060000	7.428000	-21.000000
	230.080000	6.924000	-23.200000
	230.100000	6.396000	-25.000000
	230.120000	5.832000	-26.600000
	230.140000	5.232000	-28.200000
	230.160000	4.596000	-30.000000
	230.180000	3.948000	-31.400000
	230.200000	3.276000	-32.600000
	230.220000	2.580000	-33.600000
	230.240000	1.872000	-34.600000
	230.260000	1.140000	-35.600000
	230.280000	0.420000	-36.000000
	230.300000	-0.300000	-36.200000
	230.320000	-1.008000	-35.800000
	230.340000	-1.716000	-35.600000
	230.360000	-2.412000	-35.200000
	230.380000	-3.096000	-34.800000
	230.400000	-3.768000	-34.200000
	230.420000	-4.416000	-33.400000
	230.440000	-5.028000	-32.200000
	230.460000	-5.604000	-30.600000
	230.480000	-6.144000	-28.800000
	230.500000	-6.660000	-27.200000
	230.520000	-7.140000	-25.600000
	230.540000	-7.572000	-23.800000
	230.560000	-7.944000	-21.400000
	230.580000	-8.280000	-19.000000
	230.600000	-8.568000	-16.600000
	230.620000	-8.808000	-14.400000
	230.640000	-8.988000	-11.800000
	230.660000	-9.132000	-9.400000
	230.680000	-9.216000	-6.800000
	230.700000	-9.240000	-4.200000
	230.720000	-9.204000	-1.200000
	230.740000	-9.120000	1.600000
	230.760000	-8.988000	4.200000
	230.780000	-8.808000	6.600000
	230.800000	-8.580000	9.000000
	230.820000	-8.304000	11.400000
	230.840000	-7.980000	13.800000
	230.860000	-7.620000	16.000000
	230.880000	-7.212000	18.200000
	230.900000	-6.768000	20.200000
	230.920000	-6.276000	22.400000
	230.940000	-5.760000	24.200000
	230.960000	-5.196000	26.200000
	230.980000	-4.620000	27.600000
	231.000000	-4.008000	29.200000
	231.020000	-3.372000	30.400000
	231.040000	-2.688000	32.200000
	231.060000	-1.992000	33.600000
	231.080000	-1.296000	34.600000
	231.100000	-0.600000	34.800000
	231.120000	0.120000	35.200000
	231.140000	0.852000	35.800000
	231.160000	1.584000	36.400000
	231.180000	2.292000	36.200000
	231.200000	2.988000	35.600000
	231.220000	3.684000	35.000000
	231.240000	4.368000	34.600000
	231.260000	5.028000	34.000000
	231.280000	5.652000	32.800000
	231.300000	6.252000	31.400000
	231.320000	6.816000	29.800000
	231.340000	7.344000	28.200000
	231.360000	7.824000	26.200000
	231.380000	8.268000	24.200000
	231.400000	8.664000	22.000000
	231.420000	9.012000	19.800000
	231.440000	9.312000	17.400000
	231.460000	9.552000	14.800000
	231.480000	9.732000	12.000000
	231.500000	9.852000	9.000000
	231.520000	9.912000	6.000000
	231.540000	9.924000	3.200000
	231.560000	9.876000	0.400000
	231.580000	9.768000	-2.400000
	231.600000	9.600000	-5.400000
	231.620000	9.384000	-8.200000
	231.640000	9.120000	-10.800000
	231.660000	8.808000	-13.200000
	231.680000	8.436000	-15.800000
	231.700000	8.028000	-18.200000
	231.720000	7.584000	-20.400000
	231.740000	7.116000	-22.000000
	231.760000	6.600000	-23.800000
	231.780000	6.036000	-25.800000
	231.800000	5.436000	-28.000000
	231.820000	4.812000	-29.800000
	231.840000	4.164000	-31.200000
	231.860000	3.492000	-32.400000
	231.880000	2.808000	-33.400000
	231.900000	2.112000	-34.200000
	231.920000	1.416000	-34.600000
	231.940000	0.696000	-35.200000
	231.960000	-0.024000	-35.600000
	231.980000	-0.756000	-36.200000
	232.000000	-1.464000	-36.000000
	232.020000	-2.148000	-35.400000
	232.040000	-2.832000	-34.600000
	232.060000	-3.504000	-34.000000
	232.080000	-4.164000	-33.600000
	232.100000	-4.776000	-32.400000
	232.120000	-5.364000	-31.000000
	232.140000	-5.916000	-29.200000
	232.160000	-6.456000	-28.000000
	232.180000	-6.948000	-26.400000
	232.200000	-7.392000	-24.600000
	232.220000	-7.776000	-22.000000
	232.240000	-8.124000	-19.600000
	232.260000	-8.436000	-17.400000
	232.280000	-8.700000	-15.400000
	232.300000	-8.904000	-13.000000
	232.320000	-9.048000	-10.200000
	232.340000	-9.144000	-7.400000
	232.360000	-9.180000	-4.600000
	232.380000	-9.168000	-2.000000
	232.400000	-9.096000	0.800000
	232.420000	-8.976000	3.400000
	232.440000	-8.808000	6.000000
	232.460000	-8.592000	8.400000
	232.480000	-8.328000	10.800000
	232.500000	-8.028000	13.000000
	232.520000	-7.680000	15.200000
	232.540000	-7.284000	17.400000
	232.560000	-6.840000	19.800000
	232.580000	-6.360000	22.000000
	232.600000	-5.856000	23.800000
	232.620000	-5.316000	25.400000
	232.640000	-4.740000	27.000000
	232.660000	-4.128000	28.800000
	232.680000	-3.492000	30.400000
	232.700000	-2.844000	31.600000
	232.720000	-2.172000	32.600000
	232.740000	-1.488000	33.400000
	232.760000	-0.768000	34.600000
	232.780000	-0.036000	35.600000
	232.800000	0.696000	36.400000
	232.820000	1.428000	36.600000
	232.840000	2.136000	36.200000
	232.860000	2.844000	35.800000
	232.880000	3.528000	35.000000
	232.900000	4.212000	34.600000
	232.920000	4.884000	34.000000
	232.940000	5.520000	33.200000
	232.960000	6.120000	31.800000
	232.980000	6.684000	30.000000
	233.000000	7.224000	28.400000
	233.020000	7.728000	26.800000
	233.040000	8.196000	25.200000
	233.060000	8.604000	23.000000
	233.080000	8.964000	20.600000
	233.100000	9.264000	17.800000
	233.120000	9.528000	15.400000
	233.140000	9.732000	12.800000
	233.160000	9.876000	10.200000
	233.180000	9.948000	7.000000
	233.200000	9.960000	3.800000
	233.220000	9.924000	0.800000
	233.240000	9.840000	-1.800000
	233.260000	9.696000	-4.400000
	233.280000	9.492000	-7.200000
	233.300000	9.240000	-10.000000
	233.320000	8.940000	-12.600000
	233.340000	8.592000	-15.000000
	233.360000	8.196000	-17.400000
	233.380000	7.764000	-19.600000
	233.400000	7.284000	-21.800000
	233.420000	6.768000	-23.800000
	233.440000	6.204000	-26.000000
	233.460000	5.628000	-27.600000
	233.480000	5.016000	-29.200000
	233.500000	4.392000	-30.200000
	233.520000	3.720000	-31.800000
	233.540000	3.036000	-33.000000
	233.560000	2.316000	-34.600000
	233.580000	1.608000	-35.200000
	233.600000	0.888000	-35.800000
	233.620000	0.180000	-35.600000
	233.640000	-0.552000	-36.000000
	233.660000	-1.272000	-36.000000
	233.680000	-1.968000	-35.800000
	233.700000	-2.652000	-35.000000
	233.720000	-3.324000	-34.200000
	233.740000	-4.008000	-34.000000
	233.760000	-4.644000	-33.200000
	233.780000	-5.256000	-32.200000
	233.800000	-5.808000	-30.000000
	233.820000	-6.336000	-28.200000
	233.840000	-6.840000	-26.400000
	233.860000	-7.308000	-25.000000
	233.880000	-7.728000	-23.200000
	233.900000	-8.088000	-20.800000
	233.920000	-8.412000	-18.400000
	233.940000	-8.688000	-16.000000
	233.960000	-8.916000	-13.800000
	233.980000	-9.084000	-11.200000
	234.000000	-9.204000	-8.600000
	234.020000	-9.264000	-5.800000
	234.040000	-9.276000	-3.200000
	234.060000	-9.228000	-0.400000
	234.080000	-9.132000	2.200000
	234.100000	-8.976000	5.000000
	234.120000	-8.772000	7.600000
	234.140000	-8.520000	10.200000
	234.160000	-8.232000	12.400000
	234.180000	-7.896000	14.600000
	234.200000	-7.524000	16.600000
	234.220000	-7.104000	18.800000
	234.240000	-6.648000	20.800000
	234.260000	-6.156000	22.800000
	234.280000	-5.616000	24.800000
	234.300000	-5.040000	26.800000
	234.320000	-4.428000	28.800000
	234.340000	-3.816000	30.000000
	234.360000	-3.168000	31.200000
	234.380000	-2.508000	32.000000
	234.400000	-1.812000	33.400000
	234.420000	-1.128000	34.000000
	234.440000	-0.408000	35.000000
	234.460000	0.312000	35.400000
	234.480000	1.044000	36.200000
	234.500000	1.764000	36.200000
	234.520000	2.484000	36.200000
	234.540000	3.192000	35.800000
	234.560000	3.888000	35.400000
	234.580000	4.548000	34.400000
	234.600000	5.196000	33.400000
	234.620000	5.820000	32.200000
	234.640000	6.420000	31.200000
	234.660000	6.972000	29.600000
	234.680000	7.488000	27.800000
	234.700000	7.956000	25.600000
	234.720000	8.388000	23.600000
	234.740000	8.760000	21.200000
	234.760000	9.096000	19.000000
	234.780000	9.372000	16.400000
	234.800000	9.600000	14.000000
	234.820000	9.768000	11.200000
	234.840000	9.876000	8.400000
	234.860000	9.924000	5.400000
	234.880000	9.900000	2.200000
	234.900000	9.828000	-0.800000
	234.920000	9.696000	-3.800000
	234.940000	9.528000	-6.200000
	234.960000	9.300000	-8.800000
	234.980000	9.024000	-11.200000
	235.000000	8.688000	-14.000000
	235.020000	8.316000	-16.400000
	235.040000	7.896000	-18.800000
	235.060000	7.440000	-20.800000
	235.080000	6.936000	-23.000000
	235.100000	6.396000	-25.000000
	235.120000	5.832000	-26.800000
	235.140000	5.232000	-28.400000
	235.160000	4.620000	-29.600000
	235.180000	3.960000	-31.200000
	235.200000	3.300000	-32.200000
	235.220000	2.592000	-33.800000
	235.240000	1.896000	-34.400000
	235.260000	1.164000	-35.600000
	235.280000	0.444000	-35.800000
	235.300000	-0.276000	-36.200000
	235.320000	-0.984000	-35.800000
	235.340000	-1.680000	-35.400000
	235.360000	-2.376000	-35.000000
	235.380000	-3.048000	-34.400000
	235.400000	-3.708000	-33.800000
	235.420000	-4.356000	-33.000000
	235.440000	-4.968000	-32.000000
	235.460000	-5.556000	-30.800000
	235.480000	-6.096000	-29.000000
	235.500000	-6.612000	-27.400000
	235.520000	-7.080000	-25.400000
	235.540000	-7.512000	-23.600000
	235.560000	-7.896000	-21.400000
	235.580000	-8.232000	-19.200000
	235.600000	-8.520000	-16.800000
	235.620000	-8.760000	-14.400000
	235.640000	-8.952000	-12.000000
	235.660000	-9.084000	-9.400000
	235.680000	-9.168000	-6.800000
	235.700000	-9.192000	-4.000000
	235.720000	-9.168000	-1.400000
	235.740000	-9.084000	1.400000
	235.760000	-8.952000	4.000000
	235.780000	-8.760000	6.800000
	235.800000	-8.520000	9.400000
	235.820000	-8.244000	11.800000
	235.840000	-7.932000	13.800000
	235.860000	-7.572000	15.800000
	235.880000	-7.164000	18.000000
	235.900000	-6.708000	20.400000
	235.920000	-6.228000	22.400000
	235.940000	-5.712000	24.200000
	235.960000	-5.160000	25.800000
	235.980000	-4.572000	27.600000
	236.000000	-3.960000	29.200000
	236.020000	-3.312000	30.800000
	236.040000	-2.652000	32.000000
	236.060000	-1.956000	33.400000
	236.080000	-1.260000	34.200000
	236.100000	-0.540000	35.200000
	236.120000	0.180000	35.600000
	236.140000	0.900000	36.000000
	236.160000	1.632000	36.200000
	236.180000	2.340000	36.000000
	236.200000	3.048000	35.800000
	236.220000	3.720000	34.800000
	236.240000	4.404000	34.400000
	236.260000	5.052000	33.400000
	236.280000	5.688000	32.800000
	236.300000	6.288000	31.400000
	236.320000	6.852000	30.000000
	236.340000	7.380000	28.200000
	236.360000	7.848000	26.000000
	236.380000	8.292000	24.000000
	236.400000	8.676000	21.600000
	236.420000	9.024000	19.600000
	236.440000	9.312000	17.000000
	236.460000	9.552000	14.600000
	236.480000	9.732000	11.800000
	236.500000	9.852000	9.000000
	236.520000	9.912000	6.000000
	236.540000	9.924000	3.200000
	236.560000	9.864000	0.200000
	236.580000	9.756000	-2.600000
	236.600000	9.588000	-5.600000
	236.620000	9.372000	-8.200000
	236.640000	9.108000	-10.800000
	236.660000	8.796000	-13.200000
	236.680000	8.436000	-15.600000
	236.700000	8.028000	-18.000000
	236.720000	7.572000	-20.400000
	236.740000	7.092000	-22.400000
	236.760000	6.564000	-24.400000
	236.780000	6.012000	-26.000000
	236.800000	5.424000	-27.800000
	236.820000	4.812000	-29.200000
	236.840000	4.164000	-30.800000
	236.860000	3.492000	-32.200000
	236.880000	2.808000	-33.400000
	236.900000	2.112000	-34.200000
	236.920000	1.404000	-34.800000
	236.940000	0.672000	-35.600000
	236.960000	-0.060000	-36.200000
	236.980000	-0.780000	-36.400000
	237.000000	-1.476000	-35.800000
	237.020000	-2.184000	-35.400000
	237.040000	-2.868000	-34.800000
	237.060000	-3.552000	-34.600000
	237.080000	-4.188000	-33.400000
	237.100000	-4.812000	-32.400000
	237.120000	-5.400000	-30.800000
	237.140000	-5.952000	-29.400000
	237.160000	-6.480000	-27.800000
	237.180000	-6.960000	-26.000000
	237.200000	-7.404000	-24.200000
	237.220000	-7.800000	-22.000000
	237.240000	-8.148000	-19.800000
	237.260000	-8.460000	-17.600000
	237.280000	-8.712000	-15.200000
	237.300000	-8.928000	-13.000000
	237.320000	-9.072000	-10.200000
	237.340000	-9.168000	-7.600000
	237.360000	-9.204000	-4.600000
	237.380000	-9.192000	-2.000000
	237.400000	-9.132000	0.600000
	237.420000	-9.012000	3.200000
	237.440000	-8.844000	5.800000
	237.460000	-8.628000	8.400000
	237.480000	-8.364000	10.800000
	237.500000	-8.052000	13.200000
	237.520000	-7.704000	15.400000
	237.540000	-7.308000	17.600000
	237.560000	-6.888000	19.400000
	237.580000	-6.408000	21.600000
	237.600000	-5.916000	23.200000
	237.620000	-5.364000	25.400000
	237.640000	-4.788000	27.000000
	237.660000	-4.176000	29.000000
	237.680000	-3.540000	30.400000
	237.700000	-2.880000	31.800000
	237.720000	-2.196000	33.000000
	237.740000	-1.500000	34.000000
	237.760000	-0.792000	34.800000
	237.780000	-0.084000	35.200000
	237.800000	0.636000	35.600000
	237.820000	1.356000	35.800000
	237.840000	2.088000	36.200000
	237.860000	2.784000	35.800000
	237.880000	3.480000	35.400000
	237.900000	4.152000	34.400000
	237.920000	4.824000	34.000000
	237.940000	5.472000	33.200000
	237.960000	6.084000	32.200000
	237.980000	6.660000	30.600000
	238.000000	7.188000	28.600000
	238.020000	7.692000	26.800000
	238.040000	8.148000	24.800000
	238.060000	8.556000	22.800000
	238.080000	8.916000	20.400000
	238.100000	9.228000	18.000000
	238.120000	9.492000	15.600000
	238.140000	9.696000	13.000000
	238.160000	9.840000	10.200000
	238.180000	9.924000	7.200000
	238.200000	9.948000	4.200000
	238.220000	9.912000	1.200000
	238.240000	9.816000	-1.800000
	238.260000	9.660000	-4.800000
	238.280000	9.456000	-7.600000
	238.300000	9.204000	-10.200000
	238.320000	8.916000	-12.400000
	238.340000	8.580000	-14.600000
	238.360000	8.196000	-16.800000
	238.380000	7.764000	-19.200000
	238.400000	7.296000	-21.400000
	238.420000	6.768000	-23.800000
	238.440000	6.216000	-25.800000
	238.460000	5.628000	-27.800000
	238.480000	5.028000	-29.000000
	238.500000	4.392000	-30.400000
	238.520000	3.732000	-31.600000
	238.540000	3.048000	-33.000000
	238.560000	2.340000	-34.200000
	238.580000	1.632000	-35.000000
	238.600000	0.912000	-35.600000
	238.620000	0.204000	-35.600000
	238.640000	-0.528000	-36.000000
	238.660000	-1.236000	-35.800000
	238.680000	-1.956000	-36.000000
	238.700000	-2.640000	-35.200000
	238.720000	-3.324000	-34.800000
	238.740000	-3.972000	-33.600000
	238.760000	-4.596000	-32.600000
	238.780000	-5.196000	-31.200000
	238.800000	-5.772000	-30.000000
	238.820000	-6.324000	-28.800000
	238.840000	-6.816000	-27.000000
	238.860000	-7.272000	-25.000000
	238.880000	-7.692000	-22.800000
	238.900000	-8.064000	-20.800000
	238.920000	-8.388000	-18.600000
	238.940000	-8.652000	-16.000000
	238.960000	-8.880000	-13.600000
	238.980000	-9.048000	-11.000000
	239.000000	-9.168000	-8.600000
	239.020000	-9.228000	-5.800000
	239.040000	-9.240000	-3.200000
	239.060000	-9.192000	-0.400000
	239.080000	-9.096000	2.200000
	239.100000	-8.940000	5.000000
	239.120000	-8.736000	7.600000
	239.140000	-8.484000	10.200000
	239.160000	-8.184000	12.600000
	239.180000	-7.848000	14.800000
	239.200000	-7.464000	17.000000
	239.220000	-7.044000	19.000000
	239.240000	-6.576000	21.200000
	239.260000	-6.084000	23.000000
	239.280000	-5.556000	24.800000
	239.300000	-5.004000	26.200000
	239.320000	-4.404000	28.000000
	239.340000	-3.768000	29.800000
	239.360000	-3.108000	31.600000
	239.380000	-2.436000	32.800000
	239.400000	-1.764000	33.400000
	239.420000	-1.056000	34.200000
	239.440000	-0.336000	35.000000
	239.460000	0.384000	35.800000
	239.480000	1.104000	36.000000
	239.500000	1.824000	36.000000
	239.520000	2.544000	36.000000
	239.540000	3.252000	35.800000
	239.560000	3.936000	35.200000
	239.580000	4.608000	34.400000
	239.600000	5.244000	33.200000
	239.620000	5.868000	32.200000
	239.640000	6.456000	30.800000
	239.660000	7.008000	29.400000
	239.680000	7.524000	27.600000
	239.700000	7.992000	25.600000
	239.720000	8.424000	23.600000
	239.740000	8.796000	21.200000
	239.760000	9.132000	19.000000
	239.780000	9.408000	16.400000
	239.800000	9.636000	14.000000
	239.820000	9.792000	11.000000
	239.840000	9.900000	8.200000
	239.860000	9.936000	5.000000
	239.880000	9.924000	2.200000
	239.900000	9.852000	-0.800000
	239.920000	9.732000	-3.400000
	239.940000	9.552000	-6.200000
	239.960000	9.312000	-9.000000
	239.980000	9.024000	-11.800000
	240.000000	8.688000	-14.400000
	240.020000	8.316000	-16.600000
	240.040000	7.896000	-18.800000
	240.060000	7.452000	-20.600000
	240.080000	6.960000	-22.600000
	240.100000	6.432000	-24.400000
	240.120000	5.856000	-26.600000
	240.140000	5.256000	-28.400000
	240.160000	4.620000	-30.200000
	240.180000	3.972000	-31.400000
	240.200000	3.288000	-32.800000
	240.220000	2.604000	-33.600000
	240.240000	1.896000	-34.600000
	240.260000	1.188000	-35.000000
	240.280000	0.480000	-35.400000
	240.300000	-0.240000	-35.600000
	240.320000	-0.960000	-35.800000
	240.340000	-1.668000	-35.800000
	240.360000	-2.364000	-35.400000
	240.380000	-3.036000	-34.600000
	240.400000	-3.708000	-34.000000
	240.420000	-4.344000	-33.000000
	240.440000	-4.956000	-32.000000
	240.460000	-5.532000	-30.400000
	240.480000	-6.084000	-29.000000
	240.500000	-6.600000	-27.400000
	240.520000	-7.080000	-25.800000
	240.540000	-7.500000	-23.600000
	240.560000	-7.872000	-21.200000
	240.580000	-8.208000	-18.800000
	240.600000	-8.496000	-16.600000
	240.620000	-8.736000	-14.400000
	240.640000	-8.916000	-11.800000
	240.660000	-9.048000	-9.200000
	240.680000	-9.132000	-6.600000
	240.700000	-9.156000	-4.000000
	240.720000	-9.132000	-1.400000
	240.740000	-9.048000	1.400000
	240.760000	-8.904000	4.200000
	240.780000	-8.712000	7.000000
	240.800000	-8.472000	9.600000
	240.820000	-8.196000	11.800000
	240.840000	-7.872000	14.000000
	240.860000	-7.512000	16.000000
	240.880000	-7.104000	18.200000
	240.900000	-6.660000	20.200000
	240.920000	-6.168000	22.400000
	240.940000	-5.664000	24.000000
	240.960000	-5.100000	26.000000
	240.980000	-4.512000	27.600000
	241.000000	-3.888000	29.600000
	241.020000	-3.264000	30.600000
	241.040000	-2.604000	31.800000
	241.060000	-1.932000	32.600000
	241.080000	-1.236000	33.800000
	241.100000	-0.528000	34.600000
	241.120000	0.192000	35.400000
	241.140000	0.924000	36.000000
	241.160000	1.644000	36.200000
	241.180000	2.376000	36.400000
	241.200000	3.072000	35.800000
	241.220000	3.756000	35.200000
	241.240000	4.416000	34.000000
	241.260000	5.076000	33.400000
	241.280000	5.700000	32.400000
	241.300000	6.300000	31.400000
	241.320000	6.852000	29.600000
	241.340000	7.380000	28.000000
	241.360000	7.860000	26.000000
	241.380000	8.304000	24.200000
	241.400000	8.688000	21.800000
	241.420000	9.024000	19.400000
	241.440000	9.300000	16.600000
	241.460000	9.540000	14.200000
	241.480000	9.720000	11.600000
	241.500000	9.840000	9.000000
	241.520000	9.888000	5.800000
	241.540000	9.888000	2.800000
	241.560000	9.840000	0.000000
	241.580000	9.732000	-2.600000
	241.600000	9.564000	-5.400000
	241.620000	9.336000	-8.400000
	241.640000	9.060000	-11.200000
	241.660000	8.736000	-13.800000
	241.680000	8.376000	-16.000000
	241.700000	7.968000	-18.200000
	241.720000	7.524000	-20.200000
	241.740000	7.032000	-22.400000
	241.760000	6.516000	-24.200000
	241.780000	5.952000	-26.200000
	241.800000	5.364000	-27.800000
	241.820000	4.740000	-29.600000
	241.840000	4.092000	-31.000000
	241.860000	3.420000	-32.400000
	241.880000	2.736000	-33.400000
	241.900000	2.052000	-34.000000
	241.920000	1.344000	-34.600000
	241.940000	0.636000	-35.000000
	241.960000	-0.096000	-35.800000
	241.980000	-0.804000	-35.800000
	242.000000	-1.524000	-36.000000
	242.020000	-2.220000	-35.400000
	242.040000	-2.916000	-35.200000
	242.060000	-3.588000	-34.400000
	242.080000	-4.236000	-33.600000
	242.100000	-4.860000	-32.400000
	242.120000	-5.448000	-31.000000
	242.140000	-6.000000	-29.400000
	242.160000	-6.516000	-27.600000
	242.180000	-6.996000	-25.800000
	242.200000	-7.440000	-24.000000
	242.220000	-7.836000	-22.000000
	242.240000	-8.196000	-20.000000
	242.260000	-8.508000	-17.800000
	242.280000	-8.760000	-15.400000
	242.300000	-8.952000	-12.600000
	242.320000	-9.096000	-9.800000
	242.340000	-9.192000	-7.200000
	242.360000	-9.240000	-4.800000
	242.380000	-9.228000	-2.200000
	242.400000	-9.168000	0.400000
	242.420000	-9.048000	3.200000
	242.440000	-8.880000	5.800000
	242.460000	-8.652000	8.600000
	242.480000	-8.388000	11.000000
	242.500000	-8.064000	13.600000
	242.520000	-7.716000	15.600000
	242.540000	-7.320000	17.800000
	242.560000	-6.900000	19.400000
	242.580000	-6.432000	21.400000
	242.600000	-5.916000	23.400000
	242.620000	-5.364000	25.600000
	242.640000	-4.776000	27.600000
	242.660000	-4.176000	29.000000
	242.680000	-3.552000	30.200000
	242.700000	-2.892000	31.400000
	242.720000	-2.208000	32.800000
	242.740000	-1.500000	34.200000
	242.760000	-0.792000	35.000000
	242.780000	-0.072000	35.600000
	242.800000	0.648000	35.800000
	242.820000	1.368000	36.000000
	242.840000	2.088000	36.000000
	242.860000	2.808000	36.000000
	242.880000	3.516000	35.800000
	242.900000	4.200000	35.200000
	242.920000	4.860000	34.200000
	242.940000	5.496000	33.000000
	242.960000	6.108000	31.800000
	242.980000	6.684000	30.400000
	243.000000	7.236000	29.000000
	243.020000	7.740000	27.200000
	243.040000	8.208000	25.400000
	243.060000	8.616000	23.000000
	243.080000	8.976000	20.600000
	243.100000	9.276000	17.800000
	243.120000	9.528000	15.200000
	243.140000	9.732000	12.600000
	243.160000	9.876000	10.000000
	243.180000	9.960000	7.200000
	243.200000	9.984000	4.200000
	243.220000	9.960000	1.400000
	243.240000	9.876000	-1.400000
	243.260000	9.732000	-4.200000
	243.280000	9.528000	-7.200000
	243.300000	9.276000	-10.000000
	243.320000	8.976000	-12.600000
	243.340000	8.628000	-15.000000
	243.360000	8.232000	-17.400000
	243.380000	7.800000	-19.600000
	243.400000	7.332000	-21.600000
	243.420000	6.828000	-23.400000
	243.440000	6.288000	-25.200000
	243.460000	5.700000	-27.200000
	243.480000	5.088000	-29.000000
	243.500000	4.440000	-30.800000
	243.520000	3.780000	-32.000000
	243.540000	3.096000	-33.200000
	243.560000	2.412000	-33.800000
	243.580000	1.704000	-34.600000
	243.600000	0.984000	-35.200000
	243.620000	0.252000	-36.000000
	243.640000	-0.468000	-36.200000
	243.660000	-1.188000	-36.200000
	243.680000	-1.896000	-35.800000
	243.700000	-2.580000	-35.200000
	243.720000	-3.252000	-34.400000
	243.740000	-3.912000	-33.600000
	243.760000	-4.548000	-32.800000
	243.780000	-5.148000	-31.600000
	243.800000	-5.712000	-30.000000
	243.820000	-6.252000	-28.400000
	243.840000	-6.756000	-26.800000
	243.860000	-7.212000	-25.000000
	243.880000	-7.620000	-22.800000
	243.900000	-7.992000	-20.600000
	243.920000	-8.316000	-18.400000
	243.940000	-8.592000	-16.200000
	243.960000	-8.808000	-13.600000
	243.980000	-8.976000	-11.000000
	244.000000	-9.096000	-8.400000
	244.020000	-9.156000	-5.800000
	244.040000	-9.168000	-3.200000
	244.060000	-9.120000	-0.400000
	244.080000	-9.024000	2.200000
	244.100000	-8.868000	5.000000
	244.120000	-8.664000	7.600000
	244.140000	-8.412000	10.200000
	244.160000	-8.124000	12.400000
	244.180000	-7.788000	14.600000
	244.200000	-7.416000	16.600000
	244.220000	-6.996000	18.800000
	244.240000	-6.540000	20.800000
	244.260000	-6.036000	23.000000
	244.280000	-5.508000	24.800000
	244.300000	-4.944000	26.600000
	244.320000	-4.356000	28.000000
	244.340000	-3.732000	29.600000
	244.360000	-3.084000	31.000000
	244.380000	-2.424000	32.200000
	244.400000	-1.740000	33.200000
	244.420000	-1.044000	34.000000
	244.440000	-0.324000	35.000000
	244.460000	0.396000	35.600000
	244.480000	1.104000	35.800000
	244.500000	1.824000	35.800000
	244.520000	2.520000	35.400000
	244.540000	3.228000	35.400000
	244.560000	3.912000	34.800000
	244.580000	4.584000	34.400000
	244.600000	5.220000	33.200000
	244.620000	5.820000	31.800000
	244.640000	6.408000	30.400000
	244.660000	6.960000	29.000000
	244.680000	7.476000	27.600000
	244.700000	7.944000	25.600000
	244.720000	8.364000	23.400000
	244.740000	8.736000	21.000000
	244.760000	9.060000	18.600000
	244.780000	9.336000	16.200000
	244.800000	9.552000	13.600000
	244.820000	9.708000	10.800000
	244.840000	9.804000	7.800000
	244.860000	9.852000	5.000000
	244.880000	9.840000	2.200000
	244.900000	9.768000	-0.600000
	244.920000	9.636000	-3.600000
	244.940000	9.444000	-6.600000
	244.960000	9.216000	-9.200000
	244.980000	8.928000	-11.800000
	245.000000	8.604000	-14.000000
	245.020000	8.220000	-16.600000
	245.040000	7.800000	-18.800000
	245.060000	7.344000	-21.000000
	245.080000	6.852000	-22.800000
	245.100000	6.324000	-24.600000
	245.120000	5.760000	-26.400000
	245.140000	5.172000	-28.000000
	245.160000	4.548000	-29.600000
	245.180000	3.888000	-31.200000
	245.200000	3.204000	-32.800000
	245.220000	2.520000	-33.800000
	245.240000	1.812000	-34.600000
	245.260000	1.092000	-35.200000
	245.280000	0.360000	-36.000000
	245.300000	-0.348000	-36.000000
	245.320000	-1.044000	-35.600000
	245.340000	-1.740000	-35.000000
	245.360000	-2.424000	-34.600000
	245.380000	-3.108000	-34.400000
	245.400000	-3.768000	-33.800000
	245.420000	-4.416000	-33.200000
	245.440000	-5.028000	-32.000000
	245.460000	-5.604000	-30.600000
	245.480000	-6.144000	-28.800000
	245.500000	-6.648000	-27.000000
	245.520000	-7.116000	-25.200000
	245.540000	-7.548000	-23.400000
	245.560000	-7.932000	-21.400000
	245.580000	-8.268000	-19.200000
	245.600000	-8.556000	-16.800000
	245.620000	-8.796000	-14.400000
	245.640000	-8.976000	-11.800000
	245.660000	-9.096000	-9.000000
	245.680000	-9.168000	-6.200000
	245.700000	-9.192000	-3.600000
	245.720000	-9.168000	-1.200000
	245.740000	-9.084000	1.400000
	245.760000	-8.952000	4.000000
	245.780000	-8.760000	6.800000
	245.800000	-8.520000	9.400000
	245.820000	-8.232000	12.000000
	245.840000	-7.908000	14.200000
	245.860000	-7.548000	16.200000
	245.880000	-7.140000	18.200000
	245.900000	-6.696000	20.200000
	245.920000	-6.192000	22.600000
	245.940000	-5.676000	24.400000
	245.960000	-5.112000	26.400000
	245.980000	-4.524000	27.800000
	246.000000	-3.900000	29.600000
	246.020000	-3.264000	30.800000
	246.040000	-2.604000	32.000000
	246.060000	-1.920000	33.000000
	246.080000	-1.200000	34.400000
	246.100000	-0.492000	35.200000
	246.120000	0.240000	36.000000
	246.140000	0.960000	36.000000
	246.160000	1.680000	36.200000
	246.180000	2.388000	35.800000
	246.200000	3.084000	35.400000
	246.220000	3.780000	35.000000
	246.240000	4.464000	34.600000
	246.260000	5.124000	34.000000
	246.280000	5.760000	33.000000
	246.300000	6.360000	31.600000
	246.320000	6.924000	30.000000
	246.340000	7.452000	28.200000
	246.360000	7.932000	26.200000
	246.380000	8.376000	24.200000
	246.400000	8.760000	21.800000
	246.420000	9.108000	19.600000
	246.440000	9.396000	17.000000
	246.460000	9.636000	14.600000
	246.480000	9.804000	11.600000
	246.500000	9.924000	8.800000
	246.520000	9.984000	5.800000
	246.540000	9.996000	3.200000
	246.560000	9.948000	0.400000
	246.580000	9.840000	-2.400000
	246.600000	9.672000	-5.400000
	246.620000	9.444000	-8.400000
	246.640000	9.180000	-11.000000
	246.660000	8.868000	-13.400000
	246.680000	8.508000	-15.600000
	246.700000	8.100000	-18.000000
	246.720000	7.644000	-20.400000
	246.740000	7.152000	-22.600000
	246.760000	6.612000	-24.800000
	246.780000	6.048000	-26.600000
	246.800000	5.460000	-28.200000
	246.820000	4.836000	-29.600000
	246.840000	4.176000	-31.200000
	246.860000	3.504000	-32.600000
	246.880000	2.820000	-33.600000
	246.900000	2.124000	-34.200000
	246.920000	1.416000	-34.800000
	246.940000	0.696000	-35.400000
	246.960000	-0.024000	-35.800000
	246.980000	-0.756000	-36.200000
	247.000000	-1.464000	-36.000000
	247.020000	-2.172000	-35.800000
	247.040000	-2.856000	-35.000000
	247.060000	-3.540000	-34.600000
	247.080000	-4.188000	-33.600000
	247.100000	-4.812000	-32.600000
	247.120000	-5.400000	-31.000000
	247.140000	-5.964000	-29.600000
	247.160000	-6.492000	-28.000000
	247.180000	-6.972000	-26.200000
	247.200000	-7.416000	-24.200000
	247.220000	-7.824000	-22.200000
	247.240000	-8.184000	-20.200000
	247.260000	-8.496000	-18.000000
	247.280000	-8.748000	-15.400000
	247.300000	-8.952000	-12.800000
	247.320000	-9.096000	-10.000000
	247.340000	-9.192000	-7.400000
	247.360000	-9.240000	-4.800000
	247.380000	-9.228000	-2.200000
	247.400000	-9.168000	0.400000
	247.420000	-9.048000	3.200000
	247.440000	-8.880000	5.800000
	247.460000	-8.664000	8.400000
	247.480000	-8.412000	10.600000
	247.500000	-8.112000	12.800000
	247.520000	-7.764000	15.000000
	247.540000	-7.368000	17.400000
	247.560000	-6.936000	19.600000
	247.580000	-6.468000	21.600000
	247.600000	-5.952000	23.600000
	247.620000	-5.412000	25.400000
	247.640000	-4.836000	27.200000
	247.660000	-4.236000	28.600000
	247.680000	-3.600000	30.200000
	247.700000	-2.940000	31.600000
	247.720000	-2.268000	32.800000
	247.740000	-1.572000	33.800000
	247.760000	-0.876000	34.400000
	247.780000	-0.156000	35.200000
	247.800000	0.564000	35.600000
	247.820000	1.284000	36.000000
	247.840000	1.992000	35.800000
	247.860000	2.700000	35.600000
	247.880000	3.408000	35.400000
	247.900000	4.092000	35.000000
	247.920000	4.752000	34.200000
	247.940000	5.400000	33.200000
	247.960000	6.012000	32.000000
	247.980000	6.588000	30.600000
	248.000000	7.116000	28.600000
	248.020000	7.620000	26.800000
	248.040000	8.076000	24.800000
	248.060000	8.484000	22.800000
	248.080000	8.844000	20.400000
	248.100000	9.156000	18.000000
	248.120000	9.408000	15.400000
	248.140000	9.612000	12.800000
	248.160000	9.756000	10.000000
	248.180000	9.852000	7.400000
	248.200000	9.876000	4.400000
	248.220000	9.840000	1.400000
	248.240000	9.744000	-1.800000
	248.260000	9.600000	-4.600000
	248.280000	9.408000	-7.200000
	248.300000	9.168000	-9.600000
	248.320000	8.868000	-12.200000
	248.340000	8.520000	-14.800000
	248.360000	8.124000	-17.400000
	248.380000	7.704000	-19.400000
	248.400000	7.248000	-21.200000
	248.420000	6.744000	-23.000000
	248.440000	6.204000	-25.000000
	248.460000	5.628000	-27.000000
	248.480000	5.028000	-28.600000
	248.500000	4.380000	-30.400000
	248.520000	3.720000	-31.800000
	248.540000	3.048000	-33.000000
	248.560000	2.364000	-33.600000
	248.580000	1.656000	-34.400000
	248.600000	0.936000	-35.200000
	248.620000	0.228000	-35.600000
	248.640000	-0.480000	-35.600000
	248.660000	-1.188000	-35.400000
	248.680000	-1.896000	-35.400000
	248.700000	-2.592000	-35.200000
	248.720000	-3.252000	-34.400000
	248.740000	-3.900000	-33.400000
	248.760000	-4.524000	-32.200000
	248.780000	-5.124000	-31.200000
	248.800000	-5.688000	-29.800000
	248.820000	-6.216000	-28.200000
	248.840000	-6.708000	-26.400000
	248.860000	-7.164000	-24.600000
	248.880000	-7.572000	-22.600000
	248.900000	-7.944000	-20.600000
	248.920000	-8.256000	-18.200000
	248.940000	-8.532000	-16.000000
	248.960000	-8.748000	-13.400000
	248.980000	-8.916000	-11.000000
	249.000000	-9.024000	-8.200000
	249.020000	-9.084000	-5.600000
	249.040000	-9.084000	-2.800000
	249.060000	-9.024000	0.000000
	249.080000	-8.916000	2.800000
	249.100000	-8.772000	5.200000
	249.120000	-8.580000	7.400000
	249.140000	-8.328000	9.800000
	249.160000	-8.028000	12.400000
	249.180000	-7.680000	15.000000
	249.200000	-7.308000	17.000000
	249.220000	-6.888000	19.000000
	249.240000	-6.432000	20.800000
	249.260000	-5.928000	23.000000
	249.280000	-5.400000	24.800000
	249.300000	-4.836000	26.600000
	249.320000	-4.248000	28.000000
	249.340000	-3.624000	29.600000
	249.360000	-2.976000	31.000000
	249.380000	-2.304000	32.400000
	249.400000	-1.608000	33.600000
	249.420000	-0.900000	34.600000
	249.440000	-0.180000	35.400000
	249.460000	0.540000	35.800000
	249.480000	1.248000	35.800000
	249.500000	1.956000	35.600000
	249.520000	2.664000	35.400000
	249.540000	3.372000	35.400000
	249.560000	4.056000	35.000000
	249.580000	4.716000	34.200000
	249.600000	5.364000	33.200000
	249.620000	5.976000	32.000000
	249.640000	6.552000	30.600000
	249.660000	7.080000	28.600000
	249.680000	7.584000	26.800000
	249.700000	8.052000	25.000000
	249.720000	8.472000	23.200000
	249.740000	8.844000	21.000000
	249.760000	9.168000	18.600000
	249.780000	9.432000	16.000000
	249.800000	9.648000	13.400000
	249.820000	9.792000	10.400000
	249.840000	9.888000	7.600000
	249.860000	9.924000	4.600000
	249.880000	9.912000	2.000000
	249.900000	9.840000	-0.800000
	249.920000	9.696000	-3.800000
	249.940000	9.504000	-6.800000
	249.960000	9.252000	-9.800000
	249.980000	8.964000	-12.200000
	250.000000	8.628000	-14.600000
	250.020000	8.256000	-16.600000
	250.040000	7.836000	-18.800000
	250.060000	7.368000	-21.000000
	250.080000	6.864000	-23.200000
	250.100000	6.324000	-25.200000
	250.120000	5.748000	-27.000000
	250.140000	5.124000	-29.000000
	250.160000	4.488000	-30.600000
	250.180000	3.828000	-32.000000
	250.200000	3.156000	-32.800000
	250.220000	2.460000	-33.800000
	250.240000	1.752000	-34.600000
	250.260000	1.032000	-35.400000
	250.280000	0.312000	-35.800000
	250.300000	-0.408000	-36.000000
	250.320000	-1.116000	-35.800000
	250.340000	-1.824000	-35.600000
	250.360000	-2.520000	-35.200000
	250.380000	-3.216000	-35.000000
	250.400000	-3.888000	-34.400000
	250.420000	-4.536000	-33.600000
	250.440000	-5.148000	-32.200000
	250.460000	-5.736000	-30.800000
	250.480000	-6.288000	-29.200000
	250.500000	-6.792000	-27.400000
	250.520000	-7.260000	-25.400000
	250.540000	-7.692000	-23.400000
	250.560000	-8.076000	-21.400000
	250.580000	-8.412000	-19.200000
	250.600000	-8.700000	-16.800000
	250.620000	-8.940000	-14.400000
	250.640000	-9.132000	-12.000000
	250.660000	-9.264000	-9.400000
	250.680000	-9.336000	-6.600000
	250.700000	-9.360000	-3.800000
	250.720000	-9.324000	-1.000000
	250.740000	-9.240000	1.600000
	250.760000	-9.096000	4.400000
	250.780000	-8.904000	7.000000
	250.800000	-8.676000	9.400000
	250.820000	-8.400000	11.600000
	250.840000	-8.076000	13.800000
	250.860000	-7.704000	16.200000
	250.880000	-7.296000	18.400000
	250.900000	-6.852000	20.400000
	250.920000	-6.348000	22.600000
	250.940000	-5.820000	24.600000
	250.960000	-5.268000	26.400000
	250.980000	-4.692000	27.600000
	251.000000	-4.068000	29.200000
	251.020000	-3.420000	30.800000
	251.040000	-2.748000	32.400000
	251.060000	-2.064000	33.400000
	251.080000	-1.356000	34.400000
	251.100000	-0.648000	35.000000
	251.120000	0.084000	35.800000
	251.140000	0.816000	36.200000
	251.160000	1.548000	36.600000
	251.180000	2.280000	36.600000
	251.200000	3.000000	36.400000
	251.220000	3.696000	35.800000
	251.240000	4.368000	34.800000
	251.260000	5.016000	33.600000
	251.280000	5.652000	32.600000
	251.300000	6.264000	31.600000
	251.320000	6.840000	30.400000
	251.340000	7.380000	28.800000
	251.360000	7.872000	26.800000
	251.380000	8.328000	24.800000
	251.400000	8.736000	22.600000
	251.420000	9.084000	20.200000
	251.440000	9.384000	17.600000
	251.460000	9.624000	14.800000
	251.480000	9.816000	12.200000
	251.500000	9.948000	9.400000
	251.520000	10.020000	6.600000
	251.540000	10.032000	3.600000
	251.560000	9.984000	0.600000
	251.580000	9.876000	-2.400000
	251.600000	9.708000	-5.400000
	251.620000	9.492000	-8.200000
	251.640000	9.228000	-10.800000
	251.660000	8.916000	-13.200000
	251.680000	8.556000	-15.600000
	251.700000	8.160000	-17.800000
	251.720000	7.716000	-20.000000
	251.740000	7.236000	-22.000000
	251.760000	6.720000	-24.000000
	251.780000	6.180000	-25.600000
	251.800000	5.580000	-27.600000
	251.820000	4.956000	-29.400000
	251.840000	4.296000	-31.400000
	251.860000	3.636000	-32.400000
	251.880000	2.940000	-33.600000
	251.900000	2.244000	-34.200000
	251.920000	1.524000	-35.200000
	251.940000	0.816000	-35.400000
	251.960000	0.096000	-35.800000
	251.980000	-0.600000	-35.400000
	252.000000	-1.308000	-35.400000
	252.020000	-2.016000	-35.200000
	252.040000	-2.724000	-35.400000
	252.060000	-3.396000	-34.800000
	252.080000	-4.032000	-33.600000
	252.100000	-4.656000	-32.200000
	252.120000	-5.256000	-31.000000
	252.140000	-5.832000	-30.000000
	252.160000	-6.348000	-28.200000
	252.180000	-6.840000	-26.400000
	252.200000	-7.296000	-24.400000
	252.220000	-7.704000	-22.600000
	252.240000	-8.064000	-20.400000
	252.260000	-8.364000	-17.800000
	252.280000	-8.628000	-15.400000
	252.300000	-8.832000	-12.800000
	252.320000	-8.988000	-10.400000
	252.340000	-9.084000	-7.600000
	252.360000	-9.132000	-5.000000
	252.380000	-9.132000	-2.400000
	252.400000	-9.072000	0.200000
	252.420000	-8.964000	2.800000
	252.440000	-8.796000	5.600000
	252.460000	-8.592000	8.000000
	252.480000	-8.340000	10.400000
	252.500000	-8.040000	12.600000
	252.520000	-7.692000	15.000000
	252.540000	-7.308000	17.200000
	252.560000	-6.888000	19.200000
	252.580000	-6.432000	21.000000
	252.600000	-5.928000	23.000000
	252.620000	-5.388000	25.000000
	252.640000	-4.812000	27.000000
	252.660000	-4.212000	28.600000
	252.680000	-3.576000	30.200000
	252.700000	-2.916000	31.600000
	252.720000	-2.232000	33.000000
	252.740000	-1.536000	34.000000
	252.760000	-0.840000	34.600000
	252.780000	-0.132000	35.000000
	252.800000	0.576000	35.200000
	252.820000	1.284000	35.400000
	252.840000	1.992000	35.400000
	252.860000	2.700000	35.400000
	252.880000	3.396000	35.200000
	252.900000	4.080000	34.800000
	252.920000	4.740000	34.000000
	252.940000	5.388000	33.200000
	252.960000	6.000000	32.000000
	252.980000	6.576000	30.600000
	253.000000	7.104000	28.600000
	253.020000	7.596000	26.600000
	253.040000	8.052000	24.600000
	253.060000	8.472000	22.800000
	253.080000	8.832000	20.600000
	253.100000	9.144000	18.200000
	253.120000	9.396000	15.400000
	253.140000	9.600000	12.800000
	253.160000	9.732000	9.800000
	253.180000	9.816000	7.000000
	253.200000	9.840000	4.000000
	253.220000	9.816000	1.400000
	253.240000	9.732000	-1.400000
	253.260000	9.588000	-4.200000
	253.280000	9.384000	-7.200000
	253.300000	9.132000	-10.000000
	253.320000	8.832000	-12.600000
	253.340000	8.484000	-15.000000
	253.360000	8.100000	-17.200000
	253.380000	7.680000	-19.200000
	253.400000	7.224000	-21.000000
	253.420000	6.708000	-23.200000
	253.440000	6.156000	-25.400000
	253.460000	5.568000	-27.600000
	253.480000	4.968000	-29.000000
	253.500000	4.332000	-30.400000
	253.520000	3.684000	-31.400000
	253.540000	3.012000	-32.600000
	253.560000	2.316000	-33.600000
	253.580000	1.608000	-34.600000
	253.600000	0.888000	-35.400000
	253.620000	0.168000	-35.800000
	253.640000	-0.552000	-36.000000
	253.660000	-1.260000	-35.800000
	253.680000	-1.968000	-35.600000
	253.700000	-2.652000	-35.000000
	253.720000	-3.324000	-34.400000
	253.740000	-3.948000	-33.000000
	253.760000	-4.572000	-32.000000
	253.780000	-5.172000	-30.800000
	253.800000	-5.748000	-30.000000
	253.820000	-6.276000	-28.400000
	253.840000	-6.768000	-26.600000
	253.860000	-7.224000	-24.600000
	253.880000	-7.632000	-22.600000
	253.900000	-8.004000	-20.600000
	253.920000	-8.316000	-18.200000
	253.940000	-8.592000	-16.000000
	253.960000	-8.796000	-13.200000
	253.980000	-8.964000	-10.800000
	254.000000	-9.072000	-8.000000
	254.020000	-9.132000	-5.600000
	254.040000	-9.132000	-2.800000
	254.060000	-9.084000	-0.200000
	254.080000	-8.988000	2.400000
	254.100000	-8.832000	5.000000
	254.120000	-8.628000	7.600000
	254.140000	-8.376000	10.200000
	254.160000	-8.088000	12.400000
	254.180000	-7.752000	14.600000
	254.200000	-7.368000	16.800000
	254.220000	-6.948000	19.000000
	254.240000	-6.480000	21.200000
	254.260000	-5.988000	23.000000
	254.280000	-5.448000	25.000000
	254.300000	-4.896000	26.400000
	254.320000	-4.296000	28.200000
	254.340000	-3.672000	29.600000
	254.360000	-3.012000	31.400000
	254.380000	-2.352000	32.400000
	254.400000	-1.668000	33.400000
	254.420000	-0.960000	34.200000
	254.440000	-0.240000	35.200000
	254.460000	0.492000	36.000000
	254.480000	1.212000	36.200000
	254.500000	1.932000	36.200000
	254.520000	2.652000	36.000000
	254.540000	3.348000	35.600000
	254.560000	4.044000	35.200000
	254.580000	4.704000	34.200000
	254.600000	5.352000	33.400000
	254.620000	5.976000	32.200000
	254.640000	6.564000	31.000000
	254.660000	7.128000	29.600000
	254.680000	7.632000	27.600000
	254.700000	8.100000	25.600000
	254.720000	8.520000	23.200000
	254.740000	8.892000	21.000000
	254.760000	9.216000	18.600000
	254.780000	9.480000	16.000000
	254.800000	9.696000	13.400000
	254.820000	9.852000	10.600000
	254.840000	9.948000	7.800000
	254.860000	9.996000	5.000000
	254.880000	9.972000	2.000000
	254.900000	9.900000	-0.800000
	254.920000	9.768000	-3.800000
	254.940000	9.588000	-6.400000
	254.960000	9.348000	-9.200000
	254.980000	9.060000	-11.800000
	255.000000	8.724000	-14.400000
	255.020000	8.352000	-16.600000
	255.040000	7.932000	-18.800000
	255.060000	7.476000	-20.800000
	255.080000	6.960000	-23.200000
	255.100000	6.420000	-25.200000
	255.120000	5.844000	-27.200000
	255.140000	5.232000	-28.800000
	255.160000	4.596000	-30.400000
	255.180000	3.924000	-32.000000
	255.200000	3.252000	-33.000000
	255.220000	2.544000	-34.200000
	255.240000	1.836000	-34.800000
	255.260000	1.116000	-35.600000
	255.280000	0.396000	-35.800000
	255.300000	-0.324000	-36.000000
	255.320000	-1.044000	-36.000000
	255.340000	-1.752000	-35.800000
	255.360000	-2.448000	-35.400000
	255.380000	-3.120000	-34.600000
	255.400000	-3.792000	-34.000000
	255.420000	-4.440000	-33.200000
	255.440000	-5.064000	-32.400000
	255.460000	-5.640000	-30.800000
	255.480000	-6.192000	-29.200000
	255.500000	-6.708000	-27.400000
	255.520000	-7.188000	-25.800000
	255.540000	-7.620000	-23.800000
	255.560000	-8.004000	-21.600000
	255.580000	-8.352000	-19.400000
	255.600000	-8.640000	-17.000000
	255.620000	-8.892000	-14.800000
	255.640000	-9.072000	-12.000000
	255.660000	-9.216000	-9.600000
	255.680000	-9.288000	-6.600000
	255.700000	-9.324000	-4.200000
	255.720000	-9.288000	-1.200000
	255.740000	-9.216000	1.200000
	255.760000	-9.084000	4.000000
	255.780000	-8.904000	6.400000
	255.800000	-8.664000	9.200000
	255.820000	-8.376000	11.800000
	255.840000	-8.052000	14.200000
	255.860000	-7.692000	16.200000
	255.880000	-7.296000	18.000000
	255.900000	-6.852000	20.000000
	255.920000	-6.360000	22.200000
	255.940000	-5.832000	24.400000
	255.960000	-5.280000	26.200000
	255.980000	-4.704000	27.600000
	256.000000	-4.092000	29.000000
	256.020000	-3.444000	30.600000
	256.040000	-2.772000	32.200000
	256.060000	-2.076000	33.600000
	256.080000	-1.356000	34.800000
	256.100000	-0.624000	35.800000
	256.120000	0.120000	36.600000
	256.140000	0.840000	36.600000
	256.160000	1.560000	36.400000
	256.180000	2.268000	35.800000
	256.200000	2.988000	35.800000
	256.220000	3.708000	35.800000
	256.240000	4.404000	35.600000
	256.260000	5.076000	34.800000
	256.280000	5.712000	33.400000
	256.300000	6.336000	32.200000
	256.320000	6.936000	31.000000
	256.340000	7.500000	29.800000
	256.360000	8.004000	27.800000
	256.380000	8.460000	25.400000
	256.400000	8.868000	22.800000
	256.420000	9.240000	20.600000
	256.440000	9.552000	18.200000
	256.460000	9.816000	15.800000
	256.480000	10.020000	13.000000
	256.500000	10.176000	10.400000
	256.520000	10.272000	7.600000
	256.540000	10.308000	4.800000
	256.560000	10.272000	1.600000
	256.580000	10.176000	-1.600000
	256.600000	10.032000	-4.600000
	256.620000	9.840000	-7.200000
	256.640000	9.588000	-9.800000
	256.660000	9.288000	-12.400000
	256.680000	8.940000	-15.000000
	256.700000	8.556000	-17.200000
	256.720000	8.124000	-19.400000
	256.740000	7.644000	-21.600000
	256.760000	7.128000	-23.800000
	256.780000	6.576000	-25.800000
	256.800000	6.000000	-27.400000
	256.820000	5.388000	-29.000000
	256.840000	4.740000	-30.600000
	256.860000	4.080000	-32.000000
	256.880000	3.396000	-33.200000
	256.900000	2.688000	-34.200000
	256.920000	1.944000	-35.600000
	256.940000	1.224000	-36.200000
	256.960000	0.504000	-36.400000
	256.980000	-0.204000	-35.800000
	257.000000	-0.936000	-36.000000
	257.020000	-1.644000	-35.800000
	257.040000	-2.340000	-35.600000
	257.060000	-3.012000	-34.600000
	257.080000	-3.672000	-33.800000
	257.100000	-4.308000	-32.800000
	257.120000	-4.920000	-31.800000
	257.140000	-5.496000	-30.400000
	257.160000	-6.036000	-28.800000
	257.180000	-6.552000	-27.200000
	257.200000	-7.008000	-25.200000
	257.220000	-7.428000	-23.200000
	257.240000	-7.800000	-20.800000
	257.260000	-8.136000	-18.800000
	257.280000	-8.424000	-16.600000
	257.300000	-8.652000	-14.200000
	257.320000	-8.832000	-11.600000
	257.340000	-8.952000	-8.800000
	257.360000	-9.024000	-6.200000
	257.380000	-9.048000	-3.600000
	257.400000	-9.012000	-1.000000
	257.420000	-8.928000	1.600000
	257.440000	-8.784000	4.400000
	257.460000	-8.604000	6.800000
	257.480000	-8.364000	9.400000
	257.500000	-8.076000	11.800000
	257.520000	-7.740000	14.400000
	257.540000	-7.368000	16.600000
	257.560000	-6.972000	18.400000
	257.580000	-6.528000	20.200000
	257.600000	-6.036000	22.200000
	257.620000	-5.508000	24.400000
	257.640000	-4.956000	26.200000
	257.660000	-4.380000	27.600000
	257.680000	-3.780000	28.800000
	257.700000	-3.144000	30.200000
	257.720000	-2.496000	31.400000
	257.740000	-1.812000	32.800000
	257.760000	-1.128000	33.600000
	257.780000	-0.432000	34.400000
	257.800000	0.276000	34.800000
	257.820000	0.984000	35.200000
	257.840000	1.704000	35.600000
	257.860000	2.400000	35.400000
	257.880000	3.096000	35.200000
	257.900000	3.756000	34.200000
	257.920000	4.404000	33.400000
	257.940000	5.028000	32.200000
	257.960000	5.640000	31.400000
	257.980000	6.216000	30.200000
	258.000000	6.756000	28.800000
	258.020000	7.260000	27.000000
	258.040000	7.716000	25.000000
	258.060000	8.136000	23.000000
	258.080000	8.496000	20.600000
	258.100000	8.820000	18.400000
	258.120000	9.084000	15.800000
	258.140000	9.300000	13.400000
	258.160000	9.444000	10.400000
	258.180000	9.528000	7.400000
	258.200000	9.564000	4.400000
	258.220000	9.552000	1.800000
	258.240000	9.480000	-0.800000
	258.260000	9.348000	-3.600000
	258.280000	9.168000	-6.400000
	258.300000	8.940000	-9.000000
	258.320000	8.664000	-11.400000
	258.340000	8.340000	-13.800000
	258.360000	7.980000	-16.000000
	258.380000	7.560000	-18.400000
	258.400000	7.092000	-20.800000
	258.420000	6.588000	-23.200000
	258.440000	6.072000	-24.800000
	258.460000	5.532000	-26.000000
	258.480000	4.944000	-27.400000
	258.500000	4.332000	-29.000000
	258.520000	3.684000	-30.800000
	258.540000	3.024000	-32.000000
	258.560000	2.340000	-33.200000
	258.580000	1.656000	-33.800000
	258.600000	0.948000	-34.600000
	258.620000	0.264000	-34.600000
	258.640000	-0.432000	-34.800000
	258.660000	-1.104000	-34.200000
	258.680000	-1.800000	-34.400000
	258.700000	-2.484000	-34.200000
	258.720000	-3.144000	-34.000000
	258.740000	-3.792000	-33.200000
	258.760000	-4.392000	-31.800000
	258.780000	-4.980000	-30.600000
	258.800000	-5.532000	-29.000000
	258.820000	-6.060000	-27.800000
	258.840000	-6.540000	-26.000000
	258.860000	-6.984000	-24.200000
	258.880000	-7.392000	-22.200000
	258.900000	-7.752000	-20.200000
	258.920000	-8.064000	-18.000000
	258.940000	-8.328000	-15.600000
	258.960000	-8.544000	-13.200000
	258.980000	-8.700000	-10.600000
	259.000000	-8.808000	-8.000000
	259.020000	-8.868000	-5.400000
	259.040000	-8.868000	-2.800000
	259.060000	-8.820000	-0.200000
	259.080000	-8.712000	2.600000
	259.100000	-8.568000	5.000000
	259.120000	-8.364000	7.600000
	259.140000	-8.112000	10.000000
	259.160000	-7.812000	12.600000
	259.180000	-7.464000	15.000000
	259.200000	-7.080000	17.200000
	259.220000	-6.660000	19.200000
	259.240000	-6.216000	20.800000
	259.260000	-5.724000	22.600000
	259.280000	-5.172000	24.800000
	259.300000	-4.596000	27.000000
	259.320000	-3.996000	28.800000
	259.340000	-3.384000	29.800000
	259.360000	-2.736000	31.000000
	259.380000	-2.064000	32.200000
	259.400000	-1.380000	33.400000
	259.420000	-0.672000	34.400000
	259.440000	0.036000	35.000000
	259.460000	0.756000	35.600000
	259.480000	1.476000	35.800000
	259.500000	2.196000	36.000000
	259.520000	2.916000	36.000000
	259.540000	3.624000	35.800000
	259.560000	4.308000	35.200000
	259.580000	4.968000	34.200000
	259.600000	5.604000	33.000000
	259.620000	6.216000	31.800000
	259.640000	6.792000	30.400000
	259.660000	7.344000	29.000000
	259.680000	7.848000	27.200000
	259.700000	8.316000	25.400000
	259.720000	8.736000	23.200000
	259.740000	9.108000	21.000000
	259.760000	9.432000	18.600000
	259.780000	9.684000	15.800000
	259.800000	9.900000	13.200000
	259.820000	10.044000	10.200000
	259.840000	10.140000	7.600000
	259.860000	10.176000	4.600000
	259.880000	10.152000	1.800000
	259.900000	10.068000	-1.200000
	259.920000	9.924000	-4.200000
	259.940000	9.732000	-7.000000
	259.960000	9.492000	-9.600000
	259.980000	9.192000	-12.200000
	260.000000	8.844000	-14.800000
	260.020000	8.460000	-17.200000
	260.040000	8.028000	-19.400000
	260.060000	7.560000	-21.400000
	260.080000	7.044000	-23.600000
	260.100000	6.504000	-25.400000
	260.120000	5.916000	-27.400000
	260.140000	5.304000	-29.000000
	260.160000	4.656000	-30.800000
	260.180000	3.984000	-32.200000
	260.200000	3.288000	-33.600000
	260.220000	2.568000	-34.800000
	260.240000	1.848000	-35.600000
	260.260000	1.116000	-36.200000
	260.280000	0.384000	-36.400000
	260.300000	-0.360000	-36.800000
	260.320000	-1.104000	-37.000000
	260.340000	-1.836000	-37.000000
	260.360000	-2.544000	-36.400000
	260.380000	-3.240000	-35.600000
	260.400000	-3.912000	-34.600000
	260.420000	-4.584000	-34.000000
	260.440000	-5.220000	-33.000000
	260.460000	-5.820000	-31.800000
	260.480000	-6.384000	-30.000000
	260.500000	-6.912000	-28.200000
	260.520000	-7.416000	-26.600000
	260.540000	-7.860000	-24.600000
	260.560000	-8.268000	-22.600000
	260.580000	-8.628000	-20.200000
	260.600000	-8.940000	-18.000000
	260.620000	-9.204000	-15.600000
	260.640000	-9.408000	-13.000000
	260.660000	-9.564000	-10.400000
	260.680000	-9.660000	-7.600000
	260.700000	-9.696000	-4.800000
	260.720000	-9.684000	-2.000000
	260.740000	-9.612000	0.800000
	260.760000	-9.504000	3.200000
	260.780000	-9.336000	5.800000
	260.800000	-9.120000	8.200000
	260.820000	-8.856000	10.800000
	260.840000	-8.532000	13.400000
	260.860000	-8.172000	15.800000
	260.880000	-7.764000	18.200000
	260.900000	-7.332000	20.000000
	260.920000	-6.864000	21.800000
	260.940000	-6.348000	23.600000
	260.960000	-5.796000	25.600000
	260.980000	-5.196000	27.800000
	261.000000	-4.584000	29.400000
	261.020000	-3.948000	30.800000
	261.040000	-3.288000	31.800000
	261.060000	-2.592000	33.200000
	261.080000	-1.884000	34.400000
	261.100000	-1.164000	35.400000
	261.120000	-0.456000	35.600000
	261.140000	0.288000	36.200000
	261.160000	1.020000	36.400000
	261.180000	1.764000	37.000000
	261.200000	2.484000	36.600000
	261.220000	3.192000	36.200000
	261.240000	3.888000	35.400000
	261.260000	4.572000	34.800000
	261.280000	5.232000	34.000000
	261.300000	5.856000	32.800000
	261.320000	6.432000	31.000000
	261.340000	6.984000	29.200000
	261.360000	7.500000	27.400000
	261.380000	7.980000	25.800000
	261.400000	8.400000	23.600000
	261.420000	8.772000	21.200000
	261.440000	9.096000	18.600000
	261.460000	9.372000	16.200000
	261.480000	9.588000	13.600000
	261.500000	9.744000	10.800000
	261.520000	9.840000	7.800000
	261.540000	9.888000	5.000000
	261.560000	9.876000	2.200000
	261.580000	9.804000	-0.600000
	261.600000	9.672000	-3.600000
	261.620000	9.480000	-6.600000
	261.640000	9.252000	-9.200000
	261.660000	8.964000	-11.800000
	261.680000	8.640000	-14.000000
	261.700000	8.256000	-16.600000
	261.720000	7.836000	-18.800000
	261.740000	7.380000	-21.000000
	261.760000	6.876000	-23.000000
	261.780000	6.336000	-25.000000
	261.800000	5.772000	-26.800000
	261.820000	5.184000	-28.200000
	261.840000	4.560000	-29.600000
	261.860000	3.900000	-31.200000
	261.880000	3.228000	-32.600000
	261.900000	2.544000	-33.600000
	261.920000	1.848000	-34.200000
	261.940000	1.128000	-35.000000
	261.960000	0.420000	-35.400000
	261.980000	-0.300000	-35.800000
	262.000000	-0.984000	-35.200000
	262.020000	-1.680000	-35.000000
	262.040000	-2.352000	-34.200000
	262.060000	-3.012000	-33.800000
	262.080000	-3.648000	-32.800000
	262.100000	-4.260000	-31.800000
	262.120000	-4.860000	-30.800000
	262.140000	-5.412000	-29.400000
	262.160000	-5.940000	-28.000000
	262.180000	-6.432000	-26.200000
	262.200000	-6.888000	-24.600000
	262.220000	-7.296000	-22.600000
	262.240000	-7.656000	-20.400000
	262.260000	-7.968000	-18.000000
	262.280000	-8.232000	-15.600000
	262.300000	-8.448000	-13.200000
	262.320000	-8.604000	-10.600000
	262.340000	-8.712000	-8.000000
	262.360000	-8.760000	-5.200000
	262.380000	-8.772000	-2.800000
	262.400000	-8.724000	-0.200000
	262.420000	-8.616000	2.400000
	262.440000	-8.448000	5.400000
	262.460000	-8.232000	8.200000
	262.480000	-7.980000	10.600000
	262.500000	-7.692000	12.600000
	262.520000	-7.356000	14.600000
	262.540000	-6.984000	16.600000
	262.560000	-6.564000	18.800000
	262.580000	-6.108000	20.800000
	262.600000	-5.604000	23.000000
	262.620000	-5.076000	24.800000
	262.640000	-4.524000	26.400000
	262.660000	-3.936000	27.800000
	262.680000	-3.312000	29.400000
	262.700000	-2.652000	31.200000
	262.720000	-1.980000	32.600000
	262.740000	-1.308000	33.400000
	262.760000	-0.624000	33.800000
	262.780000	0.072000	34.200000
	262.800000	0.792000	35.000000
	262.820000	1.500000	35.400000
	262.840000	2.208000	35.600000
	262.860000	2.904000	35.200000
	262.880000	3.588000	34.800000
	262.900000	4.260000	34.200000
	262.920000	4.908000	33.400000
	262.940000	5.544000	32.600000
	262.960000	6.132000	31.200000
	262.980000	6.696000	29.800000
	263.000000	7.224000	28.000000
	263.020000	7.716000	26.400000
	263.040000	8.160000	24.400000
	263.060000	8.556000	22.200000
	263.080000	8.904000	19.800000
	263.100000	9.204000	17.400000
	263.120000	9.456000	15.000000
	263.140000	9.648000	12.400000
	263.160000	9.780000	9.600000
	263.180000	9.852000	6.600000
	263.200000	9.876000	3.800000
	263.220000	9.840000	1.000000
	263.240000	9.744000	-1.800000
	263.260000	9.588000	-4.800000
	263.280000	9.384000	-7.600000
	263.300000	9.120000	-10.400000
	263.320000	8.808000	-13.000000
	263.340000	8.460000	-15.400000
	263.360000	8.064000	-17.600000
	263.380000	7.632000	-19.600000
	263.400000	7.152000	-21.800000
	263.420000	6.636000	-23.800000
	263.440000	6.084000	-25.800000
	263.460000	5.496000	-27.600000
	263.480000	4.884000	-29.200000
	263.500000	4.236000	-30.800000
	263.520000	3.564000	-32.200000
	263.540000	2.868000	-33.600000
	263.560000	2.160000	-34.600000
	263.580000	1.452000	-35.200000
	263.600000	0.732000	-35.600000
	263.620000	0.000000	-36.000000
	263.640000	-0.732000	-36.400000
	263.660000	-1.452000	-36.400000
	263.680000	-2.148000	-35.800000
	263.700000	-2.856000	-35.400000
	263.720000	-3.540000	-34.800000
	263.740000	-4.212000	-34.400000
	263.760000	-4.848000	-33.200000
	263.780000	-5.448000	-31.800000
	263.800000	-6.012000	-30.000000
	263.820000	-6.540000	-28.200000
	263.840000	-7.056000	-26.800000
	263.860000	-7.524000	-25.200000
	263.880000	-7.956000	-23.600000
	263.900000	-8.328000	-21.200000
	263.920000	-8.664000	-19.000000
	263.940000	-8.940000	-16.400000
	263.960000	-9.168000	-14.000000
	263.980000	-9.336000	-11.200000
	264.000000	-9.456000	-8.600000
	264.020000	-9.528000	-6.000000
	264.040000	-9.552000	-3.600000
	264.060000	-9.516000	-1.000000
	264.080000	-9.420000	1.800000
	264.100000	-9.264000	4.800000
	264.120000	-9.072000	7.400000
	264.140000	-8.820000	10.000000
	264.160000	-8.532000	12.200000
	264.180000	-8.196000	14.600000
	264.200000	-7.824000	16.600000
	264.220000	-7.416000	18.600000
	264.240000	-6.960000	20.600000
	264.260000	-6.468000	22.600000
	264.280000	-5.916000	25.000000
	264.300000	-5.340000	27.000000
	264.320000	-4.728000	29.000000
	264.340000	-4.116000	30.000000
	264.360000	-3.456000	31.400000
	264.380000	-2.784000	32.400000
	264.400000	-2.076000	34.000000
	264.420000	-1.368000	34.800000
	264.440000	-0.636000	35.800000
	264.460000	0.096000	36.200000
	264.480000	0.840000	36.800000
	264.500000	1.572000	36.800000
	264.520000	2.304000	36.800000
	264.540000	3.012000	36.200000
	264.560000	3.708000	35.600000
	264.580000	4.380000	34.600000
	264.600000	5.040000	33.800000
	264.620000	5.676000	32.800000
	264.640000	6.288000	31.800000
	264.660000	6.876000	30.600000
	264.680000	7.416000	29.000000
	264.700000	7.920000	27.200000
	264.720000	8.364000	24.800000
	264.740000	8.772000	22.600000
	264.760000	9.120000	20.000000
	264.780000	9.420000	17.600000
	264.800000	9.660000	14.800000
	264.820000	9.840000	12.000000
	264.840000	9.960000	9.000000
	264.860000	10.032000	6.200000
	264.880000	10.044000	3.400000
	264.900000	9.996000	0.600000
	264.920000	9.888000	-2.400000
	264.940000	9.732000	-5.200000
	264.960000	9.528000	-7.800000
	264.980000	9.252000	-10.600000
	265.000000	8.940000	-13.200000
	265.020000	8.568000	-16.000000
	265.040000	8.172000	-18.000000
	265.060000	7.728000	-20.200000
	265.080000	7.248000	-22.000000
	265.100000	6.732000	-24.000000
	265.120000	6.168000	-26.000000
	265.140000	5.568000	-28.000000
	265.160000	4.920000	-30.200000
	265.180000	4.272000	-31.600000
	265.200000	3.600000	-32.800000
	265.220000	2.928000	-33.200000
	265.240000	2.220000	-34.200000
	265.260000	1.512000	-34.800000
	265.280000	0.792000	-35.600000
	265.300000	0.072000	-35.800000
	265.320000	-0.636000	-35.800000
	265.340000	-1.344000	-35.600000
	265.360000	-2.052000	-35.400000
	265.380000	-2.748000	-35.200000
	265.400000	-3.420000	-34.600000
	265.420000	-4.068000	-33.600000
	265.440000	-4.704000	-32.600000
	265.460000	-5.304000	-31.400000
	265.480000	-5.868000	-30.000000
	265.500000	-6.384000	-28.000000
	265.520000	-6.864000	-26.000000
	265.540000	-7.308000	-24.000000
	265.560000	-7.704000	-22.000000
	265.580000	-8.064000	-20.000000
	265.600000	-8.364000	-17.600000
	265.620000	-8.616000	-15.200000
	265.640000	-8.808000	-12.400000
	265.660000	-8.952000	-9.800000
	265.680000	-9.048000	-7.200000
	265.700000	-9.096000	-4.800000
	265.720000	-9.084000	-2.200000
	265.740000	-9.024000	0.400000
	265.760000	-8.916000	3.000000
	265.780000	-8.748000	5.600000
	265.800000	-8.532000	8.200000
	265.820000	-8.256000	11.000000
	265.840000	-7.956000	13.200000
	265.860000	-7.608000	15.400000
	265.880000	-7.224000	17.200000
	265.900000	-6.792000	19.400000
	265.920000	-6.324000	21.400000
	265.940000	-5.808000	23.600000
	265.960000	-5.268000	25.400000
	265.980000	-4.680000	27.400000
	266.000000	-4.080000	28.800000
	266.020000	-3.444000	30.400000
	266.040000	-2.796000	31.400000
	266.060000	-2.124000	32.600000
	266.080000	-1.404000	34.000000
	266.100000	-0.696000	35.000000
	266.120000	0.012000	35.600000
	266.140000	0.696000	35.000000
	266.160000	1.404000	35.000000
	266.180000	2.136000	35.400000
	266.200000	2.844000	35.800000
	266.220000	3.528000	35.400000
	266.240000	4.188000	34.200000
	266.260000	4.848000	33.400000
	266.280000	5.484000	32.600000
	266.300000	6.084000	31.600000
	266.320000	6.648000	30.000000
	266.340000	7.176000	28.200000
	266.360000	7.656000	26.200000
	266.380000	8.100000	24.200000
	266.400000	8.508000	22.200000
	266.420000	8.868000	20.200000
	266.440000	9.168000	17.800000
	266.460000	9.408000	15.000000
	266.480000	9.600000	12.200000
	266.500000	9.732000	9.400000
	266.520000	9.804000	6.600000
	266.540000	9.816000	3.600000
	266.560000	9.768000	0.600000
	266.580000	9.672000	-2.200000
	266.600000	9.516000	-5.000000
	266.620000	9.312000	-7.600000
	266.640000	9.048000	-10.400000
	266.660000	8.748000	-12.800000
	266.680000	8.400000	-15.200000
	266.700000	8.016000	-17.200000
	266.720000	7.560000	-19.800000
	266.740000	7.068000	-22.200000
	266.760000	6.552000	-24.400000
	266.780000	6.012000	-25.800000
	266.800000	5.436000	-27.200000
	266.820000	4.812000	-29.000000
	266.840000	4.164000	-30.800000
	266.860000	3.504000	-32.200000
	266.880000	2.820000	-33.200000
	266.900000	2.136000	-33.800000
	266.920000	1.428000	-34.600000
	266.940000	0.708000	-35.200000
	266.960000	-0.012000	-35.800000
	266.980000	-0.732000	-36.000000
	267.000000	-1.428000	-35.600000
	267.020000	-2.136000	-35.400000
	267.040000	-2.820000	-34.800000
	267.060000	-3.492000	-34.400000
	267.080000	-4.128000	-33.200000
	267.100000	-4.752000	-32.200000
	267.120000	-5.340000	-30.800000
	267.140000	-5.904000	-29.600000
	267.160000	-6.444000	-28.200000
	267.180000	-6.936000	-26.600000
	267.200000	-7.392000	-24.800000
	267.220000	-7.776000	-22.200000
	267.240000	-8.136000	-20.000000
	267.260000	-8.436000	-17.400000
	267.280000	-8.700000	-15.400000
	267.300000	-8.904000	-12.800000
	267.320000	-9.060000	-10.400000
	267.340000	-9.156000	-7.600000
	267.360000	-9.204000	-5.000000
	267.380000	-9.204000	-2.400000
	267.400000	-9.156000	0.000000
	267.420000	-9.048000	2.600000
	267.440000	-8.880000	5.400000
	267.460000	-8.664000	8.200000
	267.480000	-8.400000	10.800000
	267.500000	-8.100000	13.000000
	267.520000	-7.752000	15.200000
	267.540000	-7.368000	17.200000
	267.560000	-6.924000	19.600000
	267.580000	-6.444000	21.800000
	267.600000	-5.928000	24.000000
	267.620000	-5.388000	25.600000
	267.640000	-4.812000	27.200000
	267.660000	-4.212000	28.600000
	267.680000	-3.576000	30.200000
	267.700000	-2.928000	31.400000
	267.720000	-2.256000	32.600000
	267.740000	-1.572000	33.400000
	267.760000	-0.852000	34.600000
	267.780000	-0.120000	35.600000
	267.800000	0.612000	36.400000
	267.820000	1.332000	36.400000
	267.840000	2.064000	36.400000
	267.860000	2.796000	36.400000
	267.880000	3.504000	36.200000
	267.900000	4.188000	35.400000
	267.920000	4.848000	34.200000
	267.940000	5.484000	33.000000
	267.960000	6.096000	31.800000
	267.980000	6.672000	30.400000
	268.000000	7.224000	29.000000
	268.020000	7.728000	27.200000
	268.040000	8.196000	25.400000
	268.060000	8.616000	23.200000
	268.080000	9.000000	21.200000
	268.100000	9.324000	18.800000
	268.120000	9.588000	16.200000
	268.140000	9.792000	13.200000
	268.160000	9.936000	10.200000
	268.180000	10.032000	7.400000
	268.200000	10.056000	4.400000
	268.220000	10.032000	1.600000
	268.240000	9.948000	-1.400000
	268.260000	9.816000	-4.000000
	268.280000	9.624000	-6.800000
	268.300000	9.372000	-9.600000
	268.320000	9.072000	-12.400000
	268.340000	8.724000	-15.000000
	268.360000	8.340000	-17.200000
	268.380000	7.908000	-19.400000
	268.400000	7.440000	-21.400000
	268.420000	6.936000	-23.400000
	268.440000	6.384000	-25.400000
	268.460000	5.808000	-27.200000
	268.480000	5.184000	-29.200000
	268.500000	4.548000	-30.600000
	268.520000	3.864000	-32.400000
	268.540000	3.180000	-33.400000
	268.560000	2.472000	-34.600000
	268.580000	1.764000	-35.000000
	268.600000	1.032000	-35.800000
	268.620000	0.300000	-36.200000
	268.640000	-0.432000	-36.600000
	268.660000	-1.140000	-36.200000
	268.680000	-1.848000	-35.800000
	268.700000	-2.544000	-35.200000
	268.720000	-3.240000	-35.000000
	268.740000	-3.912000	-34.400000
	268.760000	-4.560000	-33.600000
	268.780000	-5.184000	-32.400000
	268.800000	-5.772000	-31.000000
	268.820000	-6.312000	-29.200000
	268.840000	-6.816000	-27.200000
	268.860000	-7.284000	-25.200000
	268.880000	-7.716000	-23.400000
	268.900000	-8.100000	-21.400000
	268.920000	-8.436000	-19.200000
	268.940000	-8.736000	-17.000000
	268.960000	-8.976000	-14.600000
	268.980000	-9.156000	-12.000000
	269.000000	-9.288000	-9.200000
	269.020000	-9.360000	-6.400000
	269.040000	-9.384000	-3.800000
	269.060000	-9.348000	-1.000000
	269.080000	-9.264000	1.600000
	269.100000	-9.132000	4.200000
	269.120000	-8.940000	6.800000
	269.140000	-8.712000	9.200000
	269.160000	-8.436000	11.600000
	269.180000	-8.124000	13.600000
	269.200000	-7.752000	16.000000
	269.220000	-7.332000	18.400000
	269.240000	-6.864000	21.000000
	269.260000	-6.372000	23.000000
	269.280000	-5.856000	24.600000
	269.300000	-5.304000	26.000000
	269.320000	-4.716000	27.600000
	269.340000	-4.092000	29.400000
	269.360000	-3.444000	31.000000
	269.380000	-2.772000	32.400000
	269.400000	-2.076000	33.600000
	269.420000	-1.380000	34.400000
	269.440000	-0.660000	35.200000
	269.460000	0.048000	35.400000
	269.480000	0.780000	36.000000
	269.500000	1.500000	36.000000
	269.520000	2.220000	36.200000
	269.540000	2.916000	35.600000
	269.560000	3.600000	35.000000
	269.580000	4.284000	34.400000
	269.600000	4.956000	34.000000
	269.620000	5.604000	33.400000
	269.640000	6.204000	32.000000
	269.660000	6.768000	30.200000
	269.680000	7.284000	28.000000
	269.700000	7.776000	26.200000
	269.720000	8.220000	24.200000
	269.740000	8.628000	22.400000
	269.760000	8.964000	19.800000
	269.780000	9.252000	17.200000
	269.800000	9.492000	14.400000
	269.820000	9.684000	12.000000
	269.840000	9.816000	9.400000
	269.860000	9.876000	6.400000
	269.880000	9.888000	3.400000
	269.900000	9.840000	0.400000
	269.920000	9.732000	-2.400000
	269.940000	9.564000	-5.400000
	269.960000	9.348000	-8.200000
	269.980000	9.084000	-10.800000
	270.000000	8.772000	-13.200000
	270.020000	8.412000	-15.600000
	270.040000	8.016000	-17.800000
	270.060000	7.584000	-19.800000
	270.080000	7.104000	-21.800000
	270.100000	6.588000	-23.800000
	270.120000	6.024000	-26.000000
	270.140000	5.424000	-28.000000
	270.160000	4.800000	-29.800000
	270.180000	4.164000	-31.000000
	270.200000	3.516000	-31.800000
	270.220000	2.832000	-32.800000
	270.240000	2.136000	-33.800000
	270.260000	1.428000	-34.800000
	270.280000	0.720000	-35.200000
	270.300000	0.000000	-35.600000
	270.320000	-0.720000	-35.800000
	270.340000	-1.428000	-35.800000
	270.360000	-2.124000	-35.400000
	270.380000	-2.808000	-34.800000
	270.400000	-3.468000	-34.000000
	270.420000	-4.128000	-33.400000
	270.440000	-4.740000	-32.200000
	270.460000	-5.328000	-31.000000
	270.480000	-5.856000	-28.800000
	270.500000	-6.360000	-27.000000
	270.520000	-6.828000	-25.000000
	270.540000	-7.260000	-23.400000
	270.560000	-7.656000	-21.600000
	270.580000	-8.004000	-19.600000
	270.600000	-8.304000	-17.400000
	270.620000	-8.544000	-14.800000
	270.640000	-8.736000	-12.200000
	270.660000	-8.880000	-9.600000
	270.680000	-8.964000	-7.000000
	270.700000	-9.000000	-4.400000
	270.720000	-8.976000	-1.600000
	270.740000	-8.916000	0.800000
	270.760000	-8.796000	3.400000
	270.780000	-8.616000	6.000000
	270.800000	-8.388000	8.800000
	270.820000	-8.112000	11.400000
	270.840000	-7.800000	13.600000
	270.860000	-7.440000	15.800000
	270.880000	-7.044000	17.800000
	270.900000	-6.612000	19.800000
	270.920000	-6.144000	21.600000
	270.940000	-5.628000	23.600000
	270.960000	-5.076000	25.600000
	270.980000	-4.488000	27.600000
	271.000000	-3.876000	29.200000
	271.020000	-3.252000	30.400000
	271.040000	-2.592000	31.600000
	271.060000	-1.920000	32.600000
	271.080000	-1.212000	34.000000
	271.100000	-0.516000	34.600000
	271.120000	0.204000	35.400000
	271.140000	0.924000	35.600000
	271.160000	1.644000	36.000000
	271.180000	2.340000	35.600000
	271.200000	3.036000	35.200000
	271.220000	3.732000	34.800000
	271.240000	4.404000	34.400000
	271.260000	5.052000	33.600000
	271.280000	5.664000	32.200000
	271.300000	6.264000	31.000000
	271.320000	6.828000	29.600000
	271.340000	7.356000	28.200000
	271.360000	7.848000	26.400000
	271.380000	8.292000	24.400000
	271.400000	8.688000	22.200000
	271.420000	9.024000	19.600000
	271.440000	9.312000	17.000000
	271.460000	9.552000	14.400000
	271.480000	9.744000	12.000000
	271.500000	9.864000	9.200000
	271.520000	9.936000	6.400000
	271.540000	9.936000	3.200000
	271.560000	9.888000	0.400000
	271.580000	9.780000	-2.600000
	271.600000	9.612000	-5.400000
	271.620000	9.396000	-8.200000
	271.640000	9.120000	-11.000000
	271.660000	8.808000	-13.400000
	271.680000	8.448000	-15.800000
	271.700000	8.052000	-17.800000
	271.720000	7.608000	-20.000000
	271.740000	7.128000	-22.000000
	271.760000	6.600000	-24.200000
	271.780000	6.048000	-26.000000
	271.800000	5.460000	-27.800000
	271.820000	4.836000	-29.400000
	271.840000	4.176000	-31.200000
	271.860000	3.504000	-32.600000
	271.880000	2.820000	-33.600000
	271.900000	2.112000	-34.400000
	271.920000	1.392000	-35.200000
	271.940000	0.660000	-36.000000
	271.960000	-0.048000	-36.000000
	271.980000	-0.780000	-36.200000
	272.000000	-1.488000	-35.800000
	272.020000	-2.208000	-36.000000
	272.040000	-2.904000	-35.400000
	272.060000	-3.588000	-35.000000
	272.080000	-4.236000	-33.800000
	272.100000	-4.860000	-32.600000
	272.120000	-5.460000	-31.200000
	272.140000	-6.036000	-30.000000
	272.160000	-6.576000	-28.600000
	272.180000	-7.080000	-27.000000
	272.200000	-7.536000	-25.000000
	272.220000	-7.932000	-22.600000
	272.240000	-8.280000	-20.000000
	272.260000	-8.592000	-17.600000
	272.280000	-8.868000	-15.600000
	272.300000	-9.084000	-13.400000
	272.320000	-9.240000	-10.800000
	272.340000	-9.336000	-7.800000
	272.360000	-9.384000	-5.000000
	272.380000	-9.384000	-2.400000
	272.400000	-9.336000	0.000000
	272.420000	-9.240000	2.400000
	272.440000	-9.072000	5.200000
	272.460000	-8.856000	8.000000
	272.480000	-8.592000	10.800000
	272.500000	-8.292000	13.000000
	272.520000	-7.944000	15.200000
	272.540000	-7.548000	17.400000
	272.560000	-7.128000	19.400000
	272.580000	-6.660000	21.400000
	272.600000	-6.168000	23.000000
	272.620000	-5.628000	25.000000
	272.640000	-5.052000	26.800000
	272.660000	-4.440000	28.800000
	272.680000	-3.804000	30.400000
	272.700000	-3.156000	31.600000
	272.720000	-2.472000	32.800000
	272.740000	-1.776000	33.800000
	272.760000	-1.056000	35.000000
	272.780000	-0.336000	35.600000
	272.800000	0.396000	36.200000
	272.820000	1.116000	36.200000
	272.840000	1.836000	36.200000
	272.860000	2.568000	36.200000
	272.880000	3.288000	36.200000
	272.900000	3.996000	36.000000
	272.920000	4.656000	34.800000
	272.940000	5.292000	33.400000
	272.960000	5.904000	31.800000
	272.980000	6.504000	30.800000
	273.000000	7.068000	29.600000
	273.020000	7.584000	28.000000
	273.040000	8.052000	25.800000
	273.060000	8.472000	23.400000
	273.080000	8.856000	21.200000
	273.100000	9.180000	18.800000
	273.120000	9.456000	16.400000
	273.140000	9.672000	13.600000
	273.160000	9.840000	11.000000
	273.180000	9.948000	8.200000
	273.200000	9.996000	5.400000
	273.220000	9.984000	2.400000
	273.240000	9.912000	-0.600000
	273.260000	9.780000	-3.600000
	273.280000	9.588000	-6.600000
	273.300000	9.348000	-9.400000
	273.320000	9.060000	-12.000000
	273.340000	8.724000	-14.400000
	273.360000	8.352000	-16.600000
	273.380000	7.932000	-18.800000
	273.400000	7.488000	-20.600000
	273.420000	6.984000	-22.800000
	273.440000	6.444000	-24.800000
	273.460000	5.856000	-27.200000
	273.480000	5.256000	-28.800000
	273.500000	4.620000	-30.400000
	273.520000	3.960000	-31.600000
	273.540000	3.264000	-33.200000
	273.560000	2.580000	-34.000000
	273.580000	1.884000	-34.600000
	273.600000	1.176000	-34.800000
	273.620000	0.456000	-35.400000
	273.640000	-0.276000	-36.000000
	273.660000	-0.972000	-35.800000
	273.680000	-1.680000	-35.600000
	273.700000	-2.364000	-34.800000
	273.720000	-3.048000	-34.600000
	273.740000	-3.720000	-34.000000
	273.760000	-4.356000	-33.200000
	273.780000	-4.980000	-32.200000
	273.800000	-5.556000	-30.600000
	273.820000	-6.108000	-29.200000
	273.840000	-6.612000	-27.200000
	273.860000	-7.080000	-25.400000
	273.880000	-7.512000	-23.400000
	273.900000	-7.896000	-21.400000
	273.920000	-8.232000	-19.200000
	273.940000	-8.508000	-16.600000
	273.960000	-8.736000	-14.000000
	273.980000	-8.916000	-11.400000
	274.000000	-9.048000	-9.000000
	274.020000	-9.120000	-6.400000
	274.040000	-9.132000	-3.600000
	274.060000	-9.096000	-0.800000
	274.080000	-9.012000	1.800000
	274.100000	-8.880000	4.200000
	274.120000	-8.688000	6.800000
	274.140000	-8.460000	9.200000
	274.160000	-8.172000	11.800000
	274.180000	-7.848000	14.000000
	274.200000	-7.476000	16.400000
	274.220000	-7.080000	18.200000
	274.240000	-6.636000	20.200000
	274.260000	-6.156000	22.000000
	274.280000	-5.628000	24.200000
	274.300000	-5.064000	26.200000
	274.320000	-4.476000	28.000000
	274.340000	-3.852000	29.600000
	274.360000	-3.204000	31.000000
	274.380000	-2.532000	32.400000
	274.400000	-1.848000	33.400000
	274.420000	-1.164000	34.000000
	274.440000	-0.456000	34.600000
	274.460000	0.264000	35.200000
	274.480000	0.984000	35.800000
	274.500000	1.704000	36.000000
	274.520000	2.400000	35.600000
	274.540000	3.108000	35.400000
	274.560000	3.792000	34.800000
	274.580000	4.476000	34.600000
	274.600000	5.124000	33.600000
	274.620000	5.748000	32.600000
	274.640000	6.336000	31.000000
	274.660000	6.888000	29.400000
	274.680000	7.404000	27.600000
	274.700000	7.872000	25.600000
	274.720000	8.292000	23.400000
	274.740000	8.676000	21.200000
	274.760000	9.012000	19.000000
	274.780000	9.300000	16.800000
	274.800000	9.528000	14.200000
	274.820000	9.696000	11.400000
	274.840000	9.804000	8.400000
	274.860000	9.852000	5.400000
	274.880000	9.852000	2.600000
	274.900000	9.792000	-0.200000
	274.920000	9.672000	-3.000000
	274.940000	9.492000	-6.000000
	274.960000	9.276000	-8.600000
	274.980000	9.012000	-11.000000
	275.000000	8.700000	-13.200000
	275.020000	8.340000	-15.600000
	275.040000	7.920000	-18.200000
	275.060000	7.464000	-20.600000
	275.080000	6.960000	-23.000000
	275.100000	6.444000	-24.600000
	275.120000	5.880000	-26.400000
	275.140000	5.292000	-27.800000
	275.160000	4.668000	-29.600000
	275.180000	4.020000	-31.000000
	275.200000	3.348000	-32.400000
	275.220000	2.664000	-33.400000
	275.240000	1.956000	-34.400000
	275.260000	1.236000	-35.200000
	275.280000	0.516000	-35.800000
	275.300000	-0.192000	-35.800000
	275.320000	-0.900000	-35.600000
	275.340000	-1.596000	-35.200000
	275.360000	-2.292000	-35.000000
	275.380000	-2.976000	-34.600000
	275.400000	-3.648000	-34.200000
	275.420000	-4.284000	-33.200000
	275.440000	-4.884000	-31.800000
	275.460000	-5.460000	-30.200000
	275.480000	-6.012000	-28.800000
	275.500000	-6.528000	-27.400000
	275.520000	-7.008000	-25.800000
	275.540000	-7.440000	-23.800000
	275.560000	-7.824000	-21.600000
	275.580000	-8.172000	-19.400000
	275.600000	-8.460000	-17.000000
	275.620000	-8.712000	-14.800000
	275.640000	-8.904000	-12.200000
	275.660000	-9.048000	-9.800000
	275.680000	-9.120000	-6.800000
	275.700000	-9.144000	-4.000000
	275.720000	-9.120000	-1.200000
	275.740000	-9.048000	1.200000
	275.760000	-8.916000	3.800000
	275.780000	-8.736000	6.400000
	275.800000	-8.508000	9.000000
	275.820000	-8.232000	11.400000
	275.840000	-7.908000	13.800000
	275.860000	-7.548000	16.000000
	275.880000	-7.152000	18.000000
	275.900000	-6.720000	19.800000
	275.920000	-6.240000	21.800000
	275.940000	-5.724000	23.800000
	275.960000	-5.172000	25.800000
	275.980000	-4.584000	27.600000
	276.000000	-3.972000	29.200000
	276.020000	-3.324000	30.800000
	276.040000	-2.664000	32.000000
	276.060000	-1.980000	33.200000
	276.080000	-1.296000	33.800000
	276.100000	-0.588000	34.600000
	276.120000	0.120000	35.000000
	276.140000	0.840000	35.600000
	276.160000	1.548000	35.600000
	276.180000	2.256000	35.600000
	276.200000	2.964000	35.400000
	276.220000	3.660000	35.200000
	276.240000	4.344000	34.800000
	276.260000	4.992000	33.800000
	276.280000	5.616000	32.600000
	276.300000	6.204000	31.000000
	276.320000	6.768000	29.600000
	276.340000	7.296000	28.000000
	276.360000	7.788000	26.400000
	276.380000	8.232000	24.400000
	276.400000	8.628000	22.200000
	276.420000	8.976000	19.800000
	276.440000	9.276000	17.400000
	276.460000	9.516000	14.800000
	276.480000	9.708000	12.200000
	276.500000	9.828000	9.200000
	276.520000	9.900000	6.400000
	276.540000	9.912000	3.400000
	276.560000	9.876000	0.800000
	276.580000	9.768000	-2.200000
	276.600000	9.600000	-5.200000
	276.620000	9.384000	-8.200000
	276.640000	9.120000	-10.800000
	276.660000	8.808000	-13.200000
	276.680000	8.448000	-15.600000
	276.700000	8.052000	-17.800000
	276.720000	7.608000	-20.000000
	276.740000	7.116000	-22.200000
	276.760000	6.588000	-24.400000
	276.780000	6.036000	-26.200000
	276.800000	5.460000	-27.600000
	276.820000	4.836000	-29.200000
	276.840000	4.188000	-30.800000
	276.860000	3.516000	-32.400000
	276.880000	2.844000	-33.200000
	276.900000	2.148000	-34.000000
	276.920000	1.416000	-35.000000
	276.940000	0.684000	-36.000000
	276.960000	-0.048000	-36.600000
	276.980000	-0.744000	-36.000000
	277.000000	-1.464000	-35.800000
	277.020000	-2.160000	-35.200000
	277.040000	-2.856000	-35.200000
	277.060000	-3.516000	-34.200000
	277.080000	-4.164000	-33.400000
	277.100000	-4.800000	-32.400000
	277.120000	-5.400000	-31.400000
	277.140000	-5.976000	-30.200000
	277.160000	-6.504000	-28.400000
	277.180000	-6.996000	-26.600000
	277.200000	-7.440000	-24.400000
	277.220000	-7.848000	-22.400000
	277.240000	-8.208000	-20.200000
	277.260000	-8.532000	-18.200000
	277.280000	-8.784000	-15.600000
	277.300000	-9.000000	-13.200000
	277.320000	-9.156000	-10.400000
	277.340000	-9.264000	-8.000000
	277.360000	-9.312000	-5.200000
	277.380000	-9.312000	-2.600000
	277.400000	-9.264000	0.000000
	277.420000	-9.156000	2.600000
	277.440000	-8.988000	5.400000
	277.460000	-8.772000	8.200000
	277.480000	-8.520000	10.600000
	277.500000	-8.220000	12.800000
	277.520000	-7.884000	14.800000
	277.540000	-7.500000	17.000000
	277.560000	-7.080000	19.000000
	277.580000	-6.612000	21.200000
	277.600000	-6.096000	23.400000
	277.620000	-5.556000	25.400000
	277.640000	-4.968000	27.400000
	277.660000	-4.368000	28.800000
	277.680000	-3.732000	30.400000
	277.700000	-3.084000	31.400000
	277.720000	-2.412000	32.600000
	277.740000	-1.728000	33.400000
	277.760000	-1.008000	34.600000
	277.780000	-0.288000	35.400000
	277.800000	0.456000	36.400000
	277.820000	1.164000	36.200000
	277.840000	1.896000	36.400000
	277.860000	2.604000	35.800000
	277.880000	3.312000	35.800000
	277.900000	4.008000	35.200000
	277.920000	4.680000	34.600000
	277.940000	5.340000	33.800000
	277.960000	5.940000	32.200000
	277.980000	6.528000	30.800000
	278.000000	7.068000	28.800000
	278.020000	7.584000	27.400000
	278.040000	8.052000	25.400000
	278.060000	8.484000	23.600000
	278.080000	8.856000	21.200000
	278.100000	9.180000	18.800000
	278.120000	9.444000	16.000000
	278.140000	9.660000	13.400000
	278.160000	9.816000	10.600000
	278.180000	9.912000	7.800000
	278.200000	9.960000	5.000000
	278.220000	9.948000	2.200000
	278.240000	9.876000	-0.600000
	278.260000	9.744000	-3.600000
	278.280000	9.552000	-6.600000
	278.300000	9.312000	-9.400000
	278.320000	9.024000	-12.000000
	278.340000	8.688000	-14.400000
	278.360000	8.316000	-16.600000
	278.380000	7.896000	-18.800000
	278.400000	7.428000	-21.000000
	278.420000	6.924000	-23.200000
	278.440000	6.384000	-25.200000
	278.460000	5.820000	-26.800000
	278.480000	5.220000	-28.400000
	278.500000	4.584000	-30.000000
	278.520000	3.936000	-31.400000
	278.540000	3.252000	-32.800000
	278.560000	2.556000	-33.800000
	278.580000	1.836000	-35.000000
	278.600000	1.116000	-35.600000
	278.620000	0.408000	-35.800000
	278.640000	-0.300000	-35.600000
	278.660000	-1.008000	-35.400000
	278.680000	-1.704000	-35.200000
	278.700000	-2.400000	-35.000000
	278.720000	-3.072000	-34.400000
	278.740000	-3.732000	-33.800000
	278.760000	-4.368000	-32.800000
	278.780000	-4.980000	-31.800000
	278.800000	-5.568000	-30.600000
	278.820000	-6.108000	-29.000000
	278.840000	-6.612000	-27.200000
	278.860000	-7.080000	-25.200000
	278.880000	-7.512000	-23.400000
	278.900000	-7.884000	-21.200000
	278.920000	-8.208000	-18.800000
	278.940000	-8.484000	-16.200000
	278.960000	-8.712000	-13.800000
	278.980000	-8.892000	-11.400000
	279.000000	-9.012000	-8.800000
	279.020000	-9.084000	-6.200000
	279.040000	-9.096000	-3.400000
	279.060000	-9.060000	-0.800000
	279.080000	-8.976000	1.800000
	279.100000	-8.844000	4.200000
	279.120000	-8.652000	6.800000
	279.140000	-8.412000	9.400000
	279.160000	-8.124000	12.000000
	279.180000	-7.800000	14.200000
	279.200000	-7.428000	16.400000
	279.220000	-7.020000	18.400000
	279.240000	-6.564000	20.600000
	279.260000	-6.084000	22.400000
	279.280000	-5.568000	24.200000
	279.300000	-5.016000	25.800000
	279.320000	-4.428000	27.600000
	279.340000	-3.804000	29.400000
	279.360000	-3.156000	31.000000
	279.380000	-2.496000	32.200000
	279.400000	-1.812000	33.200000
	279.420000	-1.116000	34.000000
	279.440000	-0.408000	34.800000
	279.460000	0.300000	35.200000
	279.480000	0.996000	35.200000
	279.500000	1.704000	35.200000
	279.520000	2.412000	35.200000
	279.540000	3.120000	35.400000
	279.560000	3.804000	35.000000
	279.580000	4.476000	34.400000
	279.600000	5.124000	33.400000
	279.620000	5.748000	32.400000
	279.640000	6.324000	30.800000
	279.660000	6.876000	29.200000
	279.680000	7.392000	27.400000
	279.700000	7.860000	25.600000
	279.720000	8.280000	23.400000
	279.740000	8.652000	21.000000
	279.760000	8.988000	18.800000
	279.780000	9.264000	16.400000
	279.800000	9.480000	13.800000
	279.820000	9.636000	10.800000
	279.840000	9.744000	8.000000
	279.860000	9.792000	5.200000
	279.880000	9.792000	2.600000
	279.900000	9.720000	-0.400000
	279.920000	9.600000	-3.200000
	279.940000	9.420000	-6.200000
	279.960000	9.192000	-8.800000
	279.980000	8.916000	-11.400000
	280.000000	8.592000	-13.800000
	280.020000	8.232000	-16.000000
	280.040000	7.824000	-18.200000
	280.060000	7.380000	-20.200000
	280.080000	6.888000	-22.400000
	280.100000	6.360000	-24.400000
	280.120000	5.784000	-26.600000
	280.140000	5.172000	-28.600000
	280.160000	4.536000	-30.400000
	280.180000	3.888000	-31.600000
	280.200000	3.228000	-32.400000
	280.220000	2.556000	-33.000000
	280.240000	1.860000	-33.800000
	280.260000	1.140000	-34.800000
	280.280000	0.420000	-35.600000
	280.300000	-0.300000	-36.000000
	280.320000	-1.008000	-35.800000
	280.340000	-1.716000	-35.600000
	280.360000	-2.400000	-35.000000
	280.380000	-3.072000	-34.400000
	280.400000	-3.732000	-33.600000
	280.420000	-4.380000	-33.000000
	280.440000	-4.992000	-32.000000
	280.460000	-5.568000	-30.600000
	280.480000	-6.120000	-29.000000
	280.500000	-6.636000	-27.400000
	280.520000	-7.116000	-25.800000
	280.540000	-7.536000	-23.600000
	280.560000	-7.920000	-21.400000
	280.580000	-8.256000	-19.000000
	280.600000	-8.556000	-17.000000
	280.620000	-8.796000	-14.600000
	280.640000	-8.988000	-12.200000
	280.660000	-9.120000	-9.400000
	280.680000	-9.204000	-6.800000
	280.700000	-9.228000	-4.000000
	280.720000	-9.204000	-1.400000
	280.740000	-9.120000	1.400000
	280.760000	-8.988000	4.000000
	280.780000	-8.808000	6.600000
	280.800000	-8.580000	9.000000
	280.820000	-8.304000	11.400000
	280.840000	-7.980000	13.800000
	280.860000	-7.620000	16.000000
	280.880000	-7.224000	18.000000
	280.900000	-6.780000	20.000000
	280.920000	-6.288000	22.200000
	280.940000	-5.748000	24.600000
	280.960000	-5.184000	26.600000
	280.980000	-4.608000	28.000000
	281.000000	-3.996000	29.200000
	281.020000	-3.360000	30.400000
	281.040000	-2.688000	32.000000
	281.060000	-2.004000	33.200000
	281.080000	-1.296000	34.400000
	281.100000	-0.576000	35.200000
	281.120000	0.144000	35.800000
	281.140000	0.876000	36.200000
	281.160000	1.596000	36.200000
	281.180000	2.316000	36.200000
	281.200000	3.024000	35.800000
	281.220000	3.732000	35.600000
	281.240000	4.416000	35.000000
	281.260000	5.076000	34.200000
	281.280000	5.712000	33.000000
	281.300000	6.324000	31.800000
	281.320000	6.900000	30.400000
	281.340000	7.428000	28.600000
	281.360000	7.920000	26.600000
	281.380000	8.364000	24.400000
	281.400000	8.760000	22.200000
	281.420000	9.108000	19.800000
	281.440000	9.408000	17.400000
	281.460000	9.660000	15.000000
	281.480000	9.852000	12.400000
	281.500000	9.984000	9.600000
	281.520000	10.056000	6.600000
	281.540000	10.068000	3.600000
	281.560000	10.020000	0.600000
	281.580000	9.912000	-2.400000
	281.600000	9.744000	-5.400000
	281.620000	9.528000	-8.200000
	281.640000	9.264000	-10.800000
	281.660000	8.952000	-13.200000
	281.680000	8.592000	-15.600000
	281.700000	8.184000	-18.000000
	281.720000	7.740000	-20.200000
	281.740000	7.248000	-22.400000
	281.760000	6.732000	-24.200000
	281.780000	6.180000	-26.000000
	281.800000	5.592000	-27.600000
	281.820000	4.968000	-29.400000
	281.840000	4.308000	-31.200000
	281.860000	3.636000	-32.600000
	281.880000	2.940000	-33.800000
	281.900000	2.208000	-35.000000
	281.920000	1.488000	-35.800000
	281.940000	0.756000	-36.400000
	281.960000	0.048000	-36.000000
	281.980000	-0.684000	-36.200000
	282.000000	-1.404000	-36.000000
	282.020000	-2.112000	-36.000000
	282.040000	-2.808000	-35.400000
	282.060000	-3.492000	-34.800000
	282.080000	-4.152000	-34.000000
	282.100000	-4.788000	-33.000000
	282.120000	-5.388000	-31.600000
	282.140000	-5.964000	-30.200000
	282.160000	-6.504000	-28.600000
	282.180000	-7.008000	-27.000000
	282.200000	-7.464000	-25.000000
	282.220000	-7.872000	-22.800000
	282.240000	-8.232000	-20.400000
	282.260000	-8.556000	-18.200000
	282.280000	-8.832000	-16.000000
	282.300000	-9.048000	-13.600000
	282.320000	-9.216000	-11.000000
	282.340000	-9.324000	-8.200000
	282.360000	-9.384000	-5.600000
	282.380000	-9.384000	-2.800000
	282.400000	-9.336000	-0.200000
	282.420000	-9.228000	2.600000
	282.440000	-9.072000	5.200000
	282.460000	-8.868000	7.800000
	282.480000	-8.616000	10.200000
	282.500000	-8.316000	12.600000
	282.520000	-7.968000	15.000000
	282.540000	-7.584000	17.200000
	282.560000	-7.152000	19.400000
	282.580000	-6.696000	21.200000
	282.600000	-6.192000	23.200000
	282.620000	-5.664000	24.800000
	282.640000	-5.088000	26.800000
	282.660000	-4.488000	28.400000
	282.680000	-3.840000	30.400000
	282.700000	-3.168000	32.000000
	282.720000	-2.496000	33.200000
	282.740000	-1.800000	34.000000
	282.760000	-1.116000	34.200000
	282.780000	-0.384000	35.200000
	282.800000	0.324000	35.400000
	282.820000	1.068000	36.400000
	282.840000	1.776000	36.000000
	282.860000	2.496000	36.200000
	282.880000	3.192000	35.400000
	282.900000	3.888000	35.200000
	282.920000	4.548000	34.200000
	282.940000	5.208000	33.600000
	282.960000	5.820000	32.200000
	282.980000	6.420000	31.200000
	283.000000	6.972000	29.400000
	283.020000	7.488000	27.800000
	283.040000	7.956000	25.600000
	283.060000	8.376000	23.400000
	283.080000	8.760000	21.200000
	283.100000	9.096000	19.000000
	283.120000	9.372000	16.600000
	283.140000	9.588000	13.800000
	283.160000	9.744000	10.800000
	283.180000	9.840000	7.800000
	283.200000	9.888000	5.000000
	283.220000	9.876000	2.200000
	283.240000	9.804000	-0.600000
	283.260000	9.672000	-3.600000
	283.280000	9.492000	-6.400000
	283.300000	9.264000	-9.000000
	283.320000	8.988000	-11.400000
	283.340000	8.652000	-14.000000
	283.360000	8.280000	-16.400000
	283.380000	7.860000	-18.800000
	283.400000	7.404000	-20.800000
	283.420000	6.900000	-23.000000
	283.440000	6.360000	-25.000000
	283.460000	5.784000	-27.000000
	283.480000	5.184000	-28.600000
	283.500000	4.572000	-29.800000
	283.520000	3.936000	-30.800000
	283.540000	3.264000	-32.000000
	283.560000	2.568000	-33.400000
	283.580000	1.860000	-34.600000
	283.600000	1.164000	-35.000000
	283.620000	0.444000	-35.400000
	283.640000	-0.264000	-35.400000
	283.660000	-0.984000	-35.800000
	283.680000	-1.692000	-35.600000
	283.700000	-2.376000	-35.200000
	283.720000	-3.048000	-34.400000
	283.740000	-3.696000	-33.400000
	283.760000	-4.332000	-32.600000
	283.780000	-4.932000	-31.400000
	283.800000	-5.508000	-30.200000
	283.820000	-6.048000	-28.600000
	283.840000	-6.552000	-27.000000
	283.860000	-7.008000	-25.000000
	283.880000	-7.428000	-23.000000
	283.900000	-7.800000	-20.800000
	283.920000	-8.124000	-18.600000
	283.940000	-8.412000	-16.400000
	283.960000	-8.640000	-14.000000
	283.980000	-8.820000	-11.600000
	284.000000	-8.940000	-8.800000
	284.020000	-9.012000	-6.200000
	284.040000	-9.024000	-3.400000
	284.060000	-8.988000	-0.800000
	284.080000	-8.904000	1.800000
	284.100000	-8.760000	4.400000
	284.120000	-8.568000	7.000000
	284.140000	-8.328000	9.600000
	284.160000	-8.040000	12.000000
	284.180000	-7.704000	14.400000
	284.200000	-7.332000	16.600000
	284.220000	-6.936000	18.400000
	284.240000	-6.492000	20.200000
	284.260000	-6.000000	22.200000
	284.280000	-5.472000	24.400000
	284.300000	-4.908000	26.400000
	284.320000	-4.332000	27.800000
	284.340000	-3.720000	29.200000
	284.360000	-3.084000	30.400000
	284.380000	-2.412000	32.000000
	284.400000	-1.728000	33.200000
	284.420000	-1.020000	34.400000
	284.440000	-0.312000	35.000000
	284.460000	0.408000	35.600000
	284.480000	1.116000	35.600000
	284.500000	1.824000	35.600000
	284.520000	2.532000	35.400000
	284.540000	3.228000	35.200000
	284.560000	3.912000	34.800000
	284.580000	4.572000	34.000000
	284.600000	5.208000	33.000000
	284.620000	5.820000	31.800000
	284.640000	6.408000	30.600000
	284.660000	6.960000	29.200000
	284.680000	7.488000	27.800000
	284.700000	7.944000	25.600000
	284.720000	8.364000	23.400000
	284.740000	8.724000	20.600000
	284.760000	9.048000	18.400000
	284.780000	9.324000	16.000000
	284.800000	9.540000	13.600000
	284.820000	9.708000	11.000000
	284.840000	9.804000	8.000000
	284.860000	9.852000	5.200000
	284.880000	9.840000	2.200000
	284.900000	9.780000	-0.400000
	284.920000	9.648000	-3.400000
	284.940000	9.468000	-6.200000
	284.960000	9.228000	-9.200000
	284.980000	8.952000	-11.600000
	285.000000	8.628000	-14.000000
	285.020000	8.256000	-16.200000
	285.040000	7.836000	-18.600000
	285.060000	7.368000	-21.000000
	285.080000	6.864000	-23.200000
	285.100000	6.336000	-25.000000
	285.120000	5.772000	-26.600000
	285.140000	5.184000	-28.000000
	285.160000	4.548000	-29.800000
	285.180000	3.900000	-31.200000
	285.200000	3.216000	-32.800000
	285.220000	2.520000	-33.800000
	285.240000	1.812000	-34.800000
	285.260000	1.104000	-35.200000
	285.280000	0.384000	-35.600000
	285.300000	-0.336000	-35.800000
	285.320000	-1.056000	-36.000000
	285.340000	-1.764000	-35.800000
	285.360000	-2.460000	-35.400000
	285.380000	-3.144000	-34.800000
	285.400000	-3.792000	-33.800000
	285.420000	-4.440000	-33.000000
	285.440000	-5.040000	-31.600000
	285.460000	-5.628000	-30.600000
	285.480000	-6.168000	-28.800000
	285.500000	-6.696000	-27.600000
	285.520000	-7.164000	-25.600000
	285.540000	-7.596000	-23.800000
	285.560000	-7.980000	-21.400000
	285.580000	-8.328000	-19.400000
	285.600000	-8.628000	-17.200000
	285.620000	-8.868000	-14.800000
	285.640000	-9.048000	-12.000000
	285.660000	-9.180000	-9.200000
	285.680000	-9.252000	-6.400000
	285.700000	-9.288000	-4.000000
	285.720000	-9.264000	-1.400000
	285.740000	-9.192000	1.000000
	285.760000	-9.060000	3.800000
	285.780000	-8.868000	6.600000
	285.800000	-8.640000	9.200000
	285.820000	-8.364000	11.600000
	285.840000	-8.052000	13.600000
	285.860000	-7.680000	16.000000
	285.880000	-7.272000	18.200000
	285.900000	-6.828000	20.400000
	285.920000	-6.360000	22.000000
	285.940000	-5.844000	23.800000
	285.960000	-5.280000	25.800000
	285.980000	-4.692000	27.800000
	286.000000	-4.080000	29.400000
	286.020000	-3.456000	30.400000
	286.040000	-2.772000	32.000000
	286.060000	-2.088000	33.200000
	286.080000	-1.380000	34.600000
	286.100000	-0.672000	35.000000
	286.120000	0.060000	35.800000
	286.140000	0.780000	36.000000
	286.160000	1.488000	36.000000
	286.180000	2.196000	35.600000
	286.200000	2.916000	35.600000
	286.220000	3.612000	35.400000
	286.240000	4.284000	34.800000
	286.260000	4.932000	33.600000
	286.280000	5.556000	32.400000
	286.300000	6.168000	31.400000
	286.320000	6.744000	30.200000
	286.340000	7.284000	28.800000
	286.360000	7.776000	26.800000
	286.380000	8.220000	24.600000
	286.400000	8.628000	22.400000
	286.420000	8.976000	20.000000
	286.440000	9.276000	17.600000
	286.460000	9.516000	14.800000
	286.480000	9.708000	12.200000
	286.500000	9.828000	9.200000
	286.520000	9.900000	6.400000
	286.540000	9.912000	3.400000
	286.560000	9.876000	0.800000
	286.580000	9.768000	-2.200000
	286.600000	9.600000	-5.200000
	286.620000	9.396000	-8.000000
	286.640000	9.144000	-10.400000
	286.660000	8.844000	-12.600000
	286.680000	8.484000	-15.200000
	286.700000	8.076000	-17.800000
	286.720000	7.632000	-20.200000
	286.740000	7.152000	-22.200000
	286.760000	6.648000	-23.800000
	286.780000	6.096000	-25.600000
	286.800000	5.508000	-27.400000
	286.820000	4.872000	-29.600000
	286.840000	4.236000	-31.000000
	286.860000	3.576000	-32.200000
	286.880000	2.904000	-32.800000
	286.900000	2.196000	-34.000000
	286.920000	1.476000	-35.000000
	286.940000	0.768000	-35.600000
	286.960000	0.048000	-35.800000
	286.980000	-0.672000	-35.800000
	287.000000	-1.404000	-36.200000
	287.020000	-2.100000	-35.800000
	287.040000	-2.784000	-35.200000
	287.060000	-3.456000	-34.200000
	287.080000	-4.116000	-33.600000
	287.100000	-4.740000	-32.600000
	287.120000	-5.328000	-31.200000
	287.140000	-5.892000	-29.600000
	287.160000	-6.432000	-28.200000
	287.180000	-6.924000	-26.600000
	287.200000	-7.368000	-24.600000
	287.220000	-7.764000	-22.200000
	287.240000	-8.124000	-20.000000
	287.260000	-8.436000	-17.800000
	287.280000	-8.700000	-15.600000
	287.300000	-8.904000	-13.000000
	287.320000	-9.060000	-10.400000
	287.340000	-9.168000	-7.800000
	287.360000	-9.228000	-5.400000
	287.380000	-9.228000	-2.800000
	287.400000	-9.168000	0.000000
	287.420000	-9.060000	2.800000
	287.440000	-8.892000	5.600000
	287.460000	-8.688000	8.000000
	287.480000	-8.424000	10.600000
	287.500000	-8.136000	12.600000
	287.520000	-7.788000	15.000000
	287.540000	-7.404000	17.000000
	287.560000	-6.972000	19.400000
	287.580000	-6.504000	21.400000
	287.600000	-6.000000	23.400000
	287.620000	-5.460000	25.200000
	287.640000	-4.896000	26.800000
	287.660000	-4.296000	28.400000
	287.680000	-3.672000	29.800000
	287.700000	-3.000000	31.600000
	287.720000	-2.328000	32.800000
	287.740000	-1.632000	34.000000
	287.760000	-0.936000	34.400000
	287.780000	-0.204000	35.400000
	287.800000	0.528000	36.000000
	287.820000	1.260000	36.600000
	287.840000	1.980000	36.400000
	287.860000	2.700000	36.200000
	287.880000	3.396000	35.600000
	287.900000	4.080000	35.000000
	287.920000	4.728000	33.800000
	287.940000	5.376000	33.000000
	287.960000	5.988000	31.800000
	287.980000	6.576000	30.800000
	288.000000	7.116000	29.000000
	288.020000	7.620000	27.200000
	288.040000	8.088000	25.200000
	288.060000	8.508000	23.200000
	288.080000	8.880000	21.000000
	288.100000	9.192000	18.400000
	288.120000	9.456000	15.800000
	288.140000	9.660000	13.000000
	288.160000	9.816000	10.400000
	288.180000	9.912000	7.600000
	288.200000	9.948000	4.800000
	288.220000	9.924000	1.800000
	288.240000	9.840000	-1.200000
	288.260000	9.708000	-4.000000
	288.280000	9.516000	-6.800000
	288.300000	9.276000	-9.400000
	288.320000	8.976000	-12.200000
	288.340000	8.640000	-14.600000
	288.360000	8.256000	-17.000000
	288.380000	7.836000	-19.000000
	288.400000	7.380000	-21.000000
	288.420000	6.876000	-23.000000
	288.440000	6.336000	-25.000000
	288.460000	5.748000	-27.200000
	288.480000	5.148000	-28.800000
	288.500000	4.512000	-30.400000
	288.520000	3.852000	-31.600000
	288.540000	3.168000	-33.000000
	288.560000	2.472000	-34.000000
	288.580000	1.752000	-35.000000
	288.600000	1.032000	-35.600000
	288.620000	0.300000	-36.200000
	288.640000	-0.420000	-36.200000
	288.660000	-1.152000	-36.400000
	288.680000	-1.860000	-36.000000
	288.700000	-2.556000	-35.600000
	288.720000	-3.228000	-34.600000
	288.740000	-3.876000	-33.600000
	288.760000	-4.500000	-32.400000
	288.780000	-5.100000	-31.200000
	288.800000	-5.676000	-30.000000
	288.820000	-6.216000	-28.600000
	288.840000	-6.720000	-27.000000
	288.860000	-7.188000	-25.200000
	288.880000	-7.620000	-23.400000
	288.900000	-8.004000	-21.400000
	288.920000	-8.340000	-19.200000
	288.940000	-8.616000	-16.600000
	288.960000	-8.844000	-14.000000
	288.980000	-9.012000	-11.200000
	289.000000	-9.132000	-8.600000
	289.020000	-9.204000	-6.000000
	289.040000	-9.228000	-3.600000
	289.060000	-9.192000	-1.000000
	289.080000	-9.096000	1.800000
	289.100000	-8.952000	4.600000
	289.120000	-8.760000	7.200000
	289.140000	-8.532000	9.400000
	289.160000	-8.244000	11.800000
	289.180000	-7.920000	14.000000
	289.200000	-7.548000	16.400000
	289.220000	-7.140000	18.400000
	289.240000	-6.696000	20.400000
	289.260000	-6.204000	22.400000
	289.280000	-5.688000	24.200000
	289.300000	-5.124000	26.200000
	289.320000	-4.524000	28.000000
	289.340000	-3.912000	29.600000
	289.360000	-3.264000	31.000000
	289.380000	-2.604000	32.000000
	289.400000	-1.908000	33.400000
	289.420000	-1.212000	34.200000
	289.440000	-0.504000	35.000000
	289.460000	0.204000	35.200000
	289.480000	0.924000	35.600000
	289.500000	1.644000	35.800000
	289.520000	2.364000	36.000000
	289.540000	3.060000	35.600000
	289.560000	3.744000	35.000000
	289.580000	4.428000	34.400000
	289.600000	5.088000	33.800000
	289.620000	5.712000	32.800000
	289.640000	6.288000	31.000000
	289.660000	6.840000	29.200000
	289.680000	7.356000	27.400000
	289.700000	7.848000	26.000000
	289.720000	8.280000	24.000000
	289.740000	8.664000	21.800000
	289.760000	8.988000	19.000000
	289.780000	9.276000	16.600000
	289.800000	9.504000	14.000000
	289.820000	9.672000	11.400000
	289.840000	9.780000	8.400000
	289.860000	9.840000	5.600000
	289.880000	9.840000	2.800000
	289.900000	9.780000	2.953193E-14
	289.920000	9.660000	-3.000000
	289.940000	9.492000	-5.800000
	289.960000	9.276000	-8.400000
	289.980000	9.012000	-10.800000
	290.000000	8.700000	-13.200000
	290.020000	8.328000	-15.800000
	290.040000	7.908000	-18.400000
	290.060000	7.452000	-20.800000
	290.080000	6.960000	-22.800000
	290.100000	6.432000	-24.600000
	290.120000	5.868000	-26.400000
	290.140000	5.280000	-28.000000
	290.160000	4.668000	-29.400000
	290.180000	4.020000	-30.800000
	290.200000	3.360000	-32.000000
	290.220000	2.676000	-33.200000
	290.240000	1.980000	-34.000000
	290.260000	1.260000	-35.000000
	290.280000	0.540000	-35.600000
	290.300000	-0.180000	-36.000000
	290.320000	-0.900000	-36.000000
	290.340000	-1.596000	-35.600000
	290.360000	-2.280000	-35.000000
	290.380000	-2.940000	-34.000000
	290.400000	-3.600000	-33.400000
	290.420000	-4.236000	-32.600000
	290.440000	-4.848000	-31.800000
	290.460000	-5.436000	-30.600000
	290.480000	-5.988000	-29.200000
	290.500000	-6.504000	-27.600000
	290.520000	-6.960000	-25.400000
	290.540000	-7.380000	-23.200000
	290.560000	-7.764000	-21.000000
	290.580000	-8.112000	-19.200000
	290.600000	-8.400000	-17.000000
	290.620000	-8.640000	-14.600000
	290.640000	-8.832000	-12.000000
	290.660000	-8.976000	-9.600000
	290.680000	-9.060000	-7.000000
	290.700000	-9.084000	-4.200000
	290.720000	-9.060000	-1.400000
	290.740000	-8.976000	1.400000
	290.760000	-8.844000	4.000000
	290.780000	-8.664000	6.600000
	290.800000	-8.436000	9.000000
	290.820000	-8.160000	11.400000
	290.840000	-7.836000	13.800000
	290.860000	-7.476000	16.000000
	290.880000	-7.080000	18.000000
	290.900000	-6.648000	19.800000
	290.920000	-6.180000	21.600000
	290.940000	-5.664000	23.600000
	290.960000	-5.112000	25.600000
	290.980000	-4.524000	27.600000
	291.000000	-3.912000	29.200000
	291.020000	-3.276000	30.600000
	291.040000	-2.604000	32.000000
	291.060000	-1.932000	33.000000
	291.080000	-1.236000	34.000000
	291.100000	-0.540000	34.400000
	291.120000	0.168000	35.000000
	291.140000	0.876000	35.200000
	291.160000	1.584000	35.400000
	291.180000	2.292000	35.400000
	291.200000	3.000000	35.400000
	291.220000	3.696000	35.200000
	291.240000	4.380000	34.800000
	291.260000	5.040000	34.000000
	291.280000	5.664000	32.800000
	291.300000	6.264000	31.400000
	291.320000	6.816000	29.600000
	291.340000	7.332000	27.800000
	291.360000	7.812000	25.800000
	291.380000	8.244000	23.800000
	291.400000	8.640000	21.800000
	291.420000	8.976000	19.400000
	291.440000	9.264000	17.000000
	291.460000	9.504000	14.400000
	291.480000	9.684000	11.800000
	291.500000	9.816000	9.200000
	291.520000	9.876000	6.200000
	291.540000	9.876000	3.200000
	291.560000	9.816000	0.000000
	291.580000	9.708000	-2.800000
	291.600000	9.552000	-5.400000
	291.620000	9.336000	-8.000000
	291.640000	9.060000	-10.800000
	291.660000	8.736000	-13.600000
	291.680000	8.376000	-16.000000
	291.700000	7.980000	-18.000000
	291.720000	7.536000	-20.000000
	291.740000	7.044000	-22.200000
	291.760000	6.516000	-24.400000
	291.780000	5.964000	-26.200000
	291.800000	5.388000	-27.600000
	291.820000	4.776000	-29.000000
	291.840000	4.128000	-30.600000
	291.860000	3.456000	-32.200000
	291.880000	2.760000	-33.600000
	291.900000	2.052000	-34.600000
	291.920000	1.344000	-35.200000
	291.940000	0.624000	-35.600000
	291.960000	-0.096000	-35.800000
	291.980000	-0.828000	-36.200000
	292.000000	-1.548000	-36.200000
	292.020000	-2.244000	-35.800000
	292.040000	-2.928000	-35.000000
	292.060000	-3.588000	-34.000000
	292.080000	-4.248000	-33.400000
	292.100000	-4.872000	-32.400000
	292.120000	-5.460000	-31.200000
	292.140000	-6.024000	-29.600000
	292.160000	-6.552000	-28.000000
	292.180000	-7.044000	-26.400000
	292.200000	-7.488000	-24.400000
	292.220000	-7.896000	-22.400000
	292.240000	-8.256000	-20.200000
	292.260000	-8.568000	-18.000000
	292.280000	-8.832000	-15.600000
	292.300000	-9.048000	-13.200000
	292.320000	-9.204000	-10.600000
	292.340000	-9.300000	-7.800000
	292.360000	-9.348000	-5.000000
	292.380000	-9.348000	-2.400000
	292.400000	-9.288000	0.200000
	292.420000	-9.180000	2.800000
	292.440000	-9.012000	5.600000
	292.460000	-8.808000	8.000000
	292.480000	-8.544000	10.600000
	292.500000	-8.244000	12.800000
	292.520000	-7.896000	15.200000
	292.540000	-7.512000	17.200000
	292.560000	-7.080000	19.400000
	292.580000	-6.612000	21.400000
	292.600000	-6.108000	23.400000
	292.620000	-5.556000	25.400000
	292.640000	-4.980000	27.200000
	292.660000	-4.380000	28.800000
	292.680000	-3.756000	30.000000
	292.700000	-3.096000	31.400000
	292.720000	-2.412000	32.800000
	292.740000	-1.716000	34.000000
	292.760000	-1.008000	34.800000
	292.780000	-0.276000	35.600000
	292.800000	0.456000	36.200000
	292.820000	1.188000	36.600000
	292.840000	1.908000	36.400000
	292.860000	2.616000	36.000000
	292.880000	3.324000	35.600000
	292.900000	4.008000	35.000000
	292.920000	4.680000	34.400000
	292.940000	5.316000	33.200000
	292.960000	5.940000	32.200000
	292.980000	6.528000	30.800000
	293.000000	7.080000	29.400000
	293.020000	7.584000	27.400000
	293.040000	8.052000	25.400000
	293.060000	8.484000	23.400000
	293.080000	8.868000	21.400000
	293.100000	9.192000	19.000000
	293.120000	9.456000	16.200000
	293.140000	9.660000	13.200000
	293.160000	9.816000	10.400000
	293.180000	9.912000	7.600000
	293.200000	9.960000	5.000000
	293.220000	9.948000	2.200000
	293.240000	9.876000	-0.600000
	293.260000	9.744000	-3.600000
	293.280000	9.552000	-6.600000
	293.300000	9.312000	-9.400000
	293.320000	9.024000	-12.000000
	293.340000	8.688000	-14.400000
	293.360000	8.316000	-16.600000
	293.380000	7.896000	-18.800000
	293.400000	7.428000	-21.000000
	293.420000	6.924000	-23.200000
	293.440000	6.384000	-25.200000
	293.460000	5.820000	-26.800000
	293.480000	5.208000	-28.600000
	293.500000	4.572000	-30.200000
	293.520000	3.912000	-31.800000
	293.540000	3.240000	-32.800000
	293.560000	2.544000	-33.800000
	293.580000	1.836000	-34.600000
	293.600000	1.116000	-35.400000
	293.620000	0.396000	-35.800000
	293.640000	-0.312000	-35.800000
	293.660000	-1.032000	-35.800000
	293.680000	-1.740000	-35.600000
	293.700000	-2.448000	-35.600000
	293.720000	-3.120000	-34.800000
	293.740000	-3.780000	-34.000000
	293.760000	-4.404000	-32.600000
	293.780000	-5.016000	-31.600000
	293.800000	-5.580000	-30.000000
	293.820000	-6.132000	-28.800000
	293.840000	-6.636000	-27.000000
	293.860000	-7.104000	-25.400000
	293.880000	-7.524000	-23.200000
	293.900000	-7.896000	-21.000000
	293.920000	-8.232000	-18.800000
	293.940000	-8.508000	-16.400000
	293.960000	-8.748000	-14.200000
	293.980000	-8.928000	-11.600000
	294.000000	-9.060000	-9.200000
	294.020000	-9.132000	-6.400000
	294.040000	-9.156000	-3.800000
	294.060000	-9.120000	-1.000000
	294.080000	-9.024000	1.800000
	294.100000	-8.880000	4.600000
	294.120000	-8.700000	7.000000
	294.140000	-8.472000	9.200000
	294.160000	-8.184000	11.600000
	294.180000	-7.848000	14.200000
	294.200000	-7.476000	16.600000
	294.220000	-7.068000	18.600000
	294.240000	-6.612000	20.600000
	294.260000	-6.120000	22.600000
	294.280000	-5.604000	24.400000
	294.300000	-5.052000	26.000000
	294.320000	-4.464000	27.600000
	294.340000	-3.828000	29.600000
	294.360000	-3.180000	31.200000
	294.380000	-2.520000	32.400000
	294.400000	-1.860000	32.800000
	294.420000	-1.176000	33.400000
	294.440000	-0.468000	34.200000
	294.460000	0.264000	35.400000
	294.480000	0.984000	36.000000
	294.500000	1.704000	36.200000
	294.520000	2.412000	35.800000
	294.540000	3.120000	35.600000
	294.560000	3.804000	35.000000
	294.580000	4.476000	34.400000
	294.600000	5.124000	33.400000
	294.620000	5.748000	32.400000
	294.640000	6.336000	31.000000
	294.660000	6.900000	29.600000
	294.680000	7.416000	27.800000
	294.700000	7.884000	25.800000
	294.720000	8.304000	23.400000
	294.740000	8.688000	21.200000
	294.760000	9.024000	19.000000
	294.780000	9.300000	16.600000
	294.800000	9.528000	14.000000
	294.820000	9.696000	11.200000
	294.840000	9.804000	8.400000
	294.860000	9.852000	5.400000
	294.880000	9.840000	2.400000
	294.900000	9.780000	-0.400000
	294.920000	9.660000	-3.200000
	294.940000	9.492000	-5.800000
	294.960000	9.276000	-8.400000
	294.980000	9.000000	-11.000000
	295.000000	8.676000	-13.600000
	295.020000	8.304000	-16.200000
	295.040000	7.896000	-18.400000
	295.060000	7.440000	-20.600000
	295.080000	6.948000	-22.600000
	295.100000	6.420000	-24.600000
	295.120000	5.868000	-26.200000
	295.140000	5.268000	-28.000000
	295.160000	4.644000	-29.600000
	295.180000	3.984000	-31.400000
	295.200000	3.312000	-32.600000
	295.220000	2.628000	-33.600000
	295.240000	1.932000	-34.200000
	295.260000	1.224000	-34.800000
	295.280000	0.504000	-35.400000
	295.300000	-0.216000	-35.800000
	295.320000	-0.936000	-36.000000
	295.340000	-1.644000	-35.800000
	295.360000	-2.340000	-35.400000
	295.380000	-3.012000	-34.600000
	295.400000	-3.684000	-34.000000
	295.420000	-4.332000	-33.200000
	295.440000	-4.944000	-32.200000
	295.460000	-5.520000	-30.600000
	295.480000	-6.072000	-29.000000
	295.500000	-6.588000	-27.400000
	295.520000	-7.068000	-25.800000
	295.540000	-7.500000	-23.800000
	295.560000	-7.896000	-21.800000
	295.580000	-8.232000	-19.400000
	295.600000	-8.520000	-17.000000
	295.620000	-8.760000	-14.400000
	295.640000	-8.952000	-12.000000
	295.660000	-9.084000	-9.400000
	295.680000	-9.168000	-6.800000
	295.700000	-9.192000	-4.000000
	295.720000	-9.168000	-1.400000
	295.740000	-9.084000	1.400000
	295.760000	-8.952000	4.000000
	295.780000	-8.772000	6.600000
	295.800000	-8.556000	8.800000
	295.820000	-8.292000	11.000000
	295.840000	-7.980000	13.200000
	295.860000	-7.620000	15.600000
	295.880000	-7.212000	18.000000
	295.900000	-6.768000	20.200000
	295.920000	-6.276000	22.400000
	295.940000	-5.760000	24.200000
	295.960000	-5.208000	26.000000
	295.980000	-4.632000	27.400000
	296.000000	-4.020000	29.000000
	296.020000	-3.372000	30.600000
	296.040000	-2.700000	32.200000
	296.060000	-2.016000	33.400000
	296.080000	-1.320000	34.200000
	296.100000	-0.612000	34.800000
	296.120000	0.120000	35.600000
	296.140000	0.840000	36.000000
	296.160000	1.572000	36.400000
	296.180000	2.280000	36.000000
	296.200000	3.000000	36.000000
	296.220000	3.684000	35.200000
	296.240000	4.368000	34.800000
	296.260000	5.028000	33.800000
	296.280000	5.676000	33.200000
	296.300000	6.276000	31.800000
	296.320000	6.828000	30.000000
	296.340000	7.344000	27.800000
	296.360000	7.836000	26.000000
	296.380000	8.292000	24.400000
	296.400000	8.700000	22.600000
	296.420000	9.048000	20.200000
	296.440000	9.348000	17.600000
	296.460000	9.588000	14.800000
	296.480000	9.768000	12.000000
	296.500000	9.888000	9.000000
	296.520000	9.960000	6.200000
	296.540000	9.972000	3.400000
	296.560000	9.936000	0.800000
	296.580000	9.828000	-2.200000
	296.600000	9.672000	-5.000000
	296.620000	9.456000	-8.000000
	296.640000	9.192000	-10.600000
	296.660000	8.880000	-13.200000
	296.680000	8.532000	-15.400000
	296.700000	8.136000	-17.600000
	296.720000	7.692000	-19.800000
	296.740000	7.200000	-22.200000
	296.760000	6.672000	-24.400000
	296.780000	6.120000	-26.200000
	296.800000	5.520000	-28.000000
	296.820000	4.896000	-29.600000
	296.840000	4.248000	-31.200000
	296.860000	3.588000	-32.200000
	296.880000	2.916000	-33.000000
	296.900000	2.208000	-34.000000
	296.920000	1.488000	-35.000000
	296.940000	0.744000	-36.200000
	296.960000	0.024000	-36.400000
	296.980000	-0.696000	-36.400000
	297.000000	-1.404000	-35.800000
	297.020000	-2.112000	-35.600000
	297.040000	-2.796000	-35.000000
	297.060000	-3.480000	-34.600000
	297.080000	-4.140000	-33.800000
	297.100000	-4.788000	-33.200000
	297.120000	-5.376000	-31.600000
	297.140000	-5.940000	-30.000000
	297.160000	-6.456000	-27.800000
	297.180000	-6.960000	-26.400000
	297.200000	-7.404000	-24.400000
	297.220000	-7.824000	-22.800000
	297.240000	-8.184000	-20.400000
	297.260000	-8.508000	-18.400000
	297.280000	-8.772000	-15.800000
	297.300000	-8.976000	-13.200000
	297.320000	-9.132000	-10.400000
	297.340000	-9.240000	-7.800000
	297.360000	-9.300000	-5.400000
	297.380000	-9.300000	-2.800000
	297.400000	-9.240000	0.000000
	297.420000	-9.132000	2.800000
	297.440000	-8.976000	5.400000
	297.460000	-8.772000	7.800000
	297.480000	-8.508000	10.400000
	297.500000	-8.208000	12.800000
	297.520000	-7.860000	15.200000
	297.540000	-7.476000	17.200000
	297.560000	-7.044000	19.400000
	297.580000	-6.576000	21.400000
	297.600000	-6.072000	23.400000
	297.620000	-5.532000	25.200000
	297.640000	-4.956000	27.000000
	297.660000	-4.356000	28.600000
	297.680000	-3.732000	30.000000
	297.700000	-3.084000	31.200000
	297.720000	-2.400000	32.600000
	297.740000	-1.704000	33.800000
	297.760000	-0.996000	34.800000
	297.780000	-0.276000	35.400000
	297.800000	0.456000	36.000000
	297.820000	1.188000	36.400000
	297.840000	1.896000	36.200000
	297.860000	2.604000	35.800000
	297.880000	3.312000	35.400000
	297.900000	4.020000	35.400000
	297.920000	4.680000	34.600000
	297.940000	5.316000	33.400000
	297.960000	5.928000	31.800000
	297.980000	6.528000	30.800000
	298.000000	7.080000	29.400000
	298.020000	7.572000	27.400000
	298.040000	8.040000	25.200000
	298.060000	8.460000	23.000000
	298.080000	8.844000	21.200000
	298.100000	9.168000	18.800000
	298.120000	9.432000	16.200000
	298.140000	9.648000	13.400000
	298.160000	9.792000	10.400000
	298.180000	9.888000	7.600000
	298.200000	9.924000	4.600000
	298.220000	9.912000	2.000000
	298.240000	9.840000	-0.800000
	298.260000	9.708000	-3.600000
	298.280000	9.516000	-6.600000
	298.300000	9.288000	-9.200000
	298.320000	9.000000	-11.800000
	298.340000	8.664000	-14.200000
	298.360000	8.280000	-16.800000
	298.380000	7.860000	-19.000000
	298.400000	7.404000	-21.000000
	298.420000	6.900000	-23.000000
	298.440000	6.360000	-25.000000
	298.460000	5.784000	-27.000000
	298.480000	5.184000	-28.600000
	298.500000	4.560000	-30.000000
	298.520000	3.900000	-31.400000
	298.540000	3.216000	-32.800000
	298.560000	2.520000	-34.000000
	298.580000	1.824000	-34.600000
	298.600000	1.116000	-35.000000
	298.620000	0.396000	-35.400000
	298.640000	-0.324000	-35.800000
	298.660000	-1.032000	-35.800000
	298.680000	-1.740000	-35.600000
	298.700000	-2.436000	-35.200000
	298.720000	-3.120000	-34.800000
	298.740000	-3.780000	-34.000000
	298.760000	-4.404000	-32.800000
	298.780000	-5.004000	-31.400000
	298.800000	-5.580000	-30.000000
	298.820000	-6.132000	-28.800000
	298.840000	-6.648000	-27.400000
	298.860000	-7.104000	-25.400000
	298.880000	-7.524000	-23.200000
	298.900000	-7.896000	-20.800000
	298.920000	-8.232000	-18.800000
	298.940000	-8.508000	-16.400000
	298.960000	-8.736000	-14.000000
	298.980000	-8.916000	-11.400000
	299.000000	-9.036000	-8.800000
	299.020000	-9.108000	-6.200000
	299.040000	-9.120000	-3.400000
	299.060000	-9.084000	-0.800000
	299.080000	-8.988000	2.000000
	299.100000	-8.844000	4.600000
	299.120000	-8.652000	7.200000
	299.140000	-8.424000	9.400000
	299.160000	-8.136000	11.800000
	299.180000	-7.812000	14.000000
	299.200000	-7.428000	16.600000
	299.220000	-7.032000	18.400000
	299.240000	-6.588000	20.400000
	299.260000	-6.108000	22.000000
	299.280000	-5.568000	24.400000
	299.300000	-5.004000	26.400000
	299.320000	-4.416000	28.200000
	299.340000	-3.792000	29.600000
	299.360000	-3.144000	31.000000
	299.380000	-2.472000	32.400000
	299.400000	-1.800000	33.200000
	299.420000	-1.092000	34.200000
	299.440000	-0.396000	34.600000
	299.460000	0.324000	35.400000
	299.480000	1.032000	35.400000
	299.500000	1.764000	36.000000
	299.520000	2.472000	35.800000
	299.540000	3.168000	35.600000
	299.560000	3.852000	34.800000
	299.580000	4.524000	34.200000
	299.600000	5.172000	33.400000
	299.620000	5.796000	32.400000
	299.640000	6.372000	30.800000
	299.660000	6.924000	29.200000
	299.680000	7.428000	27.200000
	299.700000	7.908000	25.600000
	299.720000	8.340000	23.600000
	299.740000	8.724000	21.600000
	299.760000	9.060000	19.200000
	299.780000	9.336000	16.600000
	299.800000	9.564000	14.000000
	299.820000	9.732000	11.200000
	299.840000	9.840000	8.400000
	299.860000	9.888000	5.400000
	299.880000	9.876000	2.400000
	299.900000	9.816000	-0.400000
	299.920000	9.696000	-3.200000
	299.940000	9.528000	-5.800000
	299.960000	9.300000	-8.600000
	299.980000	9.024000	-11.200000
	300.000000	8.688000	-14.000000
	300.020000	8.316000	-16.400000
	300.040000	7.896000	-18.800000
	300.060000	7.452000	-20.600000
	300.080000	6.960000	-22.600000
	300.100000	6.432000	-24.400000
	300.120000	5.868000	-26.400000
	300.140000	5.268000	-28.200000
	300.160000	4.644000	-29.800000
	300.180000	3.996000	-31.200000
	300.200000	3.324000	-32.400000
	300.220000	2.628000	-33.600000
	300.240000	1.920000	-34.600000
	300.260000	1.200000	-35.400000
	300.280000	0.480000	-35.800000
	300.300000	-0.252000	-36.200000
	300.320000	-0.948000	-35.800000
	300.340000	-1.644000	-35.400000
	300.360000	-2.328000	-34.600000
	300.380000	-3.012000	-34.400000
	300.400000	-3.672000	-33.800000
	300.420000	-4.320000	-33.200000
	300.440000	-4.932000	-32.000000
	300.460000	-5.520000	-30.800000
	300.480000	-6.072000	-29.200000
	300.500000	-6.588000	-27.600000
	300.520000	-7.056000	-25.600000
	300.540000	-7.476000	-23.400000
	300.560000	-7.872000	-21.400000
	300.580000	-8.220000	-19.400000
	300.600000	-8.520000	-17.400000
	300.620000	-8.760000	-14.800000
	300.640000	-8.952000	-12.200000
	300.660000	-9.096000	-9.600000
	300.680000	-9.180000	-7.000000
	300.700000	-9.216000	-4.400000
	300.720000	-9.192000	-1.600000
	300.740000	-9.120000	1.000000
	300.760000	-8.988000	3.800000
	300.780000	-8.808000	6.400000
	300.800000	-8.580000	9.000000
	300.820000	-8.304000	11.400000
	300.840000	-7.980000	13.800000
	300.860000	-7.620000	16.000000
	300.880000	-7.224000	18.000000
	300.900000	-6.780000	20.000000
	300.920000	-6.288000	22.200000
	300.940000	-5.760000	24.400000
	300.960000	-5.208000	26.200000
	300.980000	-4.632000	27.600000
	301.000000	-4.020000	29.000000
	301.020000	-3.372000	30.600000
	301.040000	-2.712000	32.000000
	301.060000	-2.040000	33.000000
	301.080000	-1.356000	33.600000
	301.100000	-0.636000	34.600000
	301.120000	0.096000	35.600000
	301.140000	0.816000	36.200000
	301.160000	1.536000	36.200000
	301.180000	2.256000	36.000000
	301.200000	2.976000	36.000000
	301.220000	3.672000	35.600000
	301.240000	4.344000	34.800000
	301.260000	4.992000	33.600000
	301.280000	5.616000	32.400000
	301.300000	6.216000	31.200000
	301.320000	6.780000	29.800000
	301.340000	7.308000	28.200000
	301.360000	7.800000	26.400000
	301.380000	8.256000	24.600000
	301.400000	8.664000	22.600000
	301.420000	9.012000	20.200000
	301.440000	9.312000	17.600000
	301.460000	9.552000	14.800000
	301.480000	9.744000	12.200000
	301.500000	9.864000	9.200000
	301.520000	9.936000	6.400000
	301.540000	9.948000	3.400000
	301.560000	9.912000	0.800000
	301.580000	9.804000	-2.200000
	301.600000	9.648000	-5.000000
	301.620000	9.432000	-8.000000
	301.640000	9.180000	-10.400000
	301.660000	8.868000	-13.000000
	301.680000	8.520000	-15.200000
	301.700000	8.112000	-17.800000
	301.720000	7.668000	-20.000000
	301.740000	7.176000	-22.400000
	301.760000	6.660000	-24.200000
	301.780000	6.108000	-26.000000
	301.800000	5.532000	-27.400000
	301.820000	4.920000	-29.000000
	301.840000	4.272000	-30.600000
	301.860000	3.588000	-32.400000
	301.880000	2.892000	-33.800000
	301.900000	2.196000	-34.600000
	301.920000	1.500000	-34.800000
	301.940000	0.792000	-35.000000
	301.960000	0.072000	-35.400000
	301.980000	-0.660000	-36.000000
	302.000000	-1.392000	-36.400000
	302.020000	-2.100000	-36.200000
	302.040000	-2.784000	-35.400000
	302.060000	-3.468000	-34.600000
	302.080000	-4.128000	-33.800000
	302.100000	-4.764000	-33.000000
	302.120000	-5.352000	-31.400000
	302.140000	-5.928000	-30.000000
	302.160000	-6.444000	-28.000000
	302.180000	-6.924000	-26.200000
	302.200000	-7.356000	-23.800000
	302.220000	-7.764000	-22.000000
	302.240000	-8.124000	-20.000000
	302.260000	-8.436000	-18.000000
	302.280000	-8.712000	-15.800000
	302.300000	-8.928000	-13.400000
	302.320000	-9.096000	-11.000000
	302.340000	-9.192000	-8.000000
	302.360000	-9.240000	-5.200000
	302.380000	-9.240000	-2.400000
	302.400000	-9.192000	0.000000
	302.420000	-9.084000	2.600000
	302.440000	-8.916000	5.400000
	302.460000	-8.700000	8.200000
	302.480000	-8.448000	10.600000
	302.500000	-8.148000	12.800000
	302.520000	-7.812000	14.800000
	302.540000	-7.428000	17.000000
	302.560000	-7.008000	19.000000
	302.580000	-6.540000	21.200000
	302.600000	-6.036000	23.200000
	302.620000	-5.496000	25.200000
	302.640000	-4.932000	26.800000
	302.660000	-4.320000	28.600000
	302.680000	-3.684000	30.200000
	302.700000	-3.024000	31.800000
	302.720000	-2.352000	32.800000
	302.740000	-1.656000	33.800000
	302.760000	-0.948000	34.600000
	302.780000	-0.240000	35.200000
	302.800000	0.468000	35.400000
	302.820000	1.200000	35.800000
	302.840000	1.932000	36.200000
	302.860000	2.652000	36.400000
	302.880000	3.348000	35.800000
	302.900000	4.020000	34.800000
	302.920000	4.680000	33.800000
	302.940000	5.316000	32.800000
	302.960000	5.928000	31.800000
	302.980000	6.516000	30.600000
	303.000000	7.068000	29.200000
	303.020000	7.584000	27.600000
	303.040000	8.040000	25.400000
	303.060000	8.460000	23.200000
	303.080000	8.832000	20.800000
	303.100000	9.156000	18.600000
	303.120000	9.420000	16.000000
	303.140000	9.624000	13.200000
	303.160000	9.780000	10.400000
	303.180000	9.876000	7.600000
	303.200000	9.912000	4.800000
	303.220000	9.888000	1.800000
	303.240000	9.804000	-1.200000
	303.260000	9.672000	-4.000000
	303.280000	9.480000	-6.800000
	303.300000	9.240000	-9.400000
	303.320000	8.940000	-12.200000
	303.340000	8.604000	-14.600000
	303.360000	8.220000	-17.000000
	303.380000	7.800000	-19.000000
	303.400000	7.332000	-21.200000
	303.420000	6.840000	-23.000000
	303.440000	6.300000	-25.000000
	303.460000	5.736000	-26.600000
	303.480000	5.124000	-28.600000
	303.500000	4.488000	-30.200000
	303.520000	3.816000	-32.000000
	303.540000	3.132000	-33.200000
	303.560000	2.436000	-34.200000
	303.580000	1.740000	-34.600000
	303.600000	1.032000	-35.000000
	303.620000	0.312000	-35.400000
	303.640000	-0.408000	-35.800000
	303.660000	-1.128000	-36.000000
	303.680000	-1.824000	-35.600000
	303.700000	-2.520000	-35.200000
	303.720000	-3.192000	-34.400000
	303.740000	-3.852000	-33.800000
	303.760000	-4.476000	-32.600000
	303.780000	-5.076000	-31.400000
	303.800000	-5.652000	-30.000000
	303.820000	-6.192000	-28.600000
	303.840000	-6.696000	-27.000000
	303.860000	-7.152000	-25.000000
	303.880000	-7.572000	-23.000000
	303.900000	-7.944000	-20.800000
	303.920000	-8.268000	-18.600000
	303.940000	-8.544000	-16.200000
	303.960000	-8.772000	-13.800000
	303.980000	-8.952000	-11.400000
	304.000000	-9.084000	-9.000000
	304.020000	-9.156000	-6.400000
	304.040000	-9.168000	-3.600000
	304.060000	-9.132000	-0.800000
	304.080000	-9.036000	2.000000
	304.100000	-8.892000	4.600000
	304.120000	-8.688000	7.400000
	304.140000	-8.460000	9.600000
	304.160000	-8.172000	12.000000
	304.180000	-7.836000	14.200000
	304.200000	-7.452000	16.800000
	304.220000	-7.032000	19.000000
	304.240000	-6.588000	20.800000
	304.260000	-6.096000	22.600000
	304.280000	-5.580000	24.200000
	304.300000	-5.028000	26.000000
	304.320000	-4.440000	27.600000
	304.340000	-3.816000	29.400000
	304.360000	-3.168000	31.000000
	304.380000	-2.496000	32.400000
	304.400000	-1.824000	33.200000
	304.420000	-1.116000	34.200000
	304.440000	-0.396000	35.000000
	304.460000	0.324000	35.800000
	304.480000	1.044000	36.000000
	304.500000	1.752000	35.800000
	304.520000	2.484000	36.000000
	304.540000	3.192000	35.800000
	304.560000	3.876000	35.400000
	304.580000	4.536000	34.200000
	304.600000	5.172000	33.000000
	304.620000	5.784000	31.800000
	304.640000	6.372000	30.600000
	304.660000	6.936000	29.400000
	304.680000	7.464000	28.000000
	304.700000	7.944000	26.200000
	304.720000	8.364000	23.800000
	304.740000	8.736000	21.200000
	304.760000	9.060000	18.600000
	304.780000	9.348000	16.400000
	304.800000	9.576000	14.000000
	304.820000	9.744000	11.400000
	304.840000	9.852000	8.400000
	304.860000	9.912000	5.600000
	304.880000	9.912000	2.800000
	304.900000	9.840000	-0.200000
	304.920000	9.708000	-3.400000
	304.940000	9.528000	-6.400000
	304.960000	9.300000	-9.000000
	304.980000	9.024000	-11.400000
	305.000000	8.700000	-13.800000
	305.020000	8.328000	-16.200000
	305.040000	7.920000	-18.400000
	305.060000	7.464000	-20.600000
	305.080000	6.972000	-22.600000
	305.100000	6.444000	-24.600000
	305.120000	5.880000	-26.400000
	305.140000	5.280000	-28.200000
	305.160000	4.644000	-30.000000
	305.180000	3.984000	-31.600000
	305.200000	3.324000	-32.600000
	305.220000	2.640000	-33.400000
	305.240000	1.944000	-34.000000
	305.260000	1.224000	-35.000000
	305.280000	0.504000	-35.600000
	305.300000	-0.216000	-36.000000
	305.320000	-0.936000	-36.000000
	305.340000	-1.644000	-35.800000
	305.360000	-2.352000	-35.600000
	305.380000	-3.036000	-35.000000
	305.400000	-3.708000	-34.400000
	305.420000	-4.344000	-33.200000
	305.440000	-4.956000	-32.000000
	305.460000	-5.544000	-30.600000
	305.480000	-6.096000	-29.200000
	305.500000	-6.612000	-27.600000
	305.520000	-7.080000	-25.600000
	305.540000	-7.512000	-23.600000
	305.560000	-7.908000	-21.600000
	305.580000	-8.256000	-19.600000
	305.600000	-8.556000	-17.400000
	305.620000	-8.796000	-14.800000
	305.640000	-8.988000	-12.200000
	305.660000	-9.120000	-9.400000
	305.680000	-9.204000	-6.800000
	305.700000	-9.228000	-4.000000
	305.720000	-9.204000	-1.400000
	305.740000	-9.132000	1.200000
	305.760000	-9.012000	3.600000
	305.780000	-8.844000	6.000000
	305.800000	-8.616000	8.600000
	305.820000	-8.340000	11.200000
	305.840000	-8.016000	13.800000
	305.860000	-7.656000	16.000000
	305.880000	-7.248000	18.200000
	305.900000	-6.804000	20.200000
	305.920000	-6.324000	22.200000
	305.940000	-5.820000	23.800000
	305.960000	-5.268000	25.600000
	305.980000	-4.680000	27.400000
	306.000000	-4.068000	29.200000
	306.020000	-3.444000	30.400000
	306.040000	-2.784000	31.600000
	306.060000	-2.100000	32.800000
	306.080000	-1.392000	34.200000
	306.100000	-0.684000	35.000000
	306.120000	0.036000	35.600000
	306.140000	0.756000	35.800000
	306.160000	1.476000	36.000000
	306.180000	2.196000	36.000000
	306.200000	2.904000	35.800000
	306.220000	3.600000	35.400000
	306.240000	4.284000	34.800000
	306.260000	4.956000	34.200000
	306.280000	5.592000	33.200000
	306.300000	6.192000	31.800000
	306.320000	6.756000	30.000000
	306.340000	7.284000	28.200000
	306.360000	7.776000	26.400000
	306.380000	8.220000	24.400000
	306.400000	8.628000	22.400000
	306.420000	8.976000	20.000000
	306.440000	9.276000	17.600000
	306.460000	9.516000	14.800000
	306.480000	9.708000	12.200000
	306.500000	9.840000	9.400000
	306.520000	9.912000	6.600000
	306.540000	9.924000	3.600000
	306.560000	9.876000	0.600000
	306.580000	9.780000	-2.200000
	306.600000	9.624000	-5.000000
	306.620000	9.420000	-7.600000
	306.640000	9.168000	-10.200000
	306.660000	8.856000	-12.800000
	306.680000	8.508000	-15.200000
	306.700000	8.100000	-17.800000
	306.720000	7.668000	-19.800000
	306.740000	7.188000	-22.000000
	306.760000	6.672000	-23.800000
	306.780000	6.108000	-26.000000
	306.800000	5.508000	-28.000000
	306.820000	4.884000	-29.800000
	306.840000	4.248000	-31.000000
	306.860000	3.600000	-31.800000
	306.880000	2.916000	-32.800000
	306.900000	2.220000	-33.800000
	306.920000	1.488000	-35.200000
	306.940000	0.780000	-35.600000
	306.960000	0.060000	-36.000000
	306.980000	-0.648000	-35.600000
	307.000000	-1.368000	-35.800000
	307.020000	-2.076000	-35.600000
	307.040000	-2.760000	-35.200000
	307.060000	-3.432000	-34.400000
	307.080000	-4.068000	-33.200000
	307.100000	-4.692000	-32.200000
	307.120000	-5.292000	-31.000000
	307.140000	-5.868000	-30.000000
	307.160000	-6.408000	-28.600000
	307.180000	-6.888000	-26.600000
	307.200000	-7.332000	-24.400000
	307.220000	-7.740000	-22.200000
	307.240000	-8.100000	-20.200000
	307.260000	-8.412000	-18.000000
	307.280000	-8.664000	-15.400000
	307.300000	-8.880000	-13.000000
	307.320000	-9.048000	-10.600000
	307.340000	-9.156000	-8.200000
	307.360000	-9.204000	-5.400000
	307.380000	-9.192000	-2.400000
	307.400000	-9.132000	0.400000
	307.420000	-9.024000	3.000000
	307.440000	-8.868000	5.400000
	307.460000	-8.664000	7.800000
	307.480000	-8.400000	10.400000
	307.500000	-8.100000	12.800000
	307.520000	-7.752000	15.200000
	307.540000	-7.368000	17.200000
	307.560000	-6.936000	19.400000
	307.580000	-6.468000	21.400000
	307.600000	-5.976000	23.200000
	307.620000	-5.436000	25.000000
	307.640000	-4.860000	26.800000
	307.660000	-4.248000	28.800000
	307.680000	-3.624000	30.200000
	307.700000	-2.976000	31.400000
	307.720000	-2.304000	32.400000
	307.740000	-1.620000	33.400000
	307.760000	-0.924000	34.200000
	307.780000	-0.204000	35.000000
	307.800000	0.528000	35.800000
	307.820000	1.248000	36.200000
	307.840000	1.968000	36.200000
	307.860000	2.664000	35.600000
	307.880000	3.384000	35.600000
	307.900000	4.068000	35.000000
	307.920000	4.740000	34.600000
	307.940000	5.364000	33.000000
	307.960000	5.976000	31.800000
	307.980000	6.564000	30.400000
	308.000000	7.116000	29.200000
	308.020000	7.620000	27.400000
	308.040000	8.076000	25.200000
	308.060000	8.484000	22.800000
	308.080000	8.844000	20.400000
	308.100000	9.168000	18.200000
	308.120000	9.432000	15.800000
	308.140000	9.636000	13.200000
	308.160000	9.780000	10.200000
	308.180000	9.876000	7.400000
	308.200000	9.912000	4.600000
	308.220000	9.888000	1.800000
	308.240000	9.804000	-1.200000
	308.260000	9.672000	-4.000000
	308.280000	9.480000	-6.800000
	308.300000	9.240000	-9.400000
	308.320000	8.952000	-12.000000
	308.340000	8.616000	-14.400000
	308.360000	8.232000	-16.800000
	308.380000	7.800000	-19.200000
	308.400000	7.344000	-21.200000
	308.420000	6.840000	-23.200000
	308.440000	6.300000	-25.000000
	308.460000	5.724000	-27.000000
	308.480000	5.112000	-28.800000
	308.500000	4.476000	-30.400000
	308.520000	3.804000	-32.000000
	308.540000	3.132000	-33.000000
	308.560000	2.448000	-33.800000
	308.580000	1.752000	-34.200000
	308.600000	1.044000	-34.800000
	308.620000	0.324000	-35.400000
	308.640000	-0.396000	-35.800000
	308.660000	-1.104000	-35.800000
	308.680000	-1.812000	-35.600000
	308.700000	-2.496000	-35.000000
	308.720000	-3.180000	-34.600000
	308.740000	-3.840000	-33.800000
	308.760000	-4.476000	-33.000000
	308.780000	-5.076000	-31.600000
	308.800000	-5.652000	-30.200000
	308.820000	-6.192000	-28.600000
	308.840000	-6.708000	-27.200000
	308.860000	-7.164000	-25.200000
	308.880000	-7.584000	-23.200000
	308.900000	-7.944000	-20.600000
	308.920000	-8.268000	-18.400000
	308.940000	-8.556000	-16.200000
	308.960000	-8.784000	-14.000000
	308.980000	-8.964000	-11.600000
	309.000000	-9.084000	-8.800000
	309.020000	-9.156000	-6.200000
	309.040000	-9.168000	-3.400000
	309.060000	-9.132000	-0.800000
	309.080000	-9.048000	1.800000
	309.100000	-8.904000	4.400000
	309.120000	-8.700000	7.200000
	309.140000	-8.460000	9.800000
	309.160000	-8.184000	12.000000
	309.180000	-7.860000	14.000000
	309.200000	-7.476000	16.400000
	309.220000	-7.056000	18.800000
	309.240000	-6.612000	20.800000
	309.260000	-6.132000	22.400000
	309.280000	-5.616000	24.000000
	309.300000	-5.052000	26.000000
	309.320000	-4.452000	28.000000
	309.340000	-3.816000	30.000000
	309.360000	-3.168000	31.400000
	309.380000	-2.508000	32.400000
	309.400000	-1.836000	33.000000
	309.420000	-1.140000	33.800000
	309.440000	-0.432000	34.600000
	309.460000	0.288000	35.400000
	309.480000	1.008000	35.800000
	309.500000	1.728000	36.000000
	309.520000	2.448000	36.000000
	309.540000	3.144000	35.600000
	309.560000	3.828000	35.000000
	309.580000	4.500000	34.200000
	309.600000	5.160000	33.600000
	309.620000	5.772000	32.400000
	309.640000	6.360000	31.000000
	309.660000	6.912000	29.200000
	309.680000	7.440000	27.800000
	309.700000	7.908000	25.800000
	309.720000	8.340000	23.800000
	309.740000	8.724000	21.400000
	309.760000	9.060000	19.200000
	309.780000	9.336000	16.600000
	309.800000	9.564000	14.000000
	309.820000	9.732000	11.200000
	309.840000	9.840000	8.400000
	309.860000	9.888000	5.400000
	309.880000	9.876000	2.400000
	309.900000	9.816000	-0.400000
	309.920000	9.696000	-3.200000
	309.940000	9.528000	-5.800000
	309.960000	9.300000	-8.600000
	309.980000	9.024000	-11.200000
	310.000000	8.700000	-13.800000
	310.020000	8.340000	-16.000000
	310.040000	7.932000	-18.200000
	310.060000	7.488000	-20.200000
	310.080000	6.996000	-22.400000
	310.100000	6.468000	-24.400000
	310.120000	5.892000	-26.600000
	310.140000	5.292000	-28.400000
	310.160000	4.656000	-30.200000
	310.180000	4.008000	-31.400000
	310.200000	3.348000	-32.400000
	310.220000	2.664000	-33.200000
	310.240000	1.968000	-34.000000
	310.260000	1.236000	-35.200000
	310.280000	0.528000	-35.600000
	310.300000	-0.192000	-36.000000
	310.320000	-0.900000	-35.600000
	310.340000	-1.608000	-35.600000
	310.360000	-2.316000	-35.400000
	310.380000	-3.000000	-35.000000
	310.400000	-3.672000	-34.400000
	310.420000	-4.308000	-33.200000
	310.440000	-4.920000	-32.000000
	310.460000	-5.496000	-30.400000
	310.480000	-6.036000	-28.800000
	310.500000	-6.552000	-27.200000
	310.520000	-7.032000	-25.600000
	310.540000	-7.464000	-23.800000
	310.560000	-7.848000	-21.600000
	310.580000	-8.184000	-19.200000
	310.600000	-8.484000	-17.000000
	310.620000	-8.724000	-14.600000
	310.640000	-8.916000	-12.200000
	310.660000	-9.048000	-9.400000
	310.680000	-9.132000	-6.800000
	310.700000	-9.168000	-4.200000
	310.720000	-9.156000	-1.800000
	310.740000	-9.084000	0.800000
	310.760000	-8.952000	3.600000
	310.780000	-8.772000	6.400000
	310.800000	-8.544000	9.000000
	310.820000	-8.268000	11.400000
	310.840000	-7.944000	13.800000
	310.860000	-7.584000	16.000000
	310.880000	-7.188000	18.000000
	310.900000	-6.756000	19.800000
	310.920000	-6.276000	21.800000
	310.940000	-5.760000	23.800000
	310.960000	-5.208000	25.800000
	310.980000	-4.632000	27.400000
	311.000000	-4.008000	29.200000
	311.020000	-3.360000	30.800000
	311.040000	-2.688000	32.400000
	311.060000	-2.004000	33.400000
	311.080000	-1.308000	34.200000
	311.100000	-0.600000	34.800000
	311.120000	0.108000	35.200000
	311.140000	0.828000	35.600000
	311.160000	1.536000	35.600000
	311.180000	2.244000	35.600000
	311.200000	2.952000	35.400000
	311.220000	3.648000	35.200000
	311.240000	4.332000	34.800000
	311.260000	4.980000	33.800000
	311.280000	5.628000	33.000000
	311.300000	6.216000	31.400000
	311.320000	6.780000	30.000000
	311.340000	7.296000	27.800000
	311.360000	7.800000	26.400000
	311.380000	8.256000	24.600000
	311.400000	8.664000	22.800000
	311.420000	9.012000	20.200000
	311.440000	9.312000	17.600000
	311.460000	9.552000	14.800000
	311.480000	9.732000	12.000000
	311.500000	9.852000	9.000000
	311.520000	9.912000	6.000000
	311.540000	9.924000	3.200000
	311.560000	9.876000	0.400000
	311.580000	9.780000	-2.200000
	311.600000	9.624000	-5.000000
	311.620000	9.420000	-7.600000
	311.640000	9.156000	-10.400000
	311.660000	8.844000	-13.000000
	311.680000	8.484000	-15.600000
	311.700000	8.076000	-18.000000
	311.720000	7.632000	-20.200000
	311.740000	7.152000	-22.200000
	311.760000	6.648000	-23.800000
	311.780000	6.096000	-25.600000
	311.800000	5.436000	-28.600000
	311.820000	4.812000	-30.600000
	311.840000	4.176000	-32.000000
	311.860000	3.576000	-31.000000
	311.880000	2.892000	-32.000000
	311.900000	2.184000	-33.200000
	311.920000	1.476000	-35.000000
	311.940000	0.756000	-35.600000
	311.960000	0.036000	-35.800000
	311.980000	-0.684000	-36.000000
	312.000000	-1.404000	-36.000000
	312.020000	-2.100000	-35.600000
	312.040000	-2.784000	-35.000000
	312.060000	-3.444000	-34.000000
	312.080000	-4.104000	-33.400000
	312.100000	-4.728000	-32.400000
	312.120000	-5.328000	-31.400000
	312.140000	-5.880000	-29.600000
	312.160000	-6.408000	-28.000000
	312.180000	-6.900000	-26.200000
	312.200000	-7.356000	-24.600000
	312.220000	-7.764000	-22.600000
	312.240000	-8.112000	-20.200000
	312.260000	-8.424000	-17.800000
	312.280000	-8.688000	-15.400000
	312.300000	-8.904000	-13.200000
	312.320000	-9.060000	-10.600000
	312.340000	-9.156000	-7.800000
	312.360000	-9.204000	-5.000000
	312.380000	-9.192000	-2.200000
	312.400000	-9.132000	0.400000
	312.420000	-9.024000	3.000000
	312.440000	-8.868000	5.400000
	312.460000	-8.664000	7.800000
	312.480000	-8.400000	10.400000
	312.500000	-8.100000	12.800000
	312.520000	-7.752000	15.200000
	312.540000	-7.368000	17.200000
	312.560000	-6.936000	19.400000
	312.580000	-6.468000	21.400000
	312.600000	-5.964000	23.400000
	312.620000	-5.424000	25.200000
	312.640000	-4.848000	27.000000
	312.660000	-4.248000	28.600000
	312.680000	-3.612000	30.200000
	312.700000	-2.964000	31.400000
	312.720000	-2.292000	32.600000
	312.740000	-1.596000	33.600000
	312.760000	-0.888000	34.600000
	312.780000	-0.156000	35.600000
	312.800000	0.552000	35.800000
	312.820000	1.272000	36.000000
	312.840000	1.980000	35.600000
	312.860000	2.688000	35.600000
	312.880000	3.396000	35.400000
	312.900000	4.092000	35.200000
	312.920000	4.764000	34.600000
	312.940000	5.400000	33.400000
	312.960000	6.000000	31.800000
	312.980000	6.576000	30.200000
	313.000000	7.128000	28.800000
	313.020000	7.632000	27.200000
	313.040000	8.088000	25.200000
	313.060000	8.496000	22.800000
	313.080000	8.868000	20.600000
	313.100000	9.192000	18.400000
	313.120000	9.456000	16.000000
	313.140000	9.660000	13.200000
	313.160000	9.804000	10.200000
	313.180000	9.888000	7.200000
	313.200000	9.924000	4.400000
	313.220000	9.900000	1.600000
	313.240000	9.816000	-1.200000
	313.260000	9.672000	-4.200000
	313.280000	9.492000	-6.800000
	313.300000	9.252000	-9.400000
	313.320000	8.964000	-11.800000
	313.340000	8.616000	-14.600000
	313.360000	8.232000	-17.000000
	313.380000	7.800000	-19.400000
	313.400000	7.344000	-21.200000
	313.420000	6.840000	-23.200000
	313.440000	6.300000	-25.000000
	313.460000	5.712000	-27.200000
	313.480000	5.112000	-28.800000
	313.500000	4.488000	-30.200000
	313.520000	3.840000	-31.200000
	313.540000	3.156000	-32.600000
	313.560000	2.460000	-33.800000
	313.580000	1.752000	-34.800000
	313.600000	1.032000	-35.400000
	313.620000	0.312000	-35.800000
	313.640000	-0.408000	-36.000000
	313.660000	-1.116000	-35.800000
	313.680000	-1.824000	-35.600000
	313.700000	-2.508000	-35.000000
	313.720000	-3.180000	-34.400000
	313.740000	-3.840000	-33.600000
	313.760000	-4.488000	-33.000000
	313.780000	-5.100000	-32.000000
	313.800000	-5.676000	-30.600000
	313.820000	-6.204000	-28.600000
	313.840000	-6.708000	-26.800000
	313.860000	-7.164000	-24.800000
	313.880000	-7.596000	-23.200000
	313.900000	-7.968000	-21.000000
	313.920000	-8.292000	-18.800000
	313.940000	-8.568000	-16.200000
	313.960000	-8.796000	-13.800000
	313.980000	-8.976000	-11.400000
	314.000000	-9.096000	-8.800000
	314.020000	-9.168000	-6.200000
	314.040000	-9.180000	-3.400000
	314.060000	-9.144000	-0.800000
	314.080000	-9.048000	2.000000
	314.100000	-8.904000	4.600000
	314.120000	-8.712000	7.200000
	314.140000	-8.472000	9.600000
	314.160000	-8.196000	11.800000
	314.180000	-7.860000	14.200000
	314.200000	-7.488000	16.400000
	314.220000	-7.068000	18.800000
	314.240000	-6.624000	20.600000
	314.260000	-6.132000	22.600000
	314.280000	-5.604000	24.400000
	314.300000	-5.028000	26.600000
	314.320000	-4.428000	28.400000
	314.340000	-3.804000	30.000000
	314.360000	-3.156000	31.200000
	314.380000	-2.496000	32.200000
	314.400000	-1.812000	33.200000
	314.420000	-1.128000	33.800000
	314.440000	-0.408000	34.800000
	314.460000	0.300000	35.200000
	314.480000	1.032000	36.000000
	314.500000	1.740000	35.800000
	314.520000	2.460000	36.000000
	314.540000	3.156000	35.400000
	314.560000	3.840000	35.000000
	314.580000	4.512000	34.200000
	314.600000	5.160000	33.400000
	314.620000	5.784000	32.400000
	314.640000	6.372000	31.000000
	314.660000	6.924000	29.400000
	314.680000	7.440000	27.600000
	314.700000	7.908000	25.600000
	314.720000	8.340000	23.600000
	314.740000	8.724000	21.400000
	314.760000	9.060000	19.200000
	314.780000	9.336000	16.600000
	314.800000	9.564000	14.000000
	314.820000	9.732000	11.200000
	314.840000	9.840000	8.400000
	314.860000	9.888000	5.400000
	314.880000	9.888000	2.600000
	314.900000	9.828000	-0.200000
	314.920000	9.708000	-3.000000
	314.940000	9.528000	-6.000000
	314.960000	9.300000	-8.800000
	314.980000	9.024000	-11.400000
	315.000000	8.700000	-13.800000
	315.020000	8.340000	-16.000000
	315.040000	7.932000	-18.200000
	315.060000	7.476000	-20.400000
	315.080000	6.984000	-22.600000
	315.100000	6.456000	-24.600000
	315.120000	5.892000	-26.400000
	315.140000	5.292000	-28.200000
	315.160000	4.656000	-30.000000
	315.180000	3.996000	-31.600000
	315.200000	3.324000	-32.800000
	315.220000	2.640000	-33.600000
	315.240000	1.944000	-34.200000
	315.260000	1.224000	-35.000000
	315.280000	0.516000	-35.400000
	315.300000	-0.192000	-35.600000
	315.320000	-0.900000	-35.400000
	315.340000	-1.608000	-35.400000
	315.360000	-2.316000	-35.400000
	315.380000	-3.000000	-35.000000
	315.400000	-3.672000	-34.400000
	315.420000	-4.308000	-33.200000
	315.440000	-4.932000	-32.200000
	315.460000	-5.520000	-30.800000
	315.480000	-6.072000	-29.400000
	315.500000	-6.588000	-27.600000
	315.520000	-7.056000	-25.600000
	315.540000	-7.488000	-23.600000
	315.560000	-7.872000	-21.400000
	315.580000	-8.220000	-19.400000
	315.600000	-8.520000	-17.200000
	315.620000	-8.760000	-14.800000
	315.640000	-8.952000	-12.200000
	315.660000	-9.084000	-9.400000
	315.680000	-9.168000	-6.800000
	315.700000	-9.192000	-4.000000
	315.720000	-9.168000	-1.400000
	315.740000	-9.096000	1.200000
	315.760000	-8.976000	3.600000
	315.780000	-8.796000	6.200000
	315.800000	-8.568000	8.800000
	315.820000	-8.292000	11.400000
	315.840000	-7.980000	13.600000
	315.860000	-7.620000	15.800000
	315.880000	-7.224000	17.800000
	315.900000	-6.780000	20.000000
	315.920000	-6.300000	22.000000
	315.940000	-5.784000	24.000000
	315.960000	-5.232000	25.800000
	315.980000	-4.632000	27.800000
	316.000000	-4.020000	29.400000
	316.020000	-3.396000	30.600000
	316.040000	-2.748000	31.400000
	316.060000	-2.064000	32.600000
	316.080000	-1.356000	34.000000
	316.100000	-0.648000	35.000000
	316.120000	0.072000	35.600000
	316.140000	0.792000	35.800000
	316.160000	1.512000	36.000000
	316.180000	2.220000	35.800000
	316.200000	2.928000	35.600000
	316.220000	3.624000	35.200000
	316.240000	4.320000	35.000000
	316.260000	4.980000	34.200000
	316.280000	5.604000	33.000000
	316.300000	6.192000	31.200000
	316.320000	6.756000	29.600000
	316.340000	7.284000	28.000000
	316.360000	7.776000	26.400000
	316.380000	8.220000	24.400000
	316.400000	8.628000	22.400000
	316.420000	8.976000	20.000000
	316.440000	9.276000	17.600000
	316.460000	9.516000	14.800000
	316.480000	9.708000	12.200000
	316.500000	9.840000	9.400000
	316.520000	9.912000	6.600000
	316.540000	9.924000	3.600000
	316.560000	9.876000	0.600000
	316.580000	9.780000	-2.200000
	316.600000	9.624000	-5.000000
	316.620000	9.420000	-7.600000
	316.640000	9.156000	-10.400000
	316.660000	8.844000	-13.000000
	316.680000	8.484000	-15.600000
	316.700000	8.088000	-17.800000
	316.720000	7.656000	-19.800000
	316.740000	7.188000	-21.600000
	316.760000	6.672000	-23.600000
	316.780000	6.108000	-25.800000
	316.800000	5.520000	-27.800000
	316.820000	4.908000	-29.400000
	316.840000	4.272000	-30.600000
	316.860000	3.600000	-32.000000
	316.880000	2.904000	-33.400000
	316.900000	2.196000	-34.600000
	316.920000	1.476000	-35.400000
	316.940000	0.768000	-35.600000
	316.960000	0.060000	-35.600000
	316.980000	-0.648000	-35.400000
	317.000000	-1.356000	-35.400000
	317.020000	-2.052000	-35.200000
	317.040000	-2.748000	-35.000000
	317.060000	-3.432000	-34.600000
	317.080000	-4.092000	-34.000000
	317.100000	-4.704000	-32.600000
	317.120000	-5.292000	-31.000000
	317.140000	-5.856000	-29.400000
	317.160000	-6.384000	-28.000000
	317.180000	-6.876000	-26.400000
	317.200000	-7.320000	-24.400000
	317.220000	-7.728000	-22.400000
	317.240000	-8.088000	-20.200000
	317.260000	-8.400000	-18.000000
	317.280000	-8.664000	-15.600000
	317.300000	-8.868000	-13.000000
	317.320000	-9.024000	-10.400000
	317.340000	-9.120000	-7.600000
	317.360000	-9.168000	-5.000000
	317.380000	-9.168000	-2.400000
	317.400000	-9.120000	0.000000
	317.420000	-9.012000	2.600000
	317.440000	-8.844000	5.400000
	317.460000	-8.628000	8.200000
	317.480000	-8.376000	10.600000
	317.500000	-8.076000	12.800000
	317.520000	-7.728000	15.000000
	317.540000	-7.344000	17.200000
	317.560000	-6.924000	19.200000
	317.580000	-6.456000	21.200000
	317.600000	-5.940000	23.400000
	317.620000	-5.400000	25.400000
	317.640000	-4.836000	27.000000
	317.660000	-4.248000	28.200000
	317.680000	-3.612000	29.800000
	317.700000	-2.952000	31.400000
	317.720000	-2.280000	32.800000
	317.740000	-1.596000	33.600000
	317.760000	-0.888000	34.400000
	317.780000	-0.168000	35.200000
	317.800000	0.552000	35.800000
	317.820000	1.248000	35.600000
	317.840000	1.968000	35.600000
	317.860000	2.676000	35.400000
	317.880000	3.396000	35.800000
	317.900000	4.080000	35.200000
	317.920000	4.752000	34.600000
	317.940000	5.388000	33.200000
	317.960000	6.000000	32.000000
	317.980000	6.576000	30.400000
	318.000000	7.116000	28.800000
	318.020000	7.620000	27.000000
	318.040000	8.076000	25.000000
	318.060000	8.496000	23.000000
	318.080000	8.856000	20.600000
	318.100000	9.180000	18.400000
	318.120000	9.432000	15.600000
	318.140000	9.648000	13.200000
	318.160000	9.792000	10.200000
	318.180000	9.888000	7.600000
	318.200000	9.912000	4.400000
	318.220000	9.888000	1.600000
	318.240000	9.804000	-1.400000
	318.260000	9.672000	-4.000000
	318.280000	9.480000	-6.800000
	318.300000	9.240000	-9.400000
	318.320000	8.952000	-12.000000
	318.340000	8.616000	-14.400000
	318.360000	8.232000	-16.800000
	318.380000	7.800000	-19.200000
	318.400000	7.332000	-21.400000
	318.420000	6.828000	-23.400000
	318.440000	6.288000	-25.200000
	318.460000	5.712000	-27.000000
	318.480000	5.100000	-28.800000
	318.500000	4.464000	-30.400000
	318.520000	3.816000	-31.600000
	318.540000	3.144000	-32.600000
	318.560000	2.448000	-33.600000
	318.580000	1.728000	-34.800000
	318.600000	1.008000	-35.600000
	318.620000	0.288000	-36.000000
	318.640000	-0.432000	-36.000000
	318.660000	-1.140000	-35.800000
	318.680000	-1.848000	-35.600000
	318.700000	-2.532000	-35.000000
	318.720000	-3.216000	-34.600000
	318.740000	-3.864000	-33.600000
	318.760000	-4.500000	-32.800000
	318.780000	-5.088000	-31.200000
	318.800000	-5.664000	-30.000000
	318.820000	-6.192000	-28.200000
	318.840000	-6.696000	-26.800000
	318.860000	-7.152000	-24.800000
	318.880000	-7.584000	-23.200000
	318.900000	-7.956000	-21.000000
	318.920000	-8.280000	-18.800000
	318.940000	-8.544000	-16.000000
	318.960000	-8.772000	-13.600000
	318.980000	-8.952000	-11.200000
	319.000000	-9.084000	-9.000000
	319.020000	-9.156000	-6.400000
	319.040000	-9.168000	-3.600000
	319.060000	-9.120000	-0.600000
	319.080000	-9.024000	2.200000
	319.100000	-8.880000	4.800000
	319.120000	-8.688000	7.200000
	319.140000	-8.448000	9.600000
	319.160000	-8.160000	12.000000
	319.180000	-7.836000	14.200000
	319.200000	-7.452000	16.600000
	319.220000	-7.032000	18.800000
	319.240000	-6.576000	21.000000
	319.260000	-6.108000	22.400000
	319.280000	-5.580000	24.200000
	319.300000	-5.016000	26.000000
	319.320000	-4.416000	28.200000
	319.340000	-3.804000	29.600000
	319.360000	-3.168000	30.800000
	319.380000	-2.496000	32.000000
	319.400000	-1.800000	33.400000
	319.420000	-1.080000	34.800000
	319.440000	-0.372000	35.400000
	319.460000	0.336000	35.600000
	319.480000	1.056000	35.600000
	319.500000	1.776000	35.800000
	319.520000	2.496000	36.000000
	319.540000	3.192000	35.600000
	319.560000	3.876000	35.000000
	319.580000	4.536000	34.000000
	319.600000	5.172000	33.000000
	319.620000	5.796000	32.000000
	319.640000	6.384000	30.800000
	319.660000	6.948000	29.600000
	319.680000	7.464000	27.800000
	319.700000	7.944000	26.000000
	319.720000	8.364000	23.600000
	319.740000	8.748000	21.400000
	319.760000	9.072000	18.800000
	319.780000	9.360000	16.600000
	319.800000	9.576000	13.800000
	319.820000	9.744000	11.200000
	319.840000	9.840000	8.000000
	319.860000	9.888000	5.200000
	319.880000	9.888000	2.400000
	319.900000	9.828000	-0.200000
	319.920000	9.708000	-3.000000
	319.940000	9.528000	-6.000000
	319.960000	9.300000	-8.800000
	319.980000	9.024000	-11.400000
	320.000000	8.700000	-13.800000
	320.020000	8.328000	-16.200000
	320.040000	7.920000	-18.400000
	320.060000	7.476000	-20.400000
	320.080000	6.996000	-22.200000
	320.100000	6.468000	-24.200000
	320.120000	5.892000	-26.400000
	320.140000	5.292000	-28.400000
	320.160000	4.656000	-30.200000
	320.180000	4.008000	-31.400000
	320.200000	3.336000	-32.600000
	320.220000	2.664000	-33.200000
	320.240000	1.968000	-34.000000
	320.260000	1.248000	-34.800000
	320.280000	0.528000	-35.600000
	320.300000	-0.192000	-36.000000
	320.320000	-0.900000	-35.800000
	320.340000	-1.608000	-35.600000
	320.360000	-2.304000	-35.200000
	320.380000	-2.988000	-34.800000
	320.400000	-3.648000	-34.000000
	320.420000	-4.296000	-33.200000
	320.440000	-4.896000	-31.800000
	320.460000	-5.484000	-30.600000
	320.480000	-6.024000	-28.800000
	320.500000	-6.540000	-27.400000
	320.520000	-7.020000	-25.600000
	320.540000	-7.452000	-23.800000
	320.560000	-7.836000	-21.600000
	320.580000	-8.172000	-19.200000
	320.600000	-8.460000	-16.800000
	320.620000	-8.712000	-14.600000
	320.640000	-8.904000	-12.200000
	320.660000	-9.048000	-9.800000
	320.680000	-9.132000	-7.000000
	320.700000	-9.156000	-4.200000
	320.720000	-9.132000	-1.400000
	320.740000	-9.048000	1.400000
	320.760000	-8.916000	4.000000
	320.780000	-8.736000	6.600000
	320.800000	-8.520000	8.800000
	320.820000	-8.256000	11.000000
	320.840000	-7.944000	13.200000
	320.860000	-7.584000	15.600000
	320.880000	-7.176000	18.000000
	320.900000	-6.732000	20.200000
	320.920000	-6.252000	22.200000
	320.940000	-5.748000	23.800000
	320.960000	-5.196000	25.600000
	320.980000	-4.620000	27.200000
	321.000000	-4.008000	29.000000
	321.020000	-3.372000	30.400000
	321.040000	-2.700000	32.000000
	321.060000	-2.016000	33.200000
	321.080000	-1.332000	34.000000
	321.100000	-0.636000	34.400000
	321.120000	0.084000	35.000000
	321.140000	0.804000	35.600000
	321.160000	1.536000	36.200000
	321.180000	2.244000	36.000000
	321.200000	2.964000	36.000000
	321.220000	3.648000	35.200000
	321.240000	4.332000	34.800000
	321.260000	4.980000	33.600000
	321.280000	5.604000	32.600000
	321.300000	6.192000	31.000000
	321.320000	6.756000	29.600000
	321.340000	7.296000	28.200000
	321.360000	7.788000	26.600000
	321.380000	8.220000	24.400000
	321.400000	8.604000	21.800000
	321.420000	8.952000	19.400000
	321.440000	9.252000	17.200000
	321.460000	9.504000	15.000000
	321.480000	9.684000	12.200000
	321.500000	9.816000	9.400000
	321.520000	9.876000	6.200000
	321.540000	9.888000	3.400000
	321.560000	9.840000	0.400000
	321.580000	9.744000	-2.200000
	321.600000	9.588000	-5.000000
	321.620000	9.384000	-7.600000
	321.640000	9.108000	-10.600000
	321.660000	8.796000	-13.200000
	321.680000	8.436000	-15.800000
	321.700000	8.052000	-17.600000
	321.720000	7.620000	-19.600000
	321.740000	7.140000	-21.600000
	321.760000	6.612000	-24.000000
	321.780000	6.048000	-26.200000
	321.800000	5.472000	-27.800000
	321.820000	4.872000	-29.000000
	321.840000	4.236000	-30.200000
	321.860000	3.552000	-32.000000
	321.880000	2.868000	-33.400000
	321.900000	2.160000	-34.600000
	321.920000	1.452000	-35.000000
	321.940000	0.732000	-35.600000
	321.960000	0.024000	-35.600000
	321.980000	-0.672000	-35.400000
	322.000000	-1.380000	-35.200000
	322.020000	-2.088000	-35.200000
	322.040000	-2.784000	-35.200000
	322.060000	-3.456000	-34.600000
	322.080000	-4.092000	-33.400000
	322.100000	-4.716000	-32.200000
	322.120000	-5.316000	-31.000000
	322.140000	-5.880000	-29.800000
	322.160000	-6.408000	-28.200000
	322.180000	-6.888000	-26.200000
	322.200000	-7.332000	-24.200000
	322.220000	-7.728000	-22.000000
	322.240000	-8.088000	-20.000000
	322.260000	-8.400000	-17.800000
	322.280000	-8.664000	-15.600000
	322.300000	-8.868000	-13.000000
	322.320000	-9.024000	-10.400000
	322.340000	-9.120000	-7.600000
	322.360000	-9.168000	-5.000000
	322.380000	-9.156000	-2.200000
	322.400000	-9.096000	0.400000
	322.420000	-8.988000	3.000000
	322.440000	-8.832000	5.400000
	322.460000	-8.628000	7.800000
	322.480000	-8.376000	10.200000
	322.500000	-8.076000	12.600000
	322.520000	-7.728000	15.000000
	322.540000	-7.332000	17.400000
	322.560000	-6.912000	19.400000
	322.580000	-6.444000	21.400000
	322.600000	-5.952000	23.000000
	322.620000	-5.400000	25.200000
	322.640000	-4.836000	26.800000
	322.660000	-4.224000	28.800000
	322.680000	-3.600000	30.000000
	322.700000	-2.952000	31.400000
	322.720000	-2.280000	32.400000
	322.740000	-1.596000	33.400000
	322.760000	-0.876000	34.600000
	322.780000	-0.168000	35.200000
	322.800000	0.552000	35.800000
	322.820000	1.272000	35.800000
	322.840000	1.992000	36.000000
	322.860000	2.712000	36.000000
	322.880000	3.408000	35.600000
	322.900000	4.092000	35.000000
	322.920000	4.752000	34.000000
	322.940000	5.388000	33.000000
	322.960000	6.000000	31.800000
	322.980000	6.576000	30.400000
	323.000000	7.104000	28.600000
	323.020000	7.596000	26.600000
	323.040000	8.052000	24.600000
	323.060000	8.472000	22.800000
	323.080000	8.844000	20.800000
	323.100000	9.156000	18.400000
	323.120000	9.420000	15.800000
	323.140000	9.624000	13.000000
	323.160000	9.780000	10.400000
	323.180000	9.864000	7.400000
	323.200000	9.900000	4.600000
	323.220000	9.864000	1.400000
	323.240000	9.780000	-1.400000
	323.260000	9.636000	-4.400000
	323.280000	9.456000	-6.800000
	323.300000	9.216000	-9.400000
	323.320000	8.928000	-11.800000
	323.340000	8.580000	-14.600000
	323.360000	8.196000	-17.000000
	323.380000	7.764000	-19.400000
	323.400000	7.296000	-21.400000
	323.420000	6.792000	-23.400000
	323.440000	6.264000	-25.000000
	323.460000	5.700000	-26.600000
	323.480000	5.100000	-28.200000
	323.500000	4.464000	-30.000000
	323.520000	3.804000	-31.600000
	323.540000	3.120000	-33.000000
	323.560000	2.412000	-34.200000
	323.580000	1.704000	-35.000000
	323.600000	0.996000	-35.400000
	323.620000	0.276000	-35.600000
	323.640000	-0.432000	-35.600000
	323.660000	-1.152000	-35.800000
	323.680000	-1.848000	-35.400000
	323.700000	-2.556000	-35.400000
	323.720000	-3.216000	-34.400000
	323.740000	-3.864000	-33.600000
	323.760000	-4.488000	-32.200000
	323.780000	-5.100000	-31.400000
	323.800000	-5.664000	-30.000000
	323.820000	-6.204000	-28.600000
	323.840000	-6.708000	-26.800000
	323.860000	-7.176000	-25.200000
	323.880000	-7.584000	-23.000000
	323.900000	-7.956000	-20.800000
	323.920000	-8.280000	-18.400000
	323.940000	-8.556000	-16.200000
	323.960000	-8.772000	-13.600000
	323.980000	-8.952000	-11.200000
	324.000000	-9.072000	-8.600000
	324.020000	-9.144000	-6.200000
	324.040000	-9.156000	-3.400000
	324.060000	-9.120000	-0.800000
	324.080000	-9.024000	2.000000
	324.100000	-8.880000	4.600000
	324.120000	-8.688000	7.200000
	324.140000	-8.436000	9.800000
	324.160000	-8.148000	12.200000
	324.180000	-7.812000	14.600000
	324.200000	-7.452000	16.400000
	324.220000	-7.032000	18.600000
	324.240000	-6.588000	20.400000
	324.260000	-6.096000	22.600000
	324.280000	-5.580000	24.200000
	324.300000	-5.016000	26.200000
	324.320000	-4.416000	28.000000
	324.340000	-3.792000	29.800000
	324.360000	-3.144000	31.200000
	324.380000	-2.484000	32.200000
	324.400000	-1.788000	33.400000
	324.420000	-1.080000	34.400000
	324.440000	-0.372000	35.200000
	324.460000	0.336000	35.400000
	324.480000	1.044000	35.400000
	324.500000	1.764000	35.600000
	324.520000	2.472000	35.600000
	324.540000	3.168000	35.400000
	324.560000	3.852000	34.800000
	324.580000	4.536000	34.400000
	324.600000	5.184000	33.600000
	324.620000	5.808000	32.600000
	324.640000	6.396000	31.000000
	324.660000	6.960000	29.600000
	324.680000	7.488000	28.000000
	324.700000	7.956000	26.000000
	324.720000	8.376000	23.600000
	324.740000	8.748000	21.000000
	324.760000	9.072000	18.600000
	324.780000	9.348000	16.200000
	324.800000	9.564000	13.600000
	324.820000	9.732000	11.000000
	324.840000	9.852000	8.400000
	324.860000	9.900000	5.600000
	324.880000	9.900000	2.800000
	324.900000	9.828000	-0.400000
	324.920000	9.708000	-3.200000
	324.940000	9.528000	-6.200000
	324.960000	9.312000	-8.600000
	324.980000	9.036000	-11.200000
	325.000000	8.712000	-13.600000
	325.020000	8.340000	-16.200000
	325.040000	7.932000	-18.400000
	325.060000	7.488000	-20.400000
	325.080000	6.996000	-22.400000
	325.100000	6.480000	-24.200000
	325.120000	5.916000	-26.200000
	325.140000	5.316000	-28.000000
	325.160000	4.692000	-29.800000
	325.180000	4.044000	-31.200000
	325.200000	3.384000	-32.200000
	325.220000	2.676000	-33.600000
	325.240000	1.968000	-34.600000
	325.260000	1.248000	-35.600000
	325.280000	0.552000	-35.400000
	325.300000	-0.156000	-35.400000
	325.320000	-0.864000	-35.200000
	325.340000	-1.572000	-35.400000
	325.360000	-2.268000	-35.200000
	325.380000	-2.940000	-34.600000
	325.400000	-3.600000	-33.800000
	325.420000	-4.236000	-32.800000
	325.440000	-4.848000	-31.800000
	325.460000	-5.436000	-30.600000
	325.480000	-5.988000	-29.200000
	325.500000	-6.504000	-27.600000
	325.520000	-6.972000	-25.600000
	325.540000	-7.404000	-23.600000
	325.560000	-7.788000	-21.400000
	325.580000	-8.124000	-19.200000
	325.600000	-8.412000	-16.800000
	325.620000	-8.652000	-14.400000
	325.640000	-8.844000	-12.000000
	325.660000	-8.976000	-9.400000
	325.680000	-9.060000	-6.800000
	325.700000	-9.084000	-4.000000
	325.720000	-9.060000	-1.400000
	325.740000	-8.976000	1.400000
	325.760000	-8.844000	4.000000
	325.780000	-8.664000	6.600000
	325.800000	-8.436000	9.000000
	325.820000	-8.160000	11.400000
	325.840000	-7.836000	13.800000
	325.860000	-7.476000	16.000000
	325.880000	-7.080000	18.000000
	325.900000	-6.636000	20.000000
	325.920000	-6.156000	22.000000
	325.940000	-5.640000	24.000000
	325.960000	-5.088000	25.800000
	325.980000	-4.512000	27.400000
	326.000000	-3.912000	28.800000
	326.020000	-3.264000	30.400000
	326.040000	-2.604000	31.800000
	326.060000	-1.920000	33.200000
	326.080000	-1.248000	33.600000
	326.100000	-0.540000	34.400000
	326.120000	0.192000	35.200000
	326.140000	0.900000	35.800000
	326.160000	1.620000	36.000000
	326.180000	2.316000	35.400000
	326.200000	3.024000	35.400000
	326.220000	3.696000	34.600000
	326.240000	4.356000	34.000000
	326.260000	4.992000	32.800000
	326.280000	5.616000	32.000000
	326.300000	6.216000	31.000000
	326.320000	6.792000	30.000000
	326.340000	7.320000	28.400000
	326.360000	7.800000	26.400000
	326.380000	8.232000	24.000000
	326.400000	8.616000	21.600000
	326.420000	8.952000	19.200000
	326.440000	9.240000	16.800000
	326.460000	9.480000	14.400000
	326.480000	9.660000	11.800000
	326.500000	9.780000	9.000000
	326.520000	9.840000	6.000000
	326.540000	9.840000	3.000000
	326.560000	9.780000	2.953193E-14
	326.580000	9.672000	-2.800000
	326.600000	9.516000	-5.400000
	326.620000	9.300000	-8.000000
	326.640000	9.036000	-10.600000
	326.660000	8.724000	-13.200000
	326.680000	8.376000	-15.400000
	326.700000	7.968000	-17.800000
	326.720000	7.524000	-20.000000
	326.740000	7.044000	-22.200000
	326.760000	6.528000	-24.000000
	326.780000	5.976000	-25.800000
	326.800000	5.376000	-27.800000
	326.820000	4.752000	-29.600000
	326.840000	4.092000	-31.400000
	326.860000	3.432000	-32.400000
	326.880000	2.748000	-33.400000
	326.900000	2.064000	-33.800000
	326.920000	1.356000	-34.600000
	326.940000	0.636000	-35.200000
	326.960000	-0.084000	-35.800000
	326.980000	-0.804000	-36.000000
	327.000000	-1.500000	-35.600000
	327.020000	-2.196000	-35.200000
	327.040000	-2.880000	-34.600000
	327.060000	-3.552000	-34.200000
	327.080000	-4.200000	-33.400000
	327.100000	-4.824000	-32.400000
	327.120000	-5.412000	-31.000000
	327.140000	-5.976000	-29.600000
	327.160000	-6.504000	-28.000000
	327.180000	-6.996000	-26.400000
	327.200000	-7.428000	-24.200000
	327.220000	-7.824000	-22.000000
	327.240000	-8.172000	-19.600000
	327.260000	-8.484000	-17.600000
	327.280000	-8.736000	-15.200000
	327.300000	-8.940000	-12.800000
	327.320000	-9.096000	-10.200000
	327.340000	-9.192000	-7.600000
	327.360000	-9.240000	-5.000000
	327.380000	-9.228000	-2.200000
	327.400000	-9.168000	0.400000
	327.420000	-9.048000	3.200000
	327.440000	-8.880000	5.800000
	327.460000	-8.664000	8.400000
	327.480000	-8.400000	10.800000
	327.500000	-8.100000	13.000000
	327.520000	-7.752000	15.200000
	327.540000	-7.368000	17.200000
	327.560000	-6.936000	19.400000
	327.580000	-6.468000	21.400000
	327.600000	-5.952000	23.600000
	327.620000	-5.412000	25.400000
	327.640000	-4.836000	27.200000
	327.660000	-4.236000	28.600000
	327.680000	-3.588000	30.400000
	327.700000	-2.928000	31.800000
	327.720000	-2.256000	33.000000
	327.740000	-1.572000	33.600000
	327.760000	-0.864000	34.400000
	327.780000	-0.144000	35.200000
	327.800000	0.588000	36.000000
	327.820000	1.320000	36.400000
	327.840000	2.040000	36.400000
	327.860000	2.748000	36.000000
	327.880000	3.456000	35.600000
	327.900000	4.152000	35.200000
	327.920000	4.824000	34.600000
	327.940000	5.448000	33.200000
	327.960000	6.060000	31.800000
	327.980000	6.636000	30.200000
	328.000000	7.188000	29.000000
