	120.000000	-40.152000	-36.200000
	120.020000	-40.860000	-36.000000
	120.040000	-41.556000	-35.200000
	120.060000	-42.252000	-35.000000
	120.080000	-42.924000	-34.400000
	120.100000	-43.572000	-33.600000
	120.120000	-44.184000	-32.200000
	120.140000	-44.772000	-30.800000
	120.160000	-45.324000	-29.200000
	120.180000	-45.840000	-27.600000
	120.200000	-46.308000	-25.600000
	120.220000	-46.728000	-23.400000
	120.240000	-47.100000	-21.000000
	120.260000	-47.436000	-18.800000
	120.280000	-47.712000	-16.400000
	120.300000	-47.940000	-14.000000
	120.320000	-48.120000	-11.400000
	120.340000	-48.240000	-8.800000
	120.360000	-48.312000	-6.200000
	120.380000	-48.324000	-3.400000
	120.400000	-48.288000	-0.800000
	120.420000	-48.180000	2.200000
	120.440000	-48.024000	5.000000
	120.460000	-47.820000	7.800000
	120.480000	-47.580000	10.000000
	120.500000	-47.280000	12.400000
	120.520000	-46.944000	14.600000
	120.540000	-46.560000	17.000000
	120.560000	-46.152000	18.800000
	120.580000	-45.696000	20.800000
	120.600000	-45.204000	22.600000
	120.620000	-44.664000	24.800000
	120.640000	-44.088000	26.800000
	120.660000	-43.488000	28.600000
	120.680000	-42.864000	30.000000
	120.700000	-42.228000	31.000000
	120.720000	-41.544000	32.400000
	120.740000	-40.860000	33.400000
	120.760000	-40.140000	34.800000
	120.780000	-39.420000	35.400000
	120.800000	-38.688000	36.200000
	120.820000	-37.968000	36.200000
	120.840000	-37.248000	36.200000
	120.860000	-36.504000	36.400000
	120.880000	-35.772000	36.600000
	120.900000	-35.052000	36.600000
	120.920000	-34.356000	35.800000
	120.940000	-33.660000	35.200000
	120.960000	-32.988000	34.400000
	120.980000	-32.340000	33.600000
	121.000000	-31.716000	32.400000
	121.020000	-31.116000	31.200000
	121.040000	-30.540000	30.000000
	121.060000	-30.000000	28.600000
	121.080000	-29.508000	26.800000
	121.100000	-29.052000	24.800000
	121.120000	-28.632000	22.800000
	121.140000	-28.248000	21.000000
	121.160000	-27.912000	19.000000
	121.180000	-27.624000	16.800000
	121.200000	-27.372000	14.600000
	121.220000	-27.168000	12.400000
	121.240000	-27.012000	10.200000
	121.260000	-26.916000	7.600000
	121.280000	-26.868000	5.000000
	121.300000	-26.868000	2.400000
	121.320000	-26.916000	0.000000
	121.340000	-27.012000	-2.400000
	121.360000	-27.156000	-4.800000
	121.380000	-27.348000	-7.200000
	121.400000	-27.588000	-9.600000
	121.420000	-27.864000	-11.800000
	121.440000	-28.176000	-13.800000
	121.460000	-28.536000	-15.800000
	121.480000	-28.932000	-17.800000
	121.500000	-29.376000	-20.000000
	121.520000	-29.832000	-21.600000
	121.540000	-30.336000	-23.400000
	121.560000	-30.864000	-24.800000
	121.580000	-31.440000	-26.800000
	121.600000	-32.040000	-28.400000
	121.620000	-32.676000	-30.200000
	121.640000	-33.324000	-31.400000
	121.660000	-34.008000	-32.800000
	121.680000	-34.680000	-33.400000
	121.700000	-35.376000	-34.200000
	121.720000	-36.084000	-34.600000
	121.740000	-36.816000	-35.600000
	121.760000	-37.548000	-36.200000
	121.780000	-38.280000	-36.600000
	121.800000	-39.012000	-36.600000
	121.820000	-39.756000	-36.800000
	121.840000	-40.464000	-36.400000
	121.860000	-41.172000	-36.000000
	121.880000	-41.856000	-35.000000
	121.900000	-42.528000	-34.400000
	121.920000	-43.176000	-33.400000
	121.940000	-43.788000	-32.200000
	121.960000	-44.376000	-30.800000
	121.980000	-44.928000	-29.200000
	122.000000	-45.444000	-27.600000
	122.020000	-45.924000	-25.800000
	122.040000	-46.356000	-23.800000
	122.060000	-46.740000	-21.600000
	122.080000	-47.076000	-19.200000
	122.100000	-47.364000	-16.800000
	122.120000	-47.604000	-14.400000
	122.140000	-47.784000	-11.800000
	122.160000	-47.904000	-9.000000
	122.180000	-47.976000	-6.200000
	122.200000	-48.000000	-3.600000
	122.220000	-47.976000	-1.200000
	122.240000	-47.892000	1.400000
	122.260000	-47.748000	4.200000
	122.280000	-47.544000	7.200000
	122.300000	-47.304000	9.800000
	122.320000	-47.028000	12.000000
	122.340000	-46.716000	13.800000
	122.360000	-46.356000	15.800000
	122.380000	-45.936000	18.200000
	122.400000	-45.480000	20.600000
	122.420000	-44.988000	22.800000
	122.440000	-44.484000	24.200000
	122.460000	-43.932000	25.800000
	122.480000	-43.356000	27.200000
	122.500000	-42.744000	29.000000
	122.520000	-42.108000	30.400000
	122.540000	-41.436000	32.000000
	122.560000	-40.752000	33.200000
	122.580000	-40.056000	34.200000
	122.600000	-39.360000	34.600000
	122.620000	-38.652000	35.000000
	122.640000	-37.944000	35.200000
	122.660000	-37.224000	35.600000
	122.680000	-36.504000	35.800000
	122.700000	-35.784000	36.000000
	122.720000	-35.076000	35.800000
	122.740000	-34.380000	35.400000
	122.760000	-33.708000	34.600000
	122.780000	-33.048000	33.800000
	122.800000	-32.412000	32.800000
	122.820000	-31.800000	31.800000
	122.840000	-31.224000	30.400000
	122.860000	-30.672000	29.000000
	122.880000	-30.156000	27.400000
	122.900000	-29.676000	25.800000
	122.920000	-29.232000	24.000000
	122.940000	-28.824000	22.200000
	122.960000	-28.452000	20.400000
	122.980000	-28.140000	18.200000
	123.000000	-27.864000	16.000000
	123.020000	-27.636000	13.600000
	123.040000	-27.444000	11.600000
	123.060000	-27.312000	9.200000
	123.080000	-27.228000	6.800000
	123.100000	-27.204000	4.000000
	123.120000	-27.216000	1.600000
	123.140000	-27.288000	-1.000000
	123.160000	-27.396000	-3.200000
	123.180000	-27.552000	-5.600000
	123.200000	-27.744000	-7.600000
	123.220000	-27.984000	-9.800000
	123.240000	-28.284000	-12.200000
	123.260000	-28.620000	-14.600000
	123.280000	-28.992000	-16.800000
	123.300000	-29.388000	-18.400000
	123.320000	-29.832000	-20.200000
	123.340000	-30.324000	-22.200000
	123.360000	-30.840000	-24.200000
	123.380000	-31.380000	-25.800000
	123.400000	-31.944000	-27.000000
	123.420000	-32.544000	-28.400000
	123.440000	-33.192000	-30.200000
	123.460000	-33.852000	-31.800000
	123.480000	-34.548000	-33.400000
	123.500000	-35.232000	-34.000000
	123.520000	-35.940000	-34.800000
	123.540000	-36.660000	-35.200000
	123.560000	-37.392000	-36.000000
	123.580000	-38.136000	-36.600000
	123.600000	-38.868000	-36.800000
	123.620000	-39.612000	-37.000000
	123.640000	-40.332000	-36.600000
	123.660000	-41.052000	-36.400000
	123.680000	-41.736000	-35.400000
	123.700000	-42.432000	-35.000000
	123.720000	-43.092000	-34.000000
	123.740000	-43.740000	-33.400000
	123.760000	-44.340000	-31.800000
	123.780000	-44.916000	-30.400000
	123.800000	-45.468000	-28.800000
	123.820000	-45.972000	-27.200000
	123.840000	-46.440000	-25.400000
	123.860000	-46.848000	-23.000000
	123.880000	-47.232000	-21.000000
	123.900000	-47.556000	-18.600000
	123.920000	-47.832000	-16.400000
	123.940000	-48.048000	-13.600000
	123.960000	-48.216000	-11.000000
	123.980000	-48.324000	-8.200000
	124.000000	-48.372000	-5.400000
	124.020000	-48.372000	-2.600000
	124.040000	-48.324000	1.110223E-16
	124.060000	-48.216000	2.600000
	124.080000	-48.048000	5.400000
	124.100000	-47.832000	8.200000
	124.120000	-47.580000	10.600000
	124.140000	-47.292000	12.600000
	124.160000	-46.944000	14.800000
	124.180000	-46.548000	17.200000
	124.200000	-46.104000	19.800000
	124.220000	-45.648000	21.600000
	124.240000	-45.144000	23.400000
	124.260000	-44.604000	25.000000
	124.280000	-44.028000	27.000000
	124.300000	-43.428000	28.600000
	124.320000	-42.804000	30.000000
	124.340000	-42.132000	31.600000
	124.360000	-41.448000	33.000000
	124.380000	-40.752000	34.200000
	124.400000	-40.068000	34.400000
	124.420000	-39.348000	35.000000
	124.440000	-38.616000	35.600000
	124.460000	-37.860000	36.800000
	124.480000	-37.116000	37.200000
	124.500000	-36.384000	37.200000
	124.520000	-35.652000	36.800000
	124.540000	-34.944000	36.200000
	124.560000	-34.236000	35.800000
	124.580000	-33.552000	35.000000
	124.600000	-32.880000	34.400000
	124.620000	-32.232000	33.400000
	124.640000	-31.620000	32.200000
	124.660000	-31.032000	30.800000
	124.680000	-30.468000	29.400000
	124.700000	-29.928000	28.200000
	124.720000	-29.424000	26.800000
	124.740000	-28.968000	25.000000
	124.760000	-28.548000	23.000000
	124.780000	-28.188000	20.600000
	124.800000	-27.864000	18.400000
	124.820000	-27.588000	16.000000
	124.840000	-27.348000	14.000000
	124.860000	-27.156000	11.800000
	124.880000	-27.012000	9.600000
	124.900000	-26.916000	7.200000
	124.920000	-26.868000	4.800000
	124.940000	-26.880000	2.200000
	124.960000	-26.940000	-0.400000
	124.980000	-27.048000	-3.000000
	125.000000	-27.204000	-5.400000
	125.020000	-27.408000	-7.800000
	125.040000	-27.648000	-10.000000
	125.060000	-27.924000	-12.000000
	125.080000	-28.248000	-14.000000
	125.100000	-28.620000	-16.200000
	125.120000	-29.028000	-18.400000
	125.140000	-29.460000	-20.200000
	125.160000	-29.928000	-21.800000
	125.180000	-30.444000	-23.600000
	125.200000	-30.984000	-25.400000
	125.220000	-31.560000	-27.200000
	125.240000	-32.160000	-28.600000
	125.260000	-32.808000	-30.400000
	125.280000	-33.468000	-31.800000
	125.300000	-34.140000	-33.000000
	125.320000	-34.836000	-33.800000
	125.340000	-35.544000	-34.600000
	125.360000	-36.276000	-35.600000
	125.380000	-37.008000	-36.200000
	125.400000	-37.752000	-36.800000
	125.420000	-38.472000	-36.600000
	125.440000	-39.192000	-36.400000
	125.460000	-39.900000	-35.800000
	125.480000	-40.620000	-35.800000
	125.500000	-41.328000	-35.600000
	125.520000	-42.024000	-35.400000
	125.540000	-42.696000	-34.600000
	125.560000	-43.332000	-33.400000
	125.580000	-43.944000	-32.000000
	125.600000	-44.532000	-30.600000
	125.620000	-45.084000	-29.200000
	125.640000	-45.600000	-27.600000
	125.660000	-46.056000	-25.400000
	125.680000	-46.476000	-23.200000
	125.700000	-46.848000	-20.800000
	125.720000	-47.184000	-18.800000
	125.740000	-47.460000	-16.400000
	125.760000	-47.688000	-14.000000
	125.780000	-47.856000	-11.200000
	125.800000	-47.976000	-8.600000
	125.820000	-48.036000	-5.800000
	125.840000	-48.048000	-3.200000
	125.860000	-48.000000	-0.400000
	125.880000	-47.904000	2.200000
	125.900000	-47.760000	4.800000
	125.920000	-47.568000	7.200000
	125.940000	-47.316000	9.800000
	125.960000	-47.016000	12.400000
	125.980000	-46.680000	14.800000
	126.000000	-46.308000	16.800000
	126.020000	-45.900000	18.600000
	126.040000	-45.444000	20.600000
	126.060000	-44.952000	22.600000
	126.080000	-44.412000	24.800000
	126.100000	-43.848000	26.600000
	126.120000	-43.260000	28.200000
	126.140000	-42.648000	29.400000
	126.160000	-42.000000	30.800000
	126.180000	-41.328000	32.200000
	126.200000	-40.644000	33.400000
	126.220000	-39.948000	34.200000
	126.240000	-39.240000	34.800000
	126.260000	-38.520000	35.400000
	126.280000	-37.800000	35.800000
	126.300000	-37.080000	36.000000
	126.320000	-36.372000	35.800000
	126.340000	-35.664000	35.600000
	126.360000	-34.968000	35.200000
	126.380000	-34.272000	35.000000
	126.400000	-33.588000	34.600000
	126.420000	-32.928000	34.000000
	126.440000	-32.292000	33.000000
	126.460000	-31.692000	31.600000
	126.480000	-31.104000	30.400000
	126.500000	-30.552000	29.000000
	126.520000	-30.036000	27.600000
	126.540000	-29.568000	25.600000
	126.560000	-29.124000	23.800000
	126.580000	-28.728000	21.800000
	126.600000	-28.368000	20.000000
	126.620000	-28.056000	17.800000
	126.640000	-27.780000	15.800000
	126.660000	-27.552000	13.600000
	126.680000	-27.384000	11.200000
	126.700000	-27.264000	8.600000
	126.720000	-27.192000	6.000000
	126.740000	-27.156000	3.800000
	126.760000	-27.180000	1.400000
	126.780000	-27.252000	-1.000000
	126.800000	-27.384000	-3.800000
	126.820000	-27.540000	-6.000000
	126.840000	-27.744000	-8.200000
	126.860000	-27.996000	-10.200000
	126.880000	-28.296000	-12.600000
	126.900000	-28.632000	-14.800000
	126.920000	-29.004000	-16.800000
	126.940000	-29.412000	-18.600000
	126.960000	-29.868000	-20.600000
	126.980000	-30.348000	-22.400000
	127.000000	-30.864000	-24.200000
	127.020000	-31.416000	-25.800000
	127.040000	-32.004000	-27.600000
	127.060000	-32.628000	-29.400000
	127.080000	-33.264000	-30.800000
	127.100000	-33.936000	-32.200000
	127.120000	-34.620000	-33.200000
	127.140000	-35.316000	-34.200000
	127.160000	-36.024000	-34.800000
	127.180000	-36.744000	-35.400000
	127.200000	-37.476000	-36.000000
	127.220000	-38.208000	-36.400000
	127.240000	-38.952000	-36.800000
	127.260000	-39.684000	-36.800000
	127.280000	-40.404000	-36.600000
	127.300000	-41.112000	-36.000000
	127.320000	-41.820000	-35.600000
	127.340000	-42.504000	-35.000000
	127.360000	-43.164000	-34.200000
	127.380000	-43.800000	-33.000000
	127.400000	-44.412000	-31.800000
	127.420000	-44.988000	-30.400000
	127.440000	-45.528000	-28.800000
	127.460000	-46.032000	-27.000000
	127.480000	-46.488000	-25.000000
	127.500000	-46.896000	-22.800000
	127.520000	-47.256000	-20.400000
	127.540000	-47.568000	-18.000000
	127.560000	-47.832000	-15.600000
	127.580000	-48.048000	-13.200000
	127.600000	-48.216000	-10.800000
	127.620000	-48.324000	-8.200000
	127.640000	-48.372000	-5.400000
	127.660000	-48.360000	-2.400000
	127.680000	-48.300000	0.400000
	127.700000	-48.180000	3.200000
	127.720000	-48.012000	5.800000
	127.740000	-47.796000	8.400000
	127.760000	-47.532000	10.800000
	127.780000	-47.232000	13.000000
	127.800000	-46.884000	15.200000
	127.820000	-46.500000	17.200000
	127.840000	-46.056000	19.600000
	127.860000	-45.588000	21.600000
	127.880000	-45.072000	23.800000
	127.900000	-44.532000	25.400000
	127.920000	-43.956000	27.200000
	127.940000	-43.344000	28.800000
	127.960000	-42.708000	30.400000
	127.980000	-42.048000	31.800000
	128.000000	-41.376000	32.800000
	128.020000	-40.680000	33.800000
	128.040000	-39.960000	34.800000
	128.060000	-39.228000	35.800000
	128.080000	-38.496000	36.400000
	128.100000	-37.764000	36.600000
	128.120000	-37.032000	36.600000
	128.140000	-36.288000	36.800000
	128.160000	-35.556000	36.800000
	128.180000	-34.836000	36.600000
	128.200000	-34.152000	35.600000
	128.220000	-33.468000	34.800000
	128.240000	-32.808000	33.800000
	128.260000	-32.160000	33.200000
	128.280000	-31.548000	32.000000
	128.300000	-30.960000	30.800000
	128.320000	-30.396000	29.400000
	128.340000	-29.856000	28.200000
	128.360000	-29.364000	26.600000
	128.380000	-28.920000	24.600000
	128.400000	-28.524000	22.200000
	128.420000	-28.164000	20.000000
	128.440000	-27.840000	18.000000
	128.460000	-27.564000	16.000000
	128.480000	-27.336000	13.800000
	128.500000	-27.156000	11.400000
	128.520000	-27.024000	9.000000
	128.540000	-26.940000	6.600000
	128.560000	-26.916000	4.000000
	128.580000	-26.940000	1.400000
	128.600000	-27.012000	-1.200000
	128.620000	-27.120000	-3.400000
	128.640000	-27.276000	-5.600000
	128.660000	-27.480000	-7.800000
	128.680000	-27.732000	-10.200000
	128.700000	-28.020000	-12.400000
	128.720000	-28.356000	-14.600000
	128.740000	-28.728000	-16.600000
	128.760000	-29.148000	-18.800000
	128.780000	-29.592000	-20.600000
	128.800000	-30.072000	-22.400000
	128.820000	-30.588000	-24.000000
	128.840000	-31.140000	-25.800000
	128.860000	-31.728000	-27.600000
	128.880000	-32.340000	-29.200000
	128.900000	-32.976000	-30.600000
	128.920000	-33.648000	-32.000000
	128.940000	-34.332000	-33.200000
	128.960000	-35.040000	-34.400000
	128.980000	-35.736000	-34.800000
	129.000000	-36.456000	-35.400000
	129.020000	-37.188000	-35.800000
	129.040000	-37.944000	-36.800000
	129.060000	-38.676000	-37.000000
	129.080000	-39.408000	-37.000000
	129.100000	-40.116000	-36.200000
	129.120000	-40.836000	-36.000000
	129.140000	-41.532000	-35.400000
	129.160000	-42.228000	-35.200000
	129.180000	-42.900000	-34.400000
	129.200000	-43.536000	-33.400000
	129.220000	-44.148000	-32.000000
	129.240000	-44.712000	-30.200000
	129.260000	-45.252000	-28.600000
	129.280000	-45.756000	-26.800000
	129.300000	-46.224000	-25.200000
	129.320000	-46.644000	-23.200000
	129.340000	-47.004000	-20.800000
	129.360000	-47.316000	-18.200000
	129.380000	-47.592000	-15.800000
	129.400000	-47.808000	-13.400000
	129.420000	-47.976000	-11.000000
	129.440000	-48.084000	-8.200000
	129.460000	-48.144000	-5.600000
	129.480000	-48.144000	-2.800000
	129.500000	-48.084000	0.000000
	129.520000	-47.976000	2.800000
	129.540000	-47.820000	5.400000
	129.560000	-47.616000	7.800000
	129.580000	-47.352000	10.400000
	129.600000	-47.052000	12.800000
	129.620000	-46.704000	15.200000
	129.640000	-46.332000	17.000000
	129.660000	-45.912000	19.000000
	129.680000	-45.444000	21.000000
	129.700000	-44.928000	23.400000
	129.720000	-44.388000	25.400000
	129.740000	-43.824000	27.000000
	129.760000	-43.236000	28.200000
	129.780000	-42.600000	29.800000
	129.800000	-41.964000	31.000000
	129.820000	-41.280000	32.600000
	129.840000	-40.608000	33.200000
	129.860000	-39.888000	34.600000
	129.880000	-39.192000	34.800000
	129.900000	-38.460000	35.800000
	129.920000	-37.752000	35.600000
	129.940000	-37.020000	36.200000
	129.960000	-36.312000	35.800000
	129.980000	-35.592000	36.000000
	130.000000	-34.896000	35.400000
	130.020000	-34.200000	35.200000
	130.040000	-33.528000	34.400000
	130.060000	-32.868000	33.800000
	130.080000	-32.232000	32.800000
	130.100000	-31.632000	31.600000
	130.120000	-31.056000	30.200000
	130.140000	-30.516000	28.600000
	130.160000	-29.988000	27.400000
	130.180000	-29.520000	25.600000
	130.200000	-29.088000	23.800000
	130.220000	-28.704000	21.400000
	130.240000	-28.344000	19.600000
	130.260000	-28.032000	17.600000
	130.280000	-27.768000	15.600000
	130.300000	-27.552000	13.200000
	130.320000	-27.384000	10.800000
	130.340000	-27.264000	8.400000
	130.360000	-27.204000	5.800000
	130.380000	-27.180000	3.400000
	130.400000	-27.216000	0.800000
	130.420000	-27.288000	-1.400000
	130.440000	-27.420000	-4.000000
	130.460000	-27.588000	-6.200000
	130.480000	-27.804000	-8.600000
	130.500000	-28.056000	-10.600000
	130.520000	-28.356000	-12.800000
	130.540000	-28.692000	-14.800000
	130.560000	-29.076000	-17.000000
	130.580000	-29.484000	-18.800000
	130.600000	-29.940000	-20.800000
	130.620000	-30.432000	-22.600000
	130.640000	-30.972000	-24.800000
	130.660000	-31.536000	-26.600000
	130.680000	-32.124000	-28.200000
	130.700000	-32.736000	-29.400000
	130.720000	-33.384000	-30.800000
	130.740000	-34.056000	-32.200000
	130.760000	-34.740000	-33.400000
	130.780000	-35.436000	-34.200000
	130.800000	-36.144000	-34.800000
	130.820000	-36.876000	-35.600000
	130.840000	-37.620000	-36.400000
	130.860000	-38.364000	-37.000000
	130.880000	-39.096000	-37.000000
	130.900000	-39.828000	-36.800000
	130.920000	-40.548000	-36.400000
	130.940000	-41.256000	-36.000000
	130.960000	-41.952000	-35.400000
	130.980000	-42.636000	-34.800000
	131.000000	-43.296000	-34.000000
	131.020000	-43.920000	-32.800000
	131.040000	-44.520000	-31.400000
	131.060000	-45.096000	-30.000000
	131.080000	-45.636000	-28.600000
	131.100000	-46.128000	-26.800000
	131.120000	-46.572000	-24.600000
	131.140000	-46.968000	-22.200000
	131.160000	-47.328000	-20.000000
	131.180000	-47.640000	-17.800000
	131.200000	-47.904000	-15.600000
	131.220000	-48.108000	-13.000000
	131.240000	-48.252000	-10.200000
	131.260000	-48.348000	-7.400000
	131.280000	-48.384000	-4.600000
	131.300000	-48.372000	-2.000000
	131.320000	-48.300000	0.800000
	131.340000	-48.180000	3.400000
	131.360000	-48.000000	6.200000
	131.380000	-47.772000	8.800000
	131.400000	-47.496000	11.400000
	131.420000	-47.184000	13.600000
	131.440000	-46.824000	15.800000
	131.460000	-46.428000	17.800000
	131.480000	-45.996000	19.800000
	131.500000	-45.528000	21.600000
	131.520000	-45.000000	23.800000
	131.540000	-44.436000	26.000000
	131.560000	-43.836000	28.200000
	131.580000	-43.236000	29.400000
	131.600000	-42.600000	30.600000
	131.620000	-41.940000	31.600000
	131.640000	-41.244000	33.200000
	131.660000	-40.536000	34.400000
	131.680000	-39.816000	35.400000
	131.700000	-39.096000	35.800000
	131.720000	-38.364000	36.200000
	131.740000	-37.632000	36.400000
	131.760000	-36.900000	36.600000
	131.780000	-36.168000	36.600000
	131.800000	-35.448000	36.400000
	131.820000	-34.728000	36.200000
	131.840000	-34.032000	35.600000
	131.860000	-33.336000	35.200000
	131.880000	-32.676000	34.200000
	131.900000	-32.040000	33.200000
	131.920000	-31.440000	31.600000
	131.940000	-30.852000	30.400000
	131.960000	-30.288000	29.200000
	131.980000	-29.760000	28.000000
	132.000000	-29.280000	26.200000
	132.020000	-28.848000	24.000000
	132.040000	-28.452000	21.800000
	132.060000	-28.092000	19.800000
	132.080000	-27.780000	17.800000
	132.100000	-27.516000	15.600000
	132.120000	-27.300000	13.200000
	132.140000	-27.132000	10.800000
	132.160000	-27.012000	8.400000
	132.180000	-26.940000	6.000000
	132.200000	-26.916000	3.600000
	132.220000	-26.940000	1.200000
	132.240000	-27.012000	-1.200000
	132.260000	-27.132000	-3.600000
	132.280000	-27.300000	-6.000000
	132.300000	-27.528000	-8.600000
	132.320000	-27.792000	-11.000000
	132.340000	-28.092000	-13.200000
	132.360000	-28.428000	-15.000000
	132.380000	-28.800000	-16.800000
	132.400000	-29.220000	-18.800000
	132.420000	-29.664000	-20.600000
	132.440000	-30.168000	-22.800000
	132.460000	-30.684000	-24.400000
	132.480000	-31.248000	-26.400000
	132.500000	-31.824000	-27.600000
	132.520000	-32.460000	-29.600000
	132.540000	-33.108000	-31.000000
	132.560000	-33.780000	-32.600000
	132.580000	-34.464000	-33.400000
	132.600000	-35.172000	-34.400000
	132.620000	-35.880000	-35.000000
	132.640000	-36.600000	-35.600000
	132.660000	-37.332000	-36.000000
	132.680000	-38.088000	-36.800000
	132.700000	-38.832000	-37.200000
	132.720000	-39.552000	-37.000000
	132.740000	-40.272000	-36.400000
	132.760000	-40.980000	-35.800000
	132.780000	-41.700000	-35.800000
	132.800000	-42.384000	-35.200000
	132.820000	-43.056000	-34.600000
	132.840000	-43.692000	-33.200000
	132.860000	-44.292000	-31.800000
	132.880000	-44.856000	-30.000000
	132.900000	-45.384000	-28.200000
	132.920000	-45.888000	-26.600000
	132.940000	-46.344000	-24.800000
	132.960000	-46.752000	-22.800000
	132.980000	-47.112000	-20.400000
	133.000000	-47.424000	-18.000000
	133.020000	-47.688000	-15.600000
	133.040000	-47.892000	-13.000000
	133.060000	-48.048000	-10.400000
	133.080000	-48.144000	-7.600000
	133.100000	-48.192000	-5.000000
	133.120000	-48.180000	-2.200000
	133.140000	-48.120000	0.400000
	133.160000	-48.000000	3.200000
	133.180000	-47.832000	5.800000
	133.200000	-47.604000	8.600000
	133.220000	-47.340000	11.000000
	133.240000	-47.028000	13.400000
	133.260000	-46.680000	15.400000
	133.280000	-46.284000	17.600000
	133.300000	-45.840000	19.800000
	133.320000	-45.372000	21.800000
	133.340000	-44.880000	23.400000
	133.360000	-44.352000	24.800000
	133.380000	-43.776000	26.600000
	133.400000	-43.152000	28.800000
	133.420000	-42.528000	30.400000
	133.440000	-41.880000	31.600000
	133.460000	-41.208000	32.400000
	133.480000	-40.500000	33.800000
	133.500000	-39.792000	34.800000
	133.520000	-39.084000	35.400000
	133.540000	-38.388000	35.200000
	133.560000	-37.656000	35.600000
	133.580000	-36.936000	35.800000
	133.600000	-36.204000	36.400000
	133.620000	-35.496000	36.000000
	133.640000	-34.788000	35.800000
	133.660000	-34.104000	35.000000
	133.680000	-33.432000	34.400000
	133.700000	-32.784000	33.400000
	133.720000	-32.136000	32.800000
	133.740000	-31.536000	31.600000
	133.760000	-30.960000	30.400000
	133.780000	-30.420000	28.600000
	133.800000	-29.916000	27.000000
	133.820000	-29.448000	25.200000
	133.840000	-29.016000	23.400000
	133.860000	-28.620000	21.600000
	133.880000	-28.272000	19.600000
	133.900000	-27.984000	17.200000
	133.920000	-27.732000	14.800000
	133.940000	-27.516000	12.600000
	133.960000	-27.348000	10.600000
	133.980000	-27.240000	8.200000
	134.000000	-27.180000	5.600000
	134.020000	-27.168000	3.000000
	134.040000	-27.204000	0.600000
	134.060000	-27.300000	-2.000000
	134.080000	-27.432000	-4.400000
	134.100000	-27.612000	-6.800000
	134.120000	-27.828000	-8.800000
	134.140000	-28.104000	-11.200000
	134.160000	-28.404000	-13.200000
	134.180000	-28.752000	-15.400000
	134.200000	-29.136000	-17.200000
	134.220000	-29.568000	-19.400000
	134.240000	-30.036000	-21.400000
	134.260000	-30.540000	-23.400000
	134.280000	-31.068000	-25.000000
	134.300000	-31.632000	-26.600000
	134.320000	-32.232000	-28.200000
	134.340000	-32.856000	-29.800000
	134.360000	-33.504000	-31.200000
	134.380000	-34.164000	-32.200000
	134.400000	-34.860000	-33.400000
	134.420000	-35.568000	-34.400000
	134.440000	-36.276000	-35.200000
	134.460000	-37.008000	-35.800000
	134.480000	-37.740000	-36.200000
	134.500000	-38.484000	-36.800000
	134.520000	-39.228000	-37.000000
	134.540000	-39.960000	-37.000000
	134.560000	-40.692000	-36.800000
	134.580000	-41.388000	-36.000000
	134.600000	-42.084000	-35.400000
	134.620000	-42.756000	-34.400000
	134.640000	-43.416000	-33.800000
	134.660000	-44.040000	-32.600000
	134.680000	-44.640000	-31.400000
	134.700000	-45.204000	-29.800000
	134.720000	-45.744000	-28.400000
	134.740000	-46.236000	-26.600000
	134.760000	-46.668000	-24.400000
	134.780000	-47.052000	-21.800000
	134.800000	-47.400000	-19.400000
	134.820000	-47.712000	-17.400000
	134.840000	-47.964000	-15.200000
	134.860000	-48.156000	-12.600000
	134.880000	-48.300000	-9.800000
	134.900000	-48.384000	-7.000000
	134.920000	-48.420000	-4.400000
	134.940000	-48.384000	-1.400000
	134.960000	-48.312000	1.200000
	134.980000	-48.180000	4.000000
	135.000000	-48.000000	6.400000
	135.020000	-47.760000	9.200000
	135.040000	-47.472000	11.800000
	135.060000	-47.148000	14.200000
	135.080000	-46.788000	16.200000
	135.100000	-46.392000	18.000000
	135.120000	-45.948000	20.000000
	135.140000	-45.456000	22.200000
	135.160000	-44.928000	24.400000
	135.180000	-44.364000	26.400000
	135.200000	-43.788000	27.800000
	135.220000	-43.164000	29.400000
	135.240000	-42.516000	30.800000
	135.260000	-41.844000	32.400000
	135.280000	-41.160000	33.400000
	135.300000	-40.464000	34.200000
	135.320000	-39.744000	35.000000
	135.340000	-39.024000	35.600000
	135.360000	-38.292000	36.200000
	135.380000	-37.560000	36.400000
	135.400000	-36.828000	36.600000
	135.420000	-36.084000	36.800000
	135.440000	-35.364000	36.600000
	135.460000	-34.644000	36.400000
	135.480000	-33.960000	35.400000
	135.500000	-33.276000	34.800000
	135.520000	-32.616000	33.800000
	135.540000	-31.992000	32.800000
	135.560000	-31.380000	31.600000
	135.580000	-30.804000	30.200000
	135.600000	-30.252000	29.000000
	135.620000	-29.748000	27.200000
	135.640000	-29.268000	25.600000
	135.660000	-28.824000	23.800000
	135.680000	-28.428000	22.000000
	135.700000	-28.080000	19.800000
	135.720000	-27.780000	17.400000
	135.740000	-27.516000	15.200000
	135.760000	-27.312000	12.800000
	135.780000	-27.144000	10.600000
	135.800000	-27.036000	8.000000
	135.820000	-26.964000	5.800000
	135.840000	-26.952000	3.200000
	135.860000	-26.988000	0.800000
	135.880000	-27.072000	-1.800000
	135.900000	-27.216000	-4.400000
	135.920000	-27.384000	-6.600000
	135.940000	-27.612000	-9.000000
	135.960000	-27.876000	-11.000000
	135.980000	-28.188000	-13.400000
	136.000000	-28.524000	-15.200000
	136.020000	-28.896000	-17.000000
	136.040000	-29.316000	-18.800000
	136.060000	-29.796000	-21.200000
	136.080000	-30.300000	-23.400000
	136.100000	-30.840000	-25.400000
	136.120000	-31.404000	-26.800000
	136.140000	-32.004000	-28.400000
	136.160000	-32.616000	-29.600000
	136.180000	-33.264000	-31.000000
	136.200000	-33.936000	-32.200000
	136.220000	-34.632000	-33.600000
	136.240000	-35.328000	-34.400000
	136.260000	-36.048000	-35.200000
	136.280000	-36.780000	-35.800000
	136.300000	-37.524000	-36.600000
	136.320000	-38.256000	-36.800000
	136.340000	-38.988000	-36.800000
	136.360000	-39.720000	-36.600000
	136.380000	-40.452000	-36.600000
	136.400000	-41.172000	-36.400000
	136.420000	-41.868000	-35.800000
	136.440000	-42.540000	-34.800000
	136.460000	-43.188000	-33.600000
	136.480000	-43.812000	-32.400000
	136.500000	-44.412000	-31.200000
	136.520000	-44.988000	-30.000000
	136.540000	-45.516000	-28.400000
	136.560000	-46.008000	-26.600000
	136.580000	-46.440000	-24.200000
	136.600000	-46.848000	-22.200000
	136.620000	-47.196000	-19.800000
	136.640000	-47.508000	-17.800000
	136.660000	-47.760000	-15.200000
	136.680000	-47.964000	-12.800000
	136.700000	-48.108000	-10.000000
	136.720000	-48.192000	-7.200000
	136.740000	-48.228000	-4.400000
	136.760000	-48.216000	-1.800000
	136.780000	-48.144000	0.800000
	136.800000	-48.012000	3.600000
	136.820000	-47.820000	6.600000
	136.840000	-47.592000	9.200000
	136.860000	-47.316000	11.600000
	136.880000	-47.004000	13.600000
	136.900000	-46.644000	15.800000
	136.920000	-46.236000	18.000000
	136.940000	-45.792000	20.200000
	136.960000	-45.324000	22.000000
	136.980000	-44.820000	23.600000
	137.000000	-44.280000	25.200000
	137.020000	-43.692000	27.200000
	137.040000	-43.080000	29.000000
	137.060000	-42.432000	30.800000
	137.080000	-41.772000	32.000000
	137.100000	-41.088000	33.200000
	137.120000	-40.392000	34.000000
	137.140000	-39.684000	34.800000
	137.160000	-38.964000	35.400000
	137.180000	-38.256000	35.600000
	137.200000	-37.524000	36.000000
	137.220000	-36.804000	36.000000
	137.240000	-36.072000	36.400000
	137.260000	-35.352000	36.200000
	137.280000	-34.656000	35.800000
	137.300000	-33.972000	35.000000
	137.320000	-33.312000	34.000000
	137.340000	-32.664000	33.200000
	137.360000	-32.040000	32.200000
	137.380000	-31.440000	31.200000
	137.400000	-30.864000	30.000000
	137.420000	-30.324000	28.600000
	137.440000	-29.820000	27.000000
	137.460000	-29.352000	25.200000
	137.480000	-28.920000	23.400000
	137.500000	-28.536000	21.400000
	137.520000	-28.200000	19.200000
	137.540000	-27.912000	16.800000
	137.560000	-27.660000	14.600000
	137.580000	-27.456000	12.400000
	137.600000	-27.300000	10.200000
	137.620000	-27.204000	7.600000
	137.640000	-27.156000	5.000000
	137.660000	-27.156000	2.400000
	137.680000	-27.204000	5.917489E-14
	137.700000	-27.300000	-2.400000
	137.720000	-27.444000	-4.800000
	137.740000	-27.624000	-7.000000
	137.760000	-27.852000	-9.200000
	137.780000	-28.128000	-11.400000
	137.800000	-28.452000	-13.800000
	137.820000	-28.800000	-15.800000
	137.840000	-29.196000	-17.800000
	137.860000	-29.628000	-19.600000
	137.880000	-30.096000	-21.600000
	137.900000	-30.588000	-23.200000
	137.920000	-31.116000	-24.800000
	137.940000	-31.692000	-26.600000
	137.960000	-32.304000	-28.600000
	137.980000	-32.928000	-30.200000
	138.000000	-33.588000	-31.600000
	138.020000	-34.248000	-32.400000
	138.040000	-34.944000	-33.600000
	138.060000	-35.652000	-34.400000
	138.080000	-36.372000	-35.400000
	138.100000	-37.104000	-36.000000
	138.120000	-37.824000	-36.200000
	138.140000	-38.568000	-36.600000
	138.160000	-39.312000	-36.800000
	138.180000	-40.044000	-37.000000
	138.200000	-40.776000	-36.800000
	138.220000	-41.472000	-36.000000
	138.240000	-42.168000	-35.400000
	138.260000	-42.828000	-34.200000
	138.280000	-43.488000	-33.600000
	138.300000	-44.112000	-32.400000
	138.320000	-44.712000	-31.400000
	138.340000	-45.264000	-29.600000
	138.360000	-45.780000	-27.800000
	138.380000	-46.260000	-25.800000
	138.400000	-46.704000	-24.000000
	138.420000	-47.100000	-22.000000
	138.440000	-47.448000	-19.800000
	138.460000	-47.736000	-17.200000
	138.480000	-47.988000	-14.800000
	138.500000	-48.168000	-12.000000
	138.520000	-48.312000	-9.600000
	138.540000	-48.384000	-6.600000
	138.560000	-48.408000	-4.000000
	138.580000	-48.372000	-1.000000
	138.600000	-48.288000	1.600000
	138.620000	-48.156000	4.200000
	138.640000	-47.964000	6.800000
	138.660000	-47.724000	9.400000
	138.680000	-47.436000	12.000000
	138.700000	-47.100000	14.400000
	138.720000	-46.728000	16.600000
	138.740000	-46.308000	18.800000
	138.760000	-45.864000	20.600000
	138.780000	-45.372000	22.600000
	138.800000	-44.844000	24.400000
	138.820000	-44.280000	26.400000
	138.840000	-43.692000	28.000000
	138.860000	-43.068000	29.600000
	138.880000	-42.420000	31.000000
	138.900000	-41.748000	32.400000
	138.920000	-41.064000	33.400000
	138.940000	-40.356000	34.400000
	138.960000	-39.636000	35.200000
	138.980000	-38.904000	36.000000
	139.000000	-38.160000	36.600000
	139.020000	-37.416000	37.000000
	139.040000	-36.684000	37.000000
	139.060000	-35.952000	36.800000
	139.080000	-35.232000	36.400000
	139.100000	-34.512000	36.200000
	139.120000	-33.816000	35.600000
	139.140000	-33.132000	35.000000
	139.160000	-32.484000	33.800000
	139.180000	-31.848000	32.800000
	139.200000	-31.260000	31.200000
	139.220000	-30.684000	30.000000
	139.240000	-30.156000	28.200000
	139.260000	-29.640000	27.000000
	139.280000	-29.172000	25.200000
	139.300000	-28.740000	23.600000
	139.320000	-28.356000	21.400000
	139.340000	-28.020000	19.200000
	139.360000	-27.732000	16.800000
	139.380000	-27.480000	14.600000
	139.400000	-27.276000	12.400000
	139.420000	-27.120000	10.200000
	139.440000	-27.024000	7.600000
	139.460000	-26.964000	5.200000
	139.480000	-26.964000	2.600000
	139.500000	-27.000000	0.400000
	139.520000	-27.096000	-2.200000
	139.540000	-27.240000	-4.600000
	139.560000	-27.432000	-7.200000
	139.580000	-27.660000	-9.400000
	139.600000	-27.924000	-11.400000
	139.620000	-28.236000	-13.400000
	139.640000	-28.596000	-15.600000
	139.660000	-28.992000	-17.800000
	139.680000	-29.424000	-19.800000
	139.700000	-29.892000	-21.600000
	139.720000	-30.384000	-23.200000
	139.740000	-30.924000	-25.000000
	139.760000	-31.500000	-26.800000
	139.780000	-32.112000	-28.800000
	139.800000	-32.748000	-30.400000
	139.820000	-33.396000	-31.600000
	139.840000	-34.068000	-32.600000
	139.860000	-34.752000	-33.400000
	139.880000	-35.460000	-34.400000
	139.900000	-36.180000	-35.200000
	139.920000	-36.912000	-36.000000
	139.940000	-37.644000	-36.400000
	139.960000	-38.388000	-36.800000
	139.980000	-39.132000	-37.000000
	140.000000	-39.876000	-37.200000
	140.020000	-40.608000	-37.000000
	140.040000	-41.316000	-36.400000
	140.060000	-42.012000	-35.600000
	140.080000	-42.684000	-34.600000
	140.100000	-43.344000	-33.800000
	140.120000	-43.968000	-32.600000
	140.140000	-44.568000	-31.400000
	140.160000	-45.120000	-29.600000
	140.180000	-45.648000	-28.000000
	140.200000	-46.128000	-26.000000
	140.220000	-46.572000	-24.200000
	140.240000	-46.956000	-21.800000
	140.260000	-47.304000	-19.600000
	140.280000	-47.604000	-17.200000
	140.300000	-47.856000	-15.000000
	140.320000	-48.036000	-12.200000
	140.340000	-48.168000	-9.400000
	140.360000	-48.240000	-6.400000
	140.380000	-48.276000	-4.000000
	140.400000	-48.240000	-1.200000
	140.420000	-48.156000	1.400000
	140.440000	-48.012000	4.400000
	140.460000	-47.832000	6.800000
	140.480000	-47.592000	9.400000
	140.500000	-47.316000	11.600000
	140.520000	-46.980000	14.200000
	140.540000	-46.620000	16.200000
	140.560000	-46.200000	18.600000
	140.580000	-45.756000	20.400000
	140.600000	-45.276000	22.400000
	140.620000	-44.772000	23.800000
	140.640000	-44.220000	25.600000
	140.660000	-43.620000	27.600000
	140.680000	-42.984000	29.800000
	140.700000	-42.336000	31.400000
	140.720000	-41.688000	32.200000
	140.740000	-41.016000	32.800000
	140.760000	-40.308000	33.800000
	140.780000	-39.600000	34.800000
	140.800000	-38.880000	35.600000
	140.820000	-38.172000	35.600000
	140.840000	-37.440000	36.000000
	140.860000	-36.708000	36.200000
	140.880000	-35.976000	36.600000
	140.900000	-35.244000	36.600000
	140.920000	-34.560000	35.800000
	140.940000	-33.876000	35.000000
	140.960000	-33.216000	33.800000
	140.980000	-32.556000	33.400000
	141.000000	-31.932000	32.400000
	141.020000	-31.344000	31.200000
	141.040000	-30.780000	29.600000
	141.060000	-30.252000	28.000000
	141.080000	-29.748000	26.600000
	141.100000	-29.292000	24.800000
	141.120000	-28.872000	23.000000
	141.140000	-28.500000	20.800000
	141.160000	-28.164000	18.800000
	141.180000	-27.888000	16.400000
	141.200000	-27.648000	14.200000
	141.220000	-27.456000	11.800000
	141.240000	-27.312000	9.600000
	141.260000	-27.216000	7.200000
	141.280000	-27.168000	4.800000
	141.300000	-27.168000	2.400000
	141.320000	-27.228000	-0.200000
	141.340000	-27.336000	-2.800000
	141.360000	-27.480000	-5.200000
	141.380000	-27.672000	-7.400000
	141.400000	-27.900000	-9.400000
	141.420000	-28.188000	-11.800000
	141.440000	-28.512000	-14.000000
	141.460000	-28.884000	-16.400000
	141.480000	-29.280000	-18.200000
	141.500000	-29.712000	-20.000000
	141.520000	-30.180000	-21.600000
	141.540000	-30.684000	-23.400000
	141.560000	-31.224000	-25.200000
	141.580000	-31.800000	-27.000000
	141.600000	-32.412000	-28.800000
	141.620000	-33.048000	-30.400000
	141.640000	-33.708000	-31.800000
	141.660000	-34.380000	-32.800000
	141.680000	-35.088000	-34.000000
	141.700000	-35.796000	-34.800000
	141.720000	-36.528000	-35.800000
	141.740000	-37.248000	-36.000000
	141.760000	-37.992000	-36.600000
	141.780000	-38.724000	-36.600000
	141.800000	-39.456000	-36.800000
	141.820000	-40.176000	-36.400000
	141.840000	-40.896000	-36.200000
	141.860000	-41.616000	-36.000000
	141.880000	-42.312000	-35.600000
	141.900000	-42.984000	-34.800000
	141.920000	-43.644000	-33.800000
	141.940000	-44.268000	-32.600000
	141.960000	-44.856000	-31.200000
	141.980000	-45.396000	-29.200000
	142.000000	-45.912000	-27.400000
	142.020000	-46.392000	-25.600000
	142.040000	-46.812000	-23.600000
	142.060000	-47.196000	-21.400000
	142.080000	-47.532000	-19.000000
	142.100000	-47.832000	-17.000000
	142.120000	-48.060000	-14.400000
	142.140000	-48.240000	-11.800000
	142.160000	-48.360000	-8.800000
	142.180000	-48.432000	-6.200000
	142.200000	-48.444000	-3.400000
	142.220000	-48.396000	-0.600000
	142.240000	-48.300000	2.200000
	142.260000	-48.144000	5.000000
	142.280000	-47.940000	7.600000
	142.300000	-47.688000	10.200000
	142.320000	-47.400000	12.400000
	142.340000	-47.064000	14.600000
	142.360000	-46.680000	16.800000
	142.380000	-46.260000	19.000000
	142.400000	-45.804000	21.000000
	142.420000	-45.312000	22.800000
	142.440000	-44.772000	24.800000
	142.460000	-44.196000	26.800000
	142.480000	-43.608000	28.400000
	142.500000	-42.984000	29.800000
	142.520000	-42.336000	31.000000
	142.540000	-41.652000	32.600000
	142.560000	-40.956000	33.800000
	142.580000	-40.248000	34.800000
	142.600000	-39.528000	35.400000
	142.620000	-38.808000	35.800000
	142.640000	-38.076000	36.200000
	142.660000	-37.344000	36.400000
	142.680000	-36.612000	36.600000
	142.700000	-35.856000	37.000000
	142.720000	-35.136000	36.800000
	142.740000	-34.416000	36.600000
	142.760000	-33.744000	35.200000
	142.780000	-33.072000	34.400000
	142.800000	-32.424000	33.200000
	142.820000	-31.812000	32.200000
	142.840000	-31.200000	31.200000
	142.860000	-30.624000	30.000000
	142.880000	-30.084000	28.800000
	142.900000	-29.592000	26.800000
	142.920000	-29.136000	24.800000
	142.940000	-28.716000	22.800000
	142.960000	-28.344000	20.800000
	142.980000	-28.020000	18.600000
	143.000000	-27.732000	16.400000
	143.020000	-27.492000	14.200000
	143.040000	-27.300000	12.000000
	143.060000	-27.156000	9.600000
	143.080000	-27.060000	7.200000
	143.100000	-27.012000	4.800000
	143.120000	-27.024000	2.200000
	143.140000	-27.084000	-0.400000
	143.160000	-27.192000	-3.000000
	143.180000	-27.336000	-5.200000
	143.200000	-27.528000	-7.400000
	143.220000	-27.768000	-9.600000
	143.240000	-28.056000	-12.000000
	143.260000	-28.380000	-14.200000
	143.280000	-28.740000	-16.200000
	143.300000	-29.136000	-18.000000
	143.320000	-29.568000	-19.800000
	143.340000	-30.036000	-21.600000
	143.360000	-30.564000	-23.800000
	143.380000	-31.116000	-25.800000
	143.400000	-31.704000	-27.800000
	143.420000	-32.304000	-29.000000
	143.440000	-32.940000	-30.400000
	143.460000	-33.612000	-31.800000
	143.480000	-34.284000	-33.000000
	143.500000	-34.992000	-34.200000
	143.520000	-35.688000	-34.600000
	143.540000	-36.408000	-35.400000
	143.560000	-37.128000	-35.600000
	143.580000	-37.872000	-36.400000
	143.600000	-38.628000	-37.000000
	143.620000	-39.372000	-37.400000
	143.640000	-40.104000	-37.200000
	143.660000	-40.824000	-36.600000
	143.680000	-41.532000	-36.000000
	143.700000	-42.216000	-35.200000
	143.720000	-42.888000	-34.400000
	143.740000	-43.536000	-33.400000
	143.760000	-44.172000	-32.600000
	143.780000	-44.760000	-31.200000
	143.800000	-45.312000	-29.600000
	143.820000	-45.816000	-27.400000
	143.840000	-46.284000	-25.400000
	143.860000	-46.716000	-23.400000
	143.880000	-47.100000	-21.400000
	143.900000	-47.436000	-19.200000
	143.920000	-47.724000	-16.800000
	143.940000	-47.964000	-14.400000
	143.960000	-48.144000	-11.800000
	143.980000	-48.264000	-9.000000
	144.000000	-48.336000	-6.200000
	144.020000	-48.360000	-3.600000
	144.040000	-48.324000	-1.000000
	144.060000	-48.228000	1.800000
	144.080000	-48.072000	4.800000
	144.100000	-47.880000	7.400000
	144.120000	-47.628000	10.000000
	144.140000	-47.340000	12.200000
	144.160000	-47.004000	14.600000
	144.180000	-46.632000	16.600000
	144.200000	-46.212000	18.800000
	144.220000	-45.756000	20.800000
	144.240000	-45.252000	23.000000
	144.260000	-44.724000	24.800000
	144.280000	-44.160000	26.600000
	144.300000	-43.572000	28.000000
	144.320000	-42.960000	29.400000
	144.340000	-42.312000	30.800000
	144.360000	-41.640000	32.200000
	144.380000	-40.944000	33.600000
	144.400000	-40.236000	34.600000
	144.420000	-39.528000	35.200000
	144.440000	-38.808000	35.600000
	144.460000	-38.064000	36.200000
	144.480000	-37.332000	36.600000
	144.500000	-36.600000	36.800000
	144.520000	-35.892000	36.200000
	144.540000	-35.184000	35.800000
	144.560000	-34.476000	35.400000
	144.580000	-33.792000	35.000000
	144.600000	-33.108000	34.600000
	144.620000	-32.460000	33.600000
	144.640000	-31.836000	32.600000
	144.660000	-31.260000	30.800000
	144.680000	-30.708000	29.200000
	144.700000	-30.180000	27.600000
	144.720000	-29.676000	26.400000
	144.740000	-29.220000	24.800000
	144.760000	-28.800000	23.000000
	144.780000	-28.440000	20.600000
	144.800000	-28.116000	18.400000
	144.820000	-27.840000	16.000000
	144.840000	-27.600000	14.000000
	144.860000	-27.408000	11.800000
	144.880000	-27.276000	9.400000
	144.900000	-27.192000	6.800000
	144.920000	-27.156000	4.200000
	144.940000	-27.168000	1.800000
	144.960000	-27.228000	-0.600000
	144.980000	-27.336000	-3.000000
	145.000000	-27.480000	-5.200000
	145.020000	-27.684000	-7.600000
	145.040000	-27.924000	-9.800000
	145.060000	-28.212000	-12.200000
	145.080000	-28.536000	-14.200000
	145.100000	-28.908000	-16.400000
	145.120000	-29.328000	-18.600000
	145.140000	-29.772000	-20.600000
	145.160000	-30.252000	-22.400000
	145.180000	-30.768000	-24.000000
	145.200000	-31.308000	-25.600000
	145.220000	-31.884000	-27.200000
	145.240000	-32.484000	-28.600000
	145.260000	-33.132000	-30.400000
	145.280000	-33.792000	-31.800000
	145.300000	-34.476000	-33.200000
	145.320000	-35.184000	-34.200000
	145.340000	-35.904000	-35.200000
	145.360000	-36.636000	-36.000000
	145.380000	-37.356000	-36.200000
	145.400000	-38.088000	-36.400000
	145.420000	-38.820000	-36.400000
	145.440000	-39.552000	-36.600000
	145.460000	-40.284000	-36.600000
	145.480000	-41.004000	-36.400000
	145.500000	-41.712000	-36.000000
	145.520000	-42.408000	-35.400000
	145.540000	-43.068000	-34.400000
	145.560000	-43.716000	-33.400000
	145.580000	-44.328000	-32.000000
	145.600000	-44.928000	-31.000000
	145.620000	-45.480000	-29.400000
	145.640000	-45.984000	-27.600000
	145.660000	-46.440000	-25.200000
	145.680000	-46.860000	-23.000000
	145.700000	-47.244000	-21.000000
	145.720000	-47.580000	-19.000000
	145.740000	-47.856000	-16.600000
	145.760000	-48.084000	-14.000000
	145.780000	-48.252000	-11.200000
	145.800000	-48.372000	-8.600000
	145.820000	-48.432000	-5.800000
	145.840000	-48.432000	-3.000000
	145.860000	-48.384000	-0.200000
	145.880000	-48.276000	2.600000
	145.900000	-48.120000	5.200000
	145.920000	-47.904000	8.000000
	145.940000	-47.652000	10.400000
	145.960000	-47.364000	12.600000
	145.980000	-47.028000	14.600000
	146.000000	-46.644000	16.800000
	146.020000	-46.212000	19.200000
	146.040000	-45.732000	21.600000
	146.060000	-45.228000	23.600000
	146.080000	-44.688000	25.400000
	146.100000	-44.136000	26.600000
	146.120000	-43.536000	28.200000
	146.140000	-42.912000	29.600000
	146.160000	-42.252000	31.400000
	146.180000	-41.580000	32.600000
	146.200000	-40.884000	33.800000
	146.220000	-40.164000	34.800000
	146.240000	-39.444000	35.600000
	146.260000	-38.712000	36.200000
	146.280000	-37.992000	36.200000
	146.300000	-37.248000	36.600000
	146.320000	-36.516000	36.600000
	146.340000	-35.784000	36.800000
	146.360000	-35.076000	36.200000
	146.380000	-34.380000	35.600000
	146.400000	-33.696000	34.800000
	146.420000	-33.036000	34.000000
	146.440000	-32.388000	33.200000
	146.460000	-31.764000	32.200000
	146.480000	-31.152000	31.400000
	146.500000	-30.588000	30.000000
	146.520000	-30.072000	28.200000
	146.540000	-29.592000	26.000000
	146.560000	-29.136000	24.200000
	146.580000	-28.716000	22.600000
	146.600000	-28.344000	20.800000
	146.620000	-28.032000	18.400000
	146.640000	-27.756000	16.000000
	146.660000	-27.528000	13.600000
	146.680000	-27.336000	11.600000
	146.700000	-27.204000	9.200000
	146.720000	-27.120000	6.800000
	146.740000	-27.084000	4.200000
	146.760000	-27.096000	1.800000
	146.780000	-27.156000	-0.600000
	146.800000	-27.276000	-3.200000
	146.820000	-27.432000	-5.600000
	146.840000	-27.636000	-8.000000
	146.860000	-27.888000	-10.200000
	146.880000	-28.176000	-12.400000
	146.900000	-28.512000	-14.600000
	146.920000	-28.872000	-16.400000
	146.940000	-29.292000	-18.600000
	146.960000	-29.736000	-20.400000
	146.980000	-30.216000	-22.400000
	147.000000	-30.732000	-24.000000
	147.020000	-31.284000	-25.800000
	147.040000	-31.872000	-27.600000
	147.060000	-32.484000	-29.200000
	147.080000	-33.120000	-30.600000
	147.100000	-33.792000	-32.000000
	147.120000	-34.476000	-33.200000
	147.140000	-35.172000	-34.200000
	147.160000	-35.880000	-34.800000
	147.180000	-36.600000	-35.400000
	147.200000	-37.332000	-36.000000
	147.220000	-38.076000	-36.600000
	147.240000	-38.820000	-37.000000
	147.260000	-39.576000	-37.400000
	147.280000	-40.296000	-37.000000
	147.300000	-41.016000	-36.600000
	147.320000	-41.724000	-35.800000
	147.340000	-42.420000	-35.400000
	147.360000	-43.080000	-34.400000
	147.380000	-43.716000	-33.200000
	147.400000	-44.328000	-31.800000
	147.420000	-44.916000	-30.600000
	147.440000	-45.456000	-29.000000
	147.460000	-45.960000	-27.200000
	147.480000	-46.428000	-25.200000
	147.500000	-46.860000	-23.400000
	147.520000	-47.232000	-21.200000
	147.540000	-47.556000	-18.800000
	147.560000	-47.832000	-16.200000
	147.580000	-48.060000	-13.800000
	147.600000	-48.228000	-11.200000
	147.620000	-48.336000	-8.400000
	147.640000	-48.396000	-5.600000
	147.660000	-48.396000	-2.800000
	147.680000	-48.348000	-0.200000
	147.700000	-48.240000	2.600000
	147.720000	-48.084000	5.200000
	147.740000	-47.868000	8.000000
	147.760000	-47.616000	10.400000
	147.780000	-47.316000	12.800000
	147.800000	-46.968000	15.000000
	147.820000	-46.572000	17.400000
	147.840000	-46.152000	19.400000
	147.860000	-45.684000	21.400000
	147.880000	-45.180000	23.200000
	147.900000	-44.640000	25.200000
	147.920000	-44.076000	26.800000
	147.940000	-43.476000	28.400000
	147.960000	-42.840000	30.000000
	147.980000	-42.180000	31.600000
	148.000000	-41.496000	33.000000
	148.020000	-40.800000	34.000000
	148.040000	-40.104000	34.600000
	148.060000	-39.396000	35.000000
	148.080000	-38.664000	35.600000
	148.100000	-37.932000	36.200000
	148.120000	-37.200000	36.600000
	148.140000	-36.480000	36.400000
	148.160000	-35.748000	36.400000
	148.180000	-35.028000	36.200000
	148.200000	-34.320000	36.000000
	148.220000	-33.636000	35.200000
	148.240000	-32.976000	34.200000
	148.260000	-32.340000	33.000000
	148.280000	-31.716000	32.000000
	148.300000	-31.128000	30.800000
	148.320000	-30.564000	29.600000
	148.340000	-30.048000	27.800000
	148.360000	-29.556000	26.200000
	148.380000	-29.112000	24.200000
	148.400000	-28.704000	22.400000
	148.420000	-28.344000	20.200000
	148.440000	-28.020000	18.200000
	148.460000	-27.744000	16.000000
	148.480000	-27.516000	13.800000
	148.500000	-27.348000	11.200000
	148.520000	-27.216000	8.800000
	148.540000	-27.144000	6.200000
	148.560000	-27.108000	4.000000
	148.580000	-27.132000	1.400000
	148.600000	-27.192000	-0.800000
	148.620000	-27.312000	-3.400000
	148.640000	-27.480000	-5.800000
	148.660000	-27.696000	-8.400000
	148.680000	-27.948000	-10.600000
	148.700000	-28.236000	-12.600000
	148.720000	-28.572000	-14.600000
	148.740000	-28.944000	-16.600000
	148.760000	-29.364000	-18.800000
	148.780000	-29.808000	-20.600000
	148.800000	-30.300000	-22.600000
	148.820000	-30.828000	-24.400000
	148.840000	-31.380000	-26.200000
	148.860000	-31.968000	-27.800000
	148.880000	-32.568000	-29.000000
	148.900000	-33.216000	-30.600000
	148.920000	-33.876000	-31.800000
	148.940000	-34.560000	-33.200000
	148.960000	-35.268000	-34.200000
	148.980000	-35.976000	-35.000000
	149.000000	-36.708000	-35.800000
	149.020000	-37.428000	-36.000000
	149.040000	-38.172000	-36.600000
	149.060000	-38.916000	-36.800000
	149.080000	-39.672000	-37.400000
	149.100000	-40.416000	-37.400000
	149.120000	-41.124000	-36.800000
	149.140000	-41.832000	-36.000000
	149.160000	-42.516000	-35.000000
	149.180000	-43.188000	-34.400000
	149.200000	-43.812000	-33.000000
	149.220000	-44.424000	-31.800000
	149.240000	-45.000000	-30.200000
	149.260000	-45.552000	-29.000000
	149.280000	-46.044000	-27.000000
	149.300000	-46.512000	-25.200000
	149.320000	-46.920000	-22.800000
	149.340000	-47.292000	-20.800000
	149.360000	-47.616000	-18.400000
	149.380000	-47.892000	-16.200000
	149.400000	-48.108000	-13.600000
	149.420000	-48.276000	-11.000000
	149.440000	-48.384000	-8.200000
	149.460000	-48.444000	-5.600000
	149.480000	-48.432000	-2.600000
	149.500000	-48.372000	0.200000
	149.520000	-48.264000	3.000000
	149.540000	-48.108000	5.400000
	149.560000	-47.892000	8.000000
	149.580000	-47.628000	10.600000
	149.600000	-47.316000	13.200000
	149.620000	-46.968000	15.400000
	149.640000	-46.572000	17.600000
	149.660000	-46.140000	19.600000
	149.680000	-45.672000	21.600000
	149.700000	-45.180000	23.200000
	149.720000	-44.640000	25.000000
	149.740000	-44.064000	26.800000
	149.760000	-43.440000	29.000000
	149.780000	-42.816000	30.400000
	149.800000	-42.168000	31.600000
	149.820000	-41.496000	32.400000
	149.840000	-40.800000	33.600000
	149.860000	-40.092000	34.600000
	149.880000	-39.384000	35.200000
	149.900000	-38.652000	35.800000
	149.920000	-37.896000	36.600000
	149.940000	-37.152000	37.200000
	149.960000	-36.420000	37.200000
	149.980000	-35.712000	36.400000
	150.000000	-34.992000	36.000000
	150.020000	-34.284000	35.600000
	150.040000	-33.600000	35.200000
	150.060000	-32.940000	34.200000
	150.080000	-32.304000	33.000000
	150.100000	-31.692000	31.800000
	150.120000	-31.104000	30.600000
	150.140000	-30.552000	29.200000
	150.160000	-30.036000	27.600000
	150.180000	-29.556000	25.800000
	150.200000	-29.112000	24.000000
	150.220000	-28.704000	22.200000
	150.240000	-28.344000	20.200000
	150.260000	-28.032000	18.000000
	150.280000	-27.756000	15.800000
	150.300000	-27.528000	13.600000
	150.320000	-27.348000	11.400000
	150.340000	-27.228000	8.800000
	150.360000	-27.156000	6.200000
	150.380000	-27.132000	3.600000
	150.400000	-27.156000	1.200000
	150.420000	-27.228000	-1.200000
	150.440000	-27.348000	-3.600000
	150.460000	-27.516000	-6.000000
	150.480000	-27.732000	-8.400000
	150.500000	-27.996000	-10.800000
	150.520000	-28.296000	-13.000000
	150.540000	-28.632000	-15.000000
	150.560000	-29.004000	-16.800000
	150.580000	-29.412000	-18.600000
	150.600000	-29.868000	-20.600000
	150.620000	-30.360000	-22.600000
	150.640000	-30.888000	-24.600000
	150.660000	-31.452000	-26.400000
	150.680000	-32.040000	-28.000000
	150.700000	-32.664000	-29.600000
	150.720000	-33.312000	-31.000000
	150.740000	-33.984000	-32.400000
	150.760000	-34.668000	-33.400000
	150.780000	-35.376000	-34.400000
	150.800000	-36.096000	-35.200000
	150.820000	-36.828000	-36.000000
	150.840000	-37.548000	-36.200000
	150.860000	-38.280000	-36.400000
	150.880000	-39.012000	-36.400000
	150.900000	-39.744000	-36.600000
	150.920000	-40.476000	-36.600000
	150.940000	-41.196000	-36.400000
	150.960000	-41.904000	-36.000000
	150.980000	-42.588000	-35.200000
	151.000000	-43.260000	-34.400000
	151.020000	-43.920000	-33.600000
	151.040000	-44.532000	-32.400000
	151.060000	-45.096000	-30.600000
	151.080000	-45.624000	-28.400000
	151.100000	-46.116000	-26.400000
	151.120000	-46.572000	-24.600000
	151.140000	-46.980000	-22.600000
	151.160000	-47.352000	-20.600000
	151.180000	-47.676000	-18.400000
	151.200000	-47.940000	-16.000000
	151.220000	-48.144000	-13.200000
	151.240000	-48.300000	-10.400000
	151.260000	-48.396000	-7.600000
	151.280000	-48.444000	-5.000000
	151.300000	-48.432000	-2.200000
	151.320000	-48.372000	0.400000
	151.340000	-48.264000	3.000000
	151.360000	-48.096000	5.600000
	151.380000	-47.880000	8.200000
	151.400000	-47.604000	11.000000
	151.420000	-47.292000	13.400000
	151.440000	-46.944000	15.600000
	151.460000	-46.548000	17.600000
	151.480000	-46.116000	19.600000
	151.500000	-45.636000	21.800000
	151.520000	-45.120000	23.800000
	151.540000	-44.580000	25.600000
	151.560000	-43.992000	27.400000
	151.580000	-43.392000	28.800000
	151.600000	-42.744000	30.600000
	151.620000	-42.084000	31.800000
	151.640000	-41.400000	33.200000
	151.660000	-40.704000	34.000000
	151.680000	-39.996000	34.800000
	151.700000	-39.276000	35.400000
	151.720000	-38.544000	36.000000
	151.740000	-37.812000	36.400000
	151.760000	-37.080000	36.600000
	151.780000	-36.348000	36.600000
	151.800000	-35.616000	36.600000
	151.820000	-34.896000	36.400000
	151.840000	-34.212000	35.600000
	151.860000	-33.540000	34.600000
	151.880000	-32.880000	33.600000
	151.900000	-32.232000	33.000000
	151.920000	-31.620000	32.000000
	151.940000	-31.044000	30.600000
	151.960000	-30.492000	29.000000
	151.980000	-29.964000	27.600000
	152.000000	-29.472000	26.200000
	152.020000	-29.028000	24.400000
	152.040000	-28.632000	22.200000
	152.060000	-28.272000	20.000000
	152.080000	-27.960000	17.800000
	152.100000	-27.696000	15.600000
	152.120000	-27.480000	13.200000
	152.140000	-27.312000	10.800000
	152.160000	-27.192000	8.400000
	152.180000	-27.120000	6.000000
	152.200000	-27.096000	3.600000
	152.220000	-27.120000	1.200000
	152.240000	-27.204000	-1.400000
	152.260000	-27.324000	-3.800000
	152.280000	-27.492000	-6.200000
	152.300000	-27.708000	-8.400000
	152.320000	-27.972000	-10.800000
	152.340000	-28.284000	-13.200000
	152.360000	-28.620000	-15.200000
	152.380000	-29.004000	-17.200000
	152.400000	-29.424000	-19.000000
	152.420000	-29.880000	-21.000000
	152.440000	-30.372000	-22.800000
	152.460000	-30.900000	-24.600000
	152.480000	-31.476000	-26.600000
	152.500000	-32.076000	-28.400000
	152.520000	-32.700000	-30.000000
	152.540000	-33.336000	-31.000000
	152.560000	-33.996000	-32.000000
	152.580000	-34.680000	-33.000000
	152.600000	-35.472000	-35.600000
	152.620000	-36.204000	-36.800000
	152.640000	-36.936000	-37.600000
	152.660000	-37.596000	-35.400000
	152.680000	-38.328000	-35.400000
	152.700000	-39.072000	-35.600000
	152.720000	-39.804000	-36.800000
	152.740000	-40.536000	-36.800000
	152.760000	-41.256000	-36.400000
	152.780000	-41.952000	-35.800000
	152.800000	-42.648000	-35.200000
	152.820000	-43.308000	-34.200000
	152.840000	-43.956000	-33.400000
	152.860000	-44.556000	-31.800000
	152.880000	-45.132000	-30.400000
	152.900000	-45.660000	-28.400000
	152.920000	-46.152000	-26.600000
	152.940000	-46.596000	-24.400000
	152.960000	-47.016000	-22.600000
	152.980000	-47.376000	-20.400000
	153.000000	-47.700000	-18.400000
	153.020000	-47.964000	-15.800000
	153.040000	-48.180000	-13.400000
	153.060000	-48.336000	-10.600000
	153.080000	-48.432000	-7.800000
	153.100000	-48.468000	-4.800000
	153.120000	-48.456000	-2.000000
	153.140000	-48.384000	0.800000
	153.160000	-48.264000	3.400000
	153.180000	-48.084000	6.200000
	153.200000	-47.868000	8.600000
	153.220000	-47.604000	11.000000
	153.240000	-47.292000	13.200000
	153.260000	-46.932000	15.600000
	153.280000	-46.536000	17.800000
	153.300000	-46.092000	20.000000
	153.320000	-45.612000	22.000000
	153.340000	-45.096000	24.000000
	153.360000	-44.544000	25.800000
	153.380000	-43.956000	27.600000
	153.400000	-43.332000	29.400000
	153.420000	-42.696000	30.800000
	153.440000	-42.036000	32.000000
	153.460000	-41.352000	33.000000
	153.480000	-40.644000	34.200000
	153.500000	-39.924000	35.200000
	153.520000	-39.216000	35.600000
	153.540000	-38.496000	35.800000
	153.560000	-37.752000	36.200000
	153.580000	-37.008000	36.800000
	153.600000	-36.276000	37.000000
	153.620000	-35.568000	36.400000
	153.640000	-34.848000	36.000000
	153.660000	-34.128000	35.800000
	153.680000	-33.444000	35.400000
	153.700000	-32.784000	34.400000
	153.720000	-32.160000	32.800000
	153.740000	-31.548000	31.600000
	153.760000	-30.972000	30.200000
	153.780000	-30.420000	29.000000
	153.800000	-29.904000	27.400000
	153.820000	-29.424000	25.800000
	153.840000	-28.992000	23.800000
	153.860000	-28.596000	21.800000
	153.880000	-28.236000	19.800000
	153.900000	-27.924000	17.800000
	153.920000	-27.660000	15.600000
	153.940000	-27.444000	13.200000
	153.960000	-27.276000	10.800000
	153.980000	-27.156000	8.400000
	154.000000	-27.096000	5.800000
	154.020000	-27.084000	3.200000
	154.040000	-27.120000	0.600000
	154.060000	-27.204000	-1.800000
	154.080000	-27.324000	-4.000000
	154.100000	-27.504000	-6.400000
	154.120000	-27.720000	-8.600000
	154.140000	-27.996000	-11.200000
	154.160000	-28.296000	-13.200000
	154.180000	-28.644000	-15.400000
	154.200000	-29.016000	-17.000000
	154.220000	-29.436000	-19.000000
	154.240000	-29.892000	-20.800000
	154.260000	-30.396000	-23.000000
	154.280000	-30.936000	-25.000000
	154.300000	-31.500000	-26.800000
	154.320000	-32.100000	-28.400000
	154.340000	-32.724000	-29.800000
	154.360000	-33.384000	-31.400000
	154.380000	-34.056000	-32.600000
	154.400000	-34.752000	-33.800000
	154.420000	-35.448000	-34.400000
	154.440000	-36.180000	-35.400000
	154.460000	-36.912000	-36.000000
	154.480000	-37.656000	-36.800000
	154.500000	-38.388000	-36.800000
	154.520000	-39.132000	-37.000000
	154.540000	-39.864000	-36.800000
	154.560000	-40.596000	-36.800000
	154.580000	-41.304000	-36.200000
	154.600000	-42.012000	-35.800000
	154.620000	-42.696000	-35.000000
	154.640000	-43.356000	-34.200000
	154.660000	-43.992000	-33.000000
	154.680000	-44.592000	-31.600000
	154.700000	-45.168000	-30.200000
	154.720000	-45.696000	-28.400000
	154.740000	-46.188000	-26.600000
	154.760000	-46.632000	-24.400000
	154.780000	-47.040000	-22.400000
	154.800000	-47.400000	-20.200000
	154.820000	-47.712000	-18.000000
	154.840000	-47.976000	-15.600000
	154.860000	-48.180000	-13.000000
	154.880000	-48.336000	-10.400000
	154.900000	-48.432000	-7.600000
	154.920000	-48.468000	-4.800000
	154.940000	-48.444000	-1.800000
	154.960000	-48.372000	1.000000
	154.980000	-48.252000	3.600000
	155.000000	-48.084000	6.000000
	155.020000	-47.856000	8.600000
	155.040000	-47.580000	11.200000
	155.060000	-47.256000	13.800000
	155.080000	-46.896000	16.000000
	155.100000	-46.500000	18.000000
	155.120000	-46.056000	20.000000
	155.140000	-45.576000	22.000000
	155.160000	-45.060000	24.000000
	155.180000	-44.508000	25.800000
	155.200000	-43.932000	27.400000
	155.220000	-43.320000	29.000000
	155.240000	-42.696000	30.200000
	155.260000	-42.024000	31.800000
	155.280000	-41.340000	33.000000
	155.300000	-40.620000	34.600000
	155.320000	-39.900000	35.400000
	155.340000	-39.168000	36.200000
	155.360000	-38.436000	36.400000
	155.380000	-37.716000	36.400000
	155.400000	-36.984000	36.400000
	155.420000	-36.264000	36.200000
	155.440000	-35.544000	36.200000
	155.460000	-34.836000	35.800000
	155.480000	-34.140000	35.400000
	155.500000	-33.456000	34.800000
	155.520000	-32.796000	34.000000
	155.540000	-32.160000	33.000000
	155.560000	-31.560000	31.600000
	155.580000	-30.984000	30.200000
	155.600000	-30.444000	28.600000
	155.620000	-29.916000	27.400000
	155.640000	-29.436000	25.800000
	155.660000	-28.992000	24.200000
	155.680000	-28.608000	21.800000
	155.700000	-28.260000	19.600000
	155.720000	-27.960000	17.200000
	155.740000	-27.696000	15.200000
	155.760000	-27.492000	12.800000
	155.780000	-27.336000	10.400000
	155.800000	-27.228000	7.800000
	155.820000	-27.168000	5.400000
	155.840000	-27.144000	3.200000
	155.860000	-27.180000	0.800000
	155.880000	-27.264000	-1.600000
	155.900000	-27.408000	-4.400000
	155.920000	-27.588000	-6.800000
	155.940000	-27.804000	-9.000000
	155.960000	-28.068000	-11.000000
	155.980000	-28.368000	-13.000000
	156.000000	-28.716000	-15.200000
	156.020000	-29.112000	-17.400000
	156.040000	-29.544000	-19.600000
	156.060000	-30.012000	-21.600000
	156.080000	-30.504000	-23.200000
	156.100000	-31.044000	-25.000000
	156.120000	-31.608000	-26.600000
	156.140000	-32.208000	-28.400000
	156.160000	-32.832000	-29.800000
	156.180000	-33.480000	-31.200000
	156.200000	-34.152000	-32.400000
	156.220000	-34.848000	-33.600000
	156.240000	-35.568000	-34.800000
	156.260000	-36.288000	-35.600000
	156.280000	-37.020000	-36.200000
	156.300000	-37.752000	-36.400000
	156.320000	-38.496000	-36.800000
	156.340000	-39.228000	-36.800000
	156.360000	-39.960000	-36.800000
	156.380000	-40.680000	-36.400000
	156.400000	-41.388000	-36.000000
	156.420000	-42.096000	-35.600000
	156.440000	-42.780000	-35.000000
	156.460000	-43.452000	-34.400000
	156.480000	-44.076000	-33.000000
	156.500000	-44.676000	-31.600000
	156.520000	-45.240000	-29.800000
	156.540000	-45.768000	-28.200000
	156.560000	-46.260000	-26.400000
	156.580000	-46.704000	-24.400000
	156.600000	-47.112000	-22.400000
	156.620000	-47.460000	-20.000000
	156.640000	-47.760000	-17.600000
	156.660000	-48.012000	-15.000000
	156.680000	-48.216000	-12.600000
	156.700000	-48.360000	-10.000000
	156.720000	-48.444000	-7.200000
	156.740000	-48.468000	-4.200000
	156.760000	-48.444000	-1.400000
	156.780000	-48.360000	1.400000
	156.800000	-48.228000	4.000000
	156.820000	-48.048000	6.600000
	156.840000	-47.820000	9.000000
	156.860000	-47.544000	11.400000
	156.880000	-47.220000	13.800000
	156.900000	-46.860000	16.000000
	156.920000	-46.452000	18.200000
	156.940000	-45.996000	20.400000
	156.960000	-45.504000	22.600000
	156.980000	-44.976000	24.600000
	157.000000	-44.424000	26.200000
	157.020000	-43.836000	27.800000
	157.040000	-43.236000	29.000000
	157.060000	-42.588000	30.600000
	157.080000	-41.928000	31.800000
	157.100000	-41.220000	33.600000
	157.120000	-40.524000	34.400000
	157.140000	-39.804000	35.400000
	157.160000	-39.096000	35.400000
	157.180000	-38.376000	35.800000
	157.200000	-37.644000	36.000000
	157.220000	-36.888000	36.800000
	157.240000	-36.156000	37.000000
	157.260000	-35.436000	36.800000
	157.280000	-34.740000	35.800000
	157.300000	-34.032000	35.400000
	157.320000	-33.348000	34.800000
	157.340000	-32.700000	34.000000
	157.360000	-32.064000	32.800000
	157.380000	-31.452000	31.600000
	157.400000	-30.876000	30.400000
	157.420000	-30.336000	28.800000
	157.440000	-29.832000	27.000000
	157.460000	-29.352000	25.400000
	157.480000	-28.920000	23.600000
	157.500000	-28.524000	21.800000
	157.520000	-28.176000	19.600000
	157.540000	-27.876000	17.400000
	157.560000	-27.636000	14.800000
	157.580000	-27.432000	12.400000
	157.600000	-27.276000	10.000000
	157.620000	-27.168000	7.800000
	157.640000	-27.108000	5.400000
	157.660000	-27.096000	3.000000
	157.680000	-27.132000	0.600000
	157.700000	-27.228000	-2.000000
	157.720000	-27.372000	-4.600000
	157.740000	-27.552000	-7.000000
	157.760000	-27.780000	-9.200000
	157.780000	-28.044000	-11.200000
	157.800000	-28.368000	-13.600000
	157.820000	-28.728000	-15.800000
	157.840000	-29.124000	-18.000000
	157.860000	-29.544000	-19.600000
	157.880000	-30.012000	-21.400000
	157.900000	-30.516000	-23.200000
	157.920000	-31.056000	-25.200000
	157.940000	-31.620000	-26.800000
	157.960000	-32.232000	-28.600000
	157.980000	-32.868000	-30.200000
	158.000000	-33.516000	-31.600000
	158.020000	-34.188000	-32.600000
	158.040000	-34.872000	-33.400000
	158.060000	-35.580000	-34.400000
	158.080000	-36.312000	-35.400000
	158.100000	-37.056000	-36.400000
	158.120000	-37.812000	-37.200000
	158.140000	-38.544000	-37.200000
	158.160000	-39.276000	-37.000000
	158.180000	-40.008000	-36.600000
	158.200000	-40.728000	-36.400000
	158.220000	-41.448000	-36.200000
	158.240000	-42.144000	-35.600000
	158.260000	-42.828000	-35.000000
	158.280000	-43.488000	-34.000000
	158.300000	-44.112000	-32.800000
	158.320000	-44.724000	-31.600000
	158.340000	-45.288000	-30.000000
	158.360000	-45.816000	-28.400000
	158.380000	-46.296000	-26.200000
	158.400000	-46.740000	-24.200000
	158.420000	-47.136000	-22.000000
	158.440000	-47.484000	-19.800000
	158.460000	-47.784000	-17.400000
	158.480000	-48.036000	-15.000000
	158.500000	-48.228000	-12.400000
	158.520000	-48.360000	-9.600000
	158.540000	-48.444000	-6.800000
	158.560000	-48.468000	-4.000000
	158.580000	-48.444000	-1.400000
	158.600000	-48.372000	1.200000
	158.620000	-48.240000	3.800000
	158.640000	-48.060000	6.400000
	158.660000	-47.820000	9.200000
	158.680000	-47.544000	11.600000
	158.700000	-47.220000	14.000000
	158.720000	-46.848000	16.200000
	158.740000	-46.440000	18.400000
	158.760000	-45.996000	20.400000
	158.780000	-45.516000	22.200000
	158.800000	-45.000000	24.000000
	158.820000	-44.436000	26.000000
	158.840000	-43.848000	27.800000
	158.860000	-43.224000	29.600000
	158.880000	-42.576000	31.000000
	158.900000	-41.904000	32.400000
	158.920000	-41.220000	33.400000
	158.940000	-40.524000	34.200000
	158.960000	-39.804000	35.000000
	158.980000	-39.072000	35.800000
	159.000000	-38.328000	36.600000
	159.020000	-37.596000	36.800000
	159.040000	-36.864000	36.800000
	159.060000	-36.156000	36.200000
	159.080000	-35.448000	35.800000
	159.100000	-34.740000	35.400000
	159.120000	-34.032000	35.400000
	159.140000	-33.336000	35.200000
	159.160000	-32.676000	34.400000
	159.180000	-32.052000	33.000000
	159.200000	-31.464000	31.200000
	159.220000	-30.900000	29.600000
	159.240000	-30.360000	28.200000
	159.260000	-29.856000	26.800000
	159.280000	-29.388000	25.200000
	159.300000	-28.956000	23.400000
	159.320000	-28.572000	21.400000
	159.340000	-28.224000	19.400000
	159.360000	-27.936000	17.000000
	159.380000	-27.684000	14.800000
	159.400000	-27.492000	12.200000
	159.420000	-27.336000	10.000000
	159.440000	-27.228000	7.600000
	159.460000	-27.168000	5.400000
	159.480000	-27.156000	3.000000
	159.500000	-27.204000	0.400000
	159.520000	-27.300000	-2.200000
	159.540000	-27.444000	-4.800000
	159.560000	-27.636000	-7.200000
	159.580000	-27.864000	-9.400000
	159.600000	-28.140000	-11.600000
	159.620000	-28.452000	-13.600000
	159.640000	-28.812000	-15.800000
	159.660000	-29.220000	-18.000000
	159.680000	-29.652000	-20.000000
	159.700000	-30.132000	-22.000000
	159.720000	-30.624000	-23.400000
	159.740000	-31.164000	-25.200000
	159.760000	-31.728000	-26.600000
	159.780000	-32.340000	-28.600000
	159.800000	-32.976000	-30.200000
	159.820000	-33.636000	-31.800000
	159.840000	-34.296000	-32.600000
	159.860000	-34.980000	-33.400000
	159.880000	-35.700000	-34.400000
	159.900000	-36.444000	-35.800000
	159.920000	-37.200000	-37.000000
	159.940000	-37.932000	-37.200000
	159.960000	-38.664000	-37.000000
	159.980000	-39.384000	-36.400000
	160.000000	-40.104000	-36.200000
	160.020000	-40.824000	-36.000000
	160.040000	-41.544000	-36.000000
	160.060000	-42.252000	-35.800000
	160.080000	-42.936000	-35.200000
	160.100000	-43.584000	-34.000000
	160.120000	-44.208000	-32.600000
	160.140000	-44.796000	-31.000000
	160.160000	-45.348000	-29.400000
	160.180000	-45.864000	-27.600000
	160.200000	-46.356000	-26.000000
	160.220000	-46.800000	-24.200000
	160.240000	-47.196000	-22.200000
	160.260000	-47.532000	-19.600000
	160.280000	-47.832000	-17.200000
	160.300000	-48.072000	-14.600000
	160.320000	-48.264000	-12.200000
	160.340000	-48.396000	-9.400000
	160.360000	-48.468000	-6.600000
	160.380000	-48.492000	-3.800000
	160.400000	-48.456000	-1.000000
	160.420000	-48.372000	1.600000
	160.440000	-48.228000	4.400000
	160.460000	-48.036000	7.000000
	160.480000	-47.796000	9.600000
	160.500000	-47.508000	12.000000
	160.520000	-47.184000	14.200000
	160.540000	-46.812000	16.400000
	160.560000	-46.392000	18.600000
	160.580000	-45.936000	20.800000
	160.600000	-45.432000	23.000000
	160.620000	-44.904000	24.800000
	160.640000	-44.328000	26.800000
	160.660000	-43.740000	28.200000
	160.680000	-43.116000	29.800000
	160.700000	-42.480000	30.800000
	160.720000	-41.808000	32.200000
	160.740000	-41.112000	33.400000
	160.760000	-40.404000	34.600000
	160.780000	-39.684000	35.400000
	160.800000	-38.964000	35.800000
	160.820000	-38.220000	36.400000
	160.840000	-37.500000	36.400000
	160.860000	-36.768000	36.600000
	160.880000	-36.048000	36.200000
	160.900000	-35.328000	36.200000
	160.920000	-34.620000	35.800000
	160.940000	-33.924000	35.400000
	160.960000	-33.228000	35.000000
	160.980000	-32.568000	34.200000
	161.000000	-31.932000	33.200000
	161.020000	-31.332000	31.600000
	161.040000	-30.768000	30.000000
	161.060000	-30.240000	28.200000
	161.080000	-29.748000	26.400000
	161.100000	-29.280000	24.800000
	161.120000	-28.848000	23.200000
	161.140000	-28.464000	21.400000
	161.160000	-28.128000	19.200000
	161.180000	-27.840000	16.800000
	161.200000	-27.588000	14.600000
	161.220000	-27.384000	12.400000
	161.240000	-27.240000	10.000000
	161.260000	-27.144000	7.400000
	161.280000	-27.096000	4.800000
	161.300000	-27.096000	2.400000
	161.320000	-27.144000	5.917489E-14
	161.340000	-27.240000	-2.400000
	161.360000	-27.372000	-4.600000
	161.380000	-27.564000	-7.000000
	161.400000	-27.804000	-9.400000
	161.420000	-28.092000	-12.000000
	161.440000	-28.416000	-14.200000
	161.460000	-28.776000	-16.200000
	161.480000	-29.172000	-18.000000
	161.500000	-29.604000	-19.800000
	161.520000	-30.072000	-21.600000
	161.540000	-30.576000	-23.400000
	161.560000	-31.128000	-25.400000
	161.580000	-31.716000	-27.400000
	161.600000	-32.340000	-29.400000
	161.620000	-32.976000	-30.800000
	161.640000	-33.636000	-32.000000
	161.660000	-34.308000	-32.800000
	161.680000	-35.004000	-33.800000
	161.700000	-35.712000	-34.600000
	161.720000	-36.444000	-35.600000
	161.740000	-37.176000	-36.200000
	161.760000	-37.920000	-36.800000
	161.780000	-38.652000	-36.800000
	161.800000	-39.384000	-36.800000
	161.820000	-40.116000	-36.600000
	161.840000	-40.836000	-36.400000
	161.860000	-41.556000	-36.200000
	161.880000	-42.252000	-35.600000
	161.900000	-42.948000	-35.200000
	161.920000	-43.608000	-34.200000
	161.940000	-44.232000	-33.000000
	161.960000	-44.808000	-31.000000
	161.980000	-45.360000	-29.200000
	162.000000	-45.888000	-27.600000
	162.020000	-46.380000	-26.200000
	162.040000	-46.812000	-24.200000
	162.060000	-47.196000	-21.800000
	162.080000	-47.532000	-19.200000
	162.100000	-47.832000	-17.000000
	162.120000	-48.072000	-14.600000
	162.140000	-48.264000	-12.200000
	162.160000	-48.396000	-9.400000
	162.180000	-48.468000	-6.600000
	162.200000	-48.480000	-3.600000
	162.220000	-48.444000	-0.800000
	162.240000	-48.360000	1.800000
	162.260000	-48.216000	4.400000
	162.280000	-48.024000	7.000000
	162.300000	-47.784000	9.600000
	162.320000	-47.496000	12.000000
	162.340000	-47.160000	14.400000
	162.360000	-46.776000	16.800000
	162.380000	-46.368000	18.800000
	162.400000	-45.912000	20.800000
	162.420000	-45.420000	22.600000
	162.440000	-44.892000	24.600000
	162.460000	-44.328000	26.400000
	162.480000	-43.740000	28.000000
	162.500000	-43.116000	29.600000
	162.520000	-42.480000	30.800000
	162.540000	-41.808000	32.200000
	162.560000	-41.112000	33.400000
	162.580000	-40.404000	34.600000
	162.600000	-39.696000	35.200000
	162.620000	-38.976000	35.600000
	162.640000	-38.244000	36.000000
	162.660000	-37.512000	36.400000
	162.680000	-36.780000	36.600000
	162.700000	-36.048000	36.600000
	162.720000	-35.316000	36.600000
	162.740000	-34.608000	36.200000
	162.760000	-33.912000	35.600000
	162.780000	-33.240000	34.600000
	162.800000	-32.592000	33.600000
	162.820000	-31.968000	32.400000
	162.840000	-31.368000	31.200000
	162.860000	-30.804000	29.800000
	162.880000	-30.276000	28.200000
	162.900000	-29.784000	26.400000
	162.920000	-29.316000	24.800000
	162.940000	-28.896000	23.000000
	162.960000	-28.524000	21.000000
	162.980000	-28.200000	18.600000
	163.000000	-27.912000	16.400000
	163.020000	-27.672000	14.200000
	163.040000	-27.468000	12.200000
	163.060000	-27.324000	9.800000
	163.080000	-27.228000	7.400000
	163.100000	-27.192000	4.600000
	163.120000	-27.192000	2.200000
	163.140000	-27.240000	-0.200000
	163.160000	-27.336000	-2.400000
	163.180000	-27.492000	-5.000000
	163.200000	-27.684000	-7.400000
	163.220000	-27.924000	-9.800000
	163.240000	-28.212000	-12.000000
	163.260000	-28.536000	-14.200000
	163.280000	-28.908000	-16.400000
	163.300000	-29.304000	-18.200000
	163.320000	-29.748000	-20.200000
	163.340000	-30.216000	-21.800000
	163.360000	-30.720000	-23.600000
	163.380000	-31.272000	-25.400000
	163.400000	-31.848000	-27.200000
	163.420000	-32.472000	-29.200000
	163.440000	-33.108000	-30.600000
	163.460000	-33.768000	-32.000000
	163.480000	-34.440000	-32.800000
	163.500000	-35.136000	-33.800000
	163.520000	-35.856000	-34.800000
	163.540000	-36.576000	-35.600000
	163.560000	-37.308000	-36.200000
	163.580000	-38.040000	-36.400000
	163.600000	-38.772000	-36.600000
	163.620000	-39.504000	-36.600000
	163.640000	-40.236000	-36.600000
	163.660000	-40.968000	-36.600000
	163.680000	-41.676000	-36.200000
	163.700000	-42.372000	-35.600000
	163.720000	-43.056000	-34.800000
	163.740000	-43.704000	-33.800000
	163.760000	-44.316000	-32.400000
	163.780000	-44.904000	-30.800000
	163.800000	-45.468000	-29.400000
	163.820000	-45.996000	-28.000000
	163.840000	-46.464000	-26.000000
	163.860000	-46.884000	-23.600000
	163.880000	-47.268000	-21.200000
	163.900000	-47.604000	-19.000000
	163.920000	-47.892000	-16.800000
	163.940000	-48.120000	-14.200000
	163.960000	-48.300000	-11.600000
	163.980000	-48.432000	-9.000000
	164.000000	-48.504000	-6.400000
	164.020000	-48.516000	-3.600000
	164.040000	-48.468000	-0.600000
	164.060000	-48.372000	2.200000
	164.080000	-48.216000	5.000000
	164.100000	-48.012000	7.600000
	164.120000	-47.748000	10.400000
	164.140000	-47.460000	12.600000
	164.160000	-47.124000	14.800000
	164.180000	-46.752000	16.600000
	164.200000	-46.320000	19.000000
	164.220000	-45.852000	21.200000
	164.240000	-45.360000	23.200000
	164.260000	-44.832000	24.800000
	164.280000	-44.280000	26.200000
	164.300000	-43.668000	28.200000
	164.320000	-43.032000	30.000000
	164.340000	-42.360000	32.000000
	164.360000	-41.688000	33.000000
	164.380000	-40.992000	34.000000
	164.400000	-40.284000	34.600000
	164.420000	-39.564000	35.400000
	164.440000	-38.844000	35.800000
	164.460000	-38.112000	36.200000
	164.480000	-37.380000	36.400000
	164.500000	-36.636000	36.800000
	164.520000	-35.916000	36.600000
	164.540000	-35.196000	36.400000
	164.560000	-34.488000	35.800000
	164.580000	-33.780000	35.600000
	164.600000	-33.108000	34.800000
	164.620000	-32.472000	33.600000
	164.640000	-31.860000	32.000000
	164.660000	-31.260000	30.800000
	164.680000	-30.684000	29.800000
	164.700000	-30.156000	28.400000
	164.720000	-29.664000	26.600000
	164.740000	-29.208000	24.600000
	164.760000	-28.788000	22.800000
	164.780000	-28.416000	20.800000
	164.800000	-28.080000	18.800000
	164.820000	-27.792000	16.600000
	164.840000	-27.552000	14.400000
	164.860000	-27.372000	11.800000
	164.880000	-27.228000	9.400000
	164.900000	-27.132000	7.000000
	164.920000	-27.084000	4.800000
	164.940000	-27.096000	2.200000
	164.960000	-27.156000	-0.400000
	164.980000	-27.264000	-3.000000
	165.000000	-27.420000	-5.400000
	165.020000	-27.624000	-7.800000
	165.040000	-27.864000	-10.000000
	165.060000	-28.152000	-12.200000
	165.080000	-28.476000	-14.200000
	165.100000	-28.848000	-16.400000
	165.120000	-29.256000	-18.400000
	165.140000	-29.700000	-20.400000
	165.160000	-30.180000	-22.200000
	165.180000	-30.696000	-24.000000
	165.200000	-31.236000	-25.600000
	165.220000	-31.824000	-27.400000
	165.240000	-32.424000	-28.800000
	165.260000	-33.072000	-30.600000
	165.280000	-33.732000	-31.800000
	165.300000	-34.428000	-33.400000
	165.320000	-35.124000	-34.200000
	165.340000	-35.844000	-35.200000
	165.360000	-36.564000	-35.600000
	165.380000	-37.296000	-36.200000
	165.400000	-38.028000	-36.400000
	165.420000	-38.772000	-36.800000
	165.440000	-39.516000	-37.000000
	165.460000	-40.248000	-37.000000
	165.480000	-40.968000	-36.600000
	165.500000	-41.676000	-36.000000
	165.520000	-42.372000	-35.400000
	165.540000	-43.044000	-34.600000
	165.560000	-43.692000	-33.600000
	165.580000	-44.316000	-32.400000
	165.600000	-44.904000	-31.000000
	165.620000	-45.456000	-29.400000
	165.640000	-45.960000	-27.400000
	165.660000	-46.428000	-25.400000
	165.680000	-46.860000	-23.400000
	165.700000	-47.244000	-21.400000
	165.720000	-47.580000	-19.200000
	165.740000	-47.868000	-16.800000
	165.760000	-48.108000	-14.400000
	165.780000	-48.288000	-11.800000
	165.800000	-48.408000	-9.000000
	165.820000	-48.468000	-6.000000
	165.840000	-48.480000	-3.200000
	165.860000	-48.432000	-0.400000
	165.880000	-48.336000	2.200000
	165.900000	-48.180000	5.000000
	165.920000	-47.976000	7.600000
	165.940000	-47.724000	10.200000
	165.960000	-47.436000	12.400000
	165.980000	-47.100000	14.600000
	166.000000	-46.716000	16.800000
	166.020000	-46.296000	19.000000
	166.040000	-45.828000	21.200000
	166.060000	-45.336000	23.000000
	166.080000	-44.796000	25.000000
	166.100000	-44.232000	26.600000
	166.120000	-43.632000	28.400000
	166.140000	-42.996000	30.000000
	166.160000	-42.348000	31.400000
	166.180000	-41.664000	32.800000
	166.200000	-40.980000	33.600000
	166.220000	-40.260000	34.800000
	166.240000	-39.552000	35.200000
	166.260000	-38.820000	36.000000
	166.280000	-38.088000	36.200000
	166.300000	-37.356000	36.600000
	166.320000	-36.624000	36.600000
	166.340000	-35.916000	36.200000
	166.360000	-35.196000	36.000000
	166.380000	-34.500000	35.400000
	166.400000	-33.792000	35.400000
	166.420000	-33.120000	34.600000
	166.440000	-32.472000	33.800000
	166.460000	-31.860000	32.200000
	166.480000	-31.260000	31.000000
	166.500000	-30.696000	29.600000
	166.520000	-30.168000	28.200000
	166.540000	-29.676000	26.400000
	166.560000	-29.220000	24.600000
	166.580000	-28.812000	22.600000
	166.600000	-28.452000	20.400000
	166.620000	-28.128000	18.200000
	166.640000	-27.840000	16.200000
	166.660000	-27.600000	14.200000
	166.680000	-27.420000	11.800000
	166.700000	-27.288000	9.200000
	166.720000	-27.204000	6.600000
	166.740000	-27.168000	4.200000
	166.760000	-27.192000	1.600000
	166.780000	-27.264000	-1.000000
	166.800000	-27.372000	-3.400000
	166.820000	-27.528000	-5.600000
	166.840000	-27.732000	-7.800000
	166.860000	-27.984000	-10.200000
	166.880000	-28.272000	-12.400000
	166.900000	-28.608000	-14.600000
	166.920000	-28.980000	-16.600000
	166.940000	-29.388000	-18.600000
	166.960000	-29.832000	-20.400000
	166.980000	-30.312000	-22.200000
	167.000000	-30.840000	-24.200000
	167.020000	-31.380000	-25.800000
	167.040000	-31.968000	-27.600000
	167.060000	-32.568000	-28.800000
	167.080000	-33.216000	-30.600000
	167.100000	-33.876000	-31.800000
	167.120000	-34.572000	-33.400000
	167.140000	-35.280000	-34.400000
	167.160000	-36.000000	-35.400000
	167.180000	-36.720000	-35.800000
	167.200000	-37.452000	-36.200000
	167.220000	-38.208000	-36.800000
	167.240000	-38.952000	-37.200000
	167.260000	-39.684000	-37.200000
	167.280000	-40.404000	-36.600000
	167.300000	-41.136000	-36.400000
	167.320000	-41.844000	-36.000000
	167.340000	-42.540000	-35.600000
	167.360000	-43.200000	-34.400000
	167.380000	-43.860000	-33.600000
	167.400000	-44.472000	-32.200000
	167.420000	-45.060000	-31.000000
	167.440000	-45.600000	-29.000000
	167.460000	-46.104000	-27.200000
	167.480000	-46.572000	-25.200000
	167.500000	-47.004000	-23.400000
	167.520000	-47.376000	-21.200000
	167.540000	-47.700000	-18.800000
	167.560000	-47.964000	-16.000000
	167.580000	-48.192000	-13.600000
	167.600000	-48.360000	-11.000000
	167.620000	-48.480000	-8.600000
	167.640000	-48.540000	-5.800000
	167.660000	-48.552000	-3.200000
	167.680000	-48.504000	-0.400000
	167.700000	-48.396000	2.400000
	167.720000	-48.228000	5.400000
	167.740000	-48.012000	8.200000
	167.760000	-47.760000	10.600000
	167.780000	-47.460000	12.800000
	167.800000	-47.112000	15.000000
	167.820000	-46.716000	17.400000
	167.840000	-46.296000	19.400000
	167.860000	-45.828000	21.400000
	167.880000	-45.336000	23.000000
	167.900000	-44.784000	25.200000
	167.920000	-44.196000	27.200000
	167.940000	-43.572000	29.400000
	167.960000	-42.936000	30.800000
	167.980000	-42.288000	31.800000
	168.000000	-41.616000	32.600000
	168.020000	-40.920000	33.600000
	168.040000	-40.200000	34.800000
	168.060000	-39.480000	35.600000
	168.080000	-38.748000	36.200000
	168.100000	-38.016000	36.400000
	168.120000	-37.284000	36.600000
	168.140000	-36.552000	36.600000
	168.160000	-35.832000	36.400000
	168.180000	-35.100000	36.400000
	168.200000	-34.404000	35.800000
	168.220000	-33.708000	35.400000
	168.240000	-33.036000	34.400000
	168.260000	-32.376000	33.800000
	168.280000	-31.764000	32.400000
	168.300000	-31.176000	31.000000
	168.320000	-30.624000	29.200000
	168.340000	-30.096000	27.800000
	168.360000	-29.604000	26.200000
	168.380000	-29.148000	24.600000
	168.400000	-28.740000	22.600000
	168.420000	-28.380000	20.400000
	168.440000	-28.056000	18.200000
	168.460000	-27.768000	16.200000
	168.480000	-27.528000	14.200000
	168.500000	-27.348000	11.800000
	168.520000	-27.228000	9.000000
	168.540000	-27.156000	6.200000
	168.560000	-27.120000	3.800000
	168.580000	-27.132000	1.600000
	168.600000	-27.192000	-0.600000
	168.620000	-27.312000	-3.200000
	168.640000	-27.480000	-5.800000
	168.660000	-27.684000	-8.200000
	168.680000	-27.936000	-10.400000
	168.700000	-28.224000	-12.400000
	168.720000	-28.560000	-14.600000
	168.740000	-28.920000	-16.400000
	168.760000	-29.328000	-18.400000
	168.780000	-29.772000	-20.200000
	168.800000	-30.264000	-22.400000
	168.820000	-30.780000	-24.200000
	168.840000	-31.344000	-26.200000
	168.860000	-31.932000	-27.800000
	168.880000	-32.556000	-29.600000
	168.900000	-33.192000	-30.800000
	168.920000	-33.864000	-32.200000
	168.940000	-34.548000	-33.200000
	168.960000	-35.256000	-34.400000
	168.980000	-35.976000	-35.200000
	169.000000	-36.720000	-36.200000
	169.020000	-37.464000	-36.800000
	169.040000	-38.208000	-37.200000
	169.060000	-38.940000	-37.000000
	169.080000	-39.684000	-37.000000
	169.100000	-40.416000	-36.800000
	169.120000	-41.136000	-36.600000
	169.140000	-41.844000	-36.000000
	169.160000	-42.528000	-35.200000
	169.180000	-43.200000	-34.400000
	169.200000	-43.848000	-33.400000
	169.220000	-44.460000	-32.200000
	169.240000	-45.036000	-30.600000
	169.260000	-45.576000	-28.800000
	169.280000	-46.092000	-27.200000
	169.300000	-46.560000	-25.400000
	169.320000	-46.980000	-23.400000
	169.340000	-47.352000	-21.000000
	169.360000	-47.676000	-18.600000
	169.380000	-47.952000	-16.200000
	169.400000	-48.168000	-13.600000
	169.420000	-48.336000	-11.000000
	169.440000	-48.444000	-8.200000
	169.460000	-48.504000	-5.600000
	169.480000	-48.504000	-2.800000
	169.500000	-48.444000	1.183498E-13
	169.520000	-48.336000	2.800000
	169.540000	-48.180000	5.400000
	169.560000	-47.976000	7.800000
	169.580000	-47.712000	10.400000
	169.600000	-47.400000	13.000000
	169.620000	-47.052000	15.400000
	169.640000	-46.668000	17.400000
	169.660000	-46.248000	19.200000
	169.680000	-45.780000	21.200000
	169.700000	-45.264000	23.400000
	169.720000	-44.724000	25.400000
	169.740000	-44.136000	27.400000
	169.760000	-43.536000	28.800000
	169.780000	-42.888000	30.600000
	169.800000	-42.240000	31.600000
	169.820000	-41.556000	33.000000
	169.840000	-40.872000	33.600000
	169.860000	-40.140000	35.000000
	169.880000	-39.420000	35.600000
	169.900000	-38.688000	36.400000
	169.920000	-37.968000	36.200000
	169.940000	-37.224000	36.600000
	169.960000	-36.492000	36.600000
	169.980000	-35.760000	36.800000
	170.000000	-35.052000	36.200000
	170.020000	-34.344000	35.800000
	170.040000	-33.672000	34.800000
	170.060000	-33.000000	34.200000
	170.080000	-32.364000	33.000000
	170.100000	-31.740000	32.200000
	170.120000	-31.164000	30.600000
	170.140000	-30.600000	29.400000
	170.160000	-30.072000	27.800000
	170.180000	-29.580000	26.400000
	170.200000	-29.136000	24.400000
	170.220000	-28.740000	22.200000
	170.240000	-28.380000	20.000000
	170.260000	-28.056000	18.000000
	170.280000	-27.780000	16.000000
	170.300000	-27.552000	13.800000
	170.320000	-27.384000	11.200000
	170.340000	-27.264000	8.600000
	170.360000	-27.192000	6.000000
	170.380000	-27.156000	3.800000
	170.400000	-27.180000	1.400000
	170.420000	-27.252000	-1.000000
	170.440000	-27.384000	-3.800000
	170.460000	-27.540000	-6.000000
	170.480000	-27.744000	-8.200000
	170.500000	-27.984000	-10.000000
	170.520000	-28.284000	-12.400000
	170.540000	-28.632000	-14.800000
	170.560000	-29.016000	-17.200000
	170.580000	-29.436000	-19.200000
	170.600000	-29.880000	-20.800000
	170.620000	-30.372000	-22.600000
	170.640000	-30.888000	-24.200000
	170.660000	-31.452000	-26.200000
	170.680000	-32.052000	-28.000000
	170.700000	-32.688000	-30.000000
	170.720000	-33.324000	-31.200000
	170.740000	-33.984000	-32.200000
	170.760000	-34.668000	-33.000000
	170.780000	-35.388000	-34.400000
	170.800000	-36.120000	-35.600000
	170.820000	-36.840000	-36.200000
	170.840000	-37.572000	-36.400000
	170.860000	-38.304000	-36.400000
	170.880000	-39.048000	-36.800000
	170.900000	-39.792000	-37.000000
	170.920000	-40.524000	-37.000000
	170.940000	-41.244000	-36.600000
	170.960000	-41.952000	-36.000000
	170.980000	-42.636000	-35.200000
	171.000000	-43.308000	-34.400000
	171.020000	-43.944000	-33.200000
	171.040000	-44.556000	-32.000000
	171.060000	-45.132000	-30.400000
	171.080000	-45.672000	-28.800000
	171.100000	-46.176000	-27.000000
	171.120000	-46.632000	-25.000000
	171.140000	-47.052000	-23.000000
	171.160000	-47.412000	-20.600000
	171.180000	-47.736000	-18.400000
	171.200000	-48.000000	-15.800000
	171.220000	-48.216000	-13.400000
	171.240000	-48.372000	-10.600000
	171.260000	-48.480000	-8.000000
	171.280000	-48.540000	-5.400000
	171.300000	-48.540000	-2.800000
	171.320000	-48.480000	0.000000
	171.340000	-48.360000	3.000000
	171.360000	-48.192000	5.800000
	171.380000	-47.964000	8.600000
	171.400000	-47.700000	11.000000
	171.420000	-47.388000	13.400000
	171.440000	-47.040000	15.400000
	171.460000	-46.644000	17.600000
	171.480000	-46.200000	19.800000
	171.500000	-45.720000	22.000000
	171.520000	-45.204000	24.000000
	171.540000	-44.664000	25.600000
	171.560000	-44.100000	27.000000
	171.580000	-43.488000	28.600000
	171.600000	-42.852000	30.200000
	171.620000	-42.180000	32.000000
	171.640000	-41.508000	33.000000
	171.660000	-40.800000	34.200000
	171.680000	-40.092000	34.800000
	171.700000	-39.360000	35.800000
	171.720000	-38.640000	36.000000
	171.740000	-37.896000	36.600000
	171.760000	-37.164000	36.600000
	171.780000	-36.420000	37.000000
	171.800000	-35.712000	36.400000
	171.820000	-34.992000	36.200000
	171.840000	-34.296000	35.400000
	171.860000	-33.600000	35.200000
	171.880000	-32.940000	34.200000
	171.900000	-32.304000	33.200000
	171.920000	-31.692000	31.800000
	171.940000	-31.104000	30.600000
	171.960000	-30.552000	29.200000
	171.980000	-30.024000	27.800000
	172.000000	-29.532000	26.200000
	172.020000	-29.088000	24.400000
	172.040000	-28.692000	22.200000
	172.060000	-28.344000	19.800000
	172.080000	-28.020000	17.800000
	172.100000	-27.744000	15.800000
	172.120000	-27.516000	13.800000
	172.140000	-27.348000	11.200000
	172.160000	-27.228000	8.600000
	172.180000	-27.168000	5.800000
	172.200000	-27.144000	3.400000
	172.220000	-27.168000	1.000000
	172.240000	-27.240000	-1.200000
	172.260000	-27.372000	-3.800000
	172.280000	-27.540000	-6.200000
	172.300000	-27.756000	-8.600000
	172.320000	-28.008000	-10.600000
	172.340000	-28.320000	-13.000000
	172.360000	-28.668000	-15.200000
	172.380000	-29.052000	-17.400000
	172.400000	-29.472000	-19.200000
	172.420000	-29.928000	-21.000000
	172.440000	-30.432000	-23.000000
	172.460000	-30.960000	-24.800000
	172.480000	-31.512000	-26.400000
	172.500000	-32.100000	-27.800000
	172.520000	-32.724000	-29.400000
	172.540000	-33.372000	-31.000000
	172.560000	-34.044000	-32.400000
	172.580000	-34.740000	-33.600000
	172.600000	-35.448000	-34.600000
	172.620000	-36.180000	-35.600000
	172.640000	-36.912000	-36.200000
	172.660000	-37.656000	-36.800000
	172.680000	-38.388000	-36.800000
	172.700000	-39.120000	-36.800000
	172.720000	-39.876000	-37.000000
	172.740000	-40.620000	-37.200000
	172.760000	-41.352000	-37.200000
	172.780000	-42.048000	-36.200000
	172.800000	-42.732000	-35.200000
	172.820000	-43.392000	-34.000000
	172.840000	-44.028000	-33.000000
	172.860000	-44.628000	-31.600000
	172.880000	-45.264000	-31.200000
	172.900000	-45.804000	-29.600000
	172.920000	-46.308000	-28.000000
	172.940000	-46.716000	-24.200000
	172.960000	-47.136000	-22.200000
	172.980000	-47.496000	-19.800000
	173.000000	-47.808000	-18.200000
	173.020000	-48.072000	-15.600000
	173.040000	-48.288000	-13.200000
	173.060000	-48.444000	-10.600000
	173.080000	-48.540000	-7.800000
	173.100000	-48.588000	-5.000000
	173.120000	-48.576000	-2.200000
	173.140000	-48.516000	0.400000
	173.160000	-48.396000	3.200000
	173.180000	-48.216000	6.000000
	173.200000	-47.988000	8.800000
	173.220000	-47.712000	11.400000
	173.240000	-47.400000	13.600000
	173.260000	-47.040000	15.800000
	173.280000	-46.644000	17.800000
	173.300000	-46.212000	19.800000
	173.320000	-45.732000	21.800000
	173.340000	-45.216000	23.800000
	173.360000	-44.664000	25.800000
	173.380000	-44.088000	27.400000
	173.400000	-43.476000	29.000000
	173.420000	-42.840000	30.400000
	173.440000	-42.168000	32.000000
	173.460000	-41.484000	33.200000
	173.480000	-40.776000	34.400000
	173.500000	-40.068000	35.000000
	173.520000	-39.348000	35.600000
	173.540000	-38.628000	35.800000
	173.560000	-37.884000	36.400000
	173.580000	-37.140000	36.800000
	173.600000	-36.408000	37.000000
	173.620000	-35.688000	36.600000
	173.640000	-34.980000	36.000000
	173.660000	-34.260000	35.800000
	173.680000	-33.576000	35.200000
	173.700000	-32.916000	34.400000
	173.720000	-32.292000	32.800000
	173.740000	-31.680000	31.600000
	173.760000	-31.080000	30.600000
	173.780000	-30.516000	29.600000
	173.800000	-30.000000	28.000000
	173.820000	-29.532000	25.800000
	173.840000	-29.100000	23.600000
	173.860000	-28.704000	21.600000
	173.880000	-28.344000	19.800000
	173.900000	-28.032000	17.800000
	173.920000	-27.768000	15.600000
	173.940000	-27.552000	13.200000
	173.960000	-27.384000	10.800000
	173.980000	-27.264000	8.400000
	174.000000	-27.192000	6.000000
	174.020000	-27.168000	3.600000
	174.040000	-27.192000	1.200000
	174.060000	-27.276000	-1.400000
	174.080000	-27.408000	-4.000000
	174.100000	-27.588000	-6.600000
	174.120000	-27.804000	-8.800000
	174.140000	-28.068000	-11.000000
	174.160000	-28.368000	-13.000000
	174.180000	-28.716000	-15.200000
	174.200000	-29.100000	-17.200000
	174.220000	-29.520000	-19.200000
	174.240000	-29.976000	-21.000000
	174.260000	-30.468000	-22.800000
	174.280000	-30.996000	-24.600000
	174.300000	-31.560000	-26.400000
	174.320000	-32.148000	-28.000000
	174.340000	-32.784000	-29.800000
	174.360000	-33.444000	-31.400000
	174.380000	-34.128000	-33.000000
	174.400000	-34.812000	-33.800000
	174.420000	-35.520000	-34.600000
	174.440000	-36.240000	-35.200000
	174.460000	-36.984000	-36.200000
	174.480000	-37.716000	-36.600000
	174.500000	-38.472000	-37.200000
	174.520000	-39.216000	-37.200000
	174.540000	-39.948000	-37.200000
	174.560000	-40.668000	-36.600000
	174.580000	-41.388000	-36.200000
	174.600000	-42.108000	-36.000000
	174.620000	-42.804000	-35.600000
	174.640000	-43.464000	-34.600000
	174.660000	-44.088000	-33.000000
	174.680000	-44.688000	-31.400000
	174.700000	-45.252000	-29.800000
	174.720000	-45.792000	-28.400000
	174.740000	-46.284000	-26.600000
	174.760000	-46.740000	-24.800000
	174.780000	-47.148000	-22.600000
	174.800000	-47.496000	-20.200000
	174.820000	-47.808000	-17.800000
	174.840000	-48.072000	-15.400000
	174.860000	-48.288000	-13.200000
	174.880000	-48.432000	-10.400000
	174.900000	-48.516000	-7.400000
	174.920000	-48.552000	-4.400000
	174.940000	-48.540000	-1.800000
	174.960000	-48.468000	0.800000
	174.980000	-48.336000	3.600000
	175.000000	-48.156000	6.400000
	175.020000	-47.940000	8.800000
	175.040000	-47.676000	11.000000
	175.060000	-47.364000	13.200000
	175.080000	-46.992000	15.800000
	175.100000	-46.584000	18.200000
	175.120000	-46.140000	20.400000
	175.140000	-45.660000	22.200000
	175.160000	-45.144000	24.000000
	175.180000	-44.580000	26.000000
	175.200000	-43.992000	27.800000
	175.220000	-43.380000	29.400000
	175.240000	-42.732000	30.800000
	175.260000	-42.072000	32.000000
	175.280000	-41.376000	33.400000
	175.300000	-40.680000	34.200000
	175.320000	-39.972000	35.000000
	175.340000	-39.240000	35.600000
	175.360000	-38.508000	36.200000
	175.380000	-37.752000	37.000000
	175.400000	-37.032000	36.800000
	175.420000	-36.300000	36.800000
	175.440000	-35.592000	36.000000
	175.460000	-34.872000	36.000000
	175.480000	-34.176000	35.400000
	175.500000	-33.492000	35.000000
	175.520000	-32.832000	34.000000
	175.540000	-32.196000	33.000000
	175.560000	-31.572000	32.000000
	175.580000	-30.996000	30.600000
	175.600000	-30.444000	29.200000
	175.620000	-29.940000	27.200000
	175.640000	-29.460000	25.600000
	175.660000	-29.028000	23.600000
	175.680000	-28.632000	21.800000
	175.700000	-28.272000	19.800000
	175.720000	-27.960000	17.800000
	175.740000	-27.696000	15.600000
	175.760000	-27.492000	13.000000
	175.780000	-27.336000	10.400000
	175.800000	-27.228000	7.800000
	175.820000	-27.168000	5.400000
	175.840000	-27.144000	3.200000
	175.860000	-27.180000	0.800000
	175.880000	-27.264000	-1.600000
	175.900000	-27.408000	-4.400000
	175.920000	-27.588000	-6.800000
	175.940000	-27.804000	-9.000000
	175.960000	-28.068000	-11.000000
	175.980000	-28.380000	-13.200000
	176.000000	-28.728000	-15.400000
	176.020000	-29.112000	-17.400000
	176.040000	-29.532000	-19.200000
	176.060000	-30.000000	-21.200000
	176.080000	-30.504000	-23.200000
	176.100000	-31.044000	-25.200000
	176.120000	-31.608000	-26.800000
	176.140000	-32.208000	-28.400000
	176.160000	-32.844000	-30.000000
	176.180000	-33.504000	-31.600000
	176.200000	-34.188000	-33.000000
	176.220000	-34.884000	-34.000000
	176.240000	-35.592000	-34.800000
	176.260000	-36.300000	-35.200000
	176.280000	-37.032000	-35.800000
	176.300000	-37.764000	-36.200000
	176.320000	-38.520000	-37.000000
	176.340000	-39.252000	-37.000000
	176.360000	-39.996000	-37.200000
	176.380000	-40.728000	-36.800000
	176.400000	-41.448000	-36.600000
	176.420000	-42.156000	-36.000000
	176.440000	-42.828000	-35.000000
	176.460000	-43.488000	-34.000000
	176.480000	-44.124000	-32.800000
	176.500000	-44.736000	-31.800000
	176.520000	-45.312000	-30.400000
	176.540000	-45.840000	-28.600000
	176.560000	-46.332000	-26.600000
	176.580000	-46.776000	-24.400000
	176.600000	-47.184000	-22.400000
	176.620000	-47.532000	-20.000000
	176.640000	-47.832000	-17.600000
	176.660000	-48.084000	-15.000000
	176.680000	-48.288000	-12.600000
	176.700000	-48.432000	-10.000000
	176.720000	-48.516000	-7.200000
	176.740000	-48.552000	-4.400000
	176.760000	-48.528000	-1.600000
	176.780000	-48.456000	1.000000
	176.800000	-48.324000	3.800000
	176.820000	-48.144000	6.400000
	176.840000	-47.904000	9.200000
	176.860000	-47.616000	11.800000
	176.880000	-47.304000	14.000000
	176.900000	-46.944000	16.000000
	176.920000	-46.548000	17.800000
	176.940000	-46.092000	20.200000
	176.960000	-45.600000	22.400000
	176.980000	-45.084000	24.400000
	177.000000	-44.520000	26.200000
	177.020000	-43.944000	27.600000
	177.040000	-43.308000	29.600000
	177.060000	-42.672000	30.800000
	177.080000	-42.000000	32.400000
	177.100000	-41.328000	33.000000
	177.120000	-40.632000	34.000000
	177.140000	-39.924000	34.600000
	177.160000	-39.180000	35.800000
	177.180000	-38.436000	36.600000
	177.200000	-37.692000	37.200000
	177.220000	-36.960000	37.000000
	177.240000	-36.240000	36.600000
	177.260000	-35.520000	36.200000
	177.280000	-34.824000	35.600000
	177.300000	-34.128000	35.200000
	177.320000	-33.456000	34.400000
	177.340000	-32.796000	33.800000
	177.360000	-32.148000	33.000000
	177.380000	-31.536000	32.000000
	177.400000	-30.948000	30.800000
	177.420000	-30.408000	29.000000
	177.440000	-29.892000	27.400000
	177.460000	-29.424000	25.400000
	177.480000	-28.992000	23.600000
	177.500000	-28.608000	21.400000
	177.520000	-28.272000	19.200000
	177.540000	-27.972000	17.000000
	177.560000	-27.708000	15.000000
	177.580000	-27.492000	13.000000
	177.600000	-27.336000	10.600000
	177.620000	-27.228000	8.000000
	177.640000	-27.168000	5.400000
	177.660000	-27.156000	3.000000
	177.680000	-27.204000	0.400000
	177.700000	-27.300000	-2.200000
	177.720000	-27.444000	-4.800000
	177.740000	-27.624000	-7.000000
	177.760000	-27.852000	-9.200000
	177.780000	-28.128000	-11.400000
	177.800000	-28.440000	-13.600000
	177.820000	-28.788000	-15.600000
	177.840000	-29.172000	-17.400000
	177.860000	-29.604000	-19.400000
	177.880000	-30.072000	-21.400000
	177.900000	-30.588000	-23.600000
	177.920000	-31.128000	-25.400000
	177.940000	-31.704000	-27.200000
	177.960000	-32.292000	-28.400000
	177.980000	-32.928000	-30.000000
	178.000000	-33.588000	-31.400000
	178.020000	-34.272000	-33.000000
	178.040000	-34.956000	-33.800000
	178.060000	-35.676000	-34.800000
	178.080000	-36.408000	-35.600000
	178.100000	-37.164000	-36.800000
	178.120000	-37.896000	-37.000000
	178.140000	-38.628000	-37.000000
	178.160000	-39.372000	-36.800000
	178.180000	-40.092000	-36.600000
	178.200000	-40.824000	-36.600000
	178.220000	-41.532000	-36.000000
	178.240000	-42.240000	-35.800000
	178.260000	-42.924000	-35.000000
	178.280000	-43.584000	-34.200000
	178.300000	-44.220000	-33.000000
	178.320000	-44.820000	-31.600000
	178.340000	-45.372000	-29.800000
	178.360000	-45.900000	-28.000000
	178.380000	-46.392000	-26.200000
	178.400000	-46.848000	-24.600000
	178.420000	-47.256000	-22.600000
	178.440000	-47.604000	-20.200000
	178.460000	-47.904000	-17.600000
	178.480000	-48.144000	-14.800000
	178.500000	-48.336000	-12.200000
	178.520000	-48.468000	-9.400000
	178.540000	-48.552000	-6.800000
	178.560000	-48.576000	-4.000000
	178.580000	-48.552000	-1.400000
	178.600000	-48.468000	1.400000
	178.620000	-48.336000	4.000000
	178.640000	-48.144000	6.800000
	178.660000	-47.916000	9.200000
	178.680000	-47.628000	11.800000
	178.700000	-47.304000	14.000000
	178.720000	-46.932000	16.400000
	178.740000	-46.524000	18.400000
	178.760000	-46.080000	20.400000
	178.780000	-45.576000	22.600000
	178.800000	-45.048000	24.600000
	178.820000	-44.484000	26.600000
	178.840000	-43.908000	27.800000
	178.860000	-43.296000	29.200000
	178.880000	-42.648000	30.600000
	178.900000	-41.976000	32.200000
	178.920000	-41.280000	33.600000
	178.940000	-40.572000	34.600000
	178.960000	-39.852000	35.400000
	178.980000	-39.120000	36.000000
	179.000000	-38.388000	36.400000
	179.020000	-37.644000	36.800000
	179.040000	-36.912000	36.800000
	179.060000	-36.168000	37.000000
	179.080000	-35.448000	36.600000
	179.100000	-34.740000	36.200000
	179.120000	-34.068000	35.000000
	179.140000	-33.396000	34.200000
	179.160000	-32.736000	33.400000
	179.180000	-32.088000	33.000000
	179.200000	-31.488000	31.800000
	179.220000	-30.912000	30.400000
	179.240000	-30.384000	28.400000
	179.260000	-29.868000	27.000000
	179.280000	-29.400000	25.200000
	179.300000	-28.956000	23.800000
	179.320000	-28.572000	21.600000
	179.340000	-28.224000	19.600000
	179.360000	-27.936000	17.000000
	179.380000	-27.684000	14.800000
	179.400000	-27.492000	12.200000
	179.420000	-27.336000	10.000000
	179.440000	-27.228000	7.600000
	179.460000	-27.168000	5.400000
	179.480000	-27.156000	3.000000
	179.500000	-27.204000	0.400000
	179.520000	-27.300000	-2.200000
	179.540000	-27.444000	-4.800000
	179.560000	-27.636000	-7.200000
	179.580000	-27.864000	-9.400000
	179.600000	-28.140000	-11.600000
	179.620000	-28.452000	-13.600000
	179.640000	-28.812000	-15.800000
	179.660000	-29.208000	-17.800000
	179.680000	-29.640000	-19.800000
	179.700000	-30.108000	-21.600000
	179.720000	-30.612000	-23.400000
	179.740000	-31.164000	-25.400000
	179.760000	-31.740000	-27.200000
	179.780000	-32.352000	-29.000000
	179.800000	-32.976000	-30.200000
	179.820000	-33.636000	-31.600000
	179.840000	-34.308000	-32.600000
	179.860000	-35.016000	-34.000000
	179.880000	-35.724000	-34.800000
	179.900000	-36.444000	-35.600000
	179.920000	-37.164000	-35.800000
	179.940000	-37.920000	-36.600000
	179.960000	-38.664000	-37.000000
	179.980000	-39.420000	-37.600000
	180.000000	-40.152000	-37.200000
	180.020000	-40.884000	-37.000000
	180.040000	-41.604000	-36.400000
	180.060000	-42.312000	-36.000000
	180.080000	-42.996000	-35.200000
	180.100000	-43.644000	-34.000000
	180.120000	-44.268000	-32.600000
	180.140000	-44.868000	-31.200000
	180.160000	-45.432000	-29.800000
	180.180000	-45.948000	-28.000000
	180.200000	-46.428000	-26.000000
	180.220000	-46.860000	-23.800000
	180.240000	-47.256000	-21.800000
	180.260000	-47.604000	-19.600000
	180.280000	-47.904000	-17.400000
	180.300000	-48.144000	-14.800000
	180.320000	-48.336000	-12.200000
	180.340000	-48.468000	-9.400000
	180.360000	-48.552000	-6.800000
	180.380000	-48.576000	-4.000000
	180.400000	-48.552000	-1.400000
	180.420000	-48.468000	1.400000
	180.440000	-48.324000	4.200000
	180.460000	-48.120000	7.200000
	180.480000	-47.880000	9.800000
	180.500000	-47.592000	12.200000
	180.520000	-47.268000	14.200000
	180.540000	-46.896000	16.400000
	180.560000	-46.488000	18.400000
	180.580000	-46.032000	20.600000
	180.600000	-45.540000	22.600000
	180.620000	-45.012000	24.600000
	180.640000	-44.460000	26.200000
	180.660000	-43.872000	27.800000
	180.680000	-43.248000	29.400000
	180.700000	-42.600000	31.000000
	180.720000	-41.928000	32.400000
	180.740000	-41.256000	33.200000
	180.760000	-40.548000	34.200000
	180.780000	-39.828000	35.000000
	180.800000	-39.096000	36.000000
	180.820000	-38.352000	36.600000
	180.840000	-37.608000	37.000000
	180.860000	-36.876000	37.000000
	180.880000	-36.144000	36.800000
	180.900000	-35.424000	36.400000
	180.920000	-34.704000	36.200000
	180.940000	-34.020000	35.400000
	180.960000	-33.360000	34.400000
	180.980000	-32.700000	33.400000
	181.000000	-32.076000	32.400000
	181.020000	-31.464000	31.600000
	181.040000	-30.888000	30.200000
	181.060000	-30.348000	28.800000
	181.080000	-29.844000	27.000000
	181.100000	-29.388000	25.000000
	181.120000	-28.956000	23.200000
	181.140000	-28.572000	21.200000
	181.160000	-28.236000	19.200000
	181.180000	-27.948000	16.800000
	181.200000	-27.696000	14.600000
	181.220000	-27.492000	12.400000
	181.240000	-27.348000	10.000000
	181.260000	-27.252000	7.400000
	181.280000	-27.204000	4.800000
	181.300000	-27.204000	2.400000
	181.320000	-27.252000	5.917489E-14
	181.340000	-27.348000	-2.400000
	181.360000	-27.492000	-4.800000
	181.380000	-27.684000	-7.200000
	181.400000	-27.924000	-9.600000
	181.420000	-28.200000	-11.800000
	181.440000	-28.524000	-14.000000
	181.460000	-28.884000	-16.000000
	181.480000	-29.280000	-18.000000
	181.500000	-29.712000	-19.800000
	181.520000	-30.192000	-21.800000
	181.540000	-30.708000	-23.800000
	181.560000	-31.272000	-26.000000
	181.580000	-31.848000	-27.600000
	181.600000	-32.460000	-29.200000
	181.620000	-33.084000	-30.200000
	181.640000	-33.744000	-31.600000
	181.660000	-34.416000	-32.600000
	181.680000	-35.112000	-33.800000
	181.700000	-35.820000	-34.600000
	181.720000	-36.564000	-35.800000
	181.740000	-37.308000	-36.600000
	181.760000	-38.064000	-37.400000
	181.780000	-38.796000	-37.200000
	181.800000	-39.540000	-37.200000
	181.820000	-40.284000	-37.000000
	181.840000	-41.004000	-36.800000
	181.860000	-41.712000	-36.200000
	181.880000	-42.408000	-35.400000
	181.900000	-43.104000	-35.000000
	181.920000	-43.764000	-34.200000
	181.940000	-44.376000	-32.800000
	181.960000	-44.964000	-31.000000
	181.980000	-45.516000	-29.200000
	182.000000	-46.044000	-27.800000
	182.020000	-46.524000	-26.000000
	182.040000	-46.968000	-24.200000
	182.060000	-47.352000	-21.800000
	182.080000	-47.688000	-19.400000
	182.100000	-47.976000	-16.800000
	182.120000	-48.216000	-14.400000
	182.140000	-48.408000	-12.000000
	182.160000	-48.528000	-9.200000
	182.180000	-48.600000	-6.400000
	182.200000	-48.612000	-3.400000
	182.220000	-48.576000	-0.800000
	182.240000	-48.480000	2.000000
	182.260000	-48.336000	4.600000
	182.280000	-48.144000	7.200000
	182.300000	-47.904000	9.600000
	182.320000	-47.616000	12.000000
	182.340000	-47.280000	14.400000
	182.360000	-46.908000	16.600000
	182.380000	-46.476000	19.000000
	182.400000	-46.020000	21.000000
	182.420000	-45.516000	23.200000
	182.440000	-44.988000	24.800000
	182.460000	-44.412000	26.800000
	182.480000	-43.812000	28.400000
	182.500000	-43.188000	30.000000
	182.520000	-42.552000	31.000000
	182.540000	-41.868000	32.400000
	182.560000	-41.172000	33.600000
	182.580000	-40.464000	34.800000
	182.600000	-39.756000	35.200000
	182.620000	-39.024000	35.800000
	182.640000	-38.280000	36.400000
	182.660000	-37.536000	37.000000
	182.680000	-36.816000	36.800000
	182.700000	-36.072000	36.800000
	182.720000	-35.352000	36.400000
	182.740000	-34.632000	36.400000
	182.760000	-33.936000	35.600000
	182.780000	-33.264000	34.800000
	182.800000	-32.604000	33.800000
	182.820000	-31.980000	32.600000
	182.840000	-31.380000	31.400000
	182.860000	-30.816000	29.800000
	182.880000	-30.288000	28.200000
	182.900000	-29.784000	26.600000
	182.920000	-29.316000	25.000000
	182.940000	-28.896000	23.200000
	182.960000	-28.512000	21.200000
	182.980000	-28.176000	19.000000
	183.000000	-27.876000	17.000000
	183.020000	-27.636000	14.600000
	183.040000	-27.444000	12.200000
	183.060000	-27.300000	9.600000
	183.080000	-27.204000	7.200000
	183.100000	-27.156000	4.800000
	183.120000	-27.156000	2.400000
	183.140000	-27.204000	5.917489E-14
	183.160000	-27.300000	-2.400000
	183.180000	-27.456000	-5.000000
	183.200000	-27.648000	-7.400000
	183.220000	-27.888000	-9.800000
	183.240000	-28.164000	-11.800000
	183.260000	-28.488000	-14.000000
	183.280000	-28.848000	-16.000000
	183.300000	-29.256000	-18.200000
	183.320000	-29.700000	-20.200000
	183.340000	-30.180000	-22.200000
	183.360000	-30.696000	-24.000000
	183.380000	-31.236000	-25.600000
	183.400000	-31.824000	-27.400000
	183.420000	-32.424000	-28.800000
	183.440000	-33.060000	-30.400000
	183.460000	-33.720000	-31.600000
	183.480000	-34.404000	-33.000000
	183.500000	-35.112000	-34.200000
	183.520000	-35.832000	-35.200000
	183.540000	-36.564000	-36.000000
	183.560000	-37.308000	-36.600000
	183.580000	-38.052000	-37.000000
	183.600000	-38.796000	-37.200000
	183.620000	-39.528000	-37.000000
	183.640000	-40.260000	-36.800000
	183.660000	-40.992000	-36.600000
	183.680000	-41.700000	-36.200000
	183.700000	-42.384000	-35.400000
	183.720000	-43.056000	-34.400000
	183.740000	-43.716000	-33.600000
	183.760000	-44.352000	-32.800000
	183.780000	-44.940000	-31.400000
	183.800000	-45.492000	-29.600000
	183.820000	-46.008000	-27.600000
	183.840000	-46.476000	-25.600000
	183.860000	-46.908000	-23.600000
	183.880000	-47.292000	-21.400000
	183.900000	-47.640000	-19.400000
	183.920000	-47.928000	-17.000000
	183.940000	-48.156000	-14.400000
	183.960000	-48.336000	-11.600000
	183.980000	-48.468000	-9.000000
	184.000000	-48.540000	-6.400000
	184.020000	-48.552000	-3.600000
	184.040000	-48.516000	-0.800000
	184.060000	-48.432000	1.800000
	184.080000	-48.288000	4.400000
	184.100000	-48.084000	7.200000
	184.120000	-47.832000	10.000000
	184.140000	-47.532000	12.600000
	184.160000	-47.196000	14.800000
	184.180000	-46.812000	17.000000
	184.200000	-46.404000	18.800000
	184.220000	-45.948000	20.800000
	184.240000	-45.456000	22.600000
	184.260000	-44.928000	24.600000
	184.280000	-44.364000	26.400000
	184.300000	-43.776000	28.000000
	184.320000	-43.128000	30.000000
	184.340000	-42.480000	31.400000
	184.360000	-41.796000	33.000000
	184.380000	-41.112000	33.600000
	184.400000	-40.404000	34.600000
	184.420000	-39.684000	35.200000
	184.440000	-38.964000	35.800000
	184.460000	-38.220000	36.400000
	184.480000	-37.488000	36.600000
	184.500000	-36.756000	36.800000
	184.520000	-36.024000	36.600000
	184.540000	-35.304000	36.400000
	184.560000	-34.596000	36.000000
	184.580000	-33.912000	35.200000
	184.600000	-33.240000	34.400000
	184.620000	-32.592000	33.400000
	184.640000	-31.968000	32.400000
	184.660000	-31.368000	31.200000
	184.680000	-30.804000	29.800000
	184.700000	-30.276000	28.200000
	184.720000	-29.784000	26.400000
	184.740000	-29.316000	24.800000
	184.760000	-28.896000	23.000000
	184.780000	-28.524000	21.000000
	184.800000	-28.200000	18.600000
	184.820000	-27.912000	16.400000
	184.840000	-27.672000	14.200000
	184.860000	-27.480000	12.000000
	184.880000	-27.348000	9.400000
	184.900000	-27.252000	7.000000
	184.920000	-27.216000	4.400000
	184.940000	-27.216000	2.200000
	184.960000	-27.276000	-0.400000
	184.980000	-27.384000	-2.800000
	185.000000	-27.540000	-5.400000
	185.020000	-27.744000	-7.800000
	185.040000	-27.984000	-10.000000
	185.060000	-28.272000	-12.200000
	185.080000	-28.608000	-14.400000
	185.100000	-28.980000	-16.600000
	185.120000	-29.400000	-18.800000
	185.140000	-29.832000	-20.400000
	185.160000	-30.312000	-22.200000
	185.180000	-30.828000	-23.800000
	185.200000	-31.392000	-26.000000
	185.220000	-31.980000	-27.800000
	185.240000	-32.592000	-29.400000
	185.260000	-33.240000	-30.800000
	185.280000	-33.912000	-32.200000
	185.300000	-34.584000	-33.200000
	185.320000	-35.280000	-34.000000
	185.340000	-35.988000	-34.600000
	185.360000	-36.720000	-35.600000
	185.380000	-37.464000	-36.400000
	185.400000	-38.208000	-37.000000
	185.420000	-38.964000	-37.400000
	185.440000	-39.696000	-37.200000
	185.460000	-40.428000	-37.000000
	185.480000	-41.148000	-36.400000
	185.500000	-41.868000	-36.200000
	185.520000	-42.564000	-35.600000
	185.540000	-43.248000	-35.000000
	185.560000	-43.896000	-33.800000
	185.580000	-44.520000	-32.600000
	185.600000	-45.108000	-31.000000
	185.620000	-45.660000	-29.400000
	185.640000	-46.176000	-27.600000
	185.660000	-46.656000	-25.800000
	185.680000	-47.076000	-23.600000
	185.700000	-47.460000	-21.400000
	185.720000	-47.784000	-18.800000
	185.740000	-48.072000	-16.600000
	185.760000	-48.300000	-14.000000
	185.780000	-48.468000	-11.400000
	185.800000	-48.588000	-8.600000
	185.820000	-48.648000	-5.800000
	185.840000	-48.660000	-3.200000
	185.860000	-48.612000	-0.400000
	185.880000	-48.504000	2.400000
	185.900000	-48.348000	5.200000
	185.920000	-48.144000	7.800000
	185.940000	-47.892000	10.200000
	185.960000	-47.580000	12.800000
	185.980000	-47.232000	15.200000
	186.000000	-46.848000	17.400000
	186.020000	-46.428000	19.200000
	186.040000	-45.960000	21.200000
	186.060000	-45.456000	23.200000
	186.080000	-44.928000	25.000000
	186.100000	-44.352000	26.800000
	186.120000	-43.752000	28.400000
	186.140000	-43.116000	30.200000
	186.160000	-42.468000	31.400000
	186.180000	-41.784000	32.800000
	186.200000	-41.076000	34.000000
	186.220000	-40.368000	35.000000
	186.240000	-39.648000	35.600000
	186.260000	-38.928000	35.800000
	186.280000	-38.184000	36.400000
	186.300000	-37.440000	36.800000
	186.320000	-36.696000	37.200000
	186.340000	-35.976000	36.800000
	186.360000	-35.268000	36.200000
	186.380000	-34.560000	35.600000
	186.400000	-33.864000	35.200000
	186.420000	-33.180000	34.800000
	186.440000	-32.532000	33.800000
	186.460000	-31.896000	32.800000
	186.480000	-31.308000	31.200000
	186.500000	-30.744000	29.800000
	186.520000	-30.216000	28.000000
	186.540000	-29.712000	26.600000
	186.560000	-29.256000	24.800000
	186.580000	-28.836000	23.000000
	186.600000	-28.464000	20.800000
	186.620000	-28.140000	18.600000
	186.640000	-27.864000	16.200000
	186.660000	-27.624000	14.000000
	186.680000	-27.432000	11.800000
	186.700000	-27.288000	9.600000
	186.720000	-27.204000	7.000000
	186.740000	-27.168000	4.400000
	186.760000	-27.180000	1.800000
	186.780000	-27.240000	-0.600000
	186.800000	-27.348000	-3.000000
	186.820000	-27.504000	-5.400000
	186.840000	-27.708000	-7.800000
	186.860000	-27.948000	-10.000000
	186.880000	-28.236000	-12.200000
	186.900000	-28.560000	-14.200000
	186.920000	-28.932000	-16.400000
	186.940000	-29.340000	-18.400000
	186.960000	-29.796000	-20.600000
	186.980000	-30.288000	-22.600000
	187.000000	-30.816000	-24.600000
	187.020000	-31.368000	-26.200000
	187.040000	-31.944000	-27.600000
	187.060000	-32.556000	-29.000000
	187.080000	-33.192000	-30.400000
	187.100000	-33.852000	-31.800000
	187.120000	-34.536000	-33.000000
	187.140000	-35.244000	-34.200000
	187.160000	-35.976000	-35.400000
	187.180000	-36.708000	-36.200000
	187.200000	-37.452000	-36.800000
	187.220000	-38.196000	-37.000000
	187.240000	-38.940000	-37.200000
	187.260000	-39.672000	-37.000000
	187.280000	-40.404000	-36.800000
	187.300000	-41.136000	-36.600000
	187.320000	-41.856000	-36.400000
	187.340000	-42.552000	-35.800000
	187.360000	-43.212000	-34.600000
	187.380000	-43.860000	-33.400000
	187.400000	-44.472000	-32.000000
	187.420000	-45.060000	-30.800000
	187.440000	-45.600000	-29.000000
	187.460000	-46.116000	-27.400000
	187.480000	-46.584000	-25.400000
	187.500000	-47.016000	-23.600000
	187.520000	-47.388000	-21.200000
	187.540000	-47.724000	-19.000000
	187.560000	-48.000000	-16.400000
	187.580000	-48.228000	-14.000000
	187.600000	-48.396000	-11.200000
	187.620000	-48.516000	-8.600000
	187.640000	-48.576000	-5.800000
	187.660000	-48.588000	-3.200000
	187.680000	-48.540000	-0.400000
	187.700000	-48.432000	2.400000
	187.720000	-48.264000	5.400000
	187.740000	-48.048000	8.200000
	187.760000	-47.796000	10.600000
	187.780000	-47.496000	12.800000
	187.800000	-47.148000	15.000000
	187.820000	-46.752000	17.400000
	187.840000	-46.320000	19.600000
	187.860000	-45.852000	21.600000
	187.880000	-45.360000	23.200000
	187.900000	-44.832000	24.800000
	187.920000	-44.268000	26.400000
	187.940000	-43.656000	28.400000
	187.960000	-43.020000	30.200000
	187.980000	-42.360000	31.800000
	188.000000	-41.676000	33.000000
	188.020000	-40.980000	34.000000
	188.040000	-40.260000	35.000000
	188.060000	-39.540000	35.600000
	188.080000	-38.808000	36.200000
	188.100000	-38.088000	36.200000
	188.120000	-37.356000	36.400000
	188.140000	-36.624000	36.400000
	188.160000	-35.892000	36.600000
	188.180000	-35.172000	36.400000
	188.200000	-34.476000	35.800000
	188.220000	-33.792000	35.000000
	188.240000	-33.132000	34.000000
	188.260000	-32.484000	33.200000
	188.280000	-31.860000	32.200000
	188.300000	-31.272000	31.000000
	188.320000	-30.708000	29.600000
	188.340000	-30.180000	28.000000
	188.360000	-29.688000	26.400000
	188.380000	-29.244000	24.400000
	188.400000	-28.836000	22.400000
	188.420000	-28.464000	20.400000
	188.440000	-28.140000	18.400000
	188.460000	-27.864000	16.200000
	188.480000	-27.636000	13.800000
	188.500000	-27.444000	11.600000
	188.520000	-27.312000	9.200000
	188.540000	-27.228000	6.800000
	188.560000	-27.204000	4.000000
	188.580000	-27.228000	1.400000
	188.600000	-27.300000	-1.200000
	188.620000	-27.420000	-3.600000
	188.640000	-27.576000	-5.800000
	188.660000	-27.780000	-8.000000
	188.680000	-28.032000	-10.200000
	188.700000	-28.332000	-12.600000
	188.720000	-28.680000	-15.000000
	188.740000	-29.052000	-17.000000
	188.760000	-29.472000	-19.000000
	188.780000	-29.916000	-20.600000
	188.800000	-30.408000	-22.600000
	188.820000	-30.924000	-24.200000
	188.840000	-31.488000	-26.200000
	188.860000	-32.064000	-27.600000
	188.880000	-32.688000	-29.400000
	188.900000	-33.324000	-30.600000
	188.920000	-34.008000	-32.400000
	188.940000	-34.692000	-33.400000
	188.960000	-35.412000	-34.800000
	188.980000	-36.120000	-35.200000
	189.000000	-36.864000	-36.200000
	189.020000	-37.608000	-36.600000
	189.040000	-38.376000	-37.600000
	189.060000	-39.108000	-37.400000
	189.080000	-39.840000	-37.200000
	189.100000	-40.560000	-36.400000
	189.120000	-41.280000	-36.200000
	189.140000	-41.988000	-35.800000
	189.160000	-42.684000	-35.400000
	189.180000	-43.356000	-34.600000
	189.200000	-44.004000	-33.600000
	189.220000	-44.616000	-32.200000
	189.240000	-45.204000	-30.800000
	189.260000	-45.744000	-29.000000
	189.280000	-46.248000	-27.200000
	189.300000	-46.716000	-25.200000
	189.320000	-47.136000	-23.200000
	189.340000	-47.508000	-21.000000
	189.360000	-47.832000	-18.600000
	189.380000	-48.108000	-16.200000
	189.400000	-48.336000	-13.800000
	189.420000	-48.504000	-11.200000
	189.440000	-48.612000	-8.400000
	189.460000	-48.660000	-5.400000
	189.480000	-48.648000	-2.400000
	189.500000	-48.588000	0.400000
	189.520000	-48.480000	3.000000
	189.540000	-48.324000	5.400000
	189.560000	-48.108000	8.000000
	189.580000	-47.844000	10.600000
	189.600000	-47.532000	13.200000
	189.620000	-47.172000	15.600000
	189.640000	-46.776000	17.800000
	189.660000	-46.344000	19.800000
	189.680000	-45.876000	21.600000
	189.700000	-45.372000	23.400000
	189.720000	-44.820000	25.400000
	189.740000	-44.256000	27.000000
	189.760000	-43.632000	29.000000
	189.780000	-42.984000	30.600000
	189.800000	-42.324000	32.200000
	189.820000	-41.652000	33.000000
	189.840000	-40.968000	33.600000
	189.860000	-40.248000	34.600000
	189.880000	-39.516000	35.600000
	189.900000	-38.784000	36.400000
	189.920000	-38.040000	36.800000
	189.940000	-37.308000	36.800000
	189.960000	-36.576000	36.800000
	189.980000	-35.844000	36.600000
	190.000000	-35.124000	36.400000
	190.020000	-34.416000	36.000000
	190.040000	-33.720000	35.400000
	190.060000	-33.048000	34.600000
	190.080000	-32.400000	33.600000
	190.100000	-31.800000	32.000000
	190.120000	-31.200000	30.800000
	190.140000	-30.636000	29.400000
	190.160000	-30.096000	28.400000
	190.180000	-29.616000	26.400000
	190.200000	-29.160000	24.600000
	190.220000	-28.764000	22.200000
	190.240000	-28.392000	20.400000
	190.260000	-28.080000	18.000000
	190.280000	-27.792000	16.200000
	190.300000	-27.564000	13.800000
	190.320000	-27.384000	11.600000
	190.340000	-27.264000	8.800000
	190.360000	-27.192000	6.200000
	190.380000	-27.156000	3.800000
	190.400000	-27.168000	1.600000
	190.420000	-27.240000	-0.800000
	190.440000	-27.372000	-3.600000
	190.460000	-27.540000	-6.200000
	190.480000	-27.744000	-8.400000
	190.500000	-27.984000	-10.200000
	190.520000	-28.284000	-12.400000
	190.540000	-28.620000	-14.600000
	190.560000	-29.016000	-17.200000
	190.580000	-29.436000	-19.200000
	190.600000	-29.892000	-21.200000
	190.620000	-30.372000	-22.600000
	190.640000	-30.888000	-24.200000
	190.660000	-31.464000	-26.200000
	190.680000	-32.052000	-28.000000
	190.700000	-32.676000	-29.800000
	190.720000	-33.312000	-30.800000
	190.740000	-33.984000	-32.200000
	190.760000	-34.680000	-33.400000
	190.780000	-35.376000	-34.400000
	190.800000	-36.096000	-35.200000
	190.820000	-36.828000	-35.800000
	190.840000	-37.572000	-36.600000
	190.860000	-38.328000	-37.200000
	190.880000	-39.072000	-37.400000
	190.900000	-39.828000	-37.600000
	190.920000	-40.548000	-37.000000
	190.940000	-41.268000	-36.600000
	190.960000	-41.976000	-35.800000
	190.980000	-42.672000	-35.400000
	191.000000	-43.344000	-34.600000
	191.020000	-43.992000	-33.600000
	191.040000	-44.604000	-32.200000
	191.060000	-45.180000	-30.600000
	191.080000	-45.720000	-28.800000
	191.100000	-46.224000	-27.000000
	191.120000	-46.692000	-25.200000
	191.140000	-47.112000	-23.200000
	191.160000	-47.484000	-21.000000
	191.180000	-47.808000	-18.600000
	191.200000	-48.072000	-16.000000
	191.220000	-48.288000	-13.400000
	191.240000	-48.444000	-10.600000
	191.260000	-48.552000	-8.000000
	191.280000	-48.612000	-5.400000
	191.300000	-48.612000	-2.800000
	191.320000	-48.552000	-1.183498E-13
	191.340000	-48.432000	3.000000
	191.360000	-48.264000	5.800000
	191.380000	-48.048000	8.400000
	191.400000	-47.784000	10.800000
	191.420000	-47.484000	13.000000
	191.440000	-47.136000	15.200000
	191.460000	-46.740000	17.400000
	191.480000	-46.308000	19.600000
	191.500000	-45.828000	21.800000
	191.520000	-45.324000	23.600000
	191.540000	-44.772000	25.600000
	191.560000	-44.196000	27.200000
	191.580000	-43.596000	28.800000
	191.600000	-42.960000	30.200000
	191.620000	-42.300000	31.600000
	191.640000	-41.616000	33.000000
	191.660000	-40.920000	34.000000
	191.680000	-40.200000	35.000000
	191.700000	-39.480000	35.600000
	191.720000	-38.748000	36.200000
	191.740000	-38.028000	36.200000
	191.760000	-37.284000	36.600000
	191.780000	-36.552000	36.600000
	191.800000	-35.808000	37.000000
	191.820000	-35.100000	36.400000
	191.840000	-34.392000	36.000000
	191.860000	-33.708000	35.000000
	191.880000	-33.048000	34.200000
	191.900000	-32.412000	33.000000
	191.920000	-31.800000	31.800000
	191.940000	-31.200000	30.800000
	191.960000	-30.648000	29.400000
	191.980000	-30.132000	27.800000
	192.000000	-29.652000	25.800000
	192.020000	-29.196000	24.200000
	192.040000	-28.800000	22.200000
	192.060000	-28.440000	20.200000
	192.080000	-28.140000	17.600000
	192.100000	-27.864000	15.600000
	192.120000	-27.648000	13.200000
	192.140000	-27.468000	11.200000
	192.160000	-27.348000	8.600000
	192.180000	-27.276000	6.200000
	192.200000	-27.252000	3.600000
	192.220000	-27.276000	1.200000
	192.240000	-27.348000	-1.200000
	192.260000	-27.480000	-3.800000
	192.280000	-27.660000	-6.400000
	192.300000	-27.876000	-8.800000
	192.320000	-28.128000	-10.800000
	192.340000	-28.428000	-12.800000
	192.360000	-28.776000	-15.000000
	192.380000	-29.160000	-17.200000
	192.400000	-29.580000	-19.200000
	192.420000	-30.024000	-20.800000
	192.440000	-30.528000	-22.800000
	192.460000	-31.056000	-24.600000
	192.480000	-31.620000	-26.600000
	192.500000	-32.208000	-28.000000
	192.520000	-32.832000	-29.600000
	192.540000	-33.492000	-31.200000
	192.560000	-34.164000	-32.600000
	192.580000	-34.860000	-33.800000
	192.600000	-35.568000	-34.600000
	192.620000	-36.300000	-35.600000
	192.640000	-37.032000	-36.200000
	192.660000	-37.764000	-36.600000
	192.680000	-38.508000	-36.800000
	192.700000	-39.252000	-37.000000
	192.720000	-39.996000	-37.200000
	192.740000	-40.716000	-36.800000
	192.760000	-41.448000	-36.600000
	192.780000	-42.156000	-36.000000
	192.800000	-42.852000	-35.600000
	192.820000	-43.500000	-34.200000
	192.840000	-44.136000	-33.000000
	192.860000	-44.736000	-31.400000
	192.880000	-45.324000	-30.400000
	192.900000	-45.864000	-28.800000
	192.920000	-46.368000	-27.200000
	192.940000	-46.812000	-24.800000
	192.960000	-47.220000	-22.600000
	192.980000	-47.580000	-20.200000
	193.000000	-47.892000	-18.000000
	193.020000	-48.156000	-15.600000
	193.040000	-48.372000	-13.200000
	193.060000	-48.528000	-10.600000
	193.080000	-48.636000	-8.000000
	193.100000	-48.672000	-5.000000
	193.120000	-48.660000	-2.200000
	193.140000	-48.588000	0.800000
	193.160000	-48.468000	3.400000
	193.180000	-48.300000	6.000000
	193.200000	-48.072000	8.600000
	193.220000	-47.796000	11.200000
	193.240000	-47.484000	13.600000
	193.260000	-47.124000	15.800000
	193.280000	-46.728000	17.800000
	193.300000	-46.272000	20.200000
	193.320000	-45.792000	22.200000
	193.340000	-45.276000	24.200000
	193.360000	-44.736000	25.600000
	193.380000	-44.148000	27.400000
	193.400000	-43.536000	29.000000
	193.420000	-42.876000	31.000000
	193.440000	-42.216000	32.200000
	193.460000	-41.520000	33.600000
	193.480000	-40.824000	34.200000
	193.500000	-40.104000	35.200000
	193.520000	-39.372000	35.800000
	193.540000	-38.640000	36.400000
	193.560000	-37.908000	36.600000
	193.580000	-37.176000	36.600000
	193.600000	-36.456000	36.400000
	193.620000	-35.724000	36.400000
	193.640000	-35.004000	36.200000
	193.660000	-34.296000	36.000000
	193.680000	-33.612000	35.200000
	193.700000	-32.952000	34.200000
	193.720000	-32.292000	33.400000
	193.740000	-31.668000	32.400000
	193.760000	-31.080000	31.200000
	193.780000	-30.528000	29.400000
	193.800000	-30.012000	27.600000
	193.820000	-29.520000	26.000000
	193.840000	-29.076000	24.200000
	193.860000	-28.668000	22.400000
	193.880000	-28.320000	20.000000
	193.900000	-28.008000	17.800000
	193.920000	-27.756000	15.200000
	193.940000	-27.528000	13.200000
	193.960000	-27.360000	10.800000
	193.980000	-27.228000	8.800000
	194.000000	-27.168000	6.000000
	194.020000	-27.144000	3.600000
	194.040000	-27.180000	0.800000
	194.060000	-27.252000	-1.400000
	194.080000	-27.384000	-4.000000
	194.100000	-27.552000	-6.200000
	194.120000	-27.768000	-8.600000
	194.140000	-28.032000	-10.800000
	194.160000	-28.344000	-13.200000
	194.180000	-28.692000	-15.400000
	194.200000	-29.076000	-17.400000
	194.220000	-29.496000	-19.200000
	194.240000	-29.964000	-21.200000
	194.260000	-30.468000	-23.200000
	194.280000	-30.996000	-25.000000
	194.300000	-31.548000	-26.400000
	194.320000	-32.136000	-27.800000
	194.340000	-32.760000	-29.400000
	194.360000	-33.420000	-31.200000
	194.380000	-34.092000	-32.600000
	194.400000	-34.788000	-33.800000
	194.420000	-35.508000	-34.800000
	194.440000	-36.252000	-36.000000
	194.460000	-36.984000	-36.600000
	194.480000	-37.716000	-36.800000
	194.500000	-38.436000	-36.400000
	194.520000	-39.180000	-36.600000
	194.540000	-39.924000	-36.800000
	194.560000	-40.668000	-37.200000
	194.580000	-41.388000	-36.800000
	194.600000	-42.096000	-36.200000
	194.620000	-42.780000	-35.200000
	194.640000	-43.464000	-34.600000
	194.660000	-44.100000	-33.400000
	194.680000	-44.712000	-32.200000
	194.700000	-45.276000	-30.200000
	194.720000	-45.804000	-28.400000
	194.740000	-46.296000	-26.400000
	194.760000	-46.740000	-24.400000
	194.780000	-47.160000	-22.600000
	194.800000	-47.520000	-20.400000
	194.820000	-47.844000	-18.400000
	194.840000	-48.096000	-15.600000
	194.860000	-48.312000	-13.200000
	194.880000	-48.468000	-10.400000
	194.900000	-48.576000	-8.000000
	194.920000	-48.612000	-5.000000
	194.940000	-48.588000	-2.000000
	194.960000	-48.516000	1.000000
	194.980000	-48.396000	3.600000
	195.000000	-48.228000	6.000000
	195.020000	-48.000000	8.600000
	195.040000	-47.736000	11.000000
	195.060000	-47.424000	13.400000
	195.080000	-47.076000	15.400000
	195.100000	-46.668000	17.800000
	195.120000	-46.224000	20.000000
	195.140000	-45.744000	22.200000
	195.160000	-45.228000	24.000000
	195.180000	-44.676000	25.800000
	195.200000	-44.064000	28.000000
	195.220000	-43.440000	29.800000
	195.240000	-42.804000	31.200000
	195.260000	-42.168000	31.600000
	195.280000	-41.508000	32.200000
	195.300000	-40.800000	33.400000
	195.320000	-40.080000	34.800000
	195.340000	-39.336000	36.200000
	195.360000	-38.604000	36.600000
	195.380000	-37.884000	36.600000
	195.400000	-37.164000	36.200000
	195.420000	-36.432000	36.200000
	195.440000	-35.688000	36.600000
	195.460000	-34.968000	36.600000
	195.480000	-34.272000	36.000000
	195.500000	-33.600000	34.800000
	195.520000	-32.928000	34.000000
	195.540000	-32.280000	33.200000
	195.560000	-31.668000	32.200000
	195.580000	-31.104000	30.400000
	195.600000	-30.576000	28.400000
	195.620000	-30.060000	26.800000
	195.640000	-29.580000	25.400000
	195.660000	-29.136000	24.000000
	195.680000	-28.740000	22.000000
	195.700000	-28.392000	19.800000
	195.720000	-28.092000	17.400000
	195.740000	-27.828000	15.200000
	195.760000	-27.612000	13.000000
	195.780000	-27.444000	10.800000
	195.800000	-27.336000	8.200000
	195.820000	-27.276000	5.600000
	195.840000	-27.264000	3.000000
	195.860000	-27.300000	0.600000
	195.880000	-27.384000	-1.800000
	195.900000	-27.516000	-4.200000
	195.920000	-27.696000	-6.600000
	195.940000	-27.912000	-8.800000
	195.960000	-28.176000	-11.000000
	195.980000	-28.488000	-13.200000
	196.000000	-28.848000	-15.600000
	196.020000	-29.244000	-17.800000
	196.040000	-29.664000	-19.600000
	196.060000	-30.120000	-21.200000
	196.080000	-30.612000	-22.800000
	196.100000	-31.152000	-24.800000
	196.120000	-31.716000	-26.600000
	196.140000	-32.316000	-28.400000
	196.160000	-32.940000	-29.800000
	196.180000	-33.612000	-31.600000
	196.200000	-34.284000	-32.800000
	196.220000	-34.992000	-34.200000
	196.240000	-35.688000	-34.600000
	196.260000	-36.420000	-35.600000
	196.280000	-37.140000	-35.800000
	196.300000	-37.884000	-36.600000
	196.320000	-38.616000	-36.600000
	196.340000	-39.372000	-37.200000
	196.360000	-40.116000	-37.200000
	196.380000	-40.848000	-37.200000
	196.400000	-41.556000	-36.400000
	196.420000	-42.252000	-35.600000
	196.440000	-42.960000	-35.200000
	196.460000	-43.632000	-34.600000
	196.480000	-44.280000	-33.800000
	196.500000	-44.880000	-32.000000
	196.520000	-45.444000	-30.200000
	196.540000	-45.972000	-28.200000
	196.560000	-46.452000	-26.200000
	196.580000	-46.908000	-24.400000
	196.600000	-47.316000	-22.400000
	196.620000	-47.676000	-20.400000
	196.640000	-47.976000	-17.800000
	196.660000	-48.228000	-15.200000
	196.680000	-48.432000	-12.600000
	196.700000	-48.576000	-10.000000
	196.720000	-48.660000	-7.200000
	196.740000	-48.696000	-4.400000
	196.760000	-48.672000	-1.600000
	196.780000	-48.588000	1.200000
	196.800000	-48.456000	4.000000
	196.820000	-48.276000	6.600000
	196.840000	-48.048000	9.000000
	196.860000	-47.760000	11.600000
	196.880000	-47.436000	14.000000
	196.900000	-47.076000	16.200000
	196.920000	-46.668000	18.200000
	196.940000	-46.224000	20.200000
	196.960000	-45.732000	22.400000
	196.980000	-45.204000	24.400000
	197.000000	-44.652000	26.200000
	197.020000	-44.064000	27.800000
	197.040000	-43.452000	29.200000
	197.060000	-42.804000	30.800000
	197.080000	-42.132000	32.200000
	197.100000	-41.436000	33.600000
	197.120000	-40.728000	34.600000
	197.140000	-40.008000	35.400000
	197.160000	-39.276000	36.000000
	197.180000	-38.532000	36.600000
	197.200000	-37.788000	37.000000
	197.220000	-37.068000	36.800000
	197.240000	-36.324000	36.800000
	197.260000	-35.616000	36.200000
	197.280000	-34.896000	36.200000
	197.300000	-34.200000	35.400000
	197.320000	-33.504000	35.200000
	197.340000	-32.832000	34.400000
	197.360000	-32.196000	33.400000
	197.380000	-31.584000	32.000000
	197.400000	-31.008000	30.400000
	197.420000	-30.468000	28.800000
	197.440000	-29.952000	27.200000
	197.460000	-29.472000	25.600000
	197.480000	-29.028000	24.000000
	197.500000	-28.632000	22.000000
	197.520000	-28.284000	19.800000
	197.540000	-27.984000	17.400000
	197.560000	-27.732000	15.000000
	197.580000	-27.516000	12.800000
	197.600000	-27.348000	10.600000
	197.620000	-27.228000	8.400000
	197.640000	-27.168000	5.800000
	197.660000	-27.156000	3.200000
	197.680000	-27.204000	0.400000
	197.700000	-27.288000	-2.000000
	197.720000	-27.432000	-4.600000
	197.740000	-27.612000	-6.800000
	197.760000	-27.840000	-9.200000
	197.780000	-28.116000	-11.400000
	197.800000	-28.428000	-13.600000
	197.820000	-28.788000	-15.800000
	197.840000	-29.172000	-17.600000
	197.860000	-29.604000	-19.600000
	197.880000	-30.072000	-21.400000
	197.900000	-30.576000	-23.400000
	197.920000	-31.116000	-25.200000
	197.940000	-31.680000	-26.800000
	197.960000	-32.280000	-28.400000
	197.980000	-32.916000	-30.000000
	198.000000	-33.576000	-31.600000
	198.020000	-34.248000	-32.800000
	198.040000	-34.932000	-33.600000
	198.060000	-35.652000	-34.600000
	198.080000	-36.396000	-35.800000
	198.100000	-37.140000	-36.800000
	198.120000	-37.884000	-37.200000
	198.140000	-38.616000	-37.000000
	198.160000	-39.348000	-36.800000
	198.180000	-40.092000	-36.800000
	198.200000	-40.824000	-36.800000
	198.220000	-41.556000	-36.800000
	198.240000	-42.252000	-36.000000
	198.260000	-42.936000	-35.200000
	198.280000	-43.596000	-34.000000
	198.300000	-44.232000	-33.000000
	198.320000	-44.832000	-31.600000
	198.340000	-45.396000	-30.000000
	198.360000	-45.924000	-28.200000
	198.380000	-46.428000	-26.600000
	198.400000	-46.884000	-24.800000
	198.420000	-47.292000	-22.800000
	198.440000	-47.640000	-20.200000
	198.460000	-47.940000	-17.600000
	198.480000	-48.192000	-15.000000
	198.500000	-48.396000	-12.600000
	198.520000	-48.540000	-10.000000
	198.540000	-48.624000	-7.200000
	198.560000	-48.648000	-4.200000
	198.580000	-48.624000	-1.400000
	198.600000	-48.540000	1.400000
	198.620000	-48.408000	4.000000
	198.640000	-48.216000	6.800000
	198.660000	-47.988000	9.200000
	198.680000	-47.712000	11.600000
	198.700000	-47.400000	13.600000
	198.720000	-47.028000	16.000000
	198.740000	-46.608000	18.400000
	198.760000	-46.152000	20.800000
	198.780000	-45.660000	22.800000
	198.800000	-45.144000	24.400000
	198.820000	-44.592000	26.000000
	198.840000	-44.004000	27.600000
	198.860000	-43.392000	29.200000
	198.880000	-42.744000	30.800000
	198.900000	-42.084000	32.000000
	198.920000	-41.376000	33.600000
	198.940000	-40.668000	34.600000
	198.960000	-39.936000	35.800000
	198.980000	-39.228000	35.800000
	199.000000	-38.508000	36.000000
	199.020000	-37.788000	35.800000
	199.040000	-37.044000	36.400000
	199.060000	-36.312000	36.600000
	199.080000	-35.580000	36.800000
	199.100000	-34.872000	36.200000
	199.120000	-34.164000	35.800000
	199.140000	-33.492000	34.800000
	199.160000	-32.832000	34.000000
	199.180000	-32.196000	32.800000
	199.200000	-31.596000	31.600000
	199.220000	-31.020000	30.200000
	199.240000	-30.480000	28.600000
	199.260000	-29.964000	27.200000
	199.280000	-29.496000	25.400000
	199.300000	-29.064000	23.600000
	199.320000	-28.680000	21.400000
	199.340000	-28.332000	19.400000
	199.360000	-28.032000	17.200000
	199.380000	-27.768000	15.200000
	199.400000	-27.564000	12.800000
	199.420000	-27.408000	10.400000
	199.440000	-27.312000	7.600000
	199.460000	-27.252000	5.200000
	199.480000	-27.252000	2.600000
	199.500000	-27.288000	0.400000
	199.520000	-27.384000	-2.200000
	199.540000	-27.516000	-4.400000
	199.560000	-27.708000	-7.000000
	199.580000	-27.936000	-9.200000
	199.600000	-28.212000	-11.600000
	199.620000	-28.524000	-13.600000
	199.640000	-28.884000	-15.800000
	199.660000	-29.280000	-17.800000
	199.680000	-29.712000	-19.800000
	199.700000	-30.180000	-21.600000
	199.720000	-30.696000	-23.600000
	199.740000	-31.236000	-25.400000
	199.760000	-31.812000	-27.200000
	199.780000	-32.400000	-28.400000
	199.800000	-33.036000	-30.000000
	199.820000	-33.696000	-31.400000
	199.840000	-34.380000	-33.000000
	199.860000	-35.076000	-34.000000
	199.880000	-35.784000	-34.800000
	199.900000	-36.516000	-35.600000
	199.920000	-37.260000	-36.400000
	199.940000	-38.004000	-37.000000
	199.960000	-38.748000	-37.200000
	199.980000	-39.480000	-37.000000
	200.000000	-40.224000	-37.000000
	200.020000	-40.968000	-37.000000
	200.040000	-41.688000	-36.800000
	200.060000	-42.384000	-36.000000
	200.080000	-43.056000	-34.800000
	200.100000	-43.716000	-33.800000
	200.120000	-44.352000	-32.800000
	200.140000	-44.940000	-31.400000
	200.160000	-45.516000	-30.000000
	200.180000	-46.044000	-28.200000
	200.200000	-46.536000	-26.600000
	200.220000	-46.980000	-24.400000
	200.240000	-47.376000	-22.200000
	200.260000	-47.724000	-19.800000
	200.280000	-48.012000	-17.200000
	200.300000	-48.252000	-14.600000
	200.320000	-48.444000	-12.000000
	200.340000	-48.576000	-9.400000
	200.360000	-48.660000	-6.800000
	200.380000	-48.684000	-4.000000
	200.400000	-48.660000	-1.400000
	200.420000	-48.576000	1.400000
	200.440000	-48.444000	4.000000
	200.460000	-48.252000	6.800000
	200.480000	-48.012000	9.400000
	200.500000	-47.724000	12.000000
	200.520000	-47.400000	14.200000
	200.540000	-47.028000	16.400000
	200.560000	-46.620000	18.400000
	200.580000	-46.164000	20.600000
	200.600000	-45.672000	22.600000
	200.620000	-45.132000	24.800000
	200.640000	-44.568000	26.600000
	200.660000	-43.980000	28.200000
	200.680000	-43.356000	29.600000
	200.700000	-42.696000	31.200000
	200.720000	-42.012000	32.800000
	200.740000	-41.328000	33.800000
	200.760000	-40.620000	34.600000
	200.780000	-39.912000	35.000000
	200.800000	-39.180000	35.800000
	200.820000	-38.460000	36.000000
	200.840000	-37.716000	36.600000
	200.860000	-36.972000	36.800000
	200.880000	-36.228000	37.200000
	200.900000	-35.496000	37.000000
	200.920000	-34.788000	36.400000
	200.940000	-34.092000	35.600000
	200.960000	-33.408000	34.800000
	200.980000	-32.760000	33.800000
	201.000000	-32.124000	32.800000
	201.020000	-31.512000	31.600000
	201.040000	-30.924000	30.600000
	201.060000	-30.384000	29.000000
	201.080000	-29.892000	27.000000
	201.100000	-29.424000	25.000000
	201.120000	-28.992000	23.200000
	201.140000	-28.608000	21.400000
	201.160000	-28.272000	19.200000
	201.180000	-27.984000	16.800000
	201.200000	-27.732000	14.600000
	201.220000	-27.528000	12.400000
	201.240000	-27.372000	10.200000
	201.260000	-27.276000	7.600000
	201.280000	-27.228000	5.000000
	201.300000	-27.228000	2.400000
	201.320000	-27.276000	5.917489E-14
	201.340000	-27.372000	-2.400000
	201.360000	-27.516000	-4.800000
	201.380000	-27.696000	-7.000000
	201.400000	-27.936000	-9.400000
	201.420000	-28.224000	-11.800000
	201.440000	-28.548000	-14.200000
	201.460000	-28.896000	-16.000000
	201.480000	-29.292000	-17.800000
	201.500000	-29.736000	-19.800000
	201.520000	-30.228000	-22.200000
	201.540000	-30.732000	-24.000000
	201.560000	-31.272000	-25.600000
	201.580000	-31.836000	-26.800000
	201.600000	-32.448000	-28.600000
	201.620000	-33.096000	-30.400000
	201.640000	-33.768000	-32.200000
	201.660000	-34.452000	-33.400000
	201.680000	-35.148000	-34.200000
	201.700000	-35.868000	-35.000000
	201.720000	-36.600000	-35.800000
	201.740000	-37.344000	-36.600000
	201.760000	-38.076000	-36.800000
	201.780000	-38.820000	-37.000000
	201.800000	-39.564000	-37.000000
	201.820000	-40.308000	-37.200000
	201.840000	-41.040000	-37.000000
	201.860000	-41.760000	-36.600000
	201.880000	-42.468000	-36.000000
	201.900000	-43.164000	-35.400000
	201.920000	-43.812000	-34.200000
	201.940000	-44.436000	-32.800000
	201.960000	-45.024000	-31.000000
	201.980000	-45.600000	-29.800000
	202.000000	-46.128000	-28.200000
	202.020000	-46.608000	-26.400000
	202.040000	-47.040000	-24.000000
	202.060000	-47.424000	-21.600000
	202.080000	-47.760000	-19.200000
	202.100000	-48.048000	-16.800000
	202.120000	-48.300000	-14.600000
	202.140000	-48.492000	-12.200000
	202.160000	-48.624000	-9.600000
	202.180000	-48.696000	-6.600000
	202.200000	-48.720000	-3.800000
	202.220000	-48.684000	-1.000000
	202.240000	-48.600000	1.600000
	202.260000	-48.456000	4.400000
	202.280000	-48.264000	7.000000
	202.300000	-48.012000	9.800000
	202.320000	-47.724000	12.200000
	202.340000	-47.388000	14.600000
	202.360000	-47.016000	16.600000
	202.380000	-46.596000	18.800000
	202.400000	-46.152000	20.600000
	202.420000	-45.660000	22.600000
	202.440000	-45.132000	24.400000
	202.460000	-44.568000	26.400000
	202.480000	-43.980000	28.000000
	202.500000	-43.356000	29.600000
	202.520000	-42.696000	31.200000
	202.540000	-42.024000	32.600000
	202.560000	-41.340000	33.600000
	202.580000	-40.632000	34.400000
	202.600000	-39.900000	35.400000
	202.620000	-39.168000	36.200000
	202.640000	-38.436000	36.600000
	202.660000	-37.704000	36.600000
	202.680000	-36.960000	36.800000
	202.700000	-36.228000	36.800000
	202.720000	-35.496000	36.800000
	202.740000	-34.788000	36.200000
	202.760000	-34.092000	35.600000
	202.780000	-33.420000	34.600000
	202.800000	-32.760000	33.800000
	202.820000	-32.136000	32.600000
	202.840000	-31.524000	31.600000
	202.860000	-30.960000	30.000000
	202.880000	-30.420000	28.600000
	202.900000	-29.916000	26.800000
	202.920000	-29.436000	25.400000
	202.940000	-29.004000	23.600000
	202.960000	-28.632000	21.400000
	202.980000	-28.296000	19.000000
	203.000000	-28.008000	16.600000
	203.020000	-27.756000	14.600000
	203.040000	-27.564000	12.200000
	203.060000	-27.408000	10.000000
	203.080000	-27.312000	7.400000
	203.100000	-27.264000	5.000000
	203.120000	-27.264000	2.400000
	203.140000	-27.312000	-5.917489E-14
	203.160000	-27.408000	-2.400000
	203.180000	-27.564000	-5.000000
	203.200000	-27.756000	-7.400000
	203.220000	-27.996000	-9.800000
	203.240000	-28.272000	-11.800000
	203.260000	-28.596000	-14.000000
	203.280000	-28.956000	-16.000000
	203.300000	-29.352000	-18.000000
	203.320000	-29.796000	-20.000000
	203.340000	-30.276000	-22.000000
	203.360000	-30.792000	-24.000000
	203.380000	-31.332000	-25.600000
	203.400000	-31.908000	-27.200000
	203.420000	-32.520000	-28.800000
	203.440000	-33.168000	-30.600000
	203.460000	-33.828000	-32.000000
	203.480000	-34.500000	-33.000000
	203.500000	-35.196000	-33.800000
	203.520000	-35.916000	-34.800000
	203.540000	-36.648000	-35.800000
	203.560000	-37.380000	-36.400000
	203.580000	-38.124000	-36.800000
	203.600000	-38.868000	-37.000000
	203.620000	-39.612000	-37.200000
	203.640000	-40.344000	-37.000000
	203.660000	-41.088000	-37.000000
	203.680000	-41.808000	-36.600000
	203.700000	-42.504000	-36.000000
	203.720000	-43.176000	-34.800000
	203.740000	-43.824000	-33.600000
	203.760000	-44.448000	-32.400000
	203.780000	-45.036000	-31.000000
	203.800000	-45.600000	-29.600000
	203.820000	-46.128000	-28.000000
	203.840000	-46.596000	-26.000000
	203.860000	-47.016000	-23.600000
	203.880000	-47.400000	-21.200000
	203.900000	-47.748000	-19.200000
	203.920000	-48.048000	-17.200000
	203.940000	-48.288000	-14.800000
	203.960000	-48.468000	-12.000000
	203.980000	-48.588000	-9.000000
	204.000000	-48.660000	-6.200000
	204.020000	-48.684000	-3.600000
	204.040000	-48.648000	-1.000000
	204.060000	-48.552000	1.800000
	204.080000	-48.396000	4.800000
	204.100000	-48.192000	7.600000
	204.120000	-47.940000	10.200000
	204.140000	-47.652000	12.400000
	204.160000	-47.316000	14.600000
	204.180000	-46.944000	16.600000
	204.200000	-46.524000	18.800000
	204.220000	-46.068000	20.800000
	204.240000	-45.564000	23.000000
	204.260000	-45.024000	25.000000
	204.280000	-44.448000	27.000000
	204.300000	-43.848000	28.600000
	204.320000	-43.212000	30.200000
	204.340000	-42.552000	31.600000
	204.360000	-41.880000	32.800000
	204.380000	-41.184000	33.800000
	204.400000	-40.488000	34.400000
	204.420000	-39.756000	35.400000
	204.440000	-39.036000	35.800000
	204.460000	-38.292000	36.600000
	204.480000	-37.548000	36.800000
	204.500000	-36.816000	37.000000
	204.520000	-36.084000	36.800000
	204.540000	-35.364000	36.400000
	204.560000	-34.644000	36.200000
	204.580000	-33.948000	35.600000
	204.600000	-33.288000	34.600000
	204.620000	-32.640000	33.400000
	204.640000	-32.028000	32.000000
	204.660000	-31.416000	31.200000
	204.680000	-30.840000	30.000000
	204.700000	-30.288000	29.000000
	204.720000	-29.796000	27.000000
	204.740000	-29.340000	25.000000
	204.760000	-28.932000	22.600000
	204.780000	-28.548000	20.800000
	204.800000	-28.212000	18.800000
	204.820000	-27.924000	16.800000
	204.840000	-27.684000	14.400000
	204.860000	-27.492000	12.000000
	204.880000	-27.348000	9.600000
	204.900000	-27.264000	7.000000
	204.920000	-27.228000	4.400000
	204.940000	-27.228000	2.000000
	204.960000	-27.276000	-0.200000
	204.980000	-27.384000	-2.600000
	205.000000	-27.540000	-5.200000
	205.020000	-27.744000	-7.800000
	205.040000	-27.984000	-10.000000
	205.060000	-28.272000	-12.200000
	205.080000	-28.596000	-14.200000
	205.100000	-28.956000	-16.200000
	205.120000	-29.352000	-18.000000
	205.140000	-29.796000	-20.000000
	205.160000	-30.276000	-22.000000
	205.180000	-30.792000	-24.000000
	205.200000	-31.344000	-25.800000
	205.220000	-31.920000	-27.400000
	205.240000	-32.544000	-29.200000
	205.260000	-33.180000	-30.600000
	205.280000	-33.852000	-32.200000
	205.300000	-34.536000	-33.200000
	205.320000	-35.232000	-34.200000
	205.340000	-35.952000	-35.000000
	205.360000	-36.684000	-35.800000
	205.380000	-37.428000	-36.600000
	205.400000	-38.172000	-37.000000
	205.420000	-38.904000	-37.000000
	205.440000	-39.648000	-37.000000
	205.460000	-40.392000	-37.000000
	205.480000	-41.124000	-37.000000
	205.500000	-41.844000	-36.600000
	205.520000	-42.528000	-35.600000
	205.540000	-43.200000	-34.600000
	205.560000	-43.848000	-33.400000
	205.580000	-44.472000	-32.400000
	205.600000	-45.072000	-31.200000
	205.620000	-45.624000	-29.600000
	205.640000	-46.140000	-27.800000
	205.660000	-46.620000	-25.800000
	205.680000	-47.052000	-23.800000
	205.700000	-47.448000	-21.800000
	205.720000	-47.784000	-19.400000
	205.740000	-48.072000	-17.000000
	205.760000	-48.300000	-14.200000
	205.780000	-48.468000	-11.400000
	205.800000	-48.588000	-8.600000
	205.820000	-48.660000	-6.000000
	205.840000	-48.672000	-3.400000
	205.860000	-48.636000	-0.800000
	205.880000	-48.528000	2.200000
	205.900000	-48.384000	4.800000
	205.920000	-48.180000	7.600000
	205.940000	-47.928000	10.000000
	205.960000	-47.628000	12.600000
	205.980000	-47.280000	15.000000
	206.000000	-46.908000	17.000000
	206.020000	-46.476000	19.200000
	206.040000	-46.008000	21.200000
	206.060000	-45.492000	23.600000
	206.080000	-44.964000	25.200000
	206.100000	-44.400000	26.800000
	206.120000	-43.800000	28.200000
	206.140000	-43.164000	30.000000
	206.160000	-42.516000	31.400000
	206.180000	-41.832000	32.800000
	206.200000	-41.148000	33.600000
	206.220000	-40.428000	34.800000
	206.240000	-39.720000	35.200000
	206.260000	-38.976000	36.200000
	206.280000	-38.244000	36.400000
	206.300000	-37.512000	36.800000
	206.320000	-36.780000	36.600000
	206.340000	-36.048000	36.600000
	206.360000	-35.328000	36.400000
	206.380000	-34.608000	36.200000
	206.400000	-33.924000	35.400000
	206.420000	-33.240000	34.800000
	206.440000	-32.592000	33.600000
	206.460000	-31.956000	32.800000
	206.480000	-31.356000	31.400000
	206.500000	-30.792000	30.000000
	206.520000	-30.264000	28.200000
	206.540000	-29.760000	26.600000
	206.560000	-29.316000	24.600000
	206.580000	-28.896000	22.800000
	206.600000	-28.536000	20.400000
	206.620000	-28.200000	18.600000
	206.640000	-27.912000	16.400000
	206.660000	-27.672000	14.400000
	206.680000	-27.480000	12.000000
	206.700000	-27.348000	9.400000
	206.720000	-27.264000	6.800000
	206.740000	-27.228000	4.200000
	206.760000	-27.240000	1.800000
	206.780000	-27.300000	-0.600000
	206.800000	-27.408000	-3.000000
	206.820000	-27.564000	-5.400000
	206.840000	-27.768000	-7.800000
	206.860000	-28.020000	-10.200000
	206.880000	-28.308000	-12.400000
	206.900000	-28.644000	-14.600000
	206.920000	-29.016000	-16.600000
	206.940000	-29.424000	-18.600000
	206.960000	-29.868000	-20.400000
	206.980000	-30.348000	-22.200000
	207.000000	-30.876000	-24.200000
	207.020000	-31.428000	-26.000000
	207.040000	-32.016000	-27.800000
	207.060000	-32.640000	-29.400000
	207.080000	-33.276000	-30.800000
	207.100000	-33.936000	-32.000000
	207.120000	-34.608000	-32.800000
	207.140000	-35.328000	-34.200000
	207.160000	-36.060000	-35.400000
	207.180000	-36.792000	-36.400000
	207.200000	-37.524000	-36.600000
	207.220000	-38.280000	-37.000000
	207.240000	-39.024000	-37.200000
	207.260000	-39.780000	-37.600000
	207.280000	-40.500000	-37.000000
	207.300000	-41.244000	-37.000000
	207.320000	-41.952000	-36.200000
	207.340000	-42.648000	-35.800000
	207.360000	-43.320000	-34.600000
	207.380000	-43.968000	-33.600000
	207.400000	-44.604000	-32.600000
	207.420000	-45.192000	-31.200000
	207.440000	-45.744000	-29.600000
	207.460000	-46.248000	-27.400000
	207.480000	-46.716000	-25.400000
	207.500000	-47.148000	-23.400000
	207.520000	-47.532000	-21.400000
	207.540000	-47.868000	-19.200000
	207.560000	-48.144000	-16.600000
	207.580000	-48.372000	-14.000000
	207.600000	-48.540000	-11.200000
