	120.000000	-14.148000	113.800000
	120.020000	-11.652000	119.200000
	120.040000	-9.060000	124.400000
	120.060000	-6.324000	130.400000
	120.080000	-3.516000	135.600000
	120.100000	-0.552000	141.800000
	120.120000	2.364000	144.800000
	120.140000	5.268000	146.400000
	120.160000	8.136000	144.800000
	120.180000	11.088000	145.400000
	120.200000	14.064000	146.600000
	120.220000	17.016000	148.000000
	120.240000	19.872000	146.400000
	120.260000	22.632000	142.800000
	120.280000	25.296000	138.000000
	120.300000	27.912000	134.000000
	120.320000	30.468000	130.600000
	120.340000	32.844000	125.800000
	120.360000	35.028000	118.600000
	120.380000	37.068000	110.000000
	120.400000	38.952000	101.800000
	120.420000	40.692000	94.400000
	120.440000	42.204000	85.600000
	120.460000	43.560000	76.800000
	120.480000	44.700000	66.800000
	120.500000	45.612000	56.800000
	120.520000	46.296000	45.600000
	120.540000	46.752000	34.200000
	120.560000	46.968000	22.600000
	120.580000	46.944000	10.800000
	120.600000	46.680000	-1.200000
	120.620000	46.200000	-12.800000
	120.640000	45.480000	-24.400000
	120.660000	44.520000	-36.000000
	120.680000	43.332000	-47.800000
	120.700000	41.904000	-59.600000
	120.720000	40.260000	-71.000000
	120.740000	38.400000	-82.200000
	120.760000	36.348000	-92.600000
	120.780000	34.128000	-102.200000
	120.800000	31.692000	-111.800000
	120.820000	29.064000	-121.400000
	120.840000	26.280000	-130.800000
	120.860000	23.352000	-139.000000
	120.880000	20.328000	-145.600000
	120.900000	17.148000	-152.200000
	120.920000	13.800000	-159.200000
	120.940000	10.332000	-166.600000
	120.960000	6.888000	-171.000000
	120.980000	3.444000	-172.600000
	121.000000	0.012000	-172.000000
	121.020000	-3.528000	-173.600000
	121.040000	-6.996000	-174.000000
	121.060000	-10.476000	-174.800000
	121.080000	-13.908000	-173.000000
	121.100000	-17.280000	-171.400000
	121.120000	-20.592000	-168.600000
	121.140000	-23.736000	-163.800000
	121.160000	-26.736000	-157.600000
	121.180000	-29.604000	-150.200000
	121.200000	-32.268000	-142.200000
	121.220000	-34.764000	-133.800000
	121.240000	-36.948000	-122.400000
	121.260000	-38.976000	-111.800000
	121.280000	-40.752000	-99.800000
	121.300000	-42.300000	-89.200000
	121.320000	-43.572000	-76.600000
	121.340000	-44.592000	-64.000000
	121.360000	-45.336000	-50.600000
	121.380000	-45.804000	-37.200000
	121.400000	-45.984000	-23.200000
	121.420000	-45.876000	-9.000000
	121.440000	-45.480000	5.400000
	121.460000	-44.796000	19.800000
	121.480000	-43.824000	34.200000
	121.500000	-42.564000	48.600000
	121.520000	-41.052000	62.400000
	121.540000	-39.264000	76.000000
	121.560000	-37.248000	88.600000
	121.580000	-34.956000	101.600000
	121.600000	-32.436000	113.800000
	121.620000	-29.616000	127.200000
	121.640000	-26.628000	138.800000
	121.660000	-23.496000	149.000000
	121.680000	-20.280000	155.600000
	121.700000	-16.872000	162.600000
	121.720000	-13.332000	169.400000
	121.740000	-9.636000	177.400000
	121.760000	-5.832000	184.000000
	121.780000	-1.956000	189.600000
	121.800000	1.980000	193.600000
	121.820000	5.892000	195.400000
	121.840000	9.876000	197.200000
	121.860000	13.836000	197.600000
	121.880000	17.760000	197.800000
	121.900000	21.624000	195.800000
	121.920000	25.428000	193.200000
	121.940000	29.232000	191.200000
	121.960000	32.904000	188.000000
	121.980000	36.288000	181.000000
	122.000000	39.480000	170.800000
	122.020000	42.504000	160.000000
	122.040000	45.468000	153.000000
	122.060000	48.240000	146.000000
	122.080000	50.688000	136.400000
	122.100000	52.944000	124.600000
	122.120000	54.852000	110.200000
	122.140000	56.556000	97.800000
	122.160000	57.924000	83.000000
	122.180000	59.052000	70.000000
	122.200000	59.904000	55.800000
	122.220000	60.432000	41.800000
	122.240000	60.636000	26.400000
	122.260000	60.504000	10.000000
	122.280000	60.084000	-5.800000
	122.300000	59.364000	-21.200000
	122.320000	58.296000	-36.800000
	122.340000	56.940000	-52.400000
	122.360000	55.296000	-67.800000
	122.380000	53.376000	-82.000000
	122.400000	51.120000	-97.000000
	122.420000	48.624000	-111.200000
	122.440000	45.900000	-124.600000
	122.460000	42.972000	-135.800000
	122.480000	39.744000	-148.000000
	122.500000	36.336000	-159.400000
	122.520000	32.688000	-171.400000
	122.540000	28.848000	-181.600000
	122.560000	24.840000	-191.600000
	122.580000	20.628000	-201.000000
	122.600000	16.356000	-208.200000
	122.620000	11.988000	-214.200000
	122.640000	7.596000	-217.200000
	122.660000	3.156000	-220.000000
	122.680000	-1.368000	-222.600000
	122.700000	-5.832000	-223.800000
	122.720000	-10.344000	-225.000000
	122.740000	-14.796000	-223.800000
	122.760000	-19.164000	-222.200000
	122.780000	-23.412000	-217.800000
	122.800000	-27.516000	-212.000000
	122.820000	-31.464000	-205.000000
	122.840000	-35.220000	-196.800000
	122.860000	-38.868000	-189.200000
	122.880000	-42.192000	-178.800000
	122.900000	-45.264000	-167.400000
	122.920000	-47.940000	-151.200000
	122.940000	-50.460000	-137.800000
	122.960000	-52.704000	-124.000000
	122.980000	-54.600000	-111.000000
	123.000000	-56.172000	-95.200000
	123.020000	-57.360000	-77.600000
	123.040000	-58.236000	-60.600000
	123.060000	-58.752000	-43.000000
	123.080000	-58.908000	-25.800000
	123.100000	-58.716000	-8.000000
	123.120000	-58.164000	9.800000
	123.140000	-57.252000	27.600000
	123.160000	-55.980000	45.600000
	123.180000	-54.348000	63.600000
	123.200000	-52.368000	81.400000
	123.220000	-50.076000	98.400000
	123.240000	-47.508000	114.000000
	123.260000	-44.640000	128.800000
	123.280000	-41.460000	143.600000
	123.300000	-38.004000	158.400000
	123.320000	-34.296000	172.400000
	123.340000	-30.408000	184.200000
	123.360000	-26.208000	196.600000
	123.380000	-21.816000	208.000000
	123.400000	-17.256000	219.200000
	123.420000	-12.684000	225.400000
	123.440000	-8.052000	229.400000
	123.460000	-3.132000	235.400000
	123.480000	1.776000	241.000000
	123.500000	6.708000	246.000000
	123.520000	11.508000	244.000000
	123.540000	16.428000	244.200000
	123.560000	21.300000	243.200000
	123.580000	26.220000	245.200000
	123.600000	30.840000	240.200000
	123.620000	35.412000	235.200000
	123.640000	39.708000	224.800000
	123.660000	44.016000	219.600000
	123.680000	48.060000	210.800000
	123.700000	51.912000	203.400000
	123.720000	55.440000	190.400000
	123.740000	58.740000	178.000000
	123.760000	61.752000	164.000000
	123.780000	64.464000	150.400000
	123.800000	66.900000	136.000000
	123.820000	68.880000	118.800000
	123.840000	70.572000	101.800000
	123.860000	71.844000	82.400000
	123.880000	72.804000	65.400000
	123.900000	73.380000	46.800000
	123.920000	73.572000	28.800000
	123.940000	73.368000	9.400000
	123.960000	72.780000	-10.000000
	123.980000	71.808000	-29.400000
	124.000000	70.428000	-49.000000
	124.020000	68.664000	-68.600000
	124.040000	66.576000	-87.200000
	124.060000	64.164000	-104.400000
	124.080000	61.452000	-120.200000
	124.100000	58.344000	-137.200000
	124.120000	54.960000	-153.400000
	124.140000	51.240000	-170.200000
	124.160000	47.232000	-185.200000
	124.180000	42.984000	-199.600000
	124.200000	38.484000	-212.600000
	124.220000	33.768000	-224.400000
	124.240000	28.788000	-236.600000
	124.260000	23.712000	-246.200000
	124.280000	18.576000	-253.200000
	124.300000	13.332000	-257.600000
	124.320000	7.932000	-263.000000
	124.340000	2.472000	-268.400000
	124.360000	-3.012000	-272.400000
	124.380000	-8.484000	-273.600000
	124.400000	-14.052000	-275.400000
	124.420000	-19.404000	-273.200000
	124.440000	-24.636000	-269.200000
	124.460000	-29.652000	-260.000000
	124.480000	-34.560000	-252.600000
	124.500000	-39.264000	-243.800000
	124.520000	-43.608000	-232.600000
	124.540000	-47.772000	-220.200000
	124.560000	-51.660000	-206.600000
	124.580000	-55.356000	-195.800000
	124.600000	-58.668000	-181.600000
	124.620000	-61.620000	-166.000000
	124.640000	-64.200000	-147.400000
	124.660000	-66.408000	-129.000000
	124.680000	-68.220000	-110.000000
	124.700000	-69.624000	-90.400000
	124.720000	-70.632000	-70.400000
	124.740000	-71.208000	-49.800000
	124.760000	-71.352000	-28.800000
	124.780000	-71.064000	-7.200000
	124.800000	-70.368000	14.000000
	124.820000	-69.252000	35.000000
	124.840000	-67.680000	56.400000
	124.860000	-65.664000	78.400000
	124.880000	-63.264000	99.800000
	124.900000	-60.492000	119.800000
	124.920000	-57.444000	137.000000
	124.940000	-54.012000	154.200000
	124.960000	-50.184000	171.800000
	124.980000	-46.056000	189.800000
	125.000000	-41.628000	206.400000
	125.020000	-37.056000	218.800000
	125.040000	-32.040000	233.600000
	125.060000	-26.868000	246.000000
	125.080000	-21.504000	259.200000
	125.100000	-16.128000	265.200000
	125.120000	-10.548000	272.000000
	125.140000	-4.704000	280.000000
	125.160000	1.212000	289.000000
	125.180000	7.080000	293.800000
	125.200000	12.864000	292.800000
	125.220000	18.624000	290.200000
	125.240000	24.408000	288.800000
	125.260000	30.012000	285.800000
	125.280000	35.556000	282.200000
	125.300000	41.100000	278.200000
	125.320000	46.332000	272.000000
	125.340000	51.360000	263.400000
	125.360000	56.052000	249.200000
	125.380000	60.564000	237.200000
	125.400000	64.776000	223.600000
	125.420000	68.592000	209.000000
	125.440000	72.132000	192.800000
	125.460000	75.372000	176.600000
	125.480000	78.120000	158.800000
	125.500000	80.508000	139.600000
	125.520000	82.392000	117.000000
	125.540000	83.940000	97.000000
	125.560000	85.032000	75.400000
	125.580000	85.668000	54.600000
	125.600000	85.848000	31.800000
	125.620000	85.548000	8.600000
	125.640000	84.804000	-14.400000
	125.660000	83.616000	-37.200000
	125.680000	82.032000	-58.600000
	125.700000	79.980000	-80.400000
	125.720000	77.484000	-102.200000
	125.740000	74.580000	-124.200000
	125.760000	71.220000	-146.000000
	125.780000	67.392000	-168.200000
	125.800000	63.264000	-188.600000
	125.820000	58.908000	-205.200000
	125.840000	54.228000	-219.400000
	125.860000	49.260000	-233.400000
	125.880000	43.956000	-249.200000
	125.900000	38.556000	-261.200000
	125.920000	32.628000	-277.200000
	125.940000	26.676000	-288.000000
	125.960000	20.580000	-299.600000
	125.980000	14.532000	-301.600000
	126.000000	8.220000	-307.600000
	126.020000	1.848000	-312.200000
	126.040000	-4.452000	-316.400000
	126.060000	-10.728000	-315.800000
	126.080000	-17.040000	-314.800000
	126.100000	-23.340000	-314.800000
	126.120000	-29.412000	-311.400000
	126.140000	-35.304000	-304.400000
	126.160000	-40.980000	-294.000000
	126.180000	-46.428000	-283.600000
	126.200000	-51.588000	-271.400000
	126.220000	-56.388000	-256.800000
	126.240000	-60.912000	-241.400000
	126.260000	-65.076000	-224.800000
	126.280000	-68.868000	-208.000000
	126.300000	-72.264000	-189.200000
	126.320000	-75.192000	-168.600000
	126.340000	-77.748000	-148.000000
	126.360000	-79.788000	-125.400000
	126.380000	-81.420000	-103.800000
	126.400000	-82.524000	-79.600000
	126.420000	-83.184000	-56.600000
	126.440000	-83.328000	-31.800000
	126.460000	-82.980000	-7.600000
	126.480000	-82.164000	17.000000
	126.500000	-80.784000	42.400000
	126.520000	-79.020000	66.000000
	126.540000	-76.764000	90.000000
	126.560000	-74.100000	111.400000
	126.580000	-70.884000	135.600000
	126.600000	-67.284000	158.000000
	126.620000	-63.276000	180.400000
	126.640000	-58.872000	200.200000
	126.660000	-54.108000	219.600000
	126.680000	-48.996000	238.000000
	126.700000	-43.488000	256.400000
	126.720000	-37.776000	272.200000
	126.740000	-31.896000	285.000000
	126.760000	-25.788000	295.000000
	126.780000	-19.416000	306.000000
	126.800000	-12.900000	316.600000
	126.820000	-6.348000	324.000000
	126.840000	0.372000	329.800000
	126.860000	7.140000	334.000000
	126.880000	13.908000	337.600000
	126.900000	20.544000	336.200000
	126.920000	27.192000	334.200000
	126.940000	33.636000	328.800000
	126.960000	40.116000	326.200000
	126.980000	46.500000	321.800000
	127.000000	52.512000	314.600000
	127.020000	58.188000	301.200000
	127.040000	63.432000	282.200000
	127.060000	68.604000	268.200000
	127.080000	73.428000	254.000000
	127.100000	77.988000	242.600000
	127.120000	82.044000	224.000000
	127.140000	85.668000	204.000000
	127.160000	88.764000	179.600000
	127.180000	91.488000	157.400000
	127.200000	93.696000	133.800000
	127.220000	95.436000	111.200000
	127.240000	96.648000	86.000000
	127.260000	97.356000	61.000000
	127.280000	97.524000	34.800000
	127.300000	97.176000	8.800000
	127.320000	96.300000	-17.600000
	127.340000	94.884000	-44.000000
	127.360000	92.976000	-70.000000
	127.380000	90.588000	-95.200000
	127.400000	87.612000	-121.200000
	127.420000	84.228000	-145.800000
	127.440000	80.400000	-169.800000
	127.460000	76.236000	-189.600000
	127.480000	71.604000	-210.400000
	127.500000	66.528000	-231.200000
	127.520000	61.080000	-252.600000
	127.540000	55.320000	-271.400000
	127.560000	49.236000	-288.200000
	127.580000	42.972000	-301.800000
	127.600000	36.372000	-315.800000
	127.620000	29.580000	-327.600000
	127.640000	22.620000	-339.200000
	127.660000	15.636000	-345.600000
	127.680000	8.544000	-350.600000
	127.700000	1.092000	-358.800000
	127.720000	-6.276000	-365.200000
	127.740000	-13.596000	-369.000000
	127.760000	-20.532000	-360.400000
	127.780000	-27.552000	-354.600000
	127.800000	-34.320000	-345.400000
	127.820000	-40.980000	-340.800000
	127.840000	-47.304000	-329.200000
	127.860000	-53.436000	-318.600000
	127.880000	-59.256000	-304.600000
	127.900000	-64.800000	-291.600000
	127.920000	-69.840000	-273.400000
	127.940000	-74.520000	-254.400000
	127.960000	-78.720000	-232.000000
	127.980000	-82.536000	-211.600000
	128.000000	-85.812000	-188.200000
	128.020000	-88.692000	-166.200000
	128.040000	-91.044000	-141.800000
	128.060000	-92.844000	-117.200000
	128.080000	-94.032000	-89.000000
	128.100000	-94.728000	-61.400000
	128.120000	-94.884000	-34.000000
	128.140000	-94.488000	-7.600000
	128.160000	-93.552000	19.600000
	128.180000	-92.064000	47.000000
	128.200000	-90.036000	74.200000
	128.220000	-87.492000	101.000000
	128.240000	-84.420000	127.400000
	128.260000	-80.772000	154.400000
	128.280000	-76.584000	181.800000
	128.300000	-72.060000	206.000000
	128.320000	-67.224000	225.800000
	128.340000	-61.980000	243.400000
	128.360000	-56.208000	264.200000
	128.380000	-50.100000	285.400000
	128.400000	-43.560000	307.000000
	128.420000	-36.936000	321.200000
	128.440000	-29.868000	337.200000
	128.460000	-22.776000	346.400000
	128.480000	-15.420000	358.600000
	128.500000	-8.028000	364.000000
	128.520000	-0.456000	372.000000
	128.540000	7.056000	374.600000
	128.560000	14.580000	376.800000
	128.580000	22.056000	375.200000
	128.600000	29.664000	376.800000
	128.620000	37.020000	374.000000
	128.640000	44.232000	369.600000
	128.660000	51.240000	359.600000
	128.680000	58.020000	350.000000
	128.700000	64.500000	337.800000
	128.720000	70.656000	323.600000
	128.740000	76.476000	307.600000
	128.760000	81.912000	290.200000
	128.780000	86.916000	271.000000
	128.800000	91.476000	250.000000
	128.820000	95.544000	227.200000
	128.840000	99.108000	203.200000
	128.860000	102.192000	178.600000
	128.880000	104.688000	152.400000
	128.900000	106.584000	124.600000
	128.920000	107.892000	95.000000
	128.940000	108.636000	65.800000
	128.960000	108.804000	37.000000
	128.980000	108.396000	8.400000
	129.000000	107.388000	-20.800000
	129.020000	105.780000	-50.400000
	129.040000	103.572000	-80.400000
	129.060000	100.776000	-110.200000
	129.080000	97.476000	-138.400000
	129.100000	93.624000	-165.800000
	129.120000	89.328000	-190.800000
	129.140000	84.480000	-216.600000
	129.160000	79.248000	-239.600000
	129.180000	73.500000	-263.800000
	129.200000	67.440000	-284.000000
	129.220000	60.936000	-305.200000
	129.240000	54.204000	-321.600000
	129.260000	46.968000	-341.200000
	129.280000	39.564000	-356.200000
	129.300000	31.836000	-372.800000
	129.320000	24.144000	-380.400000
	129.340000	16.308000	-387.600000
	129.360000	8.256000	-393.000000
	129.380000	0.156000	-399.800000
	129.400000	-8.052000	-406.000000
	129.420000	-16.212000	-407.800000
	129.440000	-24.168000	-405.400000
	129.460000	-31.980000	-398.800000
	129.480000	-39.384000	-386.200000
	129.500000	-46.776000	-376.800000
	129.520000	-53.784000	-363.400000
	129.540000	-60.756000	-356.200000
	129.560000	-67.104000	-338.800000
	129.580000	-73.164000	-323.000000
	129.600000	-78.612000	-297.600000
	129.620000	-83.796000	-278.200000
	129.640000	-88.500000	-255.600000
	129.660000	-92.688000	-234.600000
	129.680000	-96.360000	-209.400000
	129.700000	-99.468000	-182.800000
	129.720000	-101.976000	-154.800000
	129.740000	-103.956000	-126.600000
	129.760000	-105.312000	-97.400000
	129.780000	-106.080000	-68.400000
	129.800000	-106.212000	-37.600000
	129.820000	-105.744000	-7.200000
	129.840000	-104.688000	23.200000
	129.860000	-103.032000	53.000000
	129.880000	-100.764000	83.000000
	129.900000	-97.884000	113.400000
	129.920000	-94.464000	142.800000
	129.940000	-90.552000	170.200000
	129.960000	-86.088000	196.600000
	129.980000	-81.132000	222.200000
	130.000000	-75.624000	248.800000
	130.020000	-69.660000	273.800000
	130.040000	-63.276000	297.600000
	130.060000	-56.592000	317.200000
	130.080000	-49.548000	335.200000
	130.100000	-42.096000	353.000000
	130.120000	-34.260000	372.200000
	130.140000	-26.172000	389.600000
	130.160000	-18.000000	401.600000
	130.180000	-9.684000	409.600000
	130.200000	-1.272000	415.000000
	130.220000	7.188000	419.800000
	130.240000	15.540000	420.400000
	130.260000	23.952000	420.400000
	130.280000	32.268000	418.000000
	130.300000	40.548000	416.800000
	130.320000	48.432000	408.000000
	130.340000	56.196000	398.800000
	130.360000	63.600000	384.200000
	130.380000	70.884000	374.200000
	130.400000	77.628000	357.200000
	130.420000	84.156000	342.600000
	130.440000	90.072000	319.800000
	130.460000	95.700000	301.200000
	130.480000	100.668000	275.200000
	130.500000	105.120000	250.800000
	130.520000	109.008000	221.800000
	130.540000	112.320000	194.200000
	130.560000	115.104000	166.400000
	130.580000	117.216000	136.800000
	130.600000	118.704000	106.400000
	130.620000	119.496000	73.200000
	130.640000	119.652000	40.600000
	130.660000	119.160000	7.600000
	130.680000	117.996000	-25.000000
	130.700000	116.196000	-57.600000
	130.720000	113.736000	-90.400000
	130.740000	110.640000	-122.600000
	130.760000	106.956000	-154.000000
	130.780000	102.672000	-184.400000
	130.800000	97.800000	-214.000000
	130.820000	92.316000	-244.000000
	130.840000	86.400000	-271.200000
	130.860000	80.016000	-296.400000
	130.880000	73.284000	-317.200000
	130.900000	66.060000	-339.000000
	130.920000	58.572000	-357.400000
	130.940000	50.664000	-377.000000
	130.960000	42.468000	-393.200000
	130.980000	34.044000	-408.800000
	131.000000	25.428000	-420.600000
	131.020000	16.668000	-430.000000
	131.040000	7.800000	-437.400000
	131.060000	-1.116000	-442.400000
	131.080000	-10.032000	-445.000000
	131.100000	-19.008000	-446.800000
	131.120000	-27.744000	-443.800000
	131.140000	-36.312000	-438.000000
	131.160000	-44.652000	-427.400000
	131.180000	-52.632000	-414.800000
	131.200000	-60.300000	-399.800000
	131.220000	-67.608000	-382.600000
	131.240000	-74.736000	-368.400000
	131.260000	-81.420000	-352.000000
	131.280000	-87.480000	-331.200000
	131.300000	-93.108000	-306.200000
	131.320000	-98.136000	-278.600000
	131.340000	-102.696000	-253.600000
	131.360000	-106.608000	-225.000000
	131.380000	-109.932000	-196.600000
	131.400000	-112.716000	-167.000000
	131.420000	-114.840000	-137.200000
	131.440000	-116.328000	-106.600000
	131.460000	-117.120000	-73.400000
	131.480000	-117.240000	-40.000000
	131.500000	-116.700000	-6.200000
	131.520000	-115.512000	26.800000
	131.540000	-113.700000	59.000000
	131.560000	-111.192000	91.800000
	131.580000	-108.120000	123.200000
	131.600000	-104.316000	156.400000
	131.620000	-99.936000	187.600000
	131.640000	-94.932000	219.800000
	131.660000	-89.508000	246.800000
	131.680000	-83.544000	273.200000
	131.700000	-77.100000	297.200000
	131.720000	-70.092000	323.600000
	131.740000	-62.652000	348.200000
	131.760000	-54.828000	371.200000
	131.780000	-46.656000	390.600000
	131.800000	-38.172000	408.000000
	131.820000	-29.436000	423.200000
	131.840000	-20.484000	436.200000
	131.860000	-11.376000	446.600000
	131.880000	-2.160000	454.600000
	131.900000	6.972000	457.600000
	131.920000	16.236000	460.200000
	131.940000	25.440000	460.000000
	131.960000	34.548000	459.600000
	131.980000	43.368000	452.200000
	132.000000	51.996000	442.600000
	132.020000	60.504000	432.600000
	132.040000	68.712000	422.400000
	132.060000	76.692000	411.600000
	132.080000	84.276000	396.200000
	132.100000	91.332000	377.000000
	132.120000	97.896000	353.400000
	132.140000	103.932000	327.600000
	132.160000	109.488000	302.600000
	132.180000	114.336000	274.000000
	132.200000	118.560000	243.800000
	132.220000	122.100000	210.200000
	132.240000	125.088000	179.200000
	132.260000	127.368000	146.800000
	132.280000	128.952000	114.200000
	132.300000	129.792000	78.400000
	132.320000	129.900000	42.200000
	132.340000	129.264000	5.200000
	132.360000	127.920000	-31.200000
	132.380000	125.808000	-68.200000
	132.400000	123.084000	-103.000000
	132.420000	119.700000	-137.000000
	132.440000	115.680000	-168.800000
	132.460000	110.916000	-202.800000
	132.480000	105.552000	-235.800000
	132.500000	99.504000	-269.600000
	132.520000	92.988000	-298.800000
	132.540000	85.980000	-326.200000
	132.560000	78.456000	-350.800000
	132.580000	70.644000	-372.400000
	132.600000	62.328000	-394.200000
	132.620000	53.796000	-411.000000
	132.640000	44.724000	-432.000000
	132.660000	35.532000	-446.600000
	132.680000	25.992000	-463.400000
	132.700000	16.572000	-469.200000
	132.720000	6.912000	-477.000000
	132.740000	-2.784000	-479.600000
	132.760000	-12.468000	-484.000000
	132.780000	-22.068000	-483.000000
	132.800000	-31.404000	-477.000000
	132.820000	-40.680000	-470.200000
	132.840000	-49.716000	-460.800000
	132.860000	-58.332000	-448.800000
	132.880000	-66.732000	-434.200000
	132.900000	-74.736000	-417.000000
	132.920000	-82.320000	-399.800000
	132.940000	-89.424000	-378.200000
	132.960000	-96.000000	-354.400000
	132.980000	-102.048000	-328.800000
	133.000000	-107.460000	-300.600000
	133.020000	-112.272000	-271.200000
	133.040000	-116.520000	-241.200000
	133.060000	-120.156000	-211.600000
	133.080000	-123.072000	-180.000000
	133.100000	-125.280000	-146.000000
	133.120000	-126.792000	-110.600000
	133.140000	-127.608000	-75.600000
	133.160000	-127.716000	-40.600000
	133.180000	-127.080000	-4.800000
	133.200000	-125.724000	31.400000
	133.220000	-123.684000	67.200000
	133.240000	-120.936000	102.400000
	133.260000	-117.480000	137.400000
	133.280000	-113.304000	173.000000
	133.300000	-108.612000	205.400000
	133.320000	-103.212000	237.800000
	133.340000	-97.296000	266.800000
	133.360000	-90.648000	299.400000
	133.380000	-83.532000	328.000000
	133.400000	-75.912000	356.400000
	133.420000	-67.824000	380.400000
	133.440000	-59.436000	401.600000
	133.460000	-50.556000	422.600000
	133.480000	-41.352000	441.200000
	133.500000	-31.884000	459.200000
	133.520000	-22.332000	470.400000
	133.540000	-12.468000	481.400000
	133.560000	-2.484000	490.000000
	133.580000	7.692000	500.400000
	133.600000	17.580000	500.800000
	133.620000	27.540000	500.400000
	133.640000	37.368000	494.600000
	133.660000	47.040000	491.000000
	133.680000	56.484000	482.400000
	133.700000	65.664000	471.600000
	133.720000	74.532000	458.200000
	133.740000	82.908000	440.400000
	133.760000	90.960000	421.600000
	133.780000	98.544000	400.200000
	133.800000	105.708000	380.000000
	133.820000	112.116000	352.600000
	133.840000	118.008000	324.400000
	133.860000	123.192000	291.400000
	133.880000	127.776000	261.000000
	133.900000	131.640000	227.200000
	133.920000	134.808000	193.600000
	133.940000	137.160000	156.400000
	133.960000	138.744000	118.400000
	133.980000	139.536000	78.800000
	134.000000	139.548000	39.800000
	134.020000	138.780000	0.600000
	134.040000	137.220000	-38.600000
	134.060000	134.928000	-77.000000
	134.080000	131.832000	-115.800000
	134.100000	128.052000	-152.800000
	134.120000	123.504000	-190.400000
	134.140000	118.248000	-226.400000
	134.160000	112.248000	-263.400000
	134.180000	105.708000	-296.600000
	134.200000	98.568000	-328.000000
	134.220000	90.996000	-354.200000
	134.240000	82.824000	-381.400000
	134.260000	74.184000	-406.400000
	134.280000	65.148000	-430.800000
	134.300000	55.752000	-451.200000
	134.320000	46.188000	-466.600000
	134.340000	36.228000	-482.000000
	134.360000	26.208000	-492.400000
	134.380000	15.900000	-504.800000
	134.400000	5.496000	-512.200000
	134.420000	-5.100000	-521.800000
	134.440000	-15.648000	-525.800000
	134.460000	-26.100000	-526.600000
	134.480000	-36.240000	-519.000000
	134.500000	-46.032000	-506.400000
	134.520000	-55.404000	-488.400000
	134.540000	-64.596000	-472.600000
	134.560000	-73.668000	-460.600000
	134.580000	-82.212000	-446.800000
	134.600000	-90.384000	-429.800000
	134.620000	-97.716000	-400.800000
	134.640000	-104.724000	-375.200000
	134.660000	-111.096000	-345.200000
	134.680000	-116.964000	-320.800000
	134.700000	-122.100000	-289.600000
	134.720000	-126.528000	-257.200000
	134.740000	-130.212000	-220.800000
	134.760000	-133.236000	-185.600000
	134.780000	-135.444000	-148.600000
	134.800000	-136.968000	-112.600000
	134.820000	-137.712000	-74.600000
	134.840000	-137.688000	-37.400000
	134.860000	-136.896000	1.200000
	134.880000	-135.312000	40.000000
	134.900000	-132.996000	78.200000
	134.920000	-129.852000	117.400000
	134.940000	-126.096000	153.600000
	134.960000	-121.572000	190.400000
	134.980000	-116.412000	224.000000
	135.000000	-110.448000	260.800000
	135.020000	-103.932000	294.000000
	135.040000	-96.792000	327.000000
	135.060000	-89.064000	356.400000
	135.080000	-80.820000	385.200000
	135.100000	-72.216000	409.600000
	135.120000	-63.168000	431.600000
	135.140000	-53.736000	451.400000
	135.160000	-43.680000	475.600000
	135.180000	-33.480000	494.800000
	135.200000	-22.908000	513.800000
	135.220000	-12.456000	520.400000
	135.240000	-1.740000	529.000000
	135.260000	9.024000	532.200000
	135.280000	19.920000	539.600000
	135.300000	30.432000	536.200000
	135.320000	40.812000	529.800000
	135.340000	51.000000	518.000000
	135.360000	61.116000	511.400000
	135.380000	71.052000	504.000000
	135.400000	80.508000	491.800000
	135.420000	89.676000	476.000000
	135.440000	98.124000	451.200000
	135.460000	106.080000	426.200000
	135.480000	113.556000	398.000000
	135.500000	120.444000	372.000000
	135.520000	126.684000	343.400000
	135.540000	132.252000	311.600000
	135.560000	137.088000	277.400000
	135.580000	141.156000	241.200000
	135.600000	144.252000	200.000000
	135.620000	146.592000	158.400000
	135.640000	148.128000	116.200000
	135.660000	148.836000	76.400000
	135.680000	148.680000	34.800000
	135.700000	147.696000	-7.200000
	135.720000	145.896000	-49.000000
	135.740000	143.208000	-91.200000
	135.760000	139.728000	-132.800000
	135.780000	135.408000	-174.800000
	135.800000	130.428000	-213.000000
	135.820000	124.740000	-249.800000
	135.840000	118.236000	-286.200000
	135.860000	111.096000	-322.200000
	135.880000	103.236000	-358.400000
	135.900000	95.016000	-387.000000
	135.920000	86.160000	-415.600000
	135.940000	76.668000	-442.800000
	135.960000	66.912000	-468.400000
	135.980000	56.784000	-489.600000
	136.000000	46.644000	-500.400000
	136.020000	35.952000	-516.000000
	136.040000	25.056000	-528.800000
	136.060000	13.848000	-546.600000
	136.080000	2.880000	-551.200000
	136.100000	-8.112000	-552.800000
	136.120000	-19.032000	-548.000000
	136.140000	-30.156000	-550.600000
	136.160000	-40.932000	-547.000000
	136.180000	-51.612000	-543.000000
	136.200000	-61.824000	-527.800000
	136.220000	-71.688000	-512.600000
	136.240000	-81.108000	-491.600000
	136.260000	-89.964000	-469.000000
	136.280000	-98.436000	-445.800000
	136.300000	-106.224000	-418.600000
	136.320000	-113.640000	-394.600000
	136.340000	-120.336000	-365.000000
	136.360000	-126.276000	-334.200000
	136.380000	-131.520000	-298.000000
	136.400000	-136.044000	-261.800000
	136.420000	-139.920000	-227.400000
	136.440000	-142.968000	-190.800000
	136.460000	-145.260000	-153.600000
	136.480000	-146.664000	-112.400000
	136.500000	-147.264000	-71.600000
	136.520000	-147.024000	-29.400000
	136.540000	-145.992000	11.200000
	136.560000	-144.120000	52.400000
	136.580000	-141.480000	92.400000
	136.600000	-138.012000	133.000000
	136.620000	-133.764000	172.600000
	136.640000	-128.784000	211.600000
	136.660000	-123.060000	249.200000
	136.680000	-116.616000	285.800000
	136.700000	-109.524000	321.000000
	136.720000	-101.784000	354.600000
	136.740000	-93.444000	386.200000
	136.760000	-84.696000	413.800000
	136.780000	-75.432000	439.200000
	136.800000	-65.712000	462.200000
	136.820000	-55.464000	487.200000
	136.840000	-44.868000	509.400000
	136.860000	-33.960000	529.200000
	136.880000	-22.836000	543.800000
	136.900000	-11.532000	555.600000
	136.920000	-0.132000	563.800000
	136.940000	11.316000	569.200000
	136.960000	22.740000	571.200000
	136.980000	34.056000	569.800000
	137.000000	45.216000	565.000000
	137.020000	56.160000	557.000000
	137.040000	66.840000	546.400000
	137.060000	77.208000	533.200000
	137.080000	87.168000	516.800000
	137.100000	96.552000	495.200000
	137.120000	105.552000	472.400000
	137.140000	113.988000	447.000000
	137.160000	121.824000	421.200000
	137.180000	128.904000	389.200000
	137.200000	135.336000	355.800000
	137.220000	141.096000	321.200000
	137.240000	146.016000	285.200000
	137.260000	150.060000	245.400000
	137.280000	153.204000	201.800000
	137.300000	155.568000	159.200000
	137.320000	156.972000	115.200000
	137.340000	157.512000	71.800000
	137.360000	157.128000	26.000000
	137.380000	155.868000	-18.400000
	137.400000	153.684000	-63.800000
	137.420000	150.672000	-107.600000
	137.440000	146.688000	-153.000000
	137.460000	142.008000	-194.600000
	137.480000	136.452000	-237.000000
	137.500000	130.188000	-275.000000
	137.520000	123.132000	-314.600000
	137.540000	115.380000	-351.200000
	137.560000	107.100000	-384.800000
	137.580000	98.112000	-417.000000
	137.600000	88.716000	-444.400000
	137.620000	78.696000	-473.400000
	137.640000	68.388000	-495.400000
	137.660000	57.564000	-519.200000
	137.680000	46.428000	-537.800000
	137.700000	34.884000	-558.400000
	137.720000	22.968000	-576.600000
	137.740000	11.244000	-586.400000
	137.760000	-0.552000	-590.600000
	137.780000	-12.012000	-583.000000
	137.800000	-23.724000	-582.800000
	137.820000	-35.280000	-578.800000
	137.840000	-46.620000	-576.800000
	137.860000	-57.672000	-565.800000
	137.880000	-68.376000	-551.600000
	137.900000	-78.696000	-534.600000
	137.920000	-88.428000	-512.600000
	137.940000	-97.668000	-488.200000
	137.960000	-106.488000	-463.200000
	137.980000	-114.732000	-438.400000
	138.000000	-122.316000	-410.800000
	138.020000	-129.132000	-377.400000
	138.040000	-135.396000	-344.400000
	138.060000	-140.832000	-308.600000
	138.080000	-145.500000	-272.800000
	138.100000	-149.280000	-231.400000
	138.120000	-152.256000	-190.400000
	138.140000	-154.440000	-149.000000
	138.160000	-155.736000	-107.600000
	138.180000	-156.156000	-65.000000
	138.200000	-155.688000	-20.800000
	138.220000	-154.344000	23.200000
	138.240000	-152.076000	68.000000
	138.260000	-149.016000	111.200000
	138.280000	-145.104000	154.000000
	138.300000	-140.424000	194.200000
	138.320000	-134.928000	234.800000
	138.340000	-128.772000	272.200000
	138.360000	-121.872000	309.200000
	138.380000	-114.072000	347.600000
	138.400000	-105.612000	386.000000
	138.420000	-96.672000	420.000000
	138.440000	-87.264000	446.800000
	138.460000	-77.352000	471.000000
	138.480000	-66.828000	497.400000
	138.500000	-55.884000	523.000000
	138.520000	-44.436000	548.600000
	138.540000	-32.856000	566.200000
	138.560000	-21.048000	580.600000
	138.580000	-9.240000	586.600000
	138.600000	2.652000	591.800000
	138.620000	14.736000	596.400000
	138.640000	26.592000	597.200000
	138.660000	38.676000	600.400000
	138.680000	50.244000	591.800000
	138.700000	61.908000	588.600000
	138.720000	73.092000	573.600000
	138.740000	84.060000	563.600000
	138.760000	94.440000	542.200000
	138.780000	104.328000	520.600000
	138.800000	113.424000	489.400000
	138.820000	122.160000	462.000000
	138.840000	130.116000	429.800000
	138.860000	137.568000	402.400000
	138.880000	144.048000	364.800000
	138.900000	149.808000	328.200000
	138.920000	154.656000	284.800000
	138.940000	158.700000	244.200000
	138.960000	161.820000	200.200000
	138.980000	164.028000	156.200000
	139.000000	165.276000	109.600000
	139.020000	165.552000	62.200000
	139.040000	164.904000	14.600000
	139.060000	163.284000	-33.200000
	139.080000	160.704000	-80.800000
	139.100000	157.164000	-129.000000
	139.120000	152.856000	-173.800000
	139.140000	147.588000	-218.600000
	139.160000	141.564000	-260.000000
	139.180000	134.688000	-302.800000
	139.200000	127.008000	-343.000000
	139.220000	118.764000	-380.000000
	139.240000	109.596000	-418.200000
	139.260000	100.068000	-449.000000
	139.280000	89.868000	-481.600000
	139.300000	79.152000	-507.400000
	139.320000	68.004000	-534.400000
	139.340000	56.340000	-558.800000
	139.360000	44.688000	-574.400000
	139.380000	32.808000	-586.600000
	139.400000	20.736000	-593.400000
	139.420000	8.196000	-608.200000
	139.440000	-4.392000	-620.000000
	139.460000	-16.944000	-628.000000
	139.480000	-28.872000	-617.800000
	139.500000	-40.956000	-609.400000
	139.520000	-52.632000	-594.800000
	139.540000	-64.164000	-588.200000
	139.560000	-75.300000	-572.400000
	139.580000	-86.004000	-556.200000
	139.600000	-96.240000	-534.600000
	139.620000	-105.780000	-508.000000
	139.640000	-114.864000	-481.000000
	139.660000	-123.432000	-453.200000
	139.680000	-131.196000	-423.600000
	139.700000	-138.144000	-388.000000
	139.720000	-144.324000	-348.200000
	139.740000	-149.796000	-310.000000
	139.760000	-154.512000	-272.800000
	139.780000	-158.328000	-233.400000
	139.800000	-161.196000	-190.000000
	139.820000	-163.152000	-144.000000
	139.840000	-164.196000	-97.800000
	139.860000	-164.364000	-52.800000
	139.880000	-163.584000	-7.200000
	139.900000	-161.916000	38.000000
	139.920000	-159.324000	84.000000
	139.940000	-155.832000	129.200000
	139.960000	-151.404000	175.200000
	139.980000	-146.196000	218.800000
	140.000000	-140.148000	261.400000
	140.020000	-133.308000	301.600000
	140.040000	-125.736000	341.000000
	140.060000	-117.444000	378.400000
	140.080000	-108.468000	414.000000
	140.100000	-98.880000	447.600000
	140.120000	-88.692000	479.200000
	140.140000	-77.964000	508.400000
	140.160000	-66.768000	535.200000
	140.180000	-55.332000	556.000000
	140.200000	-43.548000	573.600000
	140.220000	-31.500000	587.800000
	140.240000	-19.056000	604.600000
	140.260000	-6.468000	618.000000
	140.280000	6.204000	628.400000
	140.300000	18.864000	632.000000
	140.320000	31.464000	632.200000
	140.340000	44.076000	631.200000
	140.360000	56.484000	627.000000
	140.380000	68.280000	613.600000
	140.400000	79.752000	594.600000
	140.420000	90.660000	569.600000
	140.440000	101.424000	552.400000
	140.460000	111.636000	531.400000
	140.480000	121.272000	510.200000
	140.500000	130.236000	480.200000
	140.520000	138.372000	445.600000
	140.540000	145.836000	409.400000
	140.560000	152.460000	370.400000
	140.580000	158.364000	333.200000
	140.600000	163.236000	290.000000
	140.620000	167.148000	244.800000
	140.640000	170.040000	194.600000
	140.660000	172.020000	146.400000
	140.680000	172.992000	97.400000
	140.700000	172.956000	48.600000
	140.720000	171.900000	-2.000000
	140.740000	169.872000	-52.000000
	140.760000	166.884000	-101.200000
	140.780000	162.960000	-149.000000
	140.800000	158.052000	-197.000000
	140.820000	152.268000	-243.600000
	140.840000	145.596000	-289.400000
	140.860000	138.204000	-330.800000
	140.880000	129.792000	-374.600000
	140.900000	120.912000	-411.400000
	140.920000	111.072000	-452.200000
	140.940000	100.884000	-481.800000
	140.960000	89.856000	-517.600000
	140.980000	78.648000	-540.400000
	141.000000	67.020000	-564.400000
	141.020000	55.032000	-580.400000
	141.040000	42.576000	-601.200000
	141.060000	29.892000	-618.800000
	141.080000	17.028000	-633.400000
	141.100000	4.068000	-641.800000
	141.120000	-8.916000	-646.800000
	141.140000	-21.828000	-647.600000
	141.160000	-34.428000	-641.600000
	141.180000	-47.160000	-637.400000
	141.200000	-59.436000	-626.800000
	141.220000	-71.364000	-615.600000
	141.240000	-82.704000	-592.400000
	141.260000	-93.732000	-571.600000
	141.280000	-104.388000	-550.400000
	141.300000	-114.180000	-524.600000
	141.320000	-123.348000	-493.600000
	141.340000	-131.928000	-459.000000
	141.360000	-139.932000	-429.200000
	141.380000	-147.132000	-396.400000
	141.400000	-153.384000	-357.600000
	141.420000	-158.808000	-314.600000
	141.440000	-163.284000	-269.200000
	141.460000	-166.848000	-224.400000
	141.480000	-169.500000	-178.200000
	141.500000	-171.240000	-132.600000
	141.520000	-171.996000	-85.800000
	141.540000	-171.816000	-38.600000
	141.560000	-170.652000	9.800000
	141.580000	-168.576000	57.000000
	141.600000	-165.456000	106.000000
	141.620000	-161.460000	153.200000
	141.640000	-156.576000	200.000000
	141.660000	-150.768000	244.800000
	141.680000	-144.240000	287.000000
	141.700000	-136.812000	329.400000
	141.720000	-128.832000	365.600000
	141.740000	-119.928000	405.200000
	141.760000	-110.184000	443.800000
	141.780000	-99.804000	483.800000
	141.800000	-88.980000	515.800000
	141.820000	-77.412000	546.200000
	141.840000	-65.748000	567.600000
	141.860000	-53.328000	594.200000
	141.880000	-41.268000	602.400000
	141.900000	-28.224000	625.400000
	141.920000	-15.348000	633.000000
	141.940000	-1.980000	654.800000
	141.960000	11.064000	654.800000
	141.980000	24.084000	657.200000
	142.000000	37.176000	652.600000
	142.020000	50.088000	650.400000
	142.040000	62.952000	647.800000
	142.060000	75.480000	638.400000
	142.080000	87.636000	625.800000
	142.100000	99.324000	606.200000
	142.120000	110.016000	575.600000
	142.140000	120.300000	544.400000
	142.160000	129.912000	509.800000
	142.180000	139.104000	484.800000
	142.200000	147.384000	451.400000
	142.220000	154.824000	415.200000
	142.240000	161.208000	368.400000
	142.260000	166.776000	323.200000
	142.280000	171.384000	276.000000
	142.300000	175.116000	231.800000
	142.320000	177.828000	184.200000
	142.340000	179.496000	135.200000
	142.360000	180.156000	84.000000
	142.380000	179.712000	31.400000
	142.400000	178.200000	-21.600000
	142.420000	175.728000	-73.800000
	142.440000	172.260000	-124.200000
	142.460000	167.796000	-173.400000
	142.480000	162.252000	-224.600000
	142.500000	155.964000	-271.600000
	142.520000	148.776000	-317.000000
	142.540000	140.748000	-358.400000
	142.560000	131.700000	-404.400000
	142.580000	122.040000	-445.600000
	142.600000	111.672000	-484.600000
	142.620000	100.680000	-517.000000
	142.640000	89.136000	-548.400000
	142.660000	77.100000	-576.200000
	142.680000	64.824000	-597.600000
	142.700000	52.032000	-618.400000
	142.720000	38.940000	-636.000000
	142.740000	25.644000	-653.000000
	142.760000	12.192000	-664.000000
	142.780000	-1.320000	-671.000000
	142.800000	-14.832000	-674.600000
	142.820000	-28.236000	-673.800000
	142.840000	-41.448000	-668.800000
	142.860000	-54.588000	-662.600000
	142.880000	-67.224000	-649.800000
	142.900000	-79.464000	-633.600000
	142.920000	-90.924000	-605.600000
	142.940000	-102.048000	-580.400000
	142.960000	-112.596000	-552.200000
	142.980000	-122.700000	-529.600000
	143.000000	-132.108000	-501.000000
	143.020000	-140.784000	-469.800000
	143.040000	-148.800000	-435.000000
	143.060000	-155.880000	-396.200000
	143.080000	-162.012000	-353.800000
	143.100000	-167.232000	-307.200000
	143.120000	-171.600000	-262.000000
	143.140000	-175.056000	-217.400000
	143.160000	-177.480000	-170.800000
	143.180000	-178.884000	-121.400000
	143.200000	-179.256000	-70.000000
	143.220000	-178.644000	-19.400000
	143.240000	-177.000000	31.400000
	143.260000	-174.408000	80.800000
	143.280000	-170.796000	130.800000
	143.300000	-166.296000	178.400000
	143.320000	-160.800000	226.800000
	143.340000	-154.392000	273.400000
	143.360000	-147.024000	321.200000
	143.380000	-138.936000	364.400000
	143.400000	-130.056000	405.600000
	143.420000	-120.588000	440.600000
	143.440000	-110.148000	479.800000
	143.460000	-99.216000	514.000000
	143.480000	-87.540000	550.800000
	143.500000	-75.660000	574.800000
	143.520000	-63.336000	598.000000
	143.540000	-50.616000	615.400000
	143.560000	-37.200000	641.000000
	143.580000	-23.544000	663.200000
	143.600000	-9.912000	678.400000
	143.620000	3.432000	677.200000
	143.640000	16.992000	675.600000
	143.660000	30.492000	673.400000
	143.680000	44.040000	676.800000
	143.700000	57.552000	676.000000
	143.720000	70.788000	671.600000
	143.740000	83.484000	657.400000
	143.760000	95.400000	630.800000
	143.780000	107.004000	603.600000
	143.800000	118.212000	578.800000
	143.820000	128.928000	558.800000
	143.840000	138.912000	531.800000
	143.860000	147.984000	496.200000
	143.880000	156.108000	453.000000
	143.900000	163.332000	407.000000
	143.920000	169.728000	362.400000
	143.940000	175.236000	318.800000
	143.960000	179.652000	272.000000
	143.980000	183.024000	221.600000
	144.000000	185.292000	167.600000
	144.020000	186.540000	114.800000
	144.040000	186.672000	60.800000
	144.060000	185.724000	7.200000
	144.080000	183.720000	-47.000000
	144.100000	180.648000	-100.400000
	144.120000	176.592000	-152.200000
	144.140000	171.552000	-202.800000
	144.160000	165.528000	-252.000000
	144.180000	158.592000	-300.000000
	144.200000	150.528000	-350.400000
	144.220000	141.708000	-397.000000
	144.240000	131.952000	-444.000000
	144.260000	121.716000	-480.200000
	144.280000	110.496000	-520.200000
	144.300000	99.000000	-549.200000
	144.320000	86.796000	-582.000000
	144.340000	74.268000	-603.800000
	144.360000	61.176000	-630.400000
	144.380000	47.748000	-650.800000
	144.400000	34.068000	-670.000000
	144.420000	20.196000	-683.000000
	144.440000	6.204000	-692.400000
	144.460000	-7.620000	-694.800000
	144.480000	-21.576000	-696.200000
	144.500000	-35.388000	-693.200000
	144.520000	-48.996000	-689.600000
	144.540000	-62.472000	-681.600000
	144.560000	-75.228000	-664.000000
	144.580000	-87.720000	-645.400000
	144.600000	-99.540000	-617.800000
	144.620000	-110.988000	-596.000000
	144.640000	-121.812000	-568.200000
	144.660000	-131.820000	-538.000000
	144.680000	-141.252000	-504.400000
	144.700000	-149.892000	-468.000000
	144.720000	-157.824000	-433.400000
	144.740000	-164.844000	-393.200000
	144.760000	-170.856000	-349.400000
	144.780000	-175.884000	-301.000000
	144.800000	-179.868000	-250.400000
	144.820000	-182.880000	-200.400000
	144.840000	-184.848000	-149.400000
	144.860000	-185.820000	-99.200000
	144.880000	-185.748000	-47.800000
	144.900000	-184.620000	3.800000
	144.920000	-182.412000	56.800000
	144.940000	-179.208000	109.000000
	144.960000	-174.972000	160.800000
	144.980000	-169.740000	211.200000
	145.000000	-163.584000	260.400000
	145.020000	-156.504000	307.800000
	145.040000	-148.524000	353.600000
	145.060000	-139.740000	397.400000
	145.080000	-130.164000	439.000000
	145.100000	-119.844000	478.000000
	145.120000	-108.864000	514.600000
	145.140000	-97.236000	548.800000
	145.160000	-85.212000	577.200000
	145.180000	-72.504000	606.000000
	145.200000	-59.340000	631.600000
	145.220000	-45.816000	656.600000
	145.240000	-31.992000	675.200000
	145.260000	-18.156000	686.400000
	145.280000	-3.780000	700.600000
	145.300000	10.452000	707.400000
	145.320000	24.672000	713.800000
	145.340000	38.568000	705.800000
	145.360000	52.296000	697.400000
	145.380000	65.964000	688.200000
	145.400000	79.128000	676.000000
	145.420000	92.244000	665.800000
	145.440000	104.856000	648.200000
	145.460000	116.928000	630.000000
	145.480000	128.028000	596.400000
	145.500000	138.432000	559.600000
	145.520000	148.200000	521.200000
	145.540000	157.164000	485.600000
	145.560000	165.216000	446.400000
	145.580000	172.308000	401.800000
	145.600000	178.356000	353.200000
	145.620000	183.372000	302.600000
	145.640000	187.332000	250.400000
	145.660000	190.332000	199.600000
	145.680000	192.192000	147.000000
	145.700000	192.924000	93.200000
	145.720000	192.540000	36.800000
	145.740000	191.040000	-19.200000
	145.760000	188.460000	-74.400000
	145.780000	184.704000	-130.600000
	145.800000	179.928000	-185.200000
	145.820000	174.144000	-238.600000
	145.840000	167.412000	-288.200000
	145.860000	159.636000	-338.200000
	145.880000	150.972000	-386.200000
	145.900000	141.432000	-433.000000
	145.920000	131.076000	-476.000000
	145.940000	119.820000	-519.200000
	145.960000	108.048000	-556.400000
	145.980000	95.856000	-587.000000
	146.000000	83.136000	-611.400000
	146.020000	69.792000	-637.600000
	146.040000	56.076000	-663.000000
	146.060000	42.060000	-684.600000
	146.080000	28.008000	-696.400000
	146.100000	13.596000	-708.000000
	146.120000	-0.888000	-715.800000
	146.140000	-15.360000	-722.800000
	146.160000	-29.916000	-725.200000
	146.180000	-44.088000	-720.000000
	146.200000	-58.368000	-716.800000
	146.220000	-71.724000	-696.800000
	146.240000	-84.684000	-676.600000
	146.260000	-96.972000	-643.400000
	146.280000	-109.092000	-622.800000
	146.300000	-120.756000	-601.200000
	146.320000	-131.736000	-579.400000
	146.340000	-141.708000	-543.600000
	146.360000	-150.912000	-502.600000
	146.380000	-159.372000	-460.600000
	146.400000	-167.100000	-423.200000
	146.420000	-173.784000	-381.200000
	146.440000	-179.376000	-333.400000
	146.460000	-184.044000	-282.400000
	146.480000	-187.668000	-231.400000
	146.500000	-190.248000	-181.200000
	146.520000	-191.724000	-128.000000
	146.540000	-192.168000	-75.000000
	146.560000	-191.496000	-20.800000
	146.580000	-189.636000	34.800000
	146.600000	-186.828000	89.000000
	146.620000	-182.940000	142.600000
	146.640000	-178.092000	192.400000
	146.660000	-172.176000	244.200000
	146.680000	-165.264000	294.600000
	146.700000	-157.416000	344.600000
	146.720000	-148.584000	393.200000
	146.740000	-139.044000	437.000000
	146.760000	-128.880000	475.600000
	146.780000	-117.972000	510.200000
	146.800000	-106.068000	549.600000
	146.820000	-93.744000	585.600000
	146.840000	-80.856000	618.600000
	146.860000	-67.656000	640.200000
	146.880000	-53.856000	664.800000
	146.900000	-39.720000	685.600000
	146.920000	-25.524000	702.200000
	146.940000	-10.956000	715.000000
	146.960000	3.720000	724.000000
	146.980000	18.624000	735.800000
	147.000000	33.252000	736.800000
	147.020000	47.508000	729.800000
	147.040000	61.536000	715.200000
	147.060000	75.456000	703.400000
	147.080000	89.016000	691.800000
	147.100000	102.108000	676.200000
	147.120000	114.492000	650.600000
	147.140000	126.588000	626.200000
	147.160000	137.820000	595.200000
	147.180000	148.428000	565.600000
	147.200000	158.028000	524.000000
	147.220000	166.752000	482.200000
	147.240000	174.420000	433.200000
	147.260000	181.068000	384.000000
	147.280000	186.720000	332.800000
	147.300000	191.376000	282.600000
	147.320000	194.880000	230.200000
	147.340000	197.292000	176.200000
	147.360000	198.540000	119.400000
	147.380000	198.648000	62.800000
	147.400000	197.604000	5.200000
	147.420000	195.384000	-52.600000
	147.440000	192.012000	-110.600000
	147.460000	187.560000	-167.400000
	147.480000	182.016000	-222.800000
	147.500000	175.524000	-274.800000
	147.520000	167.928000	-327.200000
	147.540000	159.360000	-377.600000
	147.560000	149.892000	-427.200000
	147.580000	139.560000	-472.800000
	147.600000	128.412000	-515.800000
	147.620000	116.568000	-555.400000
	147.640000	104.064000	-591.600000
	147.660000	90.984000	-623.800000
	147.680000	77.412000	-652.600000
	147.700000	63.408000	-677.600000
	147.720000	49.272000	-695.200000
	147.740000	34.872000	-709.000000
	147.760000	20.292000	-718.600000
	147.780000	5.376000	-731.600000
	147.800000	-9.552000	-740.400000
	147.820000	-24.420000	-745.200000
	147.840000	-39.120000	-741.600000
	147.860000	-53.580000	-733.800000
	147.880000	-67.716000	-721.600000
	147.900000	-81.444000	-705.400000
	147.920000	-94.896000	-688.600000
	147.940000	-107.460000	-662.400000
	147.960000	-119.424000	-633.000000
	147.980000	-130.728000	-597.200000
	148.000000	-141.636000	-569.600000
	148.020000	-151.752000	-538.800000
	148.040000	-160.776000	-500.800000
	148.060000	-169.008000	-456.200000
	148.080000	-176.196000	-407.400000
	148.100000	-182.544000	-362.800000
	148.120000	-187.800000	-313.200000
	148.140000	-192.012000	-263.600000
	148.160000	-195.168000	-210.400000
	148.180000	-197.148000	-155.800000
	148.200000	-198.036000	-100.400000
	148.220000	-197.784000	-43.600000
	148.240000	-196.404000	12.400000
	148.260000	-193.932000	68.400000
	148.280000	-190.356000	123.800000
	148.300000	-185.652000	179.200000
	148.320000	-179.724000	236.800000
	148.340000	-172.968000	289.800000
	148.360000	-165.228000	340.400000
	148.380000	-156.792000	382.200000
	148.400000	-147.264000	428.400000
	148.420000	-136.740000	474.800000
	148.440000	-125.640000	519.200000
	148.460000	-113.640000	560.400000
	148.480000	-101.304000	590.600000
	148.500000	-88.224000	623.600000
	148.520000	-74.988000	644.200000
	148.540000	-61.128000	669.600000
	148.560000	-46.692000	692.200000
	148.580000	-31.968000	717.000000
	148.600000	-17.016000	735.200000
	148.620000	-1.716000	749.600000
	148.640000	13.428000	756.600000
	148.660000	28.740000	762.600000
	148.680000	43.476000	753.200000
	148.700000	58.428000	750.000000
	148.720000	72.672000	732.200000
	148.740000	86.772000	721.600000
	148.760000	100.236000	696.800000
	148.780000	113.364000	678.200000
	148.800000	125.724000	649.200000
	148.820000	137.556000	622.000000
	148.840000	148.620000	587.600000
	148.860000	158.856000	552.200000
	148.880000	168.288000	512.200000
	148.900000	176.628000	466.800000
	148.920000	184.056000	420.000000
	148.940000	190.212000	365.400000
	148.960000	195.360000	312.200000
	148.980000	199.320000	254.400000
	149.000000	202.200000	199.800000
	149.020000	203.856000	141.600000
	149.040000	204.360000	84.000000
	149.060000	203.640000	24.000000
	149.080000	201.780000	-34.600000
	149.100000	198.720000	-94.000000
	149.120000	194.484000	-152.600000
	149.140000	189.060000	-212.000000
	149.160000	182.736000	-266.400000
	149.180000	175.236000	-320.800000
	149.200000	166.848000	-370.200000
	149.220000	157.440000	-421.600000
	149.240000	147.228000	-466.800000
	149.260000	136.212000	-510.600000
	149.280000	124.272000	-552.800000
	149.300000	111.624000	-593.400000
	149.320000	98.376000	-630.600000
	149.340000	84.576000	-661.600000
	149.360000	70.524000	-685.000000
	149.380000	55.896000	-708.000000
	149.400000	40.740000	-730.600000
	149.420000	25.368000	-752.600000
	149.440000	9.840000	-767.600000
	149.460000	-5.088000	-763.800000
	149.480000	-20.196000	-759.400000
	149.500000	-35.160000	-750.000000
	149.520000	-50.124000	-750.600000
	149.540000	-64.776000	-743.000000
	149.560000	-79.044000	-731.400000
	149.580000	-93.240000	-718.600000
	149.600000	-106.536000	-696.000000
	149.620000	-119.064000	-667.000000
	149.640000	-130.752000	-625.200000
	149.660000	-142.068000	-592.200000
	149.680000	-152.760000	-561.600000
	149.700000	-162.468000	-528.600000
	149.720000	-171.264000	-486.600000
	149.740000	-179.076000	-438.600000
	149.760000	-185.988000	-392.000000
	149.780000	-191.760000	-341.600000
	149.800000	-196.392000	-288.600000
	149.820000	-199.860000	-231.200000
	149.840000	-202.260000	-175.000000
	149.860000	-203.532000	-119.000000
	149.880000	-203.640000	-63.000000
	149.900000	-202.584000	-5.400000
	149.920000	-200.340000	53.200000
	149.940000	-196.932000	111.800000
	149.960000	-192.420000	169.400000
	149.980000	-186.804000	225.600000
	150.000000	-180.108000	280.400000
	150.020000	-172.428000	333.200000
	150.040000	-163.764000	384.000000
	150.060000	-154.176000	432.200000
	150.080000	-143.748000	478.000000
	150.100000	-132.504000	521.000000
	150.120000	-120.684000	558.200000
	150.140000	-108.024000	595.400000
	150.160000	-94.728000	629.600000
	150.180000	-80.892000	663.200000
	150.200000	-66.756000	687.800000
	150.220000	-51.996000	712.200000
	150.240000	-36.924000	732.800000
	150.260000	-21.612000	752.400000
	150.280000	-6.348000	760.800000
	150.300000	8.988000	765.200000
	150.320000	24.744000	772.600000
	150.340000	40.368000	778.600000
	150.360000	55.596000	776.800000
	150.380000	70.332000	759.800000
	150.400000	84.732000	739.400000
	150.420000	99.108000	725.200000
	150.440000	112.944000	710.200000
	150.460000	126.156000	690.400000
	150.480000	138.504000	656.600000
	150.500000	149.772000	613.800000
	150.520000	160.332000	569.600000
	150.540000	170.016000	525.200000
	150.560000	179.016000	487.400000
	150.580000	186.912000	443.000000
	150.600000	193.656000	394.000000
	150.620000	199.212000	336.600000
	150.640000	203.520000	276.800000
	150.660000	206.820000	219.400000
	150.680000	208.920000	161.800000
	150.700000	209.760000	104.000000
	150.720000	209.352000	42.200000
	150.740000	207.720000	-20.000000
	150.760000	204.924000	-80.600000
	150.780000	200.892000	-141.000000
	150.800000	195.684000	-200.600000
	150.820000	189.492000	-257.200000
	150.840000	182.076000	-313.600000
	150.860000	173.736000	-365.800000
	150.880000	164.172000	-422.000000
	150.900000	153.936000	-469.000000
	150.920000	142.668000	-517.800000
	150.940000	130.572000	-560.000000
	150.960000	117.756000	-603.000000
	150.980000	104.280000	-639.800000
	151.000000	90.432000	-669.000000
	151.020000	75.900000	-697.600000
	151.040000	61.164000	-718.600000
	151.060000	45.900000	-742.200000
	151.080000	30.384000	-758.600000
	151.100000	14.700000	-774.400000
	151.120000	-1.080000	-783.000000
	151.140000	-16.620000	-783.400000
	151.160000	-32.472000	-786.200000
	151.180000	-47.892000	-780.200000
	151.200000	-63.036000	-773.600000
	151.220000	-77.592000	-752.000000
	151.240000	-91.908000	-733.600000
	151.260000	-105.888000	-714.200000
	151.280000	-119.088000	-691.600000
	151.300000	-131.628000	-662.000000
	151.320000	-143.436000	-625.800000
	151.340000	-154.476000	-589.800000
	151.360000	-164.520000	-548.200000
	151.380000	-173.652000	-503.600000
	151.400000	-181.956000	-458.000000
	151.420000	-189.348000	-413.800000
	151.440000	-195.564000	-365.200000
	151.460000	-200.592000	-310.600000
	151.480000	-204.504000	-252.600000
	151.500000	-207.276000	-195.200000
	151.520000	-208.884000	-138.200000
	151.540000	-209.232000	-78.800000
	151.560000	-208.416000	-19.000000
	151.580000	-206.400000	41.400000
	151.600000	-203.100000	102.200000
	151.620000	-198.648000	162.800000
	151.640000	-193.116000	221.400000
	151.660000	-186.540000	276.000000
	151.680000	-178.824000	330.400000
	151.700000	-170.136000	383.000000
	151.720000	-160.476000	434.400000
	151.740000	-150.072000	479.200000
	151.760000	-138.684000	524.200000
	151.780000	-126.696000	563.000000
	151.800000	-113.832000	604.000000
	151.820000	-100.512000	636.200000
	151.840000	-86.220000	674.600000
	151.860000	-71.604000	703.800000
	151.880000	-56.340000	736.200000
	151.900000	-41.136000	751.400000
	151.920000	-25.680000	765.400000
	151.940000	-9.816000	775.400000
	151.960000	6.144000	788.000000
	151.980000	22.320000	800.000000
	152.000000	37.956000	796.200000
	152.020000	53.628000	791.400000
	152.040000	69.036000	778.600000
	152.060000	84.312000	772.600000
	152.080000	98.952000	755.400000
	152.100000	112.884000	730.800000
	152.120000	126.036000	695.400000
	152.140000	138.696000	662.400000
	152.160000	150.912000	633.800000
	152.180000	162.144000	601.800000
	152.200000	172.440000	562.400000
	152.220000	181.584000	511.200000
	152.240000	189.864000	462.000000
	152.260000	197.028000	409.800000
	152.280000	203.028000	357.400000
	152.300000	207.876000	300.200000
	152.320000	211.512000	241.400000
	152.340000	213.852000	180.400000
	152.360000	214.944000	117.800000
	152.380000	214.728000	53.600000
	152.400000	213.336000	-8.600000
	152.420000	210.696000	-70.800000
	152.440000	206.820000	-131.800000
	152.460000	201.648000	-194.800000
	152.480000	195.384000	-255.200000
	152.500000	187.968000	-314.200000
	152.520000	179.604000	-367.400000
	152.540000	170.256000	-418.800000
	152.560000	159.924000	-467.400000
	152.580000	148.524000	-518.000000
	152.600000	136.296000	-566.000000
	152.620000	123.084000	-614.000000
	152.640000	109.380000	-652.400000
	152.660000	95.088000	-686.800000
	152.680000	80.460000	-710.400000
	152.700000	65.184000	-736.600000
	152.720000	49.572000	-758.600000
	152.740000	33.684000	-779.600000
	152.760000	17.616000	-792.800000
	152.780000	1.212000	-806.000000
	152.800000	-14.736000	-807.000000
	152.820000	-30.804000	-807.000000
	152.840000	-46.440000	-794.200000
	152.860000	-62.232000	-791.600000
	152.880000	-77.220000	-773.600000
	152.900000	-92.184000	-762.400000
	152.920000	-106.236000	-733.400000
	152.940000	-119.904000	-711.400000
	152.960000	-132.696000	-675.200000
	152.980000	-145.128000	-648.200000
	153.000000	-156.744000	-614.000000
	153.020000	-167.340000	-577.400000
	153.040000	-177.000000	-531.200000
	153.060000	-185.556000	-480.200000
	153.080000	-193.116000	-429.600000
	153.100000	-199.572000	-376.200000
	153.120000	-204.984000	-323.800000
	153.140000	-209.280000	-269.400000
	153.160000	-212.316000	-212.400000
	153.180000	-214.104000	-152.000000
	153.200000	-214.632000	-89.200000
	153.220000	-213.948000	-27.200000
	153.240000	-211.944000	36.000000
	153.260000	-208.740000	98.200000
	153.280000	-204.372000	159.600000
	153.300000	-198.864000	218.000000
	153.320000	-192.384000	272.600000
	153.340000	-184.728000	327.400000
	153.360000	-176.028000	380.600000
	153.380000	-166.116000	437.800000
	153.400000	-155.412000	488.600000
	153.420000	-143.832000	536.600000
	153.440000	-131.436000	578.000000
	153.460000	-118.128000	621.400000
	153.480000	-104.340000	658.200000
	153.500000	-89.928000	691.800000
	153.520000	-74.976000	719.200000
	153.540000	-59.580000	746.000000
	153.560000	-44.040000	764.800000
	153.580000	-28.440000	775.600000
	153.600000	-12.420000	786.000000
	153.620000	3.936000	799.600000
	153.640000	20.532000	816.200000
	153.660000	36.816000	820.600000
	153.680000	52.920000	816.400000
	153.700000	68.760000	803.800000
	153.720000	84.264000	790.800000
	153.740000	99.336000	773.600000
	153.760000	113.880000	752.000000
	153.780000	128.016000	729.200000
	153.800000	141.264000	698.800000
	153.820000	153.696000	663.600000
	153.840000	165.108000	618.200000
	153.860000	175.608000	572.400000
	153.880000	185.100000	523.400000
	153.900000	193.668000	476.000000
	153.920000	201.228000	427.000000
	153.940000	207.528000	373.800000
	153.960000	212.544000	314.600000
	153.980000	216.300000	251.200000
	154.000000	218.844000	188.600000
	154.020000	220.140000	126.600000
	154.040000	220.092000	63.200000
	154.060000	218.748000	-1.600000
	154.080000	216.084000	-67.600000
	154.100000	212.244000	-130.800000
	154.120000	207.024000	-195.400000
	154.140000	200.676000	-256.800000
	154.160000	193.188000	-317.600000
	154.180000	184.812000	-370.200000
	154.200000	175.272000	-423.400000
	154.220000	164.604000	-476.400000
	154.240000	153.012000	-530.000000
	154.260000	140.340000	-582.200000
	154.280000	127.044000	-626.000000
	154.300000	113.052000	-666.000000
	154.320000	98.616000	-695.400000
	154.340000	83.664000	-723.000000
	154.360000	68.052000	-750.000000
	154.380000	52.068000	-775.800000
	154.400000	35.808000	-797.600000
	154.420000	19.584000	-807.800000
	154.440000	3.252000	-813.600000
	154.460000	-13.332000	-819.000000
	154.480000	-30.276000	-831.000000
	154.500000	-46.560000	-830.200000
	154.520000	-62.328000	-816.600000
	154.540000	-77.508000	-787.200000
	154.560000	-92.700000	-769.000000
	154.580000	-107.568000	-754.000000
	154.600000	-121.824000	-738.600000
	154.620000	-135.216000	-708.600000
	154.640000	-147.864000	-671.600000
	154.660000	-159.540000	-628.600000
	154.680000	-170.508000	-588.200000
	154.700000	-180.396000	-542.200000
	154.720000	-189.408000	-497.800000
	154.740000	-197.244000	-445.600000
	154.760000	-204.084000	-394.800000
	154.780000	-209.796000	-339.800000
	154.800000	-214.272000	-283.800000
	154.820000	-217.500000	-223.600000
	154.840000	-219.372000	-159.600000
	154.860000	-220.044000	-96.200000
	154.880000	-219.408000	-31.800000
	154.900000	-217.548000	30.400000
	154.920000	-214.356000	94.800000
	154.940000	-209.952000	157.600000
	154.960000	-204.264000	221.400000
	154.980000	-197.544000	280.200000
	155.000000	-189.612000	339.000000
	155.020000	-180.732000	392.200000
	155.040000	-170.724000	447.000000
	155.060000	-159.744000	497.800000
	155.080000	-147.720000	550.200000
	155.100000	-135.036000	594.800000
	155.120000	-121.596000	635.800000
	155.140000	-107.448000	671.200000
	155.160000	-92.916000	702.000000
	155.180000	-77.604000	733.200000
	155.200000	-62.052000	756.600000
	155.220000	-45.924000	783.200000
	155.240000	-29.472000	802.200000
	155.260000	-13.056000	816.600000
	155.280000	3.708000	827.200000
	155.300000	20.484000	832.600000
	155.320000	37.404000	841.000000
	155.340000	53.916000	836.800000
	155.360000	69.924000	824.000000
	155.380000	85.596000	803.200000
	155.400000	101.280000	789.400000
	155.420000	116.208000	771.400000
	155.440000	130.536000	749.000000
	155.460000	143.928000	710.800000
	155.480000	156.708000	675.000000
	155.500000	168.624000	634.800000
	155.520000	179.556000	593.800000
	155.540000	189.444000	545.600000
	155.560000	198.264000	494.000000
	155.580000	205.920000	439.400000
	155.600000	212.304000	381.000000
	155.620000	217.536000	321.200000
	155.640000	221.472000	259.200000
	155.660000	224.124000	197.000000
	155.680000	225.456000	132.000000
	155.700000	225.432000	66.000000
	155.720000	224.076000	-0.800000
	155.740000	221.472000	-66.400000
	155.760000	217.572000	-131.000000
	155.780000	212.412000	-194.400000
	155.800000	205.896000	-259.600000
	155.820000	198.276000	-321.600000
	155.840000	189.480000	-382.200000
	155.860000	179.580000	-438.600000
	155.880000	168.516000	-496.000000
	155.900000	156.828000	-544.200000
	155.920000	144.240000	-589.000000
	155.940000	130.812000	-628.400000
	155.960000	116.496000	-672.200000
	155.980000	101.088000	-719.200000
	156.000000	85.560000	-754.200000
	156.020000	69.348000	-785.800000
	156.040000	53.424000	-794.400000
	156.060000	37.008000	-809.200000
	156.080000	20.376000	-816.200000
	156.100000	3.396000	-833.800000
	156.120000	-13.836000	-847.400000
	156.140000	-31.188000	-859.400000
	156.160000	-47.652000	-850.800000
	156.180000	-64.032000	-836.600000
	156.200000	-79.368000	-803.000000
	156.220000	-94.944000	-788.200000
	156.240000	-109.968000	-765.600000
	156.260000	-124.608000	-754.000000
	156.280000	-138.540000	-726.600000
	156.300000	-151.500000	-692.200000
	156.320000	-163.500000	-648.200000
	156.340000	-174.600000	-601.000000
	156.360000	-184.716000	-553.600000
	156.380000	-193.992000	-508.200000
	156.400000	-202.164000	-459.400000
	156.420000	-209.160000	-407.400000
	156.440000	-215.052000	-351.000000
	156.460000	-219.612000	-290.800000
	156.480000	-222.864000	-228.400000
	156.500000	-224.808000	-162.600000
	156.520000	-225.492000	-98.000000
	156.540000	-224.880000	-33.600000
	156.560000	-222.984000	30.400000
	156.580000	-219.708000	96.400000
	156.600000	-215.112000	162.800000
	156.620000	-209.280000	228.400000
	156.640000	-202.272000	290.600000
	156.660000	-194.232000	348.000000
	156.680000	-185.136000	402.400000
	156.700000	-174.828000	457.400000
	156.720000	-163.560000	511.200000
	156.740000	-151.224000	565.200000
	156.760000	-138.192000	610.600000
	156.780000	-124.200000	656.000000
	156.800000	-109.704000	692.000000
	156.820000	-94.560000	727.200000
	156.840000	-79.092000	751.800000
	156.860000	-62.916000	779.800000
	156.880000	-46.836000	795.400000
	156.900000	-30.216000	814.600000
	156.920000	-13.392000	825.400000
	156.940000	3.780000	843.600000
	156.960000	21.204000	857.000000
	156.980000	38.292000	861.400000
	157.000000	55.440000	861.000000
	157.020000	71.844000	844.000000
	157.040000	88.344000	834.200000
	157.060000	104.172000	812.200000
	157.080000	119.460000	793.600000
	157.100000	133.884000	759.000000
	157.120000	147.600000	723.800000
	157.140000	160.680000	687.000000
	157.160000	172.680000	646.600000
	157.180000	183.864000	604.400000
	157.200000	193.980000	555.000000
	157.220000	203.004000	505.400000
	157.240000	210.840000	449.600000
	157.260000	217.356000	389.600000
	157.280000	222.696000	328.200000
	157.300000	226.680000	264.000000
	157.320000	229.392000	200.600000
	157.340000	230.736000	134.000000
	157.360000	230.712000	67.200000
	157.380000	229.284000	-1.800000
	157.400000	226.596000	-69.000000
	157.420000	222.576000	-135.600000
	157.440000	217.260000	-200.400000
	157.460000	210.540000	-267.600000
	157.480000	202.572000	-333.400000
	157.500000	193.548000	-395.200000
	157.520000	183.396000	-452.400000
	157.540000	172.164000	-506.800000
	157.560000	159.792000	-562.600000
	157.580000	146.880000	-608.600000
	157.600000	133.128000	-650.600000
	157.620000	118.824000	-682.800000
	157.640000	103.248000	-727.200000
	157.660000	87.324000	-763.400000
	157.680000	70.944000	-798.000000
	157.700000	54.396000	-814.200000
	157.720000	37.332000	-833.200000
	157.740000	19.824000	-852.000000
	157.760000	2.436000	-866.000000
	157.780000	-14.964000	-871.600000
	157.800000	-32.004000	-863.800000
	157.820000	-49.080000	-858.600000
	157.840000	-65.844000	-848.000000
	157.860000	-82.236000	-837.200000
	157.880000	-98.148000	-817.800000
	157.900000	-113.508000	-794.400000
	157.920000	-128.268000	-767.200000
	157.940000	-142.128000	-733.000000
	157.960000	-155.388000	-698.000000
	157.980000	-167.808000	-659.000000
	158.000000	-179.340000	-620.200000
	158.020000	-189.804000	-573.600000
	158.040000	-199.236000	-523.800000
	158.060000	-207.564000	-470.400000
	158.080000	-214.488000	-411.400000
	158.100000	-220.368000	-352.200000
	158.120000	-225.000000	-290.600000
	158.140000	-228.372000	-231.400000
	158.160000	-230.304000	-165.600000
	158.180000	-230.928000	-98.800000
	158.200000	-230.220000	-30.800000
	158.220000	-228.156000	35.800000
	158.240000	-224.736000	103.200000
	158.260000	-220.044000	169.600000
	158.280000	-214.056000	235.000000
	158.300000	-206.808000	298.800000
	158.320000	-198.408000	360.600000
	158.340000	-189.024000	417.200000
	158.360000	-178.572000	470.600000
	158.380000	-166.968000	524.000000
	158.400000	-154.260000	579.400000
	158.420000	-140.880000	628.200000
	158.440000	-126.708000	671.000000
	158.460000	-111.816000	707.400000
	158.480000	-96.300000	743.000000
	158.500000	-80.208000	775.000000
	158.520000	-63.624000	803.200000
	158.540000	-46.656000	827.400000
	158.560000	-29.376000	847.200000
	158.580000	-11.892000	862.200000
	158.600000	5.700000	872.600000
	158.620000	23.280000	877.600000
	158.640000	40.764000	877.600000
	158.660000	58.056000	872.600000
	158.680000	74.832000	859.200000
	158.700000	91.236000	841.200000
	158.720000	107.400000	822.400000
	158.740000	123.012000	803.000000
	158.760000	137.952000	778.600000
	158.780000	152.124000	745.400000
	158.800000	165.624000	710.200000
	158.820000	177.840000	664.800000
	158.840000	189.168000	617.400000
	158.860000	199.272000	560.800000
	158.880000	208.428000	509.800000
	158.900000	216.216000	450.800000
	158.920000	222.804000	392.200000
	158.940000	228.168000	329.000000
	158.960000	232.176000	266.000000
	158.980000	234.840000	200.600000
	159.000000	236.076000	131.800000
	159.020000	235.884000	61.800000
	159.040000	234.312000	-8.800000
	159.060000	231.348000	-78.800000
	159.080000	227.088000	-146.600000
	159.100000	221.448000	-214.400000
	159.120000	214.500000	-280.800000
	159.140000	206.328000	-346.000000
	159.160000	196.788000	-411.000000
	159.180000	186.084000	-473.600000
	159.200000	174.336000	-533.200000
	159.220000	161.916000	-581.200000
	159.240000	148.560000	-625.400000
	159.260000	134.376000	-666.000000
	159.280000	119.232000	-711.400000
	159.300000	103.416000	-752.400000
	159.320000	87.060000	-788.600000
	159.340000	70.476000	-812.600000
	159.360000	53.508000	-831.800000
	159.380000	36.012000	-850.800000
	159.400000	18.312000	-869.400000
	159.420000	0.264000	-887.400000
	159.440000	-17.520000	-892.200000
	159.460000	-35.184000	-891.600000
	159.480000	-52.368000	-877.200000
	159.500000	-69.720000	-870.000000
	159.520000	-86.676000	-858.200000
	159.540000	-102.912000	-842.400000
	159.560000	-118.332000	-810.200000
	159.580000	-133.128000	-774.200000
	159.600000	-147.228000	-738.600000
	159.620000	-160.536000	-703.400000
	159.640000	-173.148000	-667.000000
	159.660000	-184.980000	-629.200000
	159.680000	-195.612000	-584.600000
	159.700000	-205.128000	-533.000000
	159.720000	-213.456000	-474.600000
	159.740000	-220.596000	-416.400000
	159.760000	-226.440000	-355.200000
	159.780000	-230.940000	-291.400000
	159.800000	-234.144000	-225.800000
	159.820000	-235.944000	-158.400000
	159.840000	-236.364000	-90.400000
	159.860000	-235.392000	-20.800000
	159.880000	-233.028000	48.600000
	159.900000	-229.332000	117.200000
	159.920000	-224.280000	185.200000
	159.940000	-217.896000	252.200000
	159.960000	-210.288000	317.400000
	159.980000	-201.600000	378.000000
	160.000000	-191.760000	435.600000
	160.020000	-180.888000	490.000000
	160.040000	-168.852000	545.800000
	160.060000	-155.664000	601.600000
	160.080000	-141.612000	654.600000
	160.100000	-126.756000	701.600000
	160.120000	-111.600000	734.400000
	160.140000	-95.592000	767.000000
	160.160000	-79.248000	791.800000
	160.180000	-61.956000	827.400000
	160.200000	-44.772000	847.000000
	160.220000	-27.060000	869.800000
	160.240000	-9.384000	876.200000
	160.260000	8.616000	889.800000
	160.280000	26.604000	894.400000
	160.300000	44.208000	893.200000
	160.320000	61.872000	887.600000
	160.340000	79.224000	877.000000
	160.360000	96.420000	870.200000
	160.380000	112.872000	850.000000
	160.400000	128.724000	825.000000
	160.420000	143.676000	787.600000
	160.440000	158.040000	752.800000
	160.460000	171.492000	712.800000
	160.480000	183.984000	671.800000
	160.500000	195.408000	622.800000
	160.520000	205.572000	568.000000
	160.540000	214.704000	512.000000
	160.560000	222.480000	451.200000
	160.580000	229.068000	391.600000
	160.600000	234.276000	326.200000
	160.620000	238.152000	261.200000
	160.640000	240.564000	191.600000
	160.660000	241.500000	120.400000
	160.680000	240.960000	46.800000
	160.700000	239.064000	-25.000000
	160.720000	235.740000	-96.000000
	160.740000	231.024000	-165.600000
	160.760000	224.940000	-235.400000
	160.780000	217.536000	-303.400000
	160.800000	208.848000	-369.600000
	160.820000	198.984000	-432.600000
	160.840000	187.776000	-496.000000
	160.860000	175.836000	-550.200000
	160.880000	162.744000	-604.000000
	160.900000	148.872000	-648.400000
	160.920000	133.992000	-697.400000
	160.940000	118.092000	-744.200000
	160.960000	102.012000	-781.000000
	160.980000	85.164000	-813.800000
	161.000000	68.076000	-833.600000
	161.020000	50.400000	-860.200000
	161.040000	32.184000	-883.000000
	161.060000	14.040000	-900.600000
	161.080000	-4.440000	-914.000000
	161.100000	-22.368000	-909.200000
	161.120000	-40.392000	-907.200000
	161.140000	-58.152000	-895.200000
	161.160000	-75.588000	-887.000000
	161.180000	-92.340000	-865.800000
	161.200000	-108.804000	-844.200000
	161.220000	-124.476000	-814.800000
	161.240000	-139.908000	-792.800000
	161.260000	-154.140000	-755.600000
	161.280000	-167.940000	-724.400000
	161.300000	-180.600000	-678.200000
	161.320000	-192.288000	-635.800000
	161.340000	-202.884000	-582.400000
	161.360000	-212.196000	-526.600000
	161.380000	-220.440000	-469.200000
	161.400000	-227.400000	-408.600000
	161.420000	-233.076000	-348.000000
	161.440000	-237.360000	-282.000000
	161.460000	-240.216000	-213.600000
	161.480000	-241.704000	-143.800000
	161.500000	-241.788000	-73.800000
	161.520000	-240.456000	-4.000000
	161.540000	-237.696000	66.800000
	161.560000	-233.496000	138.200000
	161.580000	-227.988000	207.800000
	161.600000	-221.256000	274.000000
	161.620000	-213.240000	337.600000
	161.640000	-203.736000	404.200000
	161.660000	-193.248000	466.800000
	161.680000	-181.644000	526.600000
	161.700000	-169.368000	572.800000
	161.720000	-155.616000	627.200000
	161.740000	-141.204000	674.000000
	161.760000	-126.024000	722.400000
	161.780000	-110.100000	758.600000
	161.800000	-93.792000	790.200000
	161.820000	-76.704000	822.000000
	161.840000	-59.388000	845.200000
	161.860000	-41.484000	871.800000
	161.880000	-23.040000	894.400000
	161.900000	-4.668000	912.000000
	161.920000	13.764000	920.800000
	161.940000	31.896000	915.600000
	161.960000	50.124000	913.200000
	161.980000	68.124000	906.000000
	162.000000	85.536000	894.000000
	162.020000	102.756000	877.200000
	162.040000	119.448000	855.400000
	162.060000	135.528000	833.200000
	162.080000	150.816000	801.000000
	162.100000	165.288000	764.000000
	162.120000	178.836000	721.800000
	162.140000	191.148000	672.200000
	162.160000	202.536000	620.800000
	162.180000	212.796000	566.000000
	162.200000	221.808000	511.000000
	162.220000	229.500000	449.400000
	162.240000	235.884000	384.800000
	162.260000	240.840000	317.200000
	162.280000	244.320000	247.000000
	162.300000	246.372000	174.800000
	162.320000	246.936000	101.600000
	162.340000	246.012000	28.200000
	162.360000	243.576000	-46.600000
	162.380000	239.628000	-121.800000
	162.400000	234.312000	-195.000000
	162.420000	227.604000	-266.200000
	162.440000	219.564000	-334.400000
	162.460000	210.288000	-400.400000
	162.480000	199.776000	-463.800000
	162.500000	188.088000	-524.600000
	162.520000	175.356000	-582.200000
	162.540000	161.820000	-632.600000
	162.560000	147.360000	-678.800000
	162.580000	131.844000	-725.200000
	162.600000	115.608000	-770.200000
	162.620000	98.712000	-810.800000
	162.640000	81.288000	-842.600000
	162.660000	63.432000	-869.600000
	162.680000	44.988000	-895.400000
	162.700000	26.808000	-908.000000
	162.720000	8.220000	-920.200000
	162.740000	-10.164000	-919.200000
	162.760000	-28.728000	-925.600000
	162.780000	-47.100000	-922.000000
	162.800000	-65.172000	-916.800000
	162.820000	-82.872000	-902.400000
	162.840000	-100.092000	-883.200000
	162.860000	-116.760000	-859.800000
	162.880000	-132.804000	-832.200000
	162.900000	-147.924000	-797.200000
	162.920000	-162.228000	-757.800000
	162.940000	-176.028000	-720.400000
	162.960000	-188.880000	-682.600000
	162.980000	-200.508000	-638.000000
	163.000000	-210.936000	-581.800000
	163.020000	-220.092000	-520.200000
	163.040000	-228.120000	-460.200000
	163.060000	-234.624000	-394.800000
	163.080000	-240.024000	-332.200000
	163.100000	-243.924000	-263.400000
	163.120000	-246.456000	-197.200000
	163.140000	-247.464000	-124.000000
	163.160000	-247.080000	-52.600000
	163.180000	-245.184000	21.200000
	163.200000	-241.884000	93.000000
	163.220000	-237.240000	164.000000
	163.240000	-231.216000	232.800000
	163.260000	-223.884000	300.000000
	163.280000	-215.160000	368.000000
	163.300000	-205.176000	434.000000
	163.320000	-194.064000	497.000000
	163.340000	-181.824000	555.600000
	163.360000	-168.552000	610.400000
	163.380000	-154.368000	661.600000
	163.400000	-139.320000	708.400000
	163.420000	-123.492000	751.000000
	163.440000	-106.740000	793.800000
	163.460000	-89.604000	828.600000
	163.480000	-71.928000	859.400000
	163.500000	-53.820000	882.000000
	163.520000	-35.376000	903.800000
	163.540000	-16.692000	920.600000
	163.560000	1.620000	924.000000
	163.580000	20.208000	926.400000
	163.600000	38.712000	923.400000
	163.620000	57.540000	932.000000
	163.640000	75.852000	927.400000
	163.660000	93.780000	917.800000
	163.680000	111.228000	894.800000
	163.700000	128.088000	870.600000
	163.720000	144.252000	841.200000
	163.740000	159.600000	806.200000
	163.760000	174.072000	766.400000
	163.780000	187.536000	721.400000
	163.800000	199.908000	671.800000
	163.820000	211.296000	620.400000
	163.840000	221.196000	561.000000
	163.860000	229.908000	500.000000
	163.880000	237.180000	431.400000
	163.900000	243.276000	368.000000
	163.920000	247.740000	297.200000
	163.940000	250.764000	226.400000
	163.960000	252.252000	149.600000
	163.980000	252.216000	74.600000
	164.000000	250.680000	-1.400000
	164.020000	247.596000	-77.600000
	164.040000	242.808000	-156.800000
	164.060000	236.796000	-231.400000
	164.080000	229.380000	-303.600000
	164.100000	220.812000	-366.600000
	164.120000	210.816000	-433.000000
	164.140000	199.572000	-496.800000
	164.160000	186.960000	-564.200000
	164.180000	173.508000	-621.800000
	164.200000	159.048000	-675.400000
	164.220000	143.868000	-718.200000
	164.240000	127.440000	-767.800000
	164.260000	110.772000	-804.600000
	164.280000	93.504000	-839.400000
	164.300000	75.732000	-861.800000
	164.320000	57.336000	-890.600000
	164.340000	38.352000	-919.200000
	164.360000	19.416000	-938.600000
	164.380000	0.096000	-954.000000
	164.400000	-18.684000	-950.600000
	164.420000	-37.332000	-945.800000
	164.440000	-55.740000	-930.600000
	164.460000	-74.076000	-923.200000
	164.480000	-91.992000	-911.000000
	164.500000	-109.380000	-894.000000
	164.520000	-125.952000	-864.600000
	164.540000	-142.296000	-838.400000
	164.560000	-157.452000	-801.200000
	164.580000	-172.332000	-773.000000
	164.600000	-185.676000	-723.000000
	164.620000	-198.384000	-682.200000
	164.640000	-209.448000	-618.600000
	164.660000	-219.684000	-566.800000
	164.680000	-228.636000	-504.200000
	164.700000	-236.304000	-447.600000
	164.720000	-242.628000	-382.400000
	164.740000	-247.416000	-313.000000
	164.760000	-250.824000	-242.000000
	164.780000	-252.672000	-167.400000
	164.800000	-253.116000	-95.000000
	164.820000	-252.072000	-20.800000
	164.840000	-249.588000	51.400000
	164.860000	-245.640000	124.600000
	164.880000	-240.300000	196.200000
	164.900000	-233.364000	270.400000
	164.920000	-225.300000	339.000000
	164.940000	-215.844000	407.600000
	164.960000	-205.236000	468.800000
	164.980000	-193.368000	532.200000
	165.000000	-180.384000	591.000000
	165.020000	-166.392000	647.400000
	165.040000	-151.272000	701.600000
	165.060000	-135.528000	747.600000
	165.080000	-119.016000	789.600000
	165.100000	-102.084000	819.800000
	165.120000	-84.312000	853.600000
	165.140000	-66.036000	883.000000
	165.160000	-47.364000	912.000000
	165.180000	-28.392000	932.000000
	165.200000	-9.480000	942.600000
	165.220000	10.068000	957.200000
	165.240000	29.592000	966.400000
	165.260000	48.708000	969.800000
	165.280000	67.320000	954.200000
	165.300000	85.608000	933.600000
	165.320000	103.992000	921.400000
	165.340000	121.584000	904.400000
	165.360000	138.288000	878.000000
	165.380000	154.440000	840.800000
	165.400000	169.560000	799.600000
	165.420000	184.116000	763.800000
	165.440000	197.376000	715.600000
	165.460000	209.724000	669.400000
	165.480000	220.656000	609.000000
	165.500000	230.184000	546.800000
	165.520000	238.512000	479.800000
	165.540000	245.340000	411.400000
	165.560000	250.752000	342.800000
	165.580000	254.664000	269.200000
	165.600000	257.052000	195.200000
	165.620000	257.892000	119.000000
	165.640000	257.100000	40.600000
	165.660000	254.796000	-37.600000
	165.680000	250.920000	-116.200000
	165.700000	245.496000	-193.400000
	165.720000	238.632000	-269.400000
	165.740000	230.364000	-342.600000
	165.760000	220.572000	-415.400000
	165.780000	209.724000	-481.800000
	165.800000	197.628000	-545.600000
	165.820000	184.536000	-600.600000
	165.840000	170.028000	-661.600000
	165.860000	154.776000	-714.200000
	165.880000	138.876000	-761.000000
	165.900000	122.172000	-797.600000
	165.920000	104.808000	-832.800000
	165.940000	86.628000	-870.800000
	165.960000	67.728000	-907.400000
	165.980000	48.468000	-939.000000
	166.000000	29.208000	-957.000000
	166.020000	10.044000	-961.400000
	166.040000	-9.444000	-965.200000
	166.060000	-28.848000	-967.600000
	166.080000	-47.796000	-964.000000
	166.100000	-66.708000	-954.400000
	166.120000	-85.248000	-940.000000
	166.140000	-103.320000	-925.400000
	166.160000	-120.792000	-901.400000
	166.180000	-138.072000	-880.400000
	166.200000	-154.188000	-847.800000
	166.220000	-169.236000	-807.400000
	166.240000	-183.132000	-751.000000
	166.260000	-196.656000	-707.800000
	166.280000	-209.040000	-663.400000
	166.300000	-219.948000	-613.600000
	166.320000	-229.608000	-549.200000
	166.340000	-237.852000	-480.200000
	166.360000	-244.980000	-417.200000
	166.380000	-250.704000	-351.600000
	166.400000	-254.940000	-284.800000
	166.420000	-257.664000	-211.400000
	166.440000	-258.792000	-134.800000
	166.460000	-258.468000	-58.800000
	166.480000	-256.512000	19.200000
	166.500000	-253.140000	94.200000
	166.520000	-248.256000	170.200000
	166.540000	-242.076000	240.600000
	166.560000	-234.192000	315.800000
	166.580000	-225.204000	384.200000
	166.600000	-214.800000	454.600000
	166.620000	-203.280000	515.200000
	166.640000	-190.500000	578.400000
	166.660000	-176.856000	632.400000
	166.680000	-162.000000	688.000000
	166.700000	-146.268000	737.200000
	166.720000	-129.744000	785.200000
	166.740000	-112.716000	821.400000
	166.760000	-94.824000	857.400000
	166.780000	-76.380000	889.400000
	166.800000	-57.468000	920.800000
	166.820000	-38.196000	943.800000
	166.840000	-18.396000	966.400000
	166.860000	1.284000	979.200000
	166.880000	20.724000	982.000000
	166.900000	40.068000	974.400000
	166.920000	59.208000	965.400000
	166.940000	78.612000	964.800000
	166.960000	97.368000	955.000000
	166.980000	115.896000	944.800000
	167.000000	133.524000	915.200000
	167.020000	150.648000	888.000000
	167.040000	166.704000	846.800000
	167.060000	181.620000	801.600000
	167.080000	195.504000	747.600000
	167.100000	208.308000	693.400000
	167.120000	220.236000	643.600000
	167.140000	230.748000	587.400000
	167.160000	239.952000	527.400000
	167.180000	247.572000	455.600000
	167.200000	253.812000	384.400000
	167.220000	258.552000	310.000000
	167.240000	261.672000	235.000000
	167.260000	263.148000	155.600000
	167.280000	262.980000	73.800000
	167.300000	261.240000	-7.200000
	167.320000	257.880000	-87.800000
	167.340000	252.936000	-167.400000
	167.360000	246.348000	-248.200000
	167.380000	238.380000	-325.000000
	167.400000	229.008000	-398.800000
	167.420000	218.484000	-464.400000
	167.440000	206.568000	-530.200000
	167.460000	193.644000	-589.400000
	167.480000	179.424000	-651.000000
	167.500000	164.160000	-706.800000
	167.520000	148.008000	-760.600000
	167.540000	130.992000	-807.200000
	167.560000	113.496000	-844.400000
	167.580000	95.112000	-881.600000
	167.600000	76.488000	-908.400000
	167.620000	57.204000	-938.200000
	167.640000	37.620000	-958.200000
	167.660000	17.544000	-982.400000
	167.680000	-2.352000	-992.600000
	167.700000	-22.224000	-997.400000
	167.720000	-41.928000	-991.200000
	167.740000	-61.380000	-983.800000
	167.760000	-80.472000	-970.800000
	167.780000	-98.844000	-948.600000
	167.800000	-116.700000	-922.000000
	167.820000	-134.388000	-898.600000
	167.840000	-151.152000	-871.800000
	167.860000	-167.112000	-840.200000
	167.880000	-181.872000	-791.400000
	167.900000	-195.888000	-745.600000
	167.920000	-209.016000	-698.400000
	167.940000	-220.608000	-645.600000
	167.960000	-230.988000	-585.000000
	167.980000	-240.132000	-518.600000
	168.000000	-247.920000	-455.200000
	168.020000	-254.352000	-389.400000
	168.040000	-259.116000	-316.400000
	168.060000	-262.440000	-242.000000
	168.080000	-264.204000	-164.200000
	168.100000	-264.420000	-88.400000
	168.120000	-263.088000	-10.800000
	168.140000	-260.256000	65.800000
	168.160000	-255.900000	142.000000
	168.180000	-250.092000	216.600000
	168.200000	-242.604000	294.200000
	168.220000	-233.808000	368.200000
	168.240000	-223.524000	442.800000
	168.260000	-212.232000	506.200000
	168.280000	-199.764000	567.400000
	168.300000	-186.168000	622.600000
	168.320000	-171.360000	681.200000
	168.340000	-155.628000	735.600000
	168.360000	-139.020000	785.800000
	168.380000	-121.632000	828.800000
	168.400000	-103.596000	867.200000
	168.420000	-84.948000	901.200000
	168.440000	-65.772000	931.000000
	168.460000	-45.924000	961.200000
	168.480000	-26.064000	981.400000
	168.500000	-6.012000	996.000000
	168.520000	13.836000	996.000000
	168.540000	33.924000	999.800000
	168.560000	53.832000	997.400000
	168.580000	73.224000	989.800000
	168.600000	92.268000	972.400000
	168.620000	110.856000	950.400000
	168.640000	129.384000	936.000000
	168.660000	146.952000	911.400000
	168.680000	163.692000	880.600000
	168.700000	179.508000	835.400000
	168.720000	194.328000	789.600000
	168.740000	208.020000	738.800000
	168.760000	220.500000	683.200000
	168.780000	231.756000	623.800000
	168.800000	241.644000	560.400000
	168.820000	250.080000	493.000000
	168.840000	257.040000	421.400000
	168.860000	262.392000	345.800000
	168.880000	266.076000	266.600000
	168.900000	268.152000	185.200000
	168.920000	268.524000	102.200000
	168.940000	267.240000	19.400000
	168.960000	264.264000	-64.800000
	168.980000	259.608000	-148.600000
	169.000000	253.416000	-230.400000
	169.020000	245.796000	-307.800000
	169.040000	236.736000	-381.200000
	169.060000	226.176000	-454.000000
	169.080000	214.368000	-523.800000
	169.100000	201.096000	-594.000000
	169.120000	187.080000	-651.600000
	169.140000	171.792000	-709.600000
	169.160000	155.736000	-756.000000
	169.180000	138.612000	-807.800000
	169.200000	120.684000	-851.800000
	169.220000	102.072000	-894.400000
	169.240000	82.632000	-933.000000
	169.260000	63.048000	-960.600000
	169.280000	43.404000	-977.800000
	169.300000	23.532000	-985.000000
	169.320000	2.940000	-1001.800000
	169.340000	-17.376000	-1013.000000
	169.360000	-37.560000	-1018.200000
	169.380000	-56.928000	-997.800000
	169.400000	-76.524000	-985.800000
	169.420000	-95.688000	-968.800000
	169.440000	-114.588000	-961.000000
	169.460000	-132.612000	-934.800000
	169.480000	-149.688000	-900.000000
	169.500000	-166.164000	-859.600000
	169.520000	-181.764000	-819.200000
	169.540000	-196.572000	-781.400000
	169.560000	-209.892000	-728.800000
	169.580000	-222.228000	-674.400000
	169.600000	-233.280000	-611.800000
	169.620000	-243.024000	-552.200000
	169.640000	-251.244000	-483.600000
	169.660000	-258.060000	-413.000000
	169.680000	-263.364000	-339.000000
	169.700000	-267.228000	-266.400000
	169.720000	-269.412000	-189.200000
	169.740000	-270.120000	-112.600000
	169.760000	-269.160000	-32.200000
	169.780000	-266.652000	46.000000
	169.800000	-262.620000	125.000000
	169.820000	-257.064000	201.600000
	169.840000	-249.936000	278.600000
	169.860000	-241.380000	354.000000
	169.880000	-231.384000	428.000000
	169.900000	-220.044000	498.200000
	169.920000	-207.264000	568.600000
	169.940000	-193.500000	631.400000
	169.960000	-178.848000	686.600000
	169.980000	-163.212000	734.200000
	170.000000	-146.460000	784.000000
	170.020000	-128.664000	836.400000
	170.040000	-110.412000	880.000000
	170.060000	-91.800000	911.000000
	170.080000	-72.648000	933.600000
	170.100000	-53.064000	955.800000
	170.120000	-32.592000	986.800000
	170.140000	-12.180000	1007.800000
	170.160000	8.916000	1033.000000
	170.180000	29.436000	1033.800000
	170.200000	49.812000	1033.200000
	170.220000	69.936000	1017.000000
	170.240000	89.460000	1000.400000
	170.260000	109.092000	988.000000
	170.280000	127.608000	961.200000
	170.300000	145.716000	937.600000
	170.320000	162.516000	890.400000
	170.340000	178.668000	851.000000
	170.360000	194.064000	805.800000
	170.380000	208.380000	764.400000
	170.400000	221.484000	713.600000
	170.420000	233.160000	651.600000
	170.440000	243.660000	588.000000
	170.460000	252.696000	520.200000
	170.480000	260.388000	453.800000
	170.500000	266.304000	377.400000
	170.520000	270.564000	297.800000
	170.540000	273.000000	210.200000
	170.560000	273.840000	125.600000
	170.580000	272.892000	38.800000
	170.600000	270.276000	-45.400000
	170.620000	265.944000	-131.600000
	170.640000	259.932000	-216.000000
	170.660000	252.384000	-298.200000
	170.680000	243.144000	-380.000000
	170.700000	232.800000	-452.200000
	170.720000	220.992000	-523.200000
	170.740000	208.056000	-584.800000
	170.760000	193.800000	-650.000000
	170.780000	178.164000	-713.800000
	170.800000	161.736000	-772.000000
	170.820000	144.420000	-823.000000
	170.840000	126.516000	-860.800000
	170.860000	107.940000	-896.600000
	170.880000	88.512000	-931.800000
	170.900000	68.892000	-960.400000
	170.920000	48.636000	-988.400000
	170.940000	28.416000	-1001.600000
	170.960000	7.452000	-1024.000000
	170.980000	-13.272000	-1031.800000
	171.000000	-33.900000	-1038.600000
	171.020000	-54.276000	-1028.800000
	171.040000	-74.328000	-1017.600000
	171.060000	-94.248000	-1005.800000
	171.080000	-113.100000	-980.400000
	171.100000	-131.352000	-950.400000
	171.120000	-149.136000	-914.800000
	171.140000	-166.152000	-884.200000
	171.160000	-182.292000	-849.000000
	171.180000	-197.184000	-800.800000
	171.200000	-211.188000	-750.600000
	171.220000	-224.208000	-698.600000
	171.240000	-235.908000	-645.400000
	171.260000	-246.108000	-582.000000
	171.280000	-254.856000	-510.800000
	171.300000	-262.020000	-435.200000
	171.320000	-267.756000	-360.800000
	171.340000	-271.872000	-283.600000
	171.360000	-274.464000	-207.400000
	171.380000	-275.424000	-127.800000
	171.400000	-274.812000	-49.000000
	171.420000	-272.568000	31.600000
	171.440000	-268.776000	110.800000
	171.460000	-263.376000	190.600000
	171.480000	-256.524000	267.400000
	171.500000	-248.088000	344.800000
	171.520000	-238.344000	417.200000
	171.540000	-226.908000	493.600000
	171.560000	-214.320000	562.800000
	171.580000	-200.316000	633.800000
	171.600000	-185.580000	688.800000
	171.620000	-169.860000	741.000000
	171.640000	-152.952000	789.400000
	171.660000	-135.228000	839.200000
	171.680000	-116.784000	884.600000
	171.700000	-97.932000	917.000000
	171.720000	-78.228000	950.000000
	171.740000	-58.080000	978.400000
	171.760000	-37.572000	1006.000000
	171.780000	-16.824000	1023.400000
	171.800000	4.368000	1040.800000
	171.820000	25.584000	1052.600000
	171.840000	46.092000	1048.600000
	171.860000	66.660000	1038.200000
	171.880000	86.616000	1017.200000
	171.900000	106.740000	1010.800000
	171.920000	125.748000	984.800000
	171.940000	144.348000	962.200000
	171.960000	162.132000	923.200000
	171.980000	179.244000	891.600000
	172.000000	195.132000	846.400000
	172.020000	209.700000	792.800000
	172.040000	223.092000	730.800000
	172.060000	235.248000	668.600000
	172.080000	246.240000	609.000000
	172.100000	255.852000	546.000000
	172.120000	263.868000	477.000000
	172.140000	270.276000	400.600000
	172.160000	274.788000	315.600000
	172.180000	277.740000	231.200000
	172.200000	278.868000	143.200000
	172.220000	278.268000	58.000000
	172.240000	275.928000	-30.200000
	172.260000	271.812000	-117.600000
	172.280000	266.100000	-202.800000
	172.300000	258.684000	-287.400000
	172.320000	249.852000	-366.000000
	172.340000	239.256000	-447.400000
	172.360000	227.448000	-520.600000
	172.380000	214.164000	-594.800000
	172.400000	200.028000	-653.800000
	172.420000	184.776000	-711.200000
	172.440000	168.468000	-761.600000
	172.460000	151.248000	-813.000000
	172.480000	132.936000	-864.000000
	172.500000	113.880000	-909.800000
	172.520000	94.212000	-950.600000
	172.540000	73.740000	-986.600000
	172.560000	53.172000	-1011.800000
	172.580000	32.328000	-1031.400000
	172.600000	11.592000	-1035.800000
	172.620000	-9.504000	-1044.600000
	172.640000	-30.816000	-1052.400000
	172.660000	-51.624000	-1053.600000
	172.680000	-72.120000	-1043.600000
	172.700000	-91.920000	-1018.400000
	172.720000	-111.504000	-998.000000
	172.740000	-130.464000	-972.400000
	172.760000	-148.752000	-947.200000
	172.780000	-166.224000	-912.000000
	172.800000	-182.580000	-868.600000
	172.820000	-197.976000	-820.400000
	172.840000	-212.280000	-767.600000
	172.860000	-225.600000	-717.000000
	172.880000	-237.804000	-663.800000
	172.900000	-248.484000	-603.400000
	172.920000	-257.700000	-535.000000
	172.940000	-265.404000	-460.000000
	172.960000	-271.596000	-385.200000
	172.980000	-276.180000	-308.000000
	173.000000	-279.120000	-228.600000
	173.020000	-280.464000	-147.800000
	173.040000	-280.176000	-66.600000
	173.060000	-278.244000	14.600000
	173.080000	-274.656000	96.800000
	173.100000	-269.508000	177.800000
	173.120000	-262.764000	258.000000
	173.140000	-254.460000	336.600000
	173.160000	-244.704000	413.400000
	173.180000	-233.496000	487.800000
	173.200000	-220.920000	559.000000
	173.220000	-206.892000	630.200000
	173.240000	-191.892000	693.400000
	173.260000	-175.812000	751.800000
	173.280000	-158.760000	802.200000
	173.300000	-140.856000	850.600000
	173.320000	-122.460000	889.200000
	173.340000	-103.380000	923.000000
	173.360000	-83.736000	952.000000
	173.380000	-63.312000	985.800000
	173.400000	-42.492000	1014.800000
	173.420000	-21.420000	1038.600000
	173.440000	-0.180000	1052.200000
	173.460000	21.696000	1069.800000
	173.480000	43.188000	1076.800000
	173.500000	64.176000	1072.600000
	173.520000	83.976000	1038.000000
	173.540000	103.968000	1013.000000
	173.560000	123.444000	987.800000
	173.580000	142.788000	980.200000
	173.600000	160.836000	947.800000
	173.620000	178.476000	917.200000
	173.640000	194.832000	867.400000
	173.660000	210.720000	831.400000
	173.680000	224.616000	769.000000
	173.700000	237.228000	706.600000
	173.720000	248.424000	628.400000
	173.740000	258.444000	563.800000
	173.760000	266.880000	494.200000
	173.780000	273.528000	418.400000
	173.800000	278.628000	336.400000
	173.820000	281.940000	251.000000
	173.840000	283.440000	165.200000
	173.860000	283.128000	75.000000
	173.880000	281.028000	-15.200000
	173.900000	277.104000	-105.600000
	173.920000	271.548000	-193.000000
	173.940000	264.384000	-277.400000
	173.960000	255.612000	-358.200000
	173.980000	245.208000	-439.000000
	174.000000	233.244000	-519.000000
	174.020000	220.128000	-591.400000
	174.040000	205.980000	-653.800000
	174.060000	190.392000	-714.200000
	174.080000	173.760000	-772.800000
	174.100000	156.168000	-830.200000
	174.120000	137.928000	-874.400000
	174.140000	118.932000	-913.800000
	174.160000	99.024000	-952.400000
	174.180000	78.576000	-989.200000
	174.200000	57.732000	-1020.000000
	174.220000	36.576000	-1040.800000
	174.240000	15.528000	-1050.800000
	174.260000	-5.904000	-1060.600000
	174.280000	-27.288000	-1064.400000
	174.300000	-48.780000	-1071.800000
	174.320000	-69.672000	-1062.800000
	174.340000	-90.432000	-1052.400000
	174.360000	-110.148000	-1022.800000
	174.380000	-129.540000	-997.800000
	174.400000	-147.960000	-958.800000
	174.420000	-165.876000	-928.800000
	174.440000	-182.904000	-889.400000
	174.460000	-198.708000	-845.800000
	174.480000	-213.828000	-799.200000
	174.500000	-227.544000	-744.000000
	174.520000	-240.156000	-690.800000
	174.540000	-251.040000	-620.200000
	174.560000	-260.628000	-551.400000
	174.580000	-268.584000	-473.800000
	174.600000	-275.052000	-400.200000
	174.620000	-279.912000	-321.400000
	174.640000	-283.212000	-243.800000
	174.660000	-284.880000	-163.800000
	174.680000	-284.868000	-82.600000
	174.700000	-283.176000	0.600000
	174.720000	-279.792000	84.800000
	174.740000	-274.824000	167.400000
	174.760000	-268.212000	249.400000
	174.780000	-260.016000	329.600000
	174.800000	-250.332000	408.200000
	174.820000	-239.172000	484.000000
	174.840000	-226.812000	553.400000
	174.860000	-213.192000	619.000000
	174.880000	-198.372000	680.000000
	174.900000	-182.244000	742.800000
	174.920000	-165.144000	800.800000
	174.940000	-147.120000	854.200000
	174.960000	-128.280000	899.400000
	174.980000	-108.480000	944.400000
	175.000000	-88.056000	984.400000
	175.020000	-67.392000	1014.800000
	175.040000	-46.620000	1031.000000
	175.060000	-25.248000	1046.800000
	175.080000	-3.708000	1061.400000
	175.100000	18.204000	1080.400000
	175.120000	39.144000	1073.200000
	175.140000	60.192000	1065.000000
	175.160000	81.228000	1050.400000
	175.180000	101.904000	1046.000000
	175.200000	122.064000	1031.200000
	175.220000	141.276000	1000.800000
	175.240000	160.248000	972.400000
	175.260000	178.068000	933.400000
	175.280000	194.880000	893.400000
	175.300000	210.576000	838.800000
	175.320000	225.108000	784.000000
	175.340000	238.332000	724.200000
	175.360000	250.032000	657.600000
	175.380000	260.436000	588.800000
	175.400000	269.172000	514.000000
	175.420000	276.372000	439.000000
	175.440000	281.784000	355.800000
	175.460000	285.492000	272.000000
	175.480000	287.352000	183.000000
	175.500000	287.412000	93.800000
	175.520000	285.528000	0.600000
	175.540000	281.880000	-91.200000
	175.560000	276.504000	-181.800000
	175.580000	269.448000	-268.000000
	175.600000	260.664000	-353.600000
	175.620000	250.188000	-438.600000
	175.640000	238.428000	-517.000000
	175.660000	225.504000	-586.000000
	175.680000	211.308000	-648.000000
	175.700000	195.708000	-712.000000
	175.720000	178.764000	-779.000000
	175.740000	161.052000	-837.600000
	175.760000	142.704000	-883.400000
	175.780000	123.252000	-925.200000
	175.800000	103.152000	-965.000000
	175.820000	82.500000	-1003.400000
	175.840000	61.404000	-1030.800000
	175.860000	40.308000	-1047.400000
	175.880000	18.696000	-1063.400000
	175.900000	-3.024000	-1073.800000
	175.920000	-24.720000	-1083.800000
	175.940000	-46.536000	-1087.200000
	175.960000	-67.452000	-1073.800000
	175.980000	-88.296000	-1059.600000
	176.000000	-108.348000	-1030.200000
	176.020000	-127.836000	-1006.400000
	176.040000	-146.916000	-977.000000
	176.060000	-165.204000	-947.600000
	176.080000	-182.628000	-913.200000
	176.100000	-199.248000	-872.200000
	176.120000	-214.536000	-822.200000
	176.140000	-228.660000	-767.200000
	176.160000	-241.272000	-700.400000
	176.180000	-252.672000	-635.600000
	176.200000	-262.656000	-566.600000
	176.220000	-271.080000	-496.800000
	176.240000	-277.908000	-420.600000
	176.260000	-283.152000	-341.600000
	176.280000	-286.728000	-260.800000
	176.300000	-288.612000	-178.400000
	176.320000	-288.840000	-94.800000
	176.340000	-287.352000	-10.400000
	176.360000	-284.220000	73.200000
	176.380000	-279.408000	157.200000
	176.400000	-272.940000	240.200000
	176.420000	-264.792000	323.800000
	176.440000	-255.204000	403.400000
	176.460000	-244.296000	477.400000
	176.480000	-231.972000	547.000000
	176.500000	-218.364000	614.000000
	176.520000	-203.340000	682.600000
	176.540000	-187.152000	747.000000
	176.560000	-169.716000	810.800000
	176.580000	-151.584000	862.600000
	176.600000	-132.912000	904.000000
	176.620000	-113.508000	936.800000
	176.640000	-93.204000	973.000000
	176.660000	-72.372000	1009.000000
	176.680000	-51.108000	1040.000000
	176.700000	-29.832000	1056.200000
	176.720000	-7.740000	1077.200000
	176.740000	14.436000	1092.400000
	176.760000	36.252000	1101.400000
	176.780000	57.588000	1088.800000
	176.800000	78.348000	1065.200000
	176.820000	99.624000	1056.200000
	176.840000	120.108000	1042.000000
	176.860000	139.980000	1027.200000
	176.880000	158.784000	986.000000
	176.900000	177.204000	951.600000
	176.920000	194.628000	910.800000
	176.940000	210.732000	865.800000
	176.960000	225.384000	803.000000
	176.980000	238.812000	736.400000
	177.000000	251.064000	672.200000
	177.020000	261.828000	607.400000
	177.040000	271.056000	537.400000
	177.060000	278.520000	457.600000
	177.080000	284.232000	373.400000
	177.100000	288.204000	285.800000
	177.120000	290.412000	198.200000
	177.140000	290.724000	108.200000
	177.160000	289.224000	17.000000
	177.180000	285.840000	-76.200000
	177.200000	280.620000	-168.400000
	177.220000	273.576000	-260.800000
	177.240000	264.960000	-348.000000
	177.260000	254.748000	-431.200000
	177.280000	243.228000	-505.800000
	177.300000	230.172000	-579.800000
	177.320000	215.808000	-649.000000
	177.340000	200.004000	-720.400000
	177.360000	183.288000	-781.400000
	177.380000	165.768000	-834.000000
	177.400000	147.324000	-878.000000
	177.420000	128.088000	-920.000000
	177.440000	107.892000	-964.600000
	177.460000	87.096000	-1003.800000
	177.480000	65.556000	-1042.200000
	177.500000	43.980000	-1065.200000
	177.520000	22.164000	-1082.200000
	177.540000	0.540000	-1083.600000
	177.560000	-21.396000	-1089.600000
	177.580000	-43.152000	-1088.600000
	177.600000	-64.644000	-1086.400000
	177.620000	-86.028000	-1077.200000
	177.640000	-106.380000	-1053.800000
	177.660000	-126.444000	-1030.000000
	177.680000	-145.272000	-987.400000
	177.700000	-164.136000	-962.600000
	177.720000	-181.860000	-923.600000
	177.740000	-198.624000	-889.200000
	177.760000	-214.032000	-831.600000
	177.780000	-228.480000	-777.000000
	177.800000	-241.824000	-720.000000
	177.820000	-253.728000	-661.600000
	177.840000	-264.000000	-592.000000
	177.860000	-272.628000	-513.400000
	177.880000	-279.672000	-432.400000
	177.900000	-285.192000	-353.200000
	177.920000	-289.104000	-274.600000
	177.940000	-291.300000	-193.800000
	177.960000	-291.804000	-110.200000
	177.980000	-290.616000	-25.200000
	178.000000	-287.712000	59.800000
	178.020000	-283.164000	144.000000
	178.040000	-276.948000	227.800000
	178.060000	-269.088000	310.400000
	178.080000	-259.716000	390.800000
	178.100000	-248.976000	466.200000
	178.120000	-236.796000	538.200000
	178.140000	-223.080000	610.600000
	178.160000	-208.140000	680.600000
	178.180000	-192.024000	746.200000
	178.200000	-174.840000	804.000000
	178.220000	-156.720000	857.000000
	178.240000	-137.736000	904.800000
	178.260000	-117.996000	947.400000
	178.280000	-97.632000	984.800000
	178.300000	-76.692000	1017.400000
	178.320000	-55.296000	1045.000000
	178.340000	-33.264000	1072.800000
	178.360000	-11.316000	1089.600000
	178.380000	10.728000	1100.400000
	178.400000	32.748000	1100.200000
	178.420000	54.600000	1098.600000
	178.440000	75.900000	1086.200000
	178.460000	96.828000	1068.000000
	178.480000	117.576000	1049.600000
	178.500000	137.712000	1030.200000
	178.520000	157.080000	1004.200000
	178.540000	175.560000	966.400000
	178.560000	193.080000	922.800000
	178.580000	209.292000	870.200000
	178.600000	224.316000	812.600000
	178.620000	238.116000	750.600000
	178.640000	250.764000	691.200000
	178.660000	261.924000	626.800000
	178.680000	271.656000	559.000000
	178.700000	279.576000	480.200000
	178.720000	285.732000	396.800000
	178.740000	290.040000	306.400000
	178.760000	292.560000	216.400000
	178.780000	293.184000	124.200000
	178.800000	291.876000	30.600000
	178.820000	288.744000	-63.600000
	178.840000	283.728000	-157.600000
	178.860000	277.080000	-246.600000
	178.880000	268.644000	-335.000000
	178.900000	258.576000	-419.200000
	178.920000	247.032000	-500.800000
	178.940000	234.072000	-576.200000
	178.960000	219.792000	-646.400000
	178.980000	204.300000	-712.200000
	179.000000	187.620000	-774.200000
	179.020000	170.124000	-827.800000
	179.040000	151.440000	-881.000000
	179.060000	132.192000	-923.800000
	179.080000	111.948000	-969.600000
	179.100000	91.092000	-1005.800000
	179.120000	69.768000	-1040.400000
	179.140000	48.396000	-1059.200000
	179.160000	26.460000	-1077.200000
	179.180000	4.392000	-1089.600000
	179.200000	-18.000000	-1106.600000
	179.220000	-39.648000	-1101.800000
	179.240000	-61.332000	-1095.400000
	179.260000	-82.356000	-1072.600000
	179.280000	-103.500000	-1064.200000
	179.300000	-124.068000	-1045.600000
	179.320000	-143.976000	-1027.000000
	179.340000	-162.564000	-984.400000
	179.360000	-180.288000	-937.000000
	179.380000	-197.076000	-885.000000
	179.400000	-213.012000	-840.800000
	179.420000	-227.736000	-790.800000
	179.440000	-241.380000	-738.400000
	179.460000	-253.464000	-674.200000
	179.480000	-263.940000	-603.400000
	179.500000	-272.964000	-526.400000
	179.520000	-280.452000	-449.800000
	179.540000	-286.392000	-374.200000
	179.560000	-290.508000	-292.400000
	179.580000	-292.992000	-209.000000
	179.600000	-293.772000	-123.000000
	179.620000	-292.860000	-39.200000
	179.640000	-290.292000	45.000000
	179.660000	-286.008000	129.400000
	179.680000	-280.152000	211.800000
	179.700000	-272.460000	297.200000
	179.720000	-263.304000	378.400000
	179.740000	-252.648000	458.400000
	179.760000	-240.636000	530.400000
	179.780000	-227.076000	603.800000
	179.800000	-212.028000	677.000000
	179.820000	-196.008000	743.800000
	179.840000	-178.896000	803.000000
	179.860000	-161.064000	849.400000
	179.880000	-142.116000	898.200000
	179.900000	-122.688000	936.800000
	179.920000	-102.024000	984.000000
	179.940000	-81.072000	1017.400000
	179.960000	-59.652000	1050.600000
	179.980000	-38.172000	1064.200000
	180.000000	-16.152000	1082.000000
	180.020000	6.312000	1099.400000
	180.040000	28.152000	1105.400000
	180.060000	49.860000	1100.200000
	180.080000	71.616000	1088.400000
	180.100000	93.048000	1081.600000
	180.120000	114.024000	1069.400000
	180.140000	134.088000	1041.200000
	180.160000	153.744000	1011.600000
	180.180000	172.524000	975.000000
	180.200000	190.092000	933.400000
	180.220000	207.060000	888.600000
	180.240000	222.624000	835.000000
	180.260000	236.964000	781.200000
	180.280000	249.720000	711.000000
	180.300000	261.204000	643.000000
	180.320000	271.176000	570.200000
	180.340000	279.456000	495.600000
	180.360000	285.984000	413.000000
	180.380000	290.736000	326.000000
	180.400000	293.616000	236.000000
	180.420000	294.576000	143.200000
	180.440000	293.700000	49.400000
	180.460000	290.904000	-45.200000
	180.480000	286.332000	-137.400000
	180.500000	280.044000	-227.600000
	180.520000	271.884000	-317.000000
	180.540000	262.140000	-403.200000
	180.560000	250.896000	-485.800000
	180.580000	238.356000	-558.800000
	180.600000	224.316000	-630.400000
	180.620000	208.812000	-701.400000
	180.640000	192.084000	-771.200000
	180.660000	174.492000	-830.400000
	180.680000	156.192000	-877.000000
	180.700000	136.728000	-922.600000
	180.720000	116.244000	-970.800000
	180.740000	95.448000	-1012.400000
	180.760000	74.424000	-1038.400000
	180.780000	53.028000	-1053.600000
	180.800000	30.756000	-1078.200000
	180.820000	8.628000	-1096.600000
	180.840000	-13.536000	-1109.400000
	180.860000	-35.292000	-1100.800000
	180.880000	-56.808000	-1090.600000
	180.900000	-77.988000	-1074.200000
	180.920000	-99.312000	-1067.000000
	180.940000	-119.820000	-1050.200000
	180.960000	-139.932000	-1032.400000
	180.980000	-158.736000	-990.400000
	181.000000	-177.012000	-953.200000
	181.020000	-194.052000	-902.000000
	181.040000	-210.072000	-855.600000
	181.060000	-225.156000	-802.400000
	181.080000	-238.788000	-745.600000
	181.100000	-251.244000	-686.200000
	181.120000	-262.224000	-617.800000
	181.140000	-271.824000	-550.600000
	181.160000	-279.744000	-475.000000
	181.180000	-286.104000	-398.000000
	181.200000	-290.700000	-314.600000
	181.220000	-293.628000	-231.400000
	181.240000	-294.720000	-143.600000
	181.260000	-294.192000	-58.200000
	181.280000	-291.900000	28.800000
	181.300000	-287.952000	112.800000
	181.320000	-282.384000	196.800000
	181.340000	-275.088000	280.200000
	181.360000	-266.244000	361.800000
	181.380000	-255.888000	441.600000
	181.400000	-244.164000	515.400000
	181.420000	-231.084000	586.000000
	181.440000	-216.276000	660.200000
	181.460000	-200.712000	724.200000
	181.480000	-183.840000	787.400000
	181.500000	-166.176000	835.000000
	181.520000	-147.132000	893.000000
	181.540000	-127.272000	942.800000
	181.560000	-107.316000	981.000000
	181.580000	-86.748000	1006.400000
	181.600000	-65.676000	1026.600000
	181.620000	-43.632000	1061.400000
	181.640000	-21.624000	1085.400000
	181.660000	0.852000	1108.800000
	181.680000	22.740000	1106.200000
	181.700000	44.832000	1107.600000
	181.720000	66.084000	1087.200000
	181.740000	87.924000	1086.400000
	181.760000	109.044000	1070.200000
	181.780000	129.888000	1063.400000
	181.800000	149.460000	1025.600000
	181.820000	168.456000	990.200000
	181.840000	186.264000	939.600000
	181.860000	203.292000	897.200000
	181.880000	219.168000	845.200000
	181.900000	233.832000	792.800000
	181.920000	247.296000	733.400000
	181.940000	259.008000	664.000000
	181.960000	269.472000	594.000000
	181.980000	277.920000	510.400000
	182.000000	285.000000	433.200000
	182.020000	290.088000	343.600000
	182.040000	293.496000	259.600000
	182.060000	294.936000	165.600000
	182.080000	294.456000	72.800000
	182.100000	292.188000	-21.800000
	182.120000	288.024000	-115.200000
	182.140000	282.204000	-204.200000
	182.160000	274.512000	-294.600000
	182.180000	265.308000	-378.600000
	182.200000	254.232000	-466.200000
	182.220000	241.860000	-544.200000
	182.240000	228.180000	-618.800000
	182.260000	213.384000	-680.800000
	182.280000	197.184000	-744.600000
	182.300000	179.628000	-809.200000
	182.320000	161.316000	-867.800000
	182.340000	142.092000	-918.200000
	182.360000	122.364000	-954.400000
	182.380000	101.712000	-993.400000
	182.400000	80.508000	-1026.400000
	182.420000	58.596000	-1062.800000
	182.440000	36.684000	-1083.800000
	182.460000	14.904000	-1093.400000
	182.480000	-6.948000	-1092.400000
	182.500000	-28.740000	-1090.400000
	182.520000	-50.940000	-1097.400000
	182.540000	-72.516000	-1092.800000
	182.560000	-93.972000	-1087.200000
	182.580000	-114.324000	-1056.400000
	182.600000	-134.076000	-1026.000000
	182.620000	-153.108000	-985.600000
	182.640000	-171.600000	-954.600000
	182.660000	-189.192000	-918.600000
	182.680000	-205.944000	-880.600000
	182.700000	-221.508000	-831.800000
	182.720000	-235.680000	-774.800000
	182.740000	-248.436000	-708.200000
	182.760000	-259.608000	-635.000000
	182.780000	-269.616000	-565.600000
	182.800000	-277.872000	-490.600000
	182.820000	-284.496000	-414.800000
	182.840000	-289.464000	-330.800000
	182.860000	-292.728000	-247.600000
	182.880000	-294.432000	-165.600000
	182.900000	-294.408000	-82.400000
	182.920000	-292.668000	1.000000
	182.940000	-289.164000	87.800000
	182.960000	-284.040000	172.800000
	182.980000	-277.368000	255.000000
	183.000000	-269.112000	334.200000
	183.020000	-259.344000	411.600000
	183.040000	-247.752000	493.600000
	183.060000	-234.900000	570.200000
	183.080000	-220.740000	643.400000
	183.100000	-205.524000	703.800000
	183.120000	-188.952000	765.800000
	183.140000	-171.120000	827.000000
	183.160000	-152.616000	881.800000
	183.180000	-133.572000	923.000000
	183.200000	-113.820000	955.000000
	183.220000	-93.156000	991.000000
	183.240000	-71.976000	1026.600000
	183.260000	-50.376000	1057.400000
	183.280000	-28.464000	1078.200000
	183.300000	-6.060000	1098.600000
	183.320000	16.104000	1108.000000
	183.340000	37.884000	1105.800000
	183.360000	59.472000	1092.200000
	183.380000	81.084000	1083.000000
	183.400000	102.312000	1073.800000
	183.420000	123.012000	1059.000000
	183.440000	143.040000	1032.600000
	183.460000	162.540000	1003.800000
	183.480000	180.864000	964.200000
	183.500000	198.156000	918.600000
	183.520000	214.128000	859.800000
	183.540000	229.116000	804.200000
	183.560000	242.628000	741.200000
	183.580000	254.940000	680.200000
	183.600000	265.740000	610.400000
	183.620000	274.980000	539.200000
	183.640000	282.504000	459.400000
	183.660000	288.228000	374.800000
	183.680000	292.176000	286.600000
	183.700000	294.228000	195.400000
	183.720000	294.372000	102.400000
	183.740000	292.680000	8.400000
	183.760000	289.092000	-85.600000
	183.780000	283.656000	-178.600000
	183.800000	276.648000	-267.200000
	183.820000	267.960000	-352.200000
	183.840000	257.676000	-433.000000
	183.860000	245.640000	-516.800000
	183.880000	232.188000	-596.200000
	183.900000	217.872000	-663.400000
	183.920000	202.320000	-722.000000
	183.940000	185.364000	-780.400000
	183.960000	167.172000	-845.000000
	183.980000	148.032000	-904.800000
	184.000000	128.880000	-941.400000
