	120.000000	-19.680000	-1.800000
	120.020000	-19.488000	4.000000
	120.040000	-19.188000	9.600000
	120.060000	-18.792000	14.800000
	120.080000	-18.288000	20.000000
	120.100000	-17.676000	25.200000
	120.120000	-16.968000	30.400000
	120.140000	-16.140000	35.800000
	120.160000	-15.240000	40.600000
	120.180000	-14.232000	45.600000
	120.200000	-13.164000	49.600000
	120.220000	-11.964000	54.600000
	120.240000	-10.704000	58.800000
	120.260000	-9.348000	63.600000
	120.280000	-7.968000	66.600000
	120.300000	-6.504000	70.000000
	120.320000	-4.980000	72.800000
	120.340000	-3.396000	76.200000
	120.360000	-1.788000	78.600000
	120.380000	-0.120000	81.000000
	120.400000	1.584000	83.000000
	120.420000	3.336000	85.400000
	120.440000	5.052000	86.200000
	120.460000	6.768000	86.400000
	120.480000	8.484000	85.800000
	120.500000	10.212000	86.000000
	120.520000	11.952000	86.400000
	120.540000	13.656000	86.200000
	120.560000	15.312000	85.000000
	120.580000	16.920000	82.800000
	120.600000	18.468000	80.200000
	120.620000	19.980000	77.800000
	120.640000	21.432000	75.200000
	120.660000	22.812000	72.400000
	120.680000	24.096000	68.600000
	120.700000	25.296000	64.400000
	120.720000	26.424000	60.200000
	120.740000	27.468000	56.200000
	120.760000	28.428000	52.200000
	120.780000	29.268000	47.400000
	120.800000	30.000000	42.200000
	120.820000	30.600000	36.200000
	120.840000	31.104000	30.600000
	120.860000	31.488000	24.800000
	120.880000	31.740000	19.000000
	120.900000	31.872000	12.800000
	120.920000	31.872000	6.400000
	120.940000	31.764000	0.400000
	120.960000	31.524000	-5.800000
	120.980000	31.164000	-11.800000
	121.000000	30.684000	-18.000000
	121.020000	30.084000	-24.000000
	121.040000	29.376000	-29.800000
	121.060000	28.536000	-35.800000
	121.080000	27.600000	-41.400000
	121.100000	26.568000	-46.800000
	121.120000	25.428000	-51.800000
	121.140000	24.168000	-57.200000
	121.160000	22.812000	-62.600000
	121.180000	21.348000	-68.000000
	121.200000	19.836000	-72.200000
	121.220000	18.216000	-76.600000
	121.240000	16.536000	-80.200000
	121.260000	14.772000	-84.400000
	121.280000	12.912000	-88.400000
	121.300000	11.028000	-91.800000
	121.320000	9.096000	-94.600000
	121.340000	7.152000	-96.000000
	121.360000	5.160000	-97.800000
	121.380000	3.144000	-99.200000
	121.400000	1.152000	-100.000000
	121.420000	-0.852000	-100.200000
	121.440000	-2.904000	-100.800000
	121.460000	-4.932000	-101.400000
	121.480000	-6.912000	-101.000000
	121.500000	-8.820000	-98.600000
	121.520000	-10.704000	-96.200000
	121.540000	-12.528000	-93.600000
	121.560000	-14.292000	-91.200000
	121.580000	-15.984000	-88.000000
	121.600000	-17.580000	-84.200000
	121.620000	-19.080000	-79.800000
	121.640000	-20.472000	-74.800000
	121.660000	-21.768000	-69.800000
	121.680000	-22.932000	-64.200000
	121.700000	-23.964000	-58.200000
	121.720000	-24.876000	-51.800000
	121.740000	-25.644000	-45.200000
	121.760000	-26.280000	-38.600000
	121.780000	-26.772000	-31.600000
	121.800000	-27.132000	-24.800000
	121.820000	-27.336000	-17.600000
	121.840000	-27.396000	-10.400000
	121.860000	-27.300000	-2.800000
	121.880000	-27.072000	4.400000
	121.900000	-26.700000	11.600000
	121.920000	-26.196000	18.400000
	121.940000	-25.536000	25.600000
	121.960000	-24.756000	32.400000
	121.980000	-23.856000	39.000000
	122.000000	-22.836000	45.000000
	122.020000	-21.672000	51.400000
	122.040000	-20.376000	58.000000
	122.060000	-18.996000	64.000000
	122.080000	-17.508000	69.400000
	122.100000	-15.924000	74.200000
	122.120000	-14.256000	79.000000
	122.140000	-12.516000	83.200000
	122.160000	-10.728000	86.600000
	122.180000	-8.844000	90.200000
	122.200000	-6.912000	93.400000
	122.220000	-4.932000	96.600000
	122.240000	-2.940000	98.400000
	122.260000	-0.912000	100.000000
	122.280000	1.164000	101.600000
	122.300000	3.264000	103.400000
	122.320000	5.376000	104.800000
	122.340000	7.440000	104.600000
	122.360000	9.504000	104.000000
	122.380000	11.496000	102.000000
	122.400000	13.488000	100.800000
	122.420000	15.408000	98.400000
	122.440000	17.304000	96.800000
	122.460000	19.140000	94.200000
	122.480000	20.904000	91.600000
	122.500000	22.608000	88.400000
	122.520000	24.204000	84.400000
	122.540000	25.728000	80.400000
	122.560000	27.156000	75.800000
	122.580000	28.488000	71.400000
	122.600000	29.712000	66.400000
	122.620000	30.816000	61.000000
	122.640000	31.800000	55.200000
	122.660000	32.664000	49.200000
	122.680000	33.396000	43.000000
	122.700000	34.008000	36.800000
	122.720000	34.488000	30.400000
	122.740000	34.836000	24.000000
	122.760000	35.052000	17.400000
	122.780000	35.124000	10.600000
	122.800000	35.064000	3.800000
	122.820000	34.872000	-3.000000
	122.840000	34.548000	-9.600000
	122.860000	34.104000	-16.000000
	122.880000	33.540000	-22.200000
	122.900000	32.856000	-28.200000
	122.920000	32.052000	-34.200000
	122.940000	31.116000	-40.400000
	122.960000	30.060000	-46.600000
	122.980000	28.896000	-52.600000
	123.000000	27.612000	-58.400000
	123.020000	26.244000	-63.600000
	123.040000	24.780000	-68.600000
	123.060000	23.244000	-72.800000
	123.080000	21.552000	-78.200000
	123.100000	19.812000	-82.800000
	123.120000	17.988000	-87.600000
	123.140000	16.200000	-89.200000
	123.160000	14.304000	-91.800000
	123.180000	12.372000	-93.600000
	123.200000	10.380000	-97.000000
	123.220000	8.352000	-99.200000
	123.240000	6.324000	-100.800000
	123.260000	4.260000	-102.000000
	123.280000	2.184000	-102.800000
	123.300000	0.084000	-104.000000
	123.320000	-1.980000	-104.000000
	123.340000	-4.008000	-103.200000
	123.360000	-5.976000	-101.000000
	123.380000	-7.920000	-99.000000
	123.400000	-9.792000	-96.400000
	123.420000	-11.628000	-94.200000
	123.440000	-13.368000	-90.800000
	123.460000	-15.048000	-87.600000
	123.480000	-16.644000	-83.600000
	123.500000	-18.156000	-79.800000
	123.520000	-19.560000	-75.200000
	123.540000	-20.832000	-69.800000
	123.560000	-21.996000	-64.000000
	123.580000	-23.052000	-58.200000
	123.600000	-23.976000	-52.400000
	123.620000	-24.780000	-46.400000
	123.640000	-25.416000	-39.400000
	123.660000	-25.932000	-32.600000
	123.680000	-26.292000	-25.200000
	123.700000	-26.532000	-18.600000
	123.720000	-26.616000	-11.400000
	123.740000	-26.568000	-4.600000
	123.760000	-26.376000	2.600000
	123.780000	-26.064000	9.200000
	123.800000	-25.620000	15.800000
	123.820000	-25.056000	22.000000
	123.840000	-24.348000	28.600000
	123.860000	-23.532000	34.800000
	123.880000	-22.572000	41.400000
	123.900000	-21.528000	47.000000
	123.920000	-20.352000	53.000000
	123.940000	-19.116000	57.600000
	123.960000	-17.760000	62.800000
	123.980000	-16.344000	66.800000
	124.000000	-14.832000	71.400000
	124.020000	-13.272000	74.800000
	124.040000	-11.628000	78.600000
	124.060000	-9.912000	82.000000
	124.080000	-8.160000	85.200000
	124.100000	-6.360000	87.800000
	124.120000	-4.536000	89.600000
	124.140000	-2.676000	91.400000
	124.160000	-0.804000	92.600000
	124.180000	1.080000	93.600000
	124.200000	2.964000	94.000000
	124.220000	4.836000	94.000000
	124.240000	6.660000	93.000000
	124.260000	8.484000	92.000000
	124.280000	10.248000	90.200000
	124.300000	12.012000	89.200000
	124.320000	13.692000	86.800000
	124.340000	15.360000	85.200000
	124.360000	16.956000	82.400000
	124.380000	18.516000	80.400000
	124.400000	19.980000	77.000000
	124.420000	21.384000	73.800000
	124.440000	22.692000	69.600000
	124.460000	23.904000	65.400000
	124.480000	25.020000	60.600000
	124.500000	26.040000	55.800000
	124.520000	26.976000	51.200000
	124.540000	27.792000	46.200000
	124.560000	28.524000	41.400000
	124.580000	29.136000	36.000000
	124.600000	29.640000	30.800000
	124.620000	30.024000	25.000000
	124.640000	30.300000	19.400000
	124.660000	30.468000	13.800000
	124.680000	30.516000	8.200000
	124.700000	30.468000	2.800000
	124.720000	30.300000	-2.800000
	124.740000	30.024000	-8.200000
	124.760000	29.640000	-13.800000
	124.780000	29.160000	-19.000000
	124.800000	28.596000	-23.800000
	124.820000	27.948000	-28.200000
	124.840000	27.204000	-32.600000
	124.860000	26.352000	-37.400000
	124.880000	25.416000	-42.200000
	124.900000	24.396000	-46.800000
	124.920000	23.304000	-50.800000
	124.940000	22.140000	-54.600000
	124.960000	20.904000	-58.200000
	124.980000	19.632000	-61.200000
	125.000000	18.276000	-64.400000
	125.020000	16.884000	-67.000000
	125.040000	15.420000	-70.200000
	125.060000	13.920000	-72.600000
	125.080000	12.384000	-75.000000
	125.100000	10.812000	-76.800000
	125.120000	9.240000	-78.000000
	125.140000	7.632000	-79.200000
	125.160000	6.024000	-79.800000
	125.180000	4.380000	-81.000000
	125.200000	2.772000	-81.000000
	125.220000	1.188000	-80.600000
	125.240000	-0.384000	-79.400000
	125.260000	-1.956000	-78.800000
	125.280000	-3.504000	-78.200000
	125.300000	-5.004000	-77.000000
	125.320000	-6.444000	-74.800000
	125.340000	-7.848000	-72.400000
	125.360000	-9.216000	-70.200000
	125.380000	-10.500000	-67.600000
	125.400000	-11.724000	-64.600000
	125.420000	-12.852000	-60.600000
	125.440000	-13.944000	-57.400000
	125.460000	-14.940000	-53.600000
	125.480000	-15.852000	-50.000000
	125.500000	-16.656000	-45.200000
	125.520000	-17.376000	-40.600000
	125.540000	-17.988000	-35.600000
	125.560000	-18.516000	-31.000000
	125.580000	-18.936000	-26.000000
	125.600000	-19.260000	-21.200000
	125.620000	-19.476000	-16.000000
	125.640000	-19.596000	-11.000000
	125.660000	-19.608000	-5.800000
	125.680000	-19.524000	-0.800000
	125.700000	-19.332000	4.400000
	125.720000	-19.068000	9.000000
	125.740000	-18.708000	13.600000
	125.760000	-18.264000	17.800000
	125.780000	-17.736000	22.200000
	125.800000	-17.136000	26.200000
	125.820000	-16.452000	30.200000
	125.840000	-15.684000	34.200000
	125.860000	-14.844000	38.200000
	125.880000	-13.932000	42.000000
	125.900000	-12.972000	45.200000
	125.920000	-11.940000	48.400000
	125.940000	-10.884000	50.800000
	125.960000	-9.780000	53.200000
	125.980000	-8.640000	55.000000
	126.000000	-7.452000	57.200000
	126.020000	-6.228000	59.200000
	126.040000	-4.980000	61.000000
	126.060000	-3.720000	62.200000
	126.080000	-2.424000	63.400000
	126.100000	-1.116000	64.400000
	126.120000	0.204000	65.400000
	126.140000	1.512000	65.600000
	126.160000	2.796000	65.200000
	126.180000	4.080000	64.600000
	126.200000	5.352000	64.000000
	126.220000	6.600000	63.400000
	126.240000	7.824000	62.400000
	126.260000	9.024000	61.200000
	126.280000	10.212000	60.200000
	126.300000	11.340000	58.600000
	126.320000	12.420000	56.600000
	126.340000	13.440000	53.800000
	126.360000	14.412000	51.200000
	126.380000	15.336000	48.600000
	126.400000	16.224000	46.400000
	126.420000	17.052000	44.000000
	126.440000	17.820000	41.400000
	126.460000	18.516000	38.200000
	126.480000	19.176000	35.400000
	126.500000	19.764000	32.400000
	126.520000	20.280000	29.400000
	126.540000	20.712000	25.600000
	126.560000	21.084000	22.000000
	126.580000	21.396000	18.600000
	126.600000	21.636000	15.400000
	126.620000	21.804000	12.000000
	126.640000	21.900000	8.400000
	126.660000	21.936000	5.000000
	126.680000	21.900000	1.600000
	126.700000	21.804000	-1.600000
	126.720000	21.636000	-5.000000
	126.740000	21.420000	-8.000000
	126.760000	21.132000	-11.200000
	126.780000	20.796000	-14.000000
	126.800000	20.400000	-17.000000
	126.820000	19.968000	-19.400000
	126.840000	19.476000	-22.000000
	126.860000	18.936000	-24.400000
	126.880000	18.348000	-27.000000
	126.900000	17.712000	-29.400000
	126.920000	17.040000	-31.600000
	126.940000	16.296000	-34.200000
	126.960000	15.540000	-36.200000
	126.980000	14.736000	-38.400000
	127.000000	13.932000	-39.400000
	127.020000	13.068000	-41.200000
	127.040000	12.180000	-42.600000
	127.060000	11.244000	-44.800000
	127.080000	10.308000	-46.000000
	127.100000	9.336000	-47.400000
	127.120000	8.364000	-48.000000
	127.140000	7.368000	-49.000000
	127.160000	6.372000	-49.400000
	127.180000	5.364000	-50.000000
	127.200000	4.356000	-50.200000
	127.220000	3.336000	-50.600000
	127.240000	2.328000	-50.600000
	127.260000	1.320000	-50.600000
	127.280000	0.336000	-50.000000
	127.300000	-0.648000	-49.600000
	127.320000	-1.608000	-48.800000
	127.340000	-2.556000	-48.200000
	127.360000	-3.480000	-47.200000
	127.380000	-4.368000	-46.000000
	127.400000	-5.244000	-44.800000
	127.420000	-6.060000	-43.000000
	127.440000	-6.852000	-41.400000
	127.460000	-7.584000	-39.000000
	127.480000	-8.304000	-37.400000
	127.500000	-8.976000	-35.400000
	127.520000	-9.600000	-33.600000
	127.540000	-10.164000	-31.000000
	127.560000	-10.680000	-28.400000
	127.580000	-11.136000	-25.600000
	127.600000	-11.544000	-23.000000
	127.620000	-11.892000	-20.200000
	127.640000	-12.192000	-17.600000
	127.660000	-12.432000	-14.800000
	127.680000	-12.612000	-12.000000
	127.700000	-12.720000	-8.800000
	127.720000	-12.768000	-5.600000
	127.740000	-12.768000	-2.600000
	127.760000	-12.708000	0.200000
	127.780000	-12.588000	3.000000
	127.800000	-12.408000	6.000000
	127.820000	-12.192000	8.600000
	127.840000	-11.916000	11.200000
	127.860000	-11.604000	13.400000
	127.880000	-11.232000	16.000000
	127.900000	-10.824000	18.200000
	127.920000	-10.356000	20.800000
	127.940000	-9.864000	22.800000
	127.960000	-9.324000	25.000000
	127.980000	-8.748000	26.800000
	128.000000	-8.124000	29.000000
	128.020000	-7.476000	30.800000
	128.040000	-6.792000	32.600000
	128.060000	-6.072000	34.200000
	128.080000	-5.316000	36.000000
	128.100000	-4.524000	37.800000
	128.120000	-3.696000	39.600000
	128.140000	-2.856000	41.000000
	128.160000	-1.992000	42.200000
	128.180000	-1.128000	42.800000
	128.200000	-0.240000	43.600000
	128.220000	0.660000	44.200000
	128.240000	1.584000	45.200000
	128.260000	2.508000	45.800000
	128.280000	3.444000	46.400000
	128.300000	4.380000	46.600000
	128.320000	5.340000	47.200000
	128.340000	6.252000	46.800000
	128.360000	7.140000	46.000000
	128.380000	8.004000	44.400000
	128.400000	8.892000	44.000000
	128.420000	9.768000	43.800000
	128.440000	10.620000	43.600000
	128.460000	11.448000	42.600000
	128.480000	12.252000	41.400000
	128.500000	13.020000	40.000000
	128.520000	13.728000	38.000000
	128.540000	14.412000	36.000000
	128.560000	15.060000	34.000000
	128.580000	15.708000	33.000000
	128.600000	16.296000	31.400000
	128.620000	16.848000	29.800000
	128.640000	17.340000	27.200000
	128.660000	17.796000	25.000000
	128.680000	18.204000	22.600000
	128.700000	18.552000	20.200000
	128.720000	18.840000	17.400000
	128.740000	19.080000	14.600000
	128.760000	19.260000	11.800000
	128.780000	19.392000	9.200000
	128.800000	19.464000	6.400000
	128.820000	19.488000	3.800000
	128.840000	19.452000	1.000000
	128.860000	19.356000	-1.800000
	128.880000	19.200000	-4.800000
	128.900000	18.996000	-7.600000
	128.920000	18.744000	-10.200000
	128.940000	18.444000	-12.600000
	128.960000	18.096000	-15.000000
	128.980000	17.688000	-17.600000
	129.000000	17.232000	-20.200000
	129.020000	16.728000	-22.800000
	129.040000	16.188000	-25.000000
	129.060000	15.588000	-27.400000
	129.080000	14.940000	-29.800000
	129.100000	14.244000	-32.400000
	129.120000	13.512000	-34.600000
	129.140000	12.732000	-36.800000
	129.160000	11.916000	-38.800000
	129.180000	11.064000	-40.800000
	129.200000	10.188000	-42.400000
	129.220000	9.264000	-44.200000
	129.240000	8.316000	-45.800000
	129.260000	7.344000	-47.400000
	129.280000	6.348000	-48.600000
	129.300000	5.340000	-49.600000
	129.320000	4.296000	-50.800000
	129.340000	3.240000	-51.800000
	129.360000	2.172000	-52.800000
	129.380000	1.104000	-53.200000
	129.400000	0.048000	-53.200000
	129.420000	-1.020000	-53.200000
	129.440000	-2.076000	-53.000000
	129.460000	-3.132000	-53.000000
	129.480000	-4.164000	-52.400000
	129.500000	-5.160000	-51.400000
	129.520000	-6.132000	-50.000000
	129.540000	-7.080000	-48.600000
	129.560000	-8.016000	-47.600000
	129.580000	-8.892000	-46.000000
	129.600000	-9.732000	-44.200000
	129.620000	-10.524000	-41.800000
	129.640000	-11.268000	-39.600000
	129.660000	-11.952000	-37.000000
	129.680000	-12.576000	-34.200000
	129.700000	-13.152000	-31.400000
	129.720000	-13.656000	-28.400000
	129.740000	-14.088000	-25.200000
	129.760000	-14.460000	-21.800000
	129.780000	-14.760000	-18.400000
	129.800000	-14.988000	-15.000000
	129.820000	-15.132000	-11.200000
	129.840000	-15.204000	-7.400000
	129.860000	-15.192000	-3.400000
	129.880000	-15.108000	0.400000
	129.900000	-14.952000	4.200000
	129.920000	-14.724000	7.800000
	129.940000	-14.424000	11.400000
	129.960000	-14.052000	15.000000
	129.980000	-13.608000	18.600000
	130.000000	-13.092000	22.200000
	130.020000	-12.516000	25.600000
	130.040000	-11.880000	28.800000
	130.060000	-11.196000	31.600000
	130.080000	-10.452000	34.400000
	130.100000	-9.648000	37.200000
	130.120000	-8.772000	40.400000
	130.140000	-7.836000	43.600000
	130.160000	-6.852000	46.600000
	130.180000	-5.844000	48.800000
	130.200000	-4.800000	50.600000
	130.220000	-3.720000	52.200000
	130.240000	-2.604000	54.000000
	130.260000	-1.440000	56.000000
	130.280000	-0.252000	57.800000
	130.300000	0.972000	59.600000
	130.320000	2.220000	61.000000
	130.340000	3.444000	61.600000
	130.360000	4.692000	62.000000
	130.380000	5.928000	61.800000
	130.400000	7.176000	62.200000
	130.420000	8.412000	62.000000
	130.440000	9.636000	61.800000
	130.460000	10.848000	61.200000
	130.480000	12.024000	60.200000
	130.500000	13.164000	58.800000
	130.520000	14.292000	57.400000
	130.540000	15.372000	55.800000
	130.560000	16.428000	54.400000
	130.580000	17.412000	52.000000
	130.600000	18.360000	49.800000
	130.620000	19.248000	47.000000
	130.640000	20.100000	44.800000
	130.660000	20.868000	41.800000
	130.680000	21.576000	38.800000
	130.700000	22.200000	35.000000
	130.720000	22.776000	31.800000
	130.740000	23.268000	28.200000
	130.760000	23.688000	24.800000
	130.780000	24.024000	20.800000
	130.800000	24.276000	16.800000
	130.820000	24.456000	12.800000
	130.840000	24.552000	8.800000
	130.860000	24.564000	4.800000
	130.880000	24.492000	0.600000
	130.900000	24.348000	-3.400000
	130.920000	24.120000	-7.400000
	130.940000	23.808000	-11.400000
	130.960000	23.412000	-15.600000
	130.980000	22.944000	-19.600000
	131.000000	22.392000	-23.600000
	131.020000	21.768000	-27.400000
	131.040000	21.084000	-31.000000
	131.060000	20.340000	-34.200000
	131.080000	19.524000	-37.400000
	131.100000	18.600000	-41.400000
	131.120000	17.616000	-45.400000
	131.140000	16.572000	-49.200000
	131.160000	15.468000	-52.200000
	131.180000	14.316000	-55.000000
	131.200000	13.092000	-58.000000
	131.220000	11.856000	-60.200000
	131.240000	10.548000	-62.800000
	131.260000	9.228000	-64.400000
	131.280000	7.884000	-66.200000
	131.300000	6.516000	-67.200000
	131.320000	5.100000	-68.800000
	131.340000	3.660000	-70.400000
	131.360000	2.184000	-72.200000
	131.380000	0.732000	-72.800000
	131.400000	-0.720000	-73.000000
	131.420000	-2.136000	-72.000000
	131.440000	-3.540000	-71.200000
	131.460000	-4.944000	-70.400000
	131.480000	-6.324000	-69.800000
	131.500000	-7.692000	-69.200000
	131.520000	-9.000000	-67.600000
	131.540000	-10.248000	-65.400000
	131.560000	-11.436000	-62.400000
	131.580000	-12.588000	-59.800000
	131.600000	-13.668000	-57.000000
	131.620000	-14.688000	-54.200000
	131.640000	-15.612000	-50.400000
	131.660000	-16.464000	-46.600000
	131.680000	-17.232000	-42.400000
	131.700000	-17.916000	-38.400000
	131.720000	-18.504000	-34.000000
	131.740000	-18.984000	-29.200000
	131.760000	-19.380000	-24.400000
	131.780000	-19.680000	-19.600000
	131.800000	-19.872000	-14.800000
	131.820000	-19.944000	-9.400000
	131.840000	-19.920000	-4.000000
	131.860000	-19.800000	1.200000
	131.880000	-19.584000	6.000000
	131.900000	-19.260000	11.000000
	131.920000	-18.840000	16.000000
	131.940000	-18.336000	20.800000
	131.960000	-17.736000	25.400000
	131.980000	-17.052000	29.800000
	132.000000	-16.272000	34.400000
	132.020000	-15.408000	38.800000
	132.040000	-14.448000	43.400000
	132.060000	-13.428000	47.400000
	132.080000	-12.336000	51.200000
	132.100000	-11.196000	54.200000
	132.120000	-9.972000	57.600000
	132.140000	-8.712000	60.400000
	132.160000	-7.380000	63.600000
	132.180000	-6.024000	65.800000
	132.200000	-4.608000	68.400000
	132.220000	-3.156000	70.400000
	132.240000	-1.644000	73.000000
	132.260000	-0.132000	74.600000
	132.280000	1.380000	75.600000
	132.300000	2.916000	76.000000
	132.320000	4.488000	77.000000
	132.340000	6.036000	77.600000
	132.360000	7.548000	77.200000
	132.380000	9.048000	76.000000
	132.400000	10.560000	75.400000
	132.420000	12.036000	74.800000
	132.440000	13.440000	73.200000
	132.460000	14.808000	70.800000
	132.480000	16.152000	68.600000
	132.500000	17.460000	67.000000
	132.520000	18.720000	65.200000
	132.540000	19.908000	62.600000
	132.560000	21.024000	59.400000
	132.580000	22.068000	55.800000
	132.600000	23.028000	52.000000
	132.620000	23.940000	48.600000
	132.640000	24.744000	44.600000
	132.660000	25.476000	40.800000
	132.680000	26.124000	36.400000
	132.700000	26.676000	32.200000
	132.720000	27.144000	27.800000
	132.740000	27.492000	22.800000
	132.760000	27.768000	18.200000
	132.780000	27.924000	13.000000
	132.800000	27.984000	8.200000
	132.820000	27.936000	2.800000
	132.840000	27.804000	-2.000000
	132.860000	27.564000	-7.000000
	132.880000	27.240000	-11.600000
	132.900000	26.820000	-16.400000
	132.920000	26.316000	-20.800000
	132.940000	25.704000	-25.600000
	132.960000	25.020000	-30.000000
	132.980000	24.240000	-34.600000
	133.000000	23.400000	-38.400000
	133.020000	22.464000	-42.600000
	133.040000	21.456000	-46.400000
	133.060000	20.364000	-50.600000
	133.080000	19.212000	-54.200000
	133.100000	17.964000	-58.200000
	133.120000	16.680000	-61.400000
	133.140000	15.324000	-64.800000
	133.160000	13.944000	-67.000000
	133.180000	12.504000	-69.600000
	133.200000	11.004000	-72.000000
	133.220000	9.480000	-74.400000
	133.240000	7.920000	-76.400000
	133.260000	6.348000	-77.600000
	133.280000	4.752000	-78.800000
	133.300000	3.144000	-79.600000
	133.320000	1.536000	-80.200000
	133.340000	-0.072000	-80.400000
	133.360000	-1.668000	-80.200000
	133.380000	-3.228000	-79.400000
	133.400000	-4.764000	-78.200000
	133.420000	-6.276000	-76.800000
	133.440000	-7.752000	-75.400000
	133.460000	-9.180000	-73.600000
	133.480000	-10.584000	-71.800000
	133.500000	-11.916000	-69.400000
	133.520000	-13.176000	-66.600000
	133.540000	-14.352000	-62.800000
	133.560000	-15.456000	-59.000000
	133.580000	-16.488000	-55.200000
	133.600000	-17.412000	-51.000000
	133.620000	-18.264000	-46.800000
	133.640000	-19.008000	-42.000000
	133.660000	-19.656000	-37.400000
	133.680000	-20.208000	-32.400000
	133.700000	-20.640000	-27.200000
	133.720000	-20.976000	-22.000000
	133.740000	-21.192000	-16.400000
	133.760000	-21.312000	-11.200000
	133.780000	-21.312000	-5.600000
	133.800000	-21.204000	-0.200000
	133.820000	-20.988000	5.400000
	133.840000	-20.664000	10.800000
	133.860000	-20.232000	16.200000
	133.880000	-19.704000	21.400000
	133.900000	-19.092000	26.200000
	133.920000	-18.396000	30.600000
	133.940000	-17.604000	35.000000
	133.960000	-16.716000	39.600000
	133.980000	-15.744000	44.200000
	134.000000	-14.688000	48.600000
	134.020000	-13.572000	52.400000
	134.040000	-12.384000	56.000000
	134.060000	-11.136000	59.200000
	134.080000	-9.828000	62.400000
	134.100000	-8.460000	65.400000
	134.120000	-7.044000	68.200000
	134.140000	-5.568000	71.000000
	134.160000	-4.104000	72.600000
	134.180000	-2.616000	73.800000
	134.200000	-1.104000	74.400000
	134.220000	0.468000	76.200000
	134.240000	2.028000	77.400000
	134.260000	3.588000	78.200000
	134.280000	5.148000	78.000000
	134.300000	6.708000	78.000000
	134.320000	8.220000	77.200000
	134.340000	9.708000	76.000000
	134.360000	11.160000	74.200000
	134.380000	12.612000	73.200000
	134.400000	14.016000	71.800000
	134.420000	15.372000	70.200000
	134.440000	16.692000	68.000000
	134.460000	17.940000	65.400000
	134.480000	19.140000	62.800000
	134.500000	20.256000	59.400000
	134.520000	21.300000	56.000000
	134.540000	22.272000	52.200000
	134.560000	23.172000	48.600000
	134.580000	24.012000	45.200000
	134.600000	24.768000	41.600000
	134.620000	25.416000	37.400000
	134.640000	25.968000	32.600000
	134.660000	26.436000	27.800000
	134.680000	26.820000	23.400000
	134.700000	27.108000	19.000000
	134.720000	27.300000	14.400000
	134.740000	27.396000	9.600000
	134.760000	27.396000	4.800000
	134.780000	27.300000	-5.928591E-14
	134.800000	27.108000	-4.800000
	134.820000	26.832000	-9.400000
	134.840000	26.460000	-14.000000
	134.860000	26.016000	-18.200000
	134.880000	25.476000	-22.600000
	134.900000	24.864000	-26.600000
	134.920000	24.168000	-30.800000
	134.940000	23.412000	-34.400000
	134.960000	22.560000	-38.400000
	134.980000	21.636000	-42.200000
	135.000000	20.640000	-46.200000
	135.020000	19.584000	-49.600000
	135.040000	18.456000	-53.000000
	135.060000	17.256000	-56.400000
	135.080000	16.020000	-59.400000
	135.100000	14.748000	-61.800000
	135.120000	13.428000	-63.800000
	135.140000	12.048000	-66.200000
	135.160000	10.644000	-68.400000
	135.180000	9.204000	-70.400000
	135.200000	7.752000	-71.600000
	135.220000	6.264000	-73.000000
	135.240000	4.776000	-73.800000
	135.260000	3.276000	-74.600000
	135.280000	1.764000	-75.000000
	135.300000	0.276000	-75.000000
	135.320000	-1.200000	-74.600000
	135.340000	-2.640000	-73.400000
	135.360000	-4.080000	-72.600000
	135.380000	-5.460000	-71.000000
	135.400000	-6.828000	-69.800000
	135.420000	-8.136000	-67.600000
	135.440000	-9.408000	-65.800000
	135.460000	-10.632000	-63.400000
	135.480000	-11.784000	-60.800000
	135.500000	-12.876000	-57.800000
	135.520000	-13.872000	-54.000000
	135.540000	-14.832000	-50.800000
	135.560000	-15.708000	-47.200000
	135.580000	-16.488000	-43.600000
	135.600000	-17.160000	-38.800000
	135.620000	-17.760000	-34.200000
	135.640000	-18.276000	-29.800000
	135.660000	-18.696000	-25.600000
	135.680000	-19.008000	-20.800000
	135.700000	-19.224000	-15.800000
	135.720000	-19.332000	-10.600000
	135.740000	-19.344000	-5.600000
	135.760000	-19.260000	-0.600000
	135.780000	-19.092000	4.000000
	135.800000	-18.816000	8.800000
	135.820000	-18.456000	13.400000
	135.840000	-18.000000	18.200000
	135.860000	-17.484000	22.200000
	135.880000	-16.884000	26.200000
	135.900000	-16.200000	30.000000
	135.920000	-15.444000	34.000000
	135.940000	-14.604000	38.000000
	135.960000	-13.692000	41.800000
	135.980000	-12.684000	46.000000
	136.000000	-11.640000	49.400000
	136.020000	-10.560000	52.200000
	136.040000	-9.456000	53.800000
	136.060000	-8.280000	56.000000
	136.080000	-7.044000	58.600000
	136.100000	-5.772000	61.400000
	136.120000	-4.452000	63.800000
	136.140000	-3.120000	65.400000
	136.160000	-1.752000	67.000000
	136.180000	-0.408000	67.400000
	136.200000	0.972000	68.200000
	136.220000	2.340000	68.200000
	136.240000	3.732000	69.000000
	136.260000	5.100000	68.800000
	136.280000	6.456000	68.600000
	136.300000	7.800000	67.800000
	136.320000	9.120000	67.000000
	136.340000	10.416000	66.000000
	136.360000	11.676000	64.600000
	136.380000	12.888000	62.800000
	136.400000	14.076000	61.000000
	136.420000	15.192000	58.600000
	136.440000	16.272000	56.400000
	136.460000	17.304000	53.800000
	136.480000	18.276000	51.400000
	136.500000	19.188000	48.600000
	136.520000	20.028000	45.400000
	136.540000	20.820000	42.400000
	136.560000	21.540000	39.200000
	136.580000	22.176000	35.800000
	136.600000	22.740000	32.000000
	136.620000	23.232000	28.200000
	136.640000	23.652000	24.600000
	136.660000	24.000000	21.000000
	136.680000	24.252000	17.000000
	136.700000	24.432000	13.000000
	136.720000	24.516000	8.600000
	136.740000	24.528000	4.600000
	136.760000	24.456000	0.400000
	136.780000	24.312000	-3.400000
	136.800000	24.096000	-7.200000
	136.820000	23.808000	-10.800000
	136.840000	23.436000	-14.600000
	136.860000	23.004000	-18.200000
	136.880000	22.500000	-21.800000
	136.900000	21.936000	-25.000000
	136.920000	21.288000	-28.600000
	136.940000	20.592000	-31.800000
	136.960000	19.824000	-35.200000
	136.980000	19.008000	-38.000000
	137.000000	18.108000	-41.400000
	137.020000	17.184000	-44.000000
	137.040000	16.212000	-46.600000
	137.060000	15.192000	-48.600000
	137.080000	14.124000	-51.000000
	137.100000	13.008000	-53.400000
	137.120000	11.844000	-55.800000
	137.140000	10.656000	-57.800000
	137.160000	9.420000	-59.800000
	137.180000	8.196000	-60.800000
	137.200000	6.924000	-62.200000
	137.220000	5.652000	-62.800000
	137.240000	4.380000	-63.600000
	137.260000	3.096000	-63.800000
	137.280000	1.836000	-63.600000
	137.300000	0.576000	-63.400000
	137.320000	-0.672000	-62.800000
	137.340000	-1.932000	-62.800000
	137.360000	-3.168000	-62.400000
	137.380000	-4.368000	-61.600000
	137.400000	-5.520000	-59.800000
	137.420000	-6.660000	-58.200000
	137.440000	-7.764000	-56.600000
	137.460000	-8.820000	-55.000000
	137.480000	-9.828000	-52.800000
	137.500000	-10.764000	-50.000000
	137.520000	-11.652000	-47.200000
	137.540000	-12.480000	-44.200000
	137.560000	-13.260000	-41.600000
	137.580000	-13.968000	-38.600000
	137.600000	-14.592000	-35.200000
	137.620000	-15.132000	-31.200000
	137.640000	-15.600000	-27.200000
	137.660000	-15.996000	-23.400000
	137.680000	-16.308000	-19.600000
	137.700000	-16.536000	-15.600000
	137.720000	-16.668000	-11.200000
	137.740000	-16.728000	-7.000000
	137.760000	-16.704000	-2.800000
	137.780000	-16.596000	1.200000
	137.800000	-16.404000	5.400000
	137.820000	-16.140000	9.400000
	137.840000	-15.804000	13.200000
	137.860000	-15.384000	17.000000
	137.880000	-14.892000	20.800000
	137.900000	-14.340000	24.400000
	137.920000	-13.740000	27.400000
	137.940000	-13.068000	30.400000
	137.960000	-12.324000	33.600000
	137.980000	-11.532000	36.800000
	138.000000	-10.680000	39.800000
	138.020000	-9.780000	42.400000
	138.040000	-8.820000	45.200000
	138.060000	-7.824000	47.600000
	138.080000	-6.792000	49.800000
	138.100000	-5.724000	51.600000
	138.120000	-4.620000	53.400000
	138.140000	-3.504000	54.800000
	138.160000	-2.352000	56.200000
	138.180000	-1.176000	57.400000
	138.200000	0.036000	59.000000
	138.220000	1.236000	59.800000
	138.240000	2.448000	60.400000
	138.260000	3.648000	60.200000
	138.280000	4.872000	60.600000
	138.300000	6.060000	60.200000
	138.320000	7.248000	60.000000
	138.340000	8.400000	58.800000
	138.360000	9.552000	58.200000
	138.380000	10.668000	57.000000
	138.400000	11.784000	56.400000
	138.420000	12.864000	55.200000
	138.440000	13.896000	53.800000
	138.460000	14.868000	51.400000
	138.480000	15.792000	48.800000
	138.500000	16.680000	46.400000
	138.520000	17.532000	44.400000
	138.540000	18.312000	42.000000
	138.560000	19.044000	39.400000
	138.580000	19.704000	36.200000
	138.600000	20.316000	33.400000
	138.620000	20.856000	30.200000
	138.640000	21.336000	27.200000
	138.660000	21.744000	23.800000
	138.680000	22.092000	20.600000
	138.700000	22.356000	17.000000
	138.720000	22.560000	13.600000
	138.740000	22.692000	10.000000
	138.760000	22.752000	6.600000
	138.780000	22.740000	3.000000
	138.800000	22.656000	-0.600000
	138.820000	22.512000	-4.000000
	138.840000	22.296000	-7.400000
	138.860000	22.008000	-10.800000
	138.880000	21.660000	-14.200000
	138.900000	21.252000	-17.400000
	138.920000	20.784000	-20.400000
	138.940000	20.244000	-23.600000
	138.960000	19.644000	-26.800000
	138.980000	18.984000	-30.000000
	139.000000	18.276000	-32.800000
	139.020000	17.532000	-35.200000
	139.040000	16.728000	-37.600000
	139.060000	15.864000	-40.200000
	139.080000	14.928000	-43.400000
	139.100000	13.956000	-46.200000
	139.120000	12.972000	-48.200000
	139.140000	11.952000	-49.600000
	139.160000	10.884000	-51.200000
	139.180000	9.780000	-53.200000
	139.200000	8.640000	-55.200000
	139.220000	7.488000	-56.600000
	139.240000	6.312000	-57.800000
	139.260000	5.124000	-58.600000
	139.280000	3.936000	-59.200000
	139.300000	2.724000	-59.800000
	139.320000	1.512000	-60.200000
	139.340000	0.288000	-60.800000
	139.360000	-0.924000	-60.800000
	139.380000	-2.124000	-60.600000
	139.400000	-3.288000	-59.600000
	139.420000	-4.428000	-58.400000
	139.440000	-5.544000	-57.000000
	139.460000	-6.636000	-55.800000
	139.480000	-7.692000	-54.400000
	139.500000	-8.688000	-52.400000
	139.520000	-9.648000	-50.200000
	139.540000	-10.560000	-47.800000
	139.560000	-11.436000	-45.800000
	139.580000	-12.240000	-43.200000
	139.600000	-12.972000	-40.200000
	139.620000	-13.644000	-36.800000
	139.640000	-14.256000	-33.600000
	139.660000	-14.808000	-30.600000
	139.680000	-15.264000	-27.000000
	139.700000	-15.636000	-23.000000
	139.720000	-15.936000	-18.800000
	139.740000	-16.164000	-15.000000
	139.760000	-16.320000	-11.400000
	139.780000	-16.380000	-7.400000
	139.800000	-16.368000	-3.400000
	139.820000	-16.260000	1.000000
	139.840000	-16.080000	5.000000
	139.860000	-15.816000	9.200000
	139.880000	-15.492000	12.800000
	139.900000	-15.096000	16.400000
	139.920000	-14.616000	20.000000
	139.940000	-14.064000	23.800000
	139.960000	-13.464000	27.200000
	139.980000	-12.792000	30.400000
	140.000000	-12.084000	33.000000
	140.020000	-11.280000	36.400000
	140.040000	-10.452000	39.000000
	140.060000	-9.540000	42.400000
	140.080000	-8.604000	44.600000
	140.100000	-7.596000	47.600000
	140.120000	-6.552000	49.800000
	140.140000	-5.460000	52.400000
	140.160000	-4.308000	54.800000
	140.180000	-3.156000	56.600000
	140.200000	-1.968000	58.200000
	140.220000	-0.816000	58.200000
	140.240000	0.408000	59.400000
	140.260000	1.632000	60.000000
	140.280000	2.892000	61.800000
	140.300000	4.140000	62.200000
	140.320000	5.400000	62.800000
	140.340000	6.624000	62.200000
	140.360000	7.848000	61.800000
	140.380000	9.024000	60.400000
	140.400000	10.212000	59.800000
	140.420000	11.364000	58.600000
	140.440000	12.516000	58.200000
	140.460000	13.620000	56.800000
	140.480000	14.664000	55.000000
	140.500000	15.672000	52.600000
	140.520000	16.644000	50.400000
	140.540000	17.580000	48.600000
	140.560000	18.456000	46.400000
	140.580000	19.260000	43.600000
	140.600000	20.028000	40.800000
	140.620000	20.724000	37.800000
	140.640000	21.372000	35.200000
	140.660000	21.924000	31.600000
	140.680000	22.404000	28.000000
	140.700000	22.812000	24.000000
	140.720000	23.160000	20.600000
	140.740000	23.436000	17.200000
	140.760000	23.640000	13.800000
	140.780000	23.760000	10.000000
	140.800000	23.808000	6.200000
	140.820000	23.772000	2.200000
	140.840000	23.652000	-1.800000
	140.860000	23.460000	-5.800000
	140.880000	23.196000	-9.600000
	140.900000	22.872000	-13.000000
	140.920000	22.464000	-16.600000
	140.940000	21.996000	-20.000000
	140.960000	21.456000	-23.600000
	140.980000	20.868000	-26.600000
	141.000000	20.196000	-30.000000
	141.020000	19.464000	-33.200000
	141.040000	18.672000	-36.600000
	141.060000	17.808000	-39.800000
	141.080000	16.896000	-42.800000
	141.100000	15.912000	-46.000000
	141.120000	14.904000	-48.400000
	141.140000	13.824000	-51.200000
	141.160000	12.720000	-53.200000
	141.180000	11.556000	-55.800000
	141.200000	10.356000	-57.800000
	141.220000	9.108000	-60.200000
	141.240000	7.836000	-62.000000
	141.260000	6.576000	-63.000000
	141.280000	5.292000	-63.600000
	141.300000	3.972000	-64.400000
	141.320000	2.628000	-65.800000
	141.340000	1.296000	-66.600000
	141.360000	0.000000	-66.200000
	141.380000	-1.308000	-65.600000
	141.400000	-2.616000	-65.200000
	141.420000	-3.900000	-65.000000
	141.440000	-5.172000	-64.400000
	141.460000	-6.408000	-63.200000
	141.480000	-7.620000	-62.000000
	141.500000	-8.772000	-60.000000
	141.520000	-9.876000	-57.800000
	141.540000	-10.932000	-55.200000
	141.560000	-11.928000	-52.600000
	141.580000	-12.876000	-50.000000
	141.600000	-13.740000	-46.800000
	141.620000	-14.544000	-43.600000
	141.640000	-15.264000	-39.800000
	141.660000	-15.924000	-36.400000
	141.680000	-16.488000	-32.400000
	141.700000	-16.968000	-28.400000
	141.720000	-17.376000	-24.200000
	141.740000	-17.688000	-20.000000
	141.760000	-17.916000	-15.800000
	141.780000	-18.036000	-11.000000
	141.800000	-18.072000	-6.400000
	141.820000	-18.012000	-1.600000
	141.840000	-17.856000	3.000000
	141.860000	-17.616000	7.600000
	141.880000	-17.292000	12.000000
	141.900000	-16.884000	16.200000
	141.920000	-16.404000	20.200000
	141.940000	-15.840000	24.200000
	141.960000	-15.216000	27.800000
	141.980000	-14.496000	31.800000
	142.000000	-13.704000	35.600000
	142.020000	-12.828000	39.800000
	142.040000	-11.904000	43.200000
	142.060000	-10.920000	46.400000
	142.080000	-9.888000	49.000000
	142.100000	-8.796000	51.800000
	142.120000	-7.644000	54.600000
	142.140000	-6.456000	57.200000
	142.160000	-5.244000	59.200000
	142.180000	-3.996000	60.800000
	142.200000	-2.712000	62.400000
	142.220000	-1.356000	64.800000
	142.240000	0.012000	66.800000
	142.260000	1.404000	68.600000
	142.280000	2.772000	68.800000
	142.300000	4.140000	68.800000
	142.320000	5.496000	68.200000
	142.340000	6.852000	68.000000
	142.360000	8.208000	67.800000
	142.380000	9.564000	67.800000
	142.400000	10.872000	67.000000
	142.420000	12.168000	66.000000
	142.440000	13.392000	63.800000
	142.460000	14.604000	62.200000
	142.480000	15.732000	59.400000
	142.500000	16.848000	57.600000
	142.520000	17.904000	55.000000
	142.540000	18.924000	53.200000
	142.560000	19.884000	50.600000
	142.580000	20.784000	48.000000
	142.600000	21.612000	44.800000
	142.620000	22.356000	41.200000
	142.640000	23.028000	37.400000
	142.660000	23.616000	33.400000
	142.680000	24.132000	29.600000
	142.700000	24.576000	25.800000
	142.720000	24.936000	22.000000
	142.740000	25.224000	18.200000
	142.760000	25.404000	13.800000
	142.780000	25.512000	9.600000
	142.800000	25.524000	5.000000
	142.820000	25.452000	0.800000
	142.840000	25.296000	-3.600000
	142.860000	25.044000	-8.000000
	142.880000	24.732000	-12.000000
	142.900000	24.336000	-16.000000
	142.920000	23.868000	-19.600000
	142.940000	23.316000	-23.600000
	142.960000	22.692000	-27.400000
	142.980000	21.996000	-31.200000
	143.000000	21.228000	-34.800000
	143.020000	20.388000	-38.400000
	143.040000	19.476000	-42.000000
	143.060000	18.504000	-45.400000
	143.080000	17.460000	-48.800000
	143.100000	16.380000	-51.600000
	143.120000	15.228000	-54.600000
	143.140000	14.028000	-57.200000
	143.160000	12.780000	-60.000000
	143.180000	11.496000	-62.200000
	143.200000	10.176000	-64.200000
	143.220000	8.784000	-66.600000
	143.240000	7.404000	-68.200000
	143.260000	6.012000	-69.400000
	143.280000	4.608000	-69.600000
	143.300000	3.180000	-70.400000
	143.320000	1.752000	-71.000000
	143.340000	0.348000	-71.000000
	143.360000	-1.056000	-70.600000
	143.380000	-2.472000	-70.400000
	143.400000	-3.840000	-69.800000
	143.420000	-5.220000	-69.400000
	143.440000	-6.540000	-67.800000
	143.460000	-7.860000	-67.000000
	143.480000	-9.108000	-64.800000
	143.500000	-10.332000	-63.200000
	143.520000	-11.472000	-60.200000
	143.540000	-12.540000	-57.200000
	143.560000	-13.536000	-53.400000
	143.580000	-14.484000	-50.200000
	143.600000	-15.372000	-47.200000
	143.620000	-16.152000	-43.600000
	143.640000	-16.848000	-39.400000
	143.660000	-17.460000	-34.800000
	143.680000	-18.000000	-30.800000
	143.700000	-18.432000	-26.400000
	143.720000	-18.756000	-21.600000
	143.740000	-18.984000	-16.400000
	143.760000	-19.116000	-11.400000
	143.780000	-19.164000	-6.800000
	143.800000	-19.104000	-2.000000
	143.820000	-18.948000	2.800000
	143.840000	-18.696000	7.800000
	143.860000	-18.360000	12.400000
	143.880000	-17.940000	16.800000
	143.900000	-17.436000	21.000000
	143.920000	-16.836000	25.400000
	143.940000	-16.164000	29.600000
	143.960000	-15.396000	34.000000
	143.980000	-14.568000	37.800000
	144.000000	-13.668000	41.600000
	144.020000	-12.708000	44.800000
	144.040000	-11.676000	48.200000
	144.060000	-10.560000	51.800000
	144.080000	-9.420000	54.800000
	144.100000	-8.232000	57.400000
	144.120000	-6.996000	59.400000
	144.140000	-5.688000	62.200000
	144.160000	-4.332000	65.000000
	144.180000	-2.976000	67.000000
	144.200000	-1.608000	68.000000
	144.220000	-0.228000	68.400000
	144.240000	1.200000	69.600000
	144.260000	2.652000	71.000000
	144.280000	4.092000	72.000000
	144.300000	5.496000	71.600000
	144.320000	6.888000	70.600000
	144.340000	8.280000	69.800000
	144.360000	9.660000	69.400000
	144.380000	11.016000	68.800000
	144.400000	12.336000	67.600000
	144.420000	13.620000	66.000000
	144.440000	14.856000	64.000000
	144.460000	16.056000	62.000000
	144.480000	17.196000	59.600000
	144.500000	18.288000	57.200000
	144.520000	19.308000	54.200000
	144.540000	20.292000	51.600000
	144.560000	21.180000	48.200000
	144.580000	22.008000	45.000000
	144.600000	22.752000	41.000000
	144.620000	23.436000	37.600000
	144.640000	24.036000	33.800000
	144.660000	24.552000	30.000000
	144.680000	24.996000	26.000000
	144.700000	25.344000	21.800000
	144.720000	25.608000	17.600000
	144.740000	25.788000	13.200000
	144.760000	25.884000	9.000000
	144.780000	25.884000	4.600000
	144.800000	25.788000	-2.220446E-16
	144.820000	25.620000	-4.400000
	144.840000	25.368000	-8.600000
	144.860000	25.044000	-12.400000
	144.880000	24.624000	-16.600000
	144.900000	24.144000	-20.400000
	144.920000	23.580000	-24.400000
	144.940000	22.944000	-28.000000
	144.960000	22.224000	-32.000000
	144.980000	21.432000	-35.800000
	145.000000	20.556000	-39.800000
	145.020000	19.656000	-42.800000
	145.040000	18.672000	-46.000000
	145.060000	17.652000	-48.400000
	145.080000	16.524000	-52.200000
	145.100000	15.384000	-54.800000
	145.120000	14.196000	-57.600000
	145.140000	12.948000	-59.600000
	145.160000	11.652000	-62.200000
	145.180000	10.308000	-64.800000
	145.200000	8.952000	-66.600000
	145.220000	7.572000	-68.000000
	145.240000	6.168000	-69.000000
	145.260000	4.776000	-69.600000
	145.280000	3.348000	-70.400000
	145.300000	1.944000	-70.400000
	145.320000	0.516000	-71.000000
	145.340000	-0.900000	-70.800000
	145.360000	-2.328000	-71.200000
	145.380000	-3.708000	-70.400000
	145.400000	-5.052000	-69.200000
	145.420000	-6.348000	-67.000000
	145.440000	-7.632000	-65.400000
	145.460000	-8.856000	-63.400000
	145.480000	-10.044000	-61.600000
	145.500000	-11.172000	-59.000000
	145.520000	-12.264000	-56.800000
	145.540000	-13.272000	-53.800000
	145.560000	-14.208000	-50.600000
	145.580000	-15.060000	-46.600000
	145.600000	-15.828000	-42.600000
	145.620000	-16.524000	-38.600000
	145.640000	-17.124000	-34.400000
	145.660000	-17.652000	-30.400000
	145.680000	-18.084000	-26.000000
	145.700000	-18.420000	-21.600000
	145.720000	-18.660000	-16.800000
	145.740000	-18.792000	-11.800000
	145.760000	-18.840000	-7.000000
	145.780000	-18.792000	-2.200000
	145.800000	-18.648000	2.400000
	145.820000	-18.408000	7.200000
	145.840000	-18.084000	11.800000
	145.860000	-17.676000	16.200000
	145.880000	-17.184000	20.400000
	145.900000	-16.620000	24.400000
	145.920000	-15.972000	28.400000
	145.940000	-15.252000	32.200000
	145.960000	-14.448000	36.200000
	145.980000	-13.572000	40.000000
	146.000000	-12.636000	43.600000
	146.020000	-11.628000	47.000000
	146.040000	-10.572000	50.000000
	146.060000	-9.456000	53.000000
	146.080000	-8.316000	55.200000
	146.100000	-7.104000	57.800000
	146.120000	-5.844000	60.200000
	146.140000	-4.560000	62.600000
	146.160000	-3.252000	64.200000
	146.180000	-1.932000	65.200000
	146.200000	-0.576000	66.400000
	146.220000	0.804000	67.600000
	146.240000	2.172000	68.400000
	146.260000	3.564000	69.000000
	146.280000	4.908000	68.400000
	146.300000	6.276000	68.400000
	146.320000	7.632000	67.800000
	146.340000	8.988000	68.000000
	146.360000	10.308000	67.200000
	146.380000	11.592000	66.000000
	146.400000	12.816000	63.800000
	146.420000	14.040000	62.200000
	146.440000	15.180000	59.800000
	146.460000	16.320000	58.400000
	146.480000	17.364000	55.400000
	146.500000	18.384000	53.400000
	146.520000	19.320000	50.000000
	146.540000	20.208000	47.400000
	146.560000	21.024000	44.000000
	146.580000	21.768000	40.800000
	146.600000	22.440000	37.200000
	146.620000	23.040000	33.600000
	146.640000	23.568000	30.000000
	146.660000	24.012000	26.200000
	146.680000	24.384000	22.400000
	146.700000	24.672000	18.400000
	146.720000	24.876000	14.400000
	146.740000	24.996000	10.200000
	146.760000	25.032000	6.000000
	146.780000	24.996000	2.000000
	146.800000	24.876000	-2.000000
	146.820000	24.672000	-6.000000
	146.840000	24.384000	-10.200000
	146.860000	24.024000	-14.200000
	146.880000	23.604000	-17.800000
	146.900000	23.112000	-21.200000
	146.920000	22.548000	-24.600000
	146.940000	21.900000	-28.400000
	146.960000	21.180000	-32.200000
	146.980000	20.400000	-35.800000
	147.000000	19.560000	-39.000000
	147.020000	18.672000	-41.800000
	147.040000	17.700000	-45.000000
	147.060000	16.704000	-47.600000
	147.080000	15.636000	-50.600000
	147.100000	14.532000	-52.800000
	147.120000	13.344000	-56.000000
	147.140000	12.144000	-58.200000
	147.160000	10.908000	-60.400000
	147.180000	9.660000	-61.400000
	147.200000	8.340000	-63.400000
	147.220000	6.996000	-65.200000
	147.240000	5.640000	-67.000000
	147.260000	4.296000	-67.400000
	147.280000	2.976000	-67.000000
	147.300000	1.620000	-67.000000
	147.320000	0.276000	-67.000000
	147.340000	-1.068000	-67.400000
	147.360000	-2.376000	-66.600000
	147.380000	-3.660000	-65.600000
	147.400000	-4.956000	-64.800000
	147.420000	-6.204000	-63.800000
	147.440000	-7.416000	-62.600000
	147.460000	-8.556000	-60.000000
	147.480000	-9.672000	-57.800000
	147.500000	-10.752000	-55.600000
	147.520000	-11.760000	-53.400000
	147.540000	-12.708000	-50.600000
	147.560000	-13.572000	-47.000000
	147.580000	-14.376000	-43.600000
	147.600000	-15.108000	-40.000000
	147.620000	-15.768000	-36.600000
	147.640000	-16.344000	-32.800000
	147.660000	-16.824000	-28.600000
	147.680000	-17.208000	-24.000000
	147.700000	-17.508000	-19.400000
	147.720000	-17.724000	-15.000000
	147.740000	-17.856000	-10.800000
	147.760000	-17.904000	-6.600000
	147.780000	-17.856000	-2.200000
	147.800000	-17.724000	2.200000
	147.820000	-17.496000	6.800000
	147.840000	-17.196000	11.000000
	147.860000	-16.812000	15.200000
	147.880000	-16.356000	19.000000
	147.900000	-15.816000	23.000000
	147.920000	-15.204000	26.800000
	147.940000	-14.520000	30.600000
	147.960000	-13.764000	34.200000
	147.980000	-12.948000	37.600000
	148.000000	-12.060000	41.000000
	148.020000	-11.124000	44.000000
	148.040000	-10.116000	47.200000
	148.060000	-9.084000	49.600000
	148.080000	-7.980000	52.400000
	148.100000	-6.828000	54.800000
	148.120000	-5.628000	57.600000
	148.140000	-4.404000	59.600000
	148.160000	-3.180000	60.800000
	148.180000	-1.932000	61.600000
	148.200000	-0.660000	62.400000
	148.220000	0.636000	63.600000
	148.240000	1.956000	64.800000
	148.260000	3.264000	65.400000
	148.280000	4.596000	66.000000
	148.300000	5.928000	66.200000
	148.320000	7.236000	66.200000
	148.340000	8.496000	65.000000
	148.360000	9.732000	63.400000
	148.380000	10.968000	62.200000
	148.400000	12.168000	61.200000
	148.420000	13.332000	60.000000
	148.440000	14.448000	58.000000
	148.460000	15.528000	56.000000
	148.480000	16.560000	53.800000
	148.500000	17.544000	51.600000
	148.520000	18.468000	49.000000
	148.540000	19.332000	46.200000
	148.560000	20.136000	43.200000
	148.580000	20.868000	40.000000
	148.600000	21.540000	36.800000
	148.620000	22.128000	33.200000
	148.640000	22.668000	30.000000
	148.660000	23.112000	26.200000
	148.680000	23.496000	22.800000
	148.700000	23.796000	18.800000
	148.720000	24.024000	15.200000
	148.740000	24.168000	11.200000
	148.760000	24.240000	7.400000
	148.780000	24.228000	3.400000
	148.800000	24.144000	-0.400000
	148.820000	23.976000	-4.400000
	148.840000	23.748000	-8.000000
	148.860000	23.436000	-11.800000
	148.880000	23.064000	-15.200000
	148.900000	22.620000	-18.800000
	148.920000	22.104000	-22.200000
	148.940000	21.516000	-25.800000
	148.960000	20.868000	-29.200000
	148.980000	20.160000	-32.400000
	149.000000	19.392000	-35.400000
	149.020000	18.552000	-38.600000
	149.040000	17.652000	-41.800000
	149.060000	16.692000	-45.000000
	149.080000	15.672000	-48.000000
	149.100000	14.628000	-50.400000
	149.120000	13.512000	-53.000000
	149.140000	12.372000	-55.000000
	149.160000	11.172000	-57.600000
	149.180000	9.972000	-59.000000
	149.200000	8.724000	-60.800000
	149.220000	7.476000	-61.600000
	149.240000	6.192000	-63.000000
	149.260000	4.908000	-63.600000
	149.280000	3.588000	-64.800000
	149.300000	2.268000	-65.400000
	149.320000	0.924000	-66.400000
	149.340000	-0.384000	-66.200000
	149.360000	-1.680000	-65.800000
	149.380000	-2.928000	-64.200000
	149.400000	-4.200000	-63.600000
	149.420000	-5.436000	-62.600000
	149.440000	-6.636000	-61.800000
	149.460000	-7.764000	-59.400000
	149.480000	-8.856000	-57.000000
	149.500000	-9.924000	-54.800000
	149.520000	-10.944000	-53.000000
	149.540000	-11.904000	-50.800000
	149.560000	-12.792000	-47.800000
	149.580000	-13.632000	-44.800000
	149.600000	-14.388000	-41.400000
	149.620000	-15.072000	-38.000000
	149.640000	-15.660000	-33.800000
	149.660000	-16.188000	-30.000000
	149.680000	-16.632000	-26.000000
	149.700000	-16.992000	-22.200000
	149.720000	-17.256000	-17.800000
	149.740000	-17.424000	-13.200000
	149.760000	-17.520000	-8.800000
	149.780000	-17.520000	-4.400000
	149.800000	-17.448000	-0.400000
	149.820000	-17.268000	4.200000
	149.840000	-17.028000	8.200000
	149.860000	-16.692000	12.600000
	149.880000	-16.296000	16.200000
	149.900000	-15.816000	20.200000
	149.920000	-15.252000	24.000000
	149.940000	-14.616000	28.000000
	149.960000	-13.908000	31.800000
	149.980000	-13.140000	35.200000
	150.000000	-12.312000	38.400000
	150.020000	-11.424000	41.400000
	150.040000	-10.500000	44.000000
	150.060000	-9.504000	46.800000
	150.080000	-8.448000	49.600000
	150.100000	-7.332000	52.800000
	150.120000	-6.192000	55.200000
	150.140000	-5.016000	57.200000
	150.160000	-3.816000	58.600000
	150.180000	-2.568000	60.400000
	150.200000	-1.296000	62.000000
	150.220000	0.012000	63.800000
	150.240000	1.308000	64.600000
	150.260000	2.592000	64.800000
	150.280000	3.876000	64.400000
	150.300000	5.184000	64.600000
	150.320000	6.504000	65.200000
	150.340000	7.788000	65.200000
	150.360000	9.048000	64.400000
	150.380000	10.272000	62.800000
	150.400000	11.484000	61.600000
	150.420000	12.660000	60.200000
	150.440000	13.800000	58.800000
	150.460000	14.904000	57.000000
	150.480000	15.972000	55.200000
	150.500000	16.980000	53.000000
	150.520000	17.928000	50.400000
	150.540000	18.816000	47.400000
	150.560000	19.668000	44.800000
	150.580000	20.460000	42.200000
	150.600000	21.180000	39.400000
	150.620000	21.828000	36.000000
	150.640000	22.404000	32.400000
	150.660000	22.908000	28.800000
	150.680000	23.340000	25.200000
	150.700000	23.688000	21.400000
	150.720000	23.964000	17.600000
	150.740000	24.156000	13.600000
	150.760000	24.276000	9.800000
	150.780000	24.312000	5.800000
	150.800000	24.276000	2.000000
	150.820000	24.156000	-2.000000
	150.840000	23.964000	-5.800000
	150.860000	23.700000	-9.600000
	150.880000	23.364000	-13.200000
	150.900000	22.944000	-17.000000
	150.920000	22.464000	-20.600000
	150.940000	21.912000	-24.200000
	150.960000	21.312000	-27.200000
	150.980000	20.628000	-30.600000
	151.000000	19.884000	-33.800000
	151.020000	19.068000	-37.400000
	151.040000	18.180000	-40.800000
	151.060000	17.244000	-44.000000
	151.080000	16.248000	-47.000000
	151.100000	15.204000	-49.600000
	151.120000	14.112000	-52.200000
	151.140000	12.972000	-54.600000
	151.160000	11.784000	-57.000000
	151.180000	10.560000	-59.200000
	151.200000	9.300000	-61.200000
	151.220000	8.028000	-62.600000
	151.240000	6.720000	-64.000000
	151.260000	5.424000	-64.600000
	151.280000	4.116000	-65.200000
	151.300000	2.796000	-65.400000
	151.320000	1.464000	-66.000000
	151.340000	0.120000	-66.600000
	151.360000	-1.188000	-66.400000
	151.380000	-2.508000	-66.200000
	151.400000	-3.792000	-65.200000
	151.420000	-5.076000	-64.800000
	151.440000	-6.300000	-63.200000
	151.460000	-7.500000	-61.800000
	151.480000	-8.640000	-59.400000
	151.500000	-9.756000	-57.600000
	151.520000	-10.812000	-55.200000
	151.540000	-11.808000	-52.800000
	151.560000	-12.732000	-49.600000
	151.580000	-13.584000	-46.200000
	151.600000	-14.388000	-43.000000
	151.620000	-15.120000	-39.800000
	151.640000	-15.768000	-36.400000
	151.660000	-16.320000	-32.200000
	151.680000	-16.800000	-28.000000
	151.700000	-17.196000	-23.800000
	151.720000	-17.508000	-19.800000
	151.740000	-17.724000	-15.400000
	151.760000	-17.856000	-11.000000
	151.780000	-17.892000	-6.400000
	151.800000	-17.832000	-1.800000
	151.820000	-17.688000	2.800000
	151.840000	-17.460000	7.200000
	151.860000	-17.160000	11.200000
	151.880000	-16.776000	15.200000
	151.900000	-16.296000	19.400000
	151.920000	-15.744000	23.600000
	151.940000	-15.120000	27.600000
	151.960000	-14.436000	31.000000
	151.980000	-13.680000	34.400000
	152.000000	-12.828000	38.200000
	152.020000	-11.940000	41.600000
	152.040000	-10.968000	45.200000
	152.060000	-9.960000	47.800000
	152.080000	-8.880000	51.000000
	152.100000	-7.752000	53.600000
	152.120000	-6.600000	56.000000
	152.140000	-5.400000	58.000000
	152.160000	-4.188000	59.400000
	152.180000	-2.916000	61.400000
	152.200000	-1.620000	63.000000
	152.220000	-0.300000	64.800000
	152.240000	1.020000	65.600000
	152.260000	2.340000	66.000000
	152.280000	3.672000	66.200000
	152.300000	5.016000	66.600000
	152.320000	6.360000	67.000000
	152.340000	7.692000	67.000000
	152.360000	8.976000	66.000000
	152.380000	10.236000	64.600000
	152.400000	11.484000	63.200000
	152.420000	12.708000	62.200000
	152.440000	13.896000	61.000000
	152.460000	15.024000	59.000000
	152.480000	16.116000	56.800000
	152.500000	17.160000	54.400000
	152.520000	18.144000	52.000000
	152.540000	19.080000	49.400000
	152.560000	19.944000	46.400000
	152.580000	20.760000	43.600000
	152.600000	21.492000	40.200000
	152.620000	22.176000	37.200000
	152.640000	22.788000	33.800000
	152.660000	23.328000	30.600000
	152.680000	23.772000	26.600000
	152.700000	24.132000	22.400000
	152.720000	24.432000	18.400000
	152.740000	24.648000	14.600000
	152.760000	24.780000	10.800000
	152.780000	24.816000	6.400000
	152.800000	24.780000	2.200000
	152.820000	24.672000	-1.800000
	152.840000	24.480000	-5.600000
	152.860000	24.204000	-9.600000
	152.880000	23.856000	-13.600000
	152.900000	23.436000	-17.400000
	152.920000	22.944000	-21.000000
	152.940000	22.380000	-24.600000
	152.960000	21.756000	-28.000000
	152.980000	21.048000	-31.600000
	153.000000	20.268000	-35.200000
	153.020000	19.416000	-39.000000
	153.040000	18.528000	-42.000000
	153.060000	17.568000	-45.000000
	153.080000	16.536000	-48.000000
	153.100000	15.456000	-51.200000
	153.120000	14.328000	-54.000000
	153.140000	13.152000	-56.400000
	153.160000	11.928000	-58.800000
	153.180000	10.668000	-61.000000
	153.200000	9.384000	-62.800000
	153.220000	8.076000	-64.200000
	153.240000	6.756000	-65.200000
	153.260000	5.412000	-66.200000
	153.280000	4.056000	-67.000000
	153.300000	2.688000	-67.800000
	153.320000	1.320000	-68.200000
	153.340000	-0.072000	-68.800000
	153.360000	-1.452000	-69.000000
	153.380000	-2.784000	-68.400000
	153.400000	-4.104000	-67.200000
	153.420000	-5.400000	-65.800000
	153.440000	-6.672000	-64.800000
	153.460000	-7.872000	-62.800000
	153.480000	-9.036000	-60.600000
	153.500000	-10.164000	-58.200000
	153.520000	-11.232000	-56.000000
	153.540000	-12.240000	-53.400000
	153.560000	-13.188000	-50.400000
	153.580000	-14.076000	-47.400000
	153.600000	-14.880000	-44.000000
	153.620000	-15.600000	-40.200000
	153.640000	-16.248000	-36.200000
	153.660000	-16.812000	-32.200000
	153.680000	-17.292000	-28.200000
	153.700000	-17.676000	-23.800000
	153.720000	-17.976000	-19.400000
	153.740000	-18.180000	-14.800000
	153.760000	-18.300000	-10.400000
	153.780000	-18.312000	-5.600000
	153.800000	-18.240000	-1.000000
	153.820000	-18.060000	4.000000
	153.840000	-17.808000	8.400000
	153.860000	-17.472000	12.800000
	153.880000	-17.052000	16.800000
	153.900000	-16.548000	21.000000
	153.920000	-15.972000	25.000000
	153.940000	-15.324000	28.800000
	153.960000	-14.592000	32.600000
	153.980000	-13.776000	36.600000
	154.000000	-12.912000	40.200000
	154.020000	-12.000000	43.200000
	154.040000	-11.004000	46.200000
	154.060000	-9.960000	49.200000
	154.080000	-8.832000	52.800000
	154.100000	-7.668000	55.600000
	154.120000	-6.456000	58.400000
	154.140000	-5.244000	59.800000
	154.160000	-3.996000	61.200000
	154.180000	-2.712000	62.400000
	154.200000	-1.392000	64.200000
	154.220000	-0.072000	65.400000
	154.240000	1.284000	66.600000
	154.260000	2.652000	67.400000
	154.280000	4.020000	68.200000
	154.300000	5.400000	68.600000
	154.320000	6.756000	68.400000
	154.340000	8.100000	68.000000
	154.360000	9.396000	66.600000
	154.380000	10.668000	65.200000
	154.400000	11.928000	63.800000
	154.420000	13.152000	62.600000
	154.440000	14.340000	61.200000
	154.460000	15.480000	59.200000
	154.480000	16.572000	57.000000
	154.500000	17.616000	54.600000
	154.520000	18.600000	52.000000
	154.540000	19.524000	49.200000
	154.560000	20.400000	46.400000
	154.580000	21.204000	43.400000
	154.600000	21.936000	40.200000
	154.620000	22.584000	36.400000
	154.640000	23.160000	32.600000
	154.660000	23.664000	28.800000
	154.680000	24.096000	25.200000
	154.700000	24.456000	21.600000
	154.720000	24.732000	17.800000
	154.740000	24.912000	13.600000
	154.760000	25.008000	9.200000
	154.780000	25.020000	4.800000
	154.800000	24.960000	0.800000
	154.820000	24.816000	-3.200000
	154.840000	24.588000	-7.200000
	154.860000	24.288000	-11.200000
	154.880000	23.904000	-15.200000
	154.900000	23.448000	-19.000000
	154.920000	22.932000	-22.600000
	154.940000	22.332000	-26.200000
	154.960000	21.672000	-29.600000
	154.980000	20.928000	-33.400000
	155.000000	20.148000	-36.400000
	155.020000	19.284000	-39.800000
	155.040000	18.360000	-42.800000
	155.060000	17.364000	-46.400000
	155.080000	16.320000	-49.400000
	155.100000	15.216000	-52.400000
	155.120000	14.052000	-55.200000
	155.140000	12.852000	-57.800000
	155.160000	11.604000	-60.200000
	155.180000	10.344000	-61.800000
	155.200000	9.048000	-63.400000
	155.220000	7.728000	-64.600000
	155.240000	6.360000	-66.400000
	155.260000	4.968000	-68.000000
	155.280000	3.588000	-69.000000
	155.300000	2.232000	-68.800000
	155.320000	0.876000	-68.200000
	155.340000	-0.480000	-67.800000
	155.360000	-1.848000	-68.000000
	155.380000	-3.168000	-67.400000
	155.400000	-4.500000	-67.000000
	155.420000	-5.784000	-65.600000
	155.440000	-7.032000	-64.400000
	155.460000	-8.220000	-62.000000
	155.480000	-9.372000	-59.800000
	155.500000	-10.500000	-57.800000
	155.520000	-11.556000	-55.600000
	155.540000	-12.540000	-52.800000
	155.560000	-13.464000	-49.400000
	155.580000	-14.316000	-46.000000
	155.600000	-15.108000	-42.800000
	155.620000	-15.804000	-39.000000
	155.640000	-16.416000	-35.000000
	155.660000	-16.944000	-30.600000
	155.680000	-17.388000	-26.400000
	155.700000	-17.748000	-22.200000
	155.720000	-18.012000	-17.800000
	155.740000	-18.180000	-13.200000
	155.760000	-18.264000	-8.600000
	155.780000	-18.252000	-4.000000
	155.800000	-18.156000	0.400000
	155.820000	-17.964000	5.000000
	155.840000	-17.688000	9.400000
	155.860000	-17.316000	14.000000
	155.880000	-16.872000	18.200000
	155.900000	-16.344000	22.400000
	155.920000	-15.744000	26.200000
	155.940000	-15.072000	30.000000
	155.960000	-14.328000	33.600000
	155.980000	-13.512000	37.200000
	156.000000	-12.612000	41.000000
	156.020000	-11.664000	44.400000
	156.040000	-10.656000	47.600000
	156.060000	-9.600000	50.200000
	156.080000	-8.484000	53.000000
	156.100000	-7.320000	55.600000
	156.120000	-6.108000	58.200000
	156.140000	-4.872000	60.200000
	156.160000	-3.612000	61.800000
	156.180000	-2.340000	62.800000
	156.200000	-1.020000	64.200000
	156.220000	0.324000	65.600000
	156.240000	1.692000	67.200000
	156.260000	3.048000	67.800000
	156.280000	4.380000	67.600000
	156.300000	5.712000	67.000000
	156.320000	7.044000	66.600000
	156.340000	8.364000	66.400000
	156.360000	9.660000	65.800000
	156.380000	10.932000	64.800000
	156.400000	12.168000	63.400000
	156.420000	13.368000	61.800000
	156.440000	14.532000	60.000000
	156.460000	15.660000	58.200000
	156.480000	16.728000	56.000000
	156.500000	17.724000	53.200000
	156.520000	18.684000	50.400000
	156.540000	19.584000	47.600000
	156.560000	20.424000	45.000000
	156.580000	21.192000	41.800000
	156.600000	21.888000	38.400000
	156.620000	22.524000	35.000000
	156.640000	23.076000	31.400000
	156.660000	23.568000	28.000000
	156.680000	23.964000	24.000000
	156.700000	24.288000	20.200000
	156.720000	24.528000	16.000000
	156.740000	24.696000	12.200000
	156.760000	24.780000	8.200000
	156.780000	24.780000	4.200000
	156.800000	24.696000	0.000000
	156.820000	24.540000	-4.000000
	156.840000	24.300000	-8.000000
	156.860000	24.000000	-11.600000
	156.880000	23.616000	-15.400000
	156.900000	23.160000	-19.000000
	156.920000	22.620000	-23.000000
	156.940000	22.008000	-26.800000
	156.960000	21.336000	-30.400000
	156.980000	20.604000	-33.600000
	157.000000	19.800000	-36.800000
	157.020000	18.936000	-40.000000
	157.040000	18.012000	-43.200000
	157.060000	17.028000	-46.200000
	157.080000	15.984000	-49.200000
	157.100000	14.880000	-52.200000
	157.120000	13.752000	-54.600000
	157.140000	12.564000	-57.000000
	157.160000	11.352000	-58.800000
	157.180000	10.080000	-61.200000
	157.200000	8.820000	-62.400000
	157.220000	7.512000	-64.000000
	157.240000	6.192000	-64.800000
	157.260000	4.824000	-66.600000
	157.280000	3.480000	-67.200000
	157.300000	2.124000	-67.800000
	157.320000	0.768000	-67.600000
	157.340000	-0.600000	-68.000000
	157.360000	-1.932000	-67.600000
	157.380000	-3.240000	-66.800000
	157.400000	-4.512000	-65.200000
	157.420000	-5.748000	-63.600000
	157.440000	-6.960000	-62.000000
	157.460000	-8.148000	-60.600000
	157.480000	-9.300000	-59.200000
	157.500000	-10.392000	-57.200000
	157.520000	-11.400000	-54.200000
	157.540000	-12.360000	-51.000000
	157.560000	-13.260000	-47.800000
	157.580000	-14.100000	-45.000000
	157.600000	-14.880000	-42.000000
	157.620000	-15.564000	-38.400000
	157.640000	-16.188000	-34.800000
	157.660000	-16.692000	-30.200000
	157.680000	-17.124000	-26.000000
	157.700000	-17.460000	-21.200000
	157.720000	-17.724000	-17.200000
	157.740000	-17.892000	-12.800000
	157.760000	-17.964000	-8.400000
	157.780000	-17.940000	-3.600000
	157.800000	-17.832000	1.000000
	157.820000	-17.640000	5.400000
	157.840000	-17.364000	9.600000
	157.860000	-17.004000	13.800000
	157.880000	-16.572000	17.800000
	157.900000	-16.068000	21.600000
	157.920000	-15.480000	25.400000
	157.940000	-14.808000	29.400000
	157.960000	-14.052000	33.600000
	157.980000	-13.248000	37.200000
	158.000000	-12.384000	40.400000
	158.020000	-11.472000	43.000000
	158.040000	-10.476000	46.200000
	158.060000	-9.420000	49.400000
	158.080000	-8.328000	52.400000
	158.100000	-7.212000	54.400000
	158.120000	-6.048000	56.200000
	158.140000	-4.824000	58.400000
	158.160000	-3.552000	61.000000
	158.180000	-2.280000	62.800000
	158.200000	-1.008000	63.600000
	158.220000	0.300000	64.200000
	158.240000	1.620000	65.000000
	158.260000	2.976000	66.400000
	158.280000	4.296000	66.600000
	158.300000	5.628000	66.800000
	158.320000	6.996000	67.000000
	158.340000	8.292000	66.600000
	158.360000	9.552000	65.400000
	158.380000	10.740000	62.400000
	158.400000	11.964000	61.200000
	158.420000	13.152000	60.000000
	158.440000	14.292000	59.200000
	158.460000	15.396000	57.200000
	158.480000	16.464000	55.200000
	158.500000	17.472000	53.000000
	158.520000	18.408000	50.200000
	158.540000	19.296000	47.200000
	158.560000	20.124000	44.200000
	158.580000	20.892000	41.400000
	158.600000	21.588000	38.200000
	158.620000	22.212000	34.800000
	158.640000	22.776000	31.400000
	158.660000	23.256000	27.800000
	158.680000	23.664000	24.200000
	158.700000	23.988000	20.200000
	158.720000	24.240000	16.400000
	158.740000	24.408000	12.400000
	158.760000	24.504000	8.600000
	158.780000	24.516000	4.600000
	158.800000	24.444000	0.600000
	158.820000	24.288000	-3.600000
	158.840000	24.060000	-7.600000
	158.860000	23.760000	-11.400000
	158.880000	23.388000	-15.000000
	158.900000	22.944000	-18.600000
	158.920000	22.440000	-22.000000
	158.940000	21.864000	-25.400000
	158.960000	21.216000	-28.800000
	158.980000	20.508000	-32.200000
	159.000000	19.716000	-35.800000
	159.020000	18.864000	-39.200000
	159.040000	17.940000	-42.800000
	159.060000	16.980000	-45.600000
	159.080000	15.960000	-48.400000
	159.100000	14.904000	-50.600000
	159.120000	13.788000	-53.200000
	159.140000	12.624000	-55.600000
	159.160000	11.400000	-58.400000
	159.180000	10.140000	-60.800000
	159.200000	8.868000	-62.600000
	159.220000	7.572000	-63.800000
	159.240000	6.288000	-64.200000
	159.260000	4.992000	-64.600000
	159.280000	3.660000	-65.200000
	159.300000	2.340000	-65.800000
	159.320000	0.984000	-66.800000
	159.340000	-0.324000	-66.400000
	159.360000	-1.668000	-66.800000
	159.380000	-2.952000	-65.600000
	159.400000	-4.212000	-64.800000
	159.420000	-5.448000	-63.000000
	159.440000	-6.672000	-62.000000
	159.460000	-7.872000	-61.000000
	159.480000	-9.012000	-59.400000
	159.500000	-10.092000	-57.000000
	159.520000	-11.100000	-53.800000
	159.540000	-12.060000	-50.800000
	159.560000	-12.972000	-48.000000
	159.580000	-13.824000	-45.400000
	159.600000	-14.592000	-42.200000
	159.620000	-15.288000	-38.600000
	159.640000	-15.900000	-34.600000
	159.660000	-16.428000	-30.600000
	159.680000	-16.860000	-26.200000
	159.700000	-17.220000	-22.000000
	159.720000	-17.496000	-17.800000
	159.740000	-17.688000	-13.800000
	159.760000	-17.784000	-9.400000
	159.780000	-17.784000	-4.800000
	159.800000	-17.688000	0.000000
	159.820000	-17.520000	4.400000
	159.840000	-17.268000	8.600000
	159.860000	-16.932000	12.600000
	159.880000	-16.512000	16.800000
	159.900000	-16.020000	20.800000
	159.920000	-15.468000	24.400000
	159.940000	-14.832000	28.000000
	159.960000	-14.112000	31.800000
	159.980000	-13.320000	35.800000
	160.000000	-12.468000	39.400000
	160.020000	-11.556000	42.600000
	160.040000	-10.596000	45.400000
	160.060000	-9.576000	48.200000
	160.080000	-8.520000	50.600000
	160.100000	-7.380000	53.600000
	160.120000	-6.216000	56.000000
	160.140000	-5.004000	58.600000
	160.160000	-3.792000	59.800000
	160.180000	-2.532000	61.400000
	160.200000	-1.260000	62.400000
	160.220000	0.048000	64.000000
	160.240000	1.356000	64.800000
	160.260000	2.676000	65.600000
	160.280000	4.020000	66.200000
	160.300000	5.364000	66.800000
	160.320000	6.684000	66.800000
	160.340000	7.944000	65.400000
	160.360000	9.216000	64.200000
	160.380000	10.464000	63.000000
	160.400000	11.712000	62.800000
	160.420000	12.900000	61.400000
	160.440000	14.040000	59.600000
	160.460000	15.144000	57.200000
	160.480000	16.212000	55.200000
	160.500000	17.244000	53.400000
	160.520000	18.216000	51.200000
	160.540000	19.116000	48.400000
	160.560000	19.956000	45.200000
	160.580000	20.736000	42.000000
	160.600000	21.444000	38.800000
	160.620000	22.092000	35.600000
	160.640000	22.656000	32.000000
	160.660000	23.148000	28.400000
	160.680000	23.580000	24.800000
	160.700000	23.928000	21.200000
	160.720000	24.204000	17.600000
	160.740000	24.384000	13.400000
	160.760000	24.492000	9.400000
	160.780000	24.516000	5.200000
	160.800000	24.468000	1.400000
	160.820000	24.336000	-2.600000
	160.840000	24.132000	-6.400000
	160.860000	23.844000	-10.400000
	160.880000	23.484000	-14.200000
	160.900000	23.052000	-18.000000
	160.920000	22.548000	-21.600000
	160.940000	21.984000	-25.000000
	160.960000	21.360000	-28.200000
	160.980000	20.652000	-31.600000
	161.000000	19.884000	-35.000000
	161.020000	19.044000	-38.600000
	161.040000	18.156000	-41.600000
	161.060000	17.196000	-44.800000
	161.080000	16.176000	-47.800000
	161.100000	15.120000	-50.600000
	161.120000	14.004000	-53.200000
	161.140000	12.840000	-55.600000
	161.160000	11.652000	-57.800000
	161.180000	10.440000	-59.400000
	161.200000	9.192000	-60.800000
	161.220000	7.884000	-62.800000
	161.240000	6.564000	-64.600000
	161.260000	5.244000	-65.800000
	161.280000	3.912000	-66.200000
	161.300000	2.568000	-66.600000
	161.320000	1.224000	-67.000000
	161.340000	-0.120000	-67.200000
	161.360000	-1.440000	-66.800000
	161.380000	-2.760000	-66.400000
	161.400000	-4.044000	-65.400000
	161.420000	-5.316000	-64.600000
	161.440000	-6.540000	-63.000000
	161.460000	-7.716000	-61.200000
	161.480000	-8.856000	-59.000000
	161.500000	-9.948000	-56.800000
	161.520000	-11.016000	-55.000000
	161.540000	-12.012000	-52.600000
	161.560000	-12.936000	-49.800000
	161.580000	-13.776000	-46.000000
	161.600000	-14.544000	-42.200000
	161.620000	-15.252000	-38.600000
	161.640000	-15.888000	-35.200000
	161.660000	-16.440000	-31.600000
	161.680000	-16.908000	-27.600000
	161.700000	-17.280000	-23.200000
	161.720000	-17.580000	-19.000000
	161.740000	-17.784000	-14.600000
	161.760000	-17.892000	-10.200000
	161.780000	-17.904000	-5.400000
	161.800000	-17.832000	-0.800000
	161.820000	-17.676000	3.600000
	161.840000	-17.436000	7.800000
	161.860000	-17.100000	12.200000
	161.880000	-16.680000	16.600000
	161.900000	-16.188000	20.800000
	161.920000	-15.636000	24.400000
	161.940000	-15.000000	28.000000
	161.960000	-14.292000	31.600000
	161.980000	-13.512000	35.400000
	162.000000	-12.672000	38.800000
	162.020000	-11.772000	42.000000
	162.040000	-10.800000	45.200000
	162.060000	-9.768000	48.400000
	162.080000	-8.688000	51.400000
	162.100000	-7.560000	54.000000
	162.120000	-6.396000	56.200000
	162.140000	-5.184000	58.400000
	162.160000	-3.948000	60.200000
	162.180000	-2.676000	62.000000
	162.200000	-1.380000	63.400000
	162.220000	-0.060000	64.800000
	162.240000	1.272000	65.800000
	162.260000	2.604000	66.400000
	162.280000	3.948000	66.800000
	162.300000	5.256000	66.400000
	162.320000	6.564000	66.000000
	162.340000	7.872000	65.400000
	162.360000	9.192000	65.600000
	162.380000	10.464000	65.000000
	162.400000	11.688000	63.600000
	162.420000	12.876000	61.400000
	162.440000	14.064000	60.000000
	162.460000	15.192000	58.400000
	162.480000	16.272000	56.600000
	162.500000	17.280000	53.600000
	162.520000	18.264000	51.200000
	162.540000	19.188000	48.600000
	162.560000	20.052000	46.200000
	162.580000	20.832000	42.800000
	162.600000	21.540000	39.200000
	162.620000	22.200000	35.800000
	162.640000	22.788000	32.600000
	162.660000	23.304000	29.400000
	162.680000	23.736000	25.600000
	162.700000	24.084000	21.600000
	162.720000	24.360000	17.600000
	162.740000	24.552000	13.600000
	162.760000	24.672000	9.800000
	162.780000	24.696000	5.600000
	162.800000	24.648000	1.600000
	162.820000	24.516000	-2.600000
	162.840000	24.300000	-6.600000
	162.860000	24.012000	-10.600000
	162.880000	23.652000	-14.400000
	162.900000	23.244000	-17.600000
	162.920000	22.752000	-21.000000
	162.940000	22.176000	-24.600000
	162.960000	21.516000	-28.800000
	162.980000	20.784000	-32.800000
	163.000000	20.004000	-36.200000
	163.020000	19.176000	-39.000000
	163.040000	18.264000	-42.000000
	163.060000	17.304000	-45.000000
	163.080000	16.284000	-48.200000
	163.100000	15.228000	-50.600000
	163.120000	14.100000	-53.400000
	163.140000	12.924000	-56.000000
	163.160000	11.712000	-58.600000
	163.180000	10.464000	-60.600000
	163.200000	9.192000	-62.200000
	163.220000	7.908000	-63.400000
	163.240000	6.588000	-64.600000
	163.260000	5.256000	-65.600000
	163.280000	3.912000	-66.600000
	163.300000	2.580000	-66.800000
	163.320000	1.212000	-67.400000
	163.340000	-0.156000	-67.800000
	163.360000	-1.500000	-68.000000
	163.380000	-2.820000	-67.200000
	163.400000	-4.104000	-65.800000
	163.420000	-5.364000	-64.400000
	163.440000	-6.600000	-63.000000
	163.460000	-7.812000	-61.800000
	163.480000	-8.976000	-60.200000
	163.500000	-10.068000	-57.800000
	163.520000	-11.100000	-54.800000
	163.540000	-12.108000	-52.200000
	163.560000	-13.044000	-49.600000
	163.580000	-13.920000	-47.000000
	163.600000	-14.712000	-43.400000
	163.620000	-15.432000	-39.800000
	163.640000	-16.068000	-35.800000
	163.660000	-16.608000	-31.600000
	163.680000	-17.076000	-27.400000
	163.700000	-17.460000	-23.200000
	163.720000	-17.748000	-19.000000
	163.740000	-17.940000	-14.400000
	163.760000	-18.036000	-9.600000
	163.780000	-18.048000	-5.000000
	163.800000	-17.976000	-0.600000
	163.820000	-17.820000	3.600000
	163.840000	-17.568000	8.000000
	163.860000	-17.232000	12.400000
	163.880000	-16.812000	16.800000
	163.900000	-16.320000	20.800000
	163.920000	-15.744000	24.800000
	163.940000	-15.108000	28.400000
	163.960000	-14.388000	32.200000
	163.980000	-13.584000	36.000000
	164.000000	-12.708000	40.000000
	164.020000	-11.784000	43.400000
	164.040000	-10.812000	46.200000
	164.060000	-9.768000	49.000000
	164.080000	-8.688000	51.600000
	164.100000	-7.548000	54.400000
	164.120000	-6.372000	56.600000
	164.140000	-5.148000	59.000000
	164.160000	-3.912000	60.600000
	164.180000	-2.652000	62.000000
	164.200000	-1.344000	63.400000
	164.220000	-0.024000	64.800000
	164.240000	1.344000	66.600000
	164.260000	2.688000	67.200000
	164.280000	4.056000	68.000000
	164.300000	5.364000	67.000000
	164.320000	6.684000	66.600000
	164.340000	8.004000	65.800000
	164.360000	9.312000	65.800000
	164.380000	10.608000	65.400000
	164.400000	11.856000	64.200000
	164.420000	13.056000	62.400000
	164.440000	14.208000	60.000000
	164.460000	15.324000	57.800000
	164.480000	16.428000	56.200000
	164.500000	17.472000	54.400000
	164.520000	18.444000	52.000000
	164.540000	19.344000	48.600000
	164.560000	20.184000	45.200000
	164.580000	20.976000	42.200000
	164.600000	21.708000	39.400000
	164.620000	22.368000	36.400000
	164.640000	22.944000	32.800000
	164.660000	23.448000	29.000000
	164.680000	23.880000	25.200000
	164.700000	24.228000	21.400000
	164.720000	24.492000	17.400000
	164.740000	24.672000	13.200000
	164.760000	24.780000	9.200000
	164.780000	24.804000	5.200000
	164.800000	24.744000	1.200000
	164.820000	24.600000	-3.000000
	164.840000	24.384000	-7.000000
	164.860000	24.096000	-10.800000
	164.880000	23.724000	-14.600000
	164.900000	23.292000	-18.200000
	164.920000	22.776000	-22.000000
	164.940000	22.200000	-25.400000
	164.960000	21.540000	-29.200000
	164.980000	20.820000	-32.600000
	165.000000	20.028000	-36.200000
	165.020000	19.176000	-39.400000
	165.040000	18.252000	-42.800000
	165.060000	17.280000	-45.800000
	165.080000	16.248000	-48.800000
	165.100000	15.168000	-51.400000
	165.120000	14.040000	-54.000000
	165.140000	12.864000	-56.400000
	165.160000	11.640000	-58.800000
	165.180000	10.392000	-60.800000
	165.200000	9.120000	-62.400000
	165.220000	7.812000	-63.800000
	165.240000	6.480000	-65.200000
	165.260000	5.136000	-66.400000
	165.280000	3.780000	-67.200000
	165.300000	2.424000	-67.600000
	165.320000	1.044000	-68.200000
	165.340000	-0.288000	-67.800000
	165.360000	-1.620000	-67.400000
	165.380000	-2.928000	-66.200000
	165.400000	-4.236000	-65.800000
	165.420000	-5.532000	-65.200000
	165.440000	-6.768000	-64.000000
	165.460000	-7.968000	-62.200000
	165.480000	-9.108000	-59.600000
	165.500000	-10.212000	-57.400000
	165.520000	-11.256000	-54.800000
	165.540000	-12.240000	-52.200000
	165.560000	-13.176000	-49.400000
	165.580000	-14.040000	-46.400000
	165.600000	-14.832000	-43.200000
	165.620000	-15.540000	-39.400000
	165.640000	-16.152000	-35.200000
	165.660000	-16.692000	-31.000000
	165.680000	-17.148000	-26.800000
	165.700000	-17.520000	-22.800000
	165.720000	-17.808000	-18.600000
	165.740000	-17.988000	-14.000000
	165.760000	-18.084000	-9.400000
	165.780000	-18.084000	-4.600000
	165.800000	-18.000000	-0.200000
	165.820000	-17.820000	4.400000
	165.840000	-17.556000	8.800000
	165.860000	-17.208000	13.200000
	165.880000	-16.788000	17.200000
	165.900000	-16.272000	21.400000
	165.920000	-15.684000	25.400000
	165.940000	-15.036000	29.200000
	165.960000	-14.304000	32.800000
	165.980000	-13.512000	36.200000
	166.000000	-12.648000	39.800000
	166.020000	-11.736000	42.800000
	166.040000	-10.740000	46.200000
	166.060000	-9.696000	49.200000
	166.080000	-8.592000	52.400000
	166.100000	-7.452000	54.800000
	166.120000	-6.264000	57.200000
	166.140000	-5.064000	58.800000
	166.160000	-3.804000	60.800000
	166.180000	-2.520000	62.400000
	166.200000	-1.188000	64.600000
	166.220000	0.132000	65.600000
	166.240000	1.452000	66.200000
	166.260000	2.796000	66.400000
	166.280000	4.128000	66.600000
	166.300000	5.472000	67.000000
	166.320000	6.780000	66.400000
	166.340000	8.100000	66.200000
	166.360000	9.396000	65.400000
	166.380000	10.668000	64.800000
	166.400000	11.892000	63.200000
	166.420000	13.104000	61.800000
	166.440000	14.280000	60.200000
	166.460000	15.408000	58.600000
	166.480000	16.488000	56.400000
	166.500000	17.508000	53.800000
	166.520000	18.492000	51.400000
	166.540000	19.404000	48.600000
	166.560000	20.244000	45.600000
	166.580000	21.024000	42.200000
	166.600000	21.732000	38.800000
	166.620000	22.380000	35.600000
	166.640000	22.944000	32.000000
	166.660000	23.448000	28.600000
	166.680000	23.868000	24.800000
	166.700000	24.204000	21.000000
	166.720000	24.456000	16.800000
	166.740000	24.636000	12.800000
	166.760000	24.732000	8.800000
	166.780000	24.756000	5.000000
	166.800000	24.684000	0.800000
	166.820000	24.540000	-3.200000
	166.840000	24.300000	-7.600000
	166.860000	24.000000	-11.400000
	166.880000	23.628000	-15.200000
	166.900000	23.184000	-18.600000
	166.920000	22.680000	-22.000000
	166.940000	22.092000	-25.600000
	166.960000	21.444000	-29.000000
	166.980000	20.700000	-33.000000
	167.000000	19.896000	-36.600000
	167.020000	19.020000	-40.400000
	167.040000	18.120000	-43.000000
	167.060000	17.160000	-45.600000
	167.080000	16.152000	-47.800000
	167.100000	15.072000	-50.800000
	167.120000	13.944000	-53.600000
	167.140000	12.768000	-56.400000
	167.160000	11.556000	-58.600000
	167.180000	10.308000	-60.600000
	167.200000	9.024000	-62.400000
	167.220000	7.716000	-64.000000
	167.240000	6.408000	-65.000000
	167.260000	5.088000	-65.600000
	167.280000	3.744000	-66.200000
	167.300000	2.388000	-67.000000
	167.320000	1.032000	-67.600000
	167.340000	-0.300000	-67.400000
	167.360000	-1.632000	-67.000000
	167.380000	-2.976000	-66.800000
	167.400000	-4.272000	-66.200000
	167.420000	-5.544000	-65.200000
	167.440000	-6.756000	-63.000000
	167.460000	-7.968000	-61.600000
	167.480000	-9.120000	-59.600000
	167.500000	-10.200000	-57.400000
	167.520000	-11.232000	-54.400000
	167.540000	-12.216000	-51.600000
	167.560000	-13.152000	-49.200000
	167.580000	-14.004000	-46.200000
	167.600000	-14.772000	-42.600000
	167.620000	-15.468000	-38.600000
	167.640000	-16.092000	-34.800000
	167.660000	-16.632000	-31.000000
	167.680000	-17.076000	-26.800000
	167.700000	-17.436000	-22.400000
	167.720000	-17.712000	-18.000000
	167.740000	-17.904000	-13.800000
	167.760000	-18.000000	-9.400000
	167.780000	-18.000000	-4.800000
	167.800000	-17.904000	0.000000
	167.820000	-17.724000	4.600000
	167.840000	-17.460000	9.000000
	167.860000	-17.112000	13.200000
	167.880000	-16.680000	17.400000
	167.900000	-16.176000	21.400000
	167.920000	-15.600000	25.200000
	167.940000	-14.940000	29.000000
	167.960000	-14.208000	32.800000
	167.980000	-13.404000	36.600000
	168.000000	-12.552000	39.800000
	168.020000	-11.616000	43.200000
	168.040000	-10.632000	46.200000
	168.060000	-9.588000	49.400000
	168.080000	-8.520000	51.600000
	168.100000	-7.380000	54.200000
	168.120000	-6.204000	56.400000
	168.140000	-4.980000	59.000000
	168.160000	-3.744000	60.600000
	168.180000	-2.460000	62.400000
	168.200000	-1.176000	63.400000
	168.220000	0.144000	64.800000
	168.240000	1.476000	65.600000
	168.260000	2.844000	67.000000
	168.280000	4.200000	67.600000
	168.300000	5.520000	67.400000
	168.320000	6.840000	66.600000
	168.340000	8.136000	65.600000
	168.360000	9.444000	65.400000
	168.380000	10.692000	64.200000
	168.400000	11.928000	63.200000
	168.420000	13.116000	61.200000
	168.440000	14.268000	59.600000
	168.460000	15.384000	57.600000
	168.480000	16.440000	55.400000
	168.500000	17.460000	53.200000
	168.520000	18.420000	50.600000
	168.540000	19.332000	48.200000
	168.560000	20.172000	45.200000
	168.580000	20.952000	42.200000
	168.600000	21.672000	39.000000
	168.620000	22.308000	35.600000
	168.640000	22.860000	31.800000
	168.660000	23.340000	27.800000
	168.680000	23.760000	24.200000
	168.700000	24.096000	20.600000
	168.720000	24.348000	16.800000
	168.740000	24.528000	12.800000
	168.760000	24.624000	8.800000
	168.780000	24.636000	4.800000
	168.800000	24.576000	0.800000
	168.820000	24.432000	-3.200000
	168.840000	24.216000	-7.000000
	168.860000	23.916000	-11.000000
	168.880000	23.544000	-14.800000
	168.900000	23.112000	-18.400000
	168.920000	22.596000	-22.000000
	168.940000	22.008000	-25.600000
	168.960000	21.348000	-29.400000
	168.980000	20.628000	-32.800000
	169.000000	19.848000	-36.000000
	169.020000	19.008000	-39.000000
	169.040000	18.084000	-42.400000
	169.060000	17.136000	-45.200000
	169.080000	16.116000	-48.200000
	169.100000	15.060000	-50.400000
	169.120000	13.920000	-53.600000
	169.140000	12.732000	-56.400000
	169.160000	11.532000	-58.800000
	169.180000	10.296000	-60.400000
	169.200000	9.048000	-61.400000
	169.220000	7.752000	-63.000000
	169.240000	6.456000	-64.000000
	169.260000	5.136000	-65.200000
	169.280000	3.804000	-65.800000
	169.300000	2.448000	-66.800000
	169.320000	1.080000	-67.600000
	169.340000	-0.264000	-67.800000
	169.360000	-1.608000	-67.600000
	169.380000	-2.916000	-66.600000
	169.400000	-4.200000	-65.600000
	169.420000	-5.448000	-64.000000
	169.440000	-6.672000	-62.600000
	169.460000	-7.884000	-61.400000
	169.480000	-9.012000	-59.400000
	169.500000	-10.116000	-57.400000
	169.520000	-11.136000	-54.200000
	169.540000	-12.132000	-52.000000
	169.560000	-13.032000	-48.600000
	169.580000	-13.884000	-45.800000
	169.600000	-14.664000	-42.200000
	169.620000	-15.372000	-39.000000
	169.640000	-15.996000	-35.200000
	169.660000	-16.524000	-31.000000
	169.680000	-16.980000	-26.800000
	169.700000	-17.352000	-22.600000
	169.720000	-17.640000	-18.600000
	169.740000	-17.820000	-14.000000
	169.760000	-17.904000	-9.200000
	169.780000	-17.904000	-4.400000
	169.800000	-17.820000	0.000000
	169.820000	-17.652000	4.200000
	169.840000	-17.388000	8.600000
	169.860000	-17.040000	13.000000
	169.880000	-16.620000	17.200000
	169.900000	-16.128000	21.000000
	169.920000	-15.552000	24.800000
	169.940000	-14.904000	28.600000
	169.960000	-14.184000	32.400000
	169.980000	-13.404000	35.800000
	170.000000	-12.564000	39.000000
	170.020000	-11.652000	42.200000
	170.040000	-10.680000	45.400000
	170.060000	-9.636000	48.800000
	170.080000	-8.556000	51.600000
	170.100000	-7.428000	54.200000
	170.120000	-6.252000	56.400000
	170.140000	-5.040000	58.600000
	170.160000	-3.792000	60.600000
	170.180000	-2.520000	62.200000
	170.200000	-1.224000	63.600000
	170.220000	0.084000	64.600000
	170.240000	1.416000	65.600000
	170.260000	2.748000	66.200000
	170.280000	4.080000	66.600000
	170.300000	5.412000	66.600000
	170.320000	6.720000	66.200000
	170.340000	8.016000	65.600000
	170.360000	9.288000	64.600000
	170.380000	10.548000	63.800000
	170.400000	11.784000	62.800000
	170.420000	12.972000	61.400000
	170.440000	14.124000	59.600000
	170.460000	15.240000	57.600000
	170.480000	16.308000	55.600000
	170.500000	17.340000	53.600000
	170.520000	18.300000	51.000000
	170.540000	19.212000	48.400000
	170.560000	20.052000	45.200000
	170.580000	20.832000	42.200000
	170.600000	21.552000	39.000000
	170.620000	22.200000	35.800000
	170.640000	22.776000	32.400000
	170.660000	23.268000	28.600000
	170.680000	23.688000	24.800000
	170.700000	24.036000	21.000000
	170.720000	24.300000	17.200000
	170.740000	24.480000	13.200000
	170.760000	24.576000	9.000000
	170.780000	24.588000	4.800000
	170.800000	24.540000	1.000000
	170.820000	24.396000	-3.000000
	170.840000	24.180000	-6.800000
	170.860000	23.880000	-11.000000
	170.880000	23.520000	-14.600000
	170.900000	23.088000	-18.200000
	170.920000	22.584000	-21.600000
	170.940000	22.020000	-25.000000
	170.960000	21.372000	-28.600000
	170.980000	20.652000	-32.200000
	171.000000	19.860000	-36.000000
	171.020000	19.020000	-39.200000
	171.040000	18.144000	-41.800000
	171.060000	17.184000	-44.600000
	171.080000	16.164000	-47.600000
	171.100000	15.084000	-51.000000
	171.120000	13.968000	-53.600000
	171.140000	12.804000	-56.000000
	171.160000	11.592000	-58.200000
	171.180000	10.356000	-60.200000
	171.200000	9.120000	-61.400000
	171.220000	7.836000	-62.600000
	171.240000	6.540000	-63.600000
	171.260000	5.196000	-65.400000
	171.280000	3.852000	-66.400000
	171.300000	2.520000	-67.000000
	171.320000	1.188000	-66.800000
	171.340000	-0.144000	-66.600000
	171.360000	-1.500000	-67.000000
	171.380000	-2.820000	-66.800000
	171.400000	-4.104000	-66.000000
	171.420000	-5.364000	-64.400000
	171.440000	-6.612000	-63.200000
	171.460000	-7.788000	-61.400000
	171.480000	-8.928000	-59.400000
	171.500000	-10.008000	-56.600000
	171.520000	-11.076000	-54.800000
	171.540000	-12.072000	-52.400000
	171.560000	-12.996000	-49.800000
	171.580000	-13.836000	-46.000000
	171.600000	-14.604000	-42.200000
	171.620000	-15.312000	-38.600000
	171.640000	-15.948000	-35.200000
	171.660000	-16.500000	-31.600000
	171.680000	-16.956000	-27.400000
	171.700000	-17.328000	-23.000000
	171.720000	-17.604000	-18.400000
	171.740000	-17.796000	-14.000000
	171.760000	-17.904000	-9.600000
	171.780000	-17.916000	-5.200000
	171.800000	-17.844000	-0.800000
	171.820000	-17.676000	3.800000
	171.840000	-17.436000	8.000000
	171.860000	-17.100000	12.400000
	171.880000	-16.680000	16.600000
	171.900000	-16.188000	20.800000
	171.920000	-15.624000	24.600000
	171.940000	-14.976000	28.400000
	171.960000	-14.244000	32.400000
	171.980000	-13.452000	36.200000
	172.000000	-12.612000	39.400000
	172.020000	-11.712000	42.200000
	172.040000	-10.740000	45.200000
	172.060000	-9.720000	48.200000
	172.080000	-8.640000	51.200000
	172.100000	-7.512000	53.800000
	172.120000	-6.336000	56.400000
	172.140000	-5.136000	58.400000
	172.160000	-3.912000	60.000000
	172.180000	-2.616000	62.000000
	172.200000	-1.308000	63.800000
	172.220000	0.036000	65.800000
	172.240000	1.344000	66.000000
	172.260000	2.688000	66.600000
	172.280000	4.008000	66.200000
	172.300000	5.340000	66.600000
	172.320000	6.660000	66.200000
	172.340000	7.968000	66.000000
	172.360000	9.240000	65.000000
	172.380000	10.488000	63.800000
	172.400000	11.736000	62.800000
	172.420000	12.936000	61.600000
	172.440000	14.112000	60.400000
	172.460000	15.216000	58.000000
	172.480000	16.296000	56.000000
	172.500000	17.304000	53.200000
	172.520000	18.264000	50.800000
	172.540000	19.176000	48.000000
	172.560000	20.016000	45.200000
	172.580000	20.808000	42.400000
	172.600000	21.528000	39.200000
	172.620000	22.200000	36.400000
	172.640000	22.776000	32.800000
	172.660000	23.280000	29.200000
	172.680000	23.700000	25.000000
	172.700000	24.060000	21.400000
	172.720000	24.336000	17.600000
	172.740000	24.516000	13.600000
	172.760000	24.612000	9.200000
	172.780000	24.624000	4.800000
	172.800000	24.576000	1.000000
	172.820000	24.444000	-2.800000
	172.840000	24.240000	-6.400000
	172.860000	23.952000	-10.400000
	172.880000	23.592000	-14.200000
	172.900000	23.148000	-18.200000
	172.920000	22.644000	-21.800000
	172.940000	22.068000	-25.400000
	172.960000	21.432000	-28.600000
	172.980000	20.712000	-32.200000
	173.000000	19.944000	-35.400000
	173.020000	19.104000	-38.800000
	173.040000	18.216000	-41.600000
	173.060000	17.232000	-45.200000
	173.080000	16.212000	-48.200000
	173.100000	15.144000	-51.200000
	173.120000	14.040000	-53.200000
	173.140000	12.876000	-55.600000
	173.160000	11.652000	-58.200000
	173.180000	10.416000	-60.400000
	173.200000	9.144000	-62.200000
	173.220000	7.872000	-63.000000
	173.240000	6.552000	-64.400000
	173.260000	5.220000	-65.400000
	173.280000	3.876000	-66.600000
	173.300000	2.544000	-66.800000
	173.320000	1.212000	-66.800000
	173.340000	-0.144000	-67.000000
	173.360000	-1.476000	-67.000000
	173.380000	-2.796000	-66.800000
	173.400000	-4.092000	-65.800000
	173.420000	-5.376000	-65.000000
	173.440000	-6.624000	-63.800000
	173.460000	-7.812000	-62.000000
	173.480000	-8.952000	-59.600000
	173.500000	-10.044000	-57.000000
	173.520000	-11.100000	-54.800000
	173.540000	-12.096000	-52.400000
	173.560000	-13.008000	-49.400000
	173.580000	-13.860000	-46.000000
	173.600000	-14.640000	-42.400000
	173.620000	-15.360000	-39.200000
	173.640000	-15.996000	-35.600000
	173.660000	-16.548000	-31.800000
	173.680000	-17.016000	-27.600000
	173.700000	-17.376000	-23.000000
	173.720000	-17.664000	-18.600000
	173.740000	-17.844000	-13.800000
	173.760000	-17.952000	-9.600000
	173.780000	-17.964000	-5.000000
	173.800000	-17.892000	-0.800000
	173.820000	-17.724000	3.800000
	173.840000	-17.472000	8.200000
	173.860000	-17.136000	12.600000
	173.880000	-16.716000	16.800000
	173.900000	-16.224000	20.800000
	173.920000	-15.648000	24.800000
	173.940000	-15.000000	28.600000
	173.960000	-14.280000	32.400000
	173.980000	-13.500000	35.800000
	174.000000	-12.660000	39.000000
	174.020000	-11.736000	42.400000
	174.040000	-10.752000	45.800000
	174.060000	-9.720000	49.000000
	174.080000	-8.652000	51.400000
	174.100000	-7.524000	53.800000
	174.120000	-6.348000	56.200000
	174.140000	-5.136000	58.600000
	174.160000	-3.900000	60.400000
	174.180000	-2.628000	62.000000
	174.200000	-1.332000	63.400000
	174.220000	-0.012000	64.800000
	174.240000	1.320000	65.800000
	174.260000	2.676000	66.800000
	174.280000	4.008000	67.000000
	174.300000	5.352000	67.200000
	174.320000	6.684000	66.800000
	174.340000	8.004000	66.600000
	174.360000	9.300000	65.800000
	174.380000	10.548000	64.400000
	174.400000	11.760000	62.600000
	174.420000	12.960000	61.000000
	174.440000	14.124000	59.600000
	174.460000	15.264000	58.400000
	174.480000	16.320000	56.000000
	174.500000	17.328000	53.400000
	174.520000	18.288000	50.400000
	174.540000	19.200000	48.000000
	174.560000	20.064000	45.600000
	174.580000	20.856000	42.800000
	174.600000	21.576000	39.600000
	174.620000	22.224000	36.000000
	174.640000	22.800000	32.400000
	174.660000	23.304000	28.800000
	174.680000	23.724000	25.000000
	174.700000	24.072000	21.200000
	174.720000	24.336000	17.200000
	174.740000	24.528000	13.400000
	174.760000	24.624000	9.200000
	174.780000	24.648000	5.200000
	174.800000	24.588000	1.000000
	174.820000	24.456000	-2.800000
	174.840000	24.240000	-6.800000
	174.860000	23.952000	-10.600000
	174.880000	23.580000	-14.600000
	174.900000	23.148000	-18.200000
	174.920000	22.632000	-22.000000
	174.940000	22.068000	-25.200000
	174.960000	21.408000	-29.000000
	174.980000	20.712000	-32.000000
	175.000000	19.932000	-35.600000
	175.020000	19.092000	-38.600000
	175.040000	18.168000	-42.400000
	175.060000	17.196000	-45.600000
	175.080000	16.176000	-48.600000
	175.100000	15.120000	-50.800000
	175.120000	14.016000	-53.000000
	175.140000	12.864000	-55.200000
	175.160000	11.652000	-57.800000
	175.180000	10.416000	-60.000000
	175.200000	9.132000	-62.200000
	175.220000	7.836000	-63.600000
	175.240000	6.516000	-65.000000
	175.260000	5.196000	-65.600000
	175.280000	3.876000	-66.000000
	175.300000	2.532000	-66.400000
	175.320000	1.164000	-67.200000
	175.340000	-0.204000	-68.000000
	175.360000	-1.536000	-67.800000
	175.380000	-2.832000	-66.600000
	175.400000	-4.104000	-65.000000
	175.420000	-5.376000	-64.000000
	175.440000	-6.588000	-62.600000
	175.460000	-7.800000	-61.600000
	175.480000	-8.964000	-59.800000
	175.500000	-10.080000	-58.200000
	175.520000	-11.124000	-55.400000
	175.540000	-12.096000	-52.200000
	175.560000	-13.008000	-48.800000
	175.580000	-13.848000	-45.400000
	175.600000	-14.628000	-42.200000
	175.620000	-15.348000	-39.000000
	175.640000	-15.984000	-35.600000
	175.660000	-16.536000	-31.800000
	175.680000	-16.992000	-27.400000
	175.700000	-17.364000	-23.000000
	175.720000	-17.640000	-18.400000
	175.740000	-17.832000	-14.000000
	175.760000	-17.928000	-9.400000
	175.780000	-17.940000	-5.000000
	175.800000	-17.868000	-0.600000
	175.820000	-17.700000	3.800000
	175.840000	-17.436000	8.400000
	175.860000	-17.088000	13.000000
	175.880000	-16.680000	17.000000
	175.900000	-16.200000	20.600000
	175.920000	-15.636000	24.200000
	175.940000	-14.988000	28.200000
	175.960000	-14.268000	32.200000
	175.980000	-13.488000	35.800000
	176.000000	-12.636000	39.200000
	176.020000	-11.712000	42.600000
	176.040000	-10.728000	46.000000
	176.060000	-9.708000	48.800000
	176.080000	-8.628000	51.400000
	176.100000	-7.500000	53.800000
	176.120000	-6.312000	56.600000
	176.140000	-5.124000	58.400000
	176.160000	-3.888000	60.200000
	176.180000	-2.616000	61.600000
	176.200000	-1.308000	63.600000
	176.220000	-0.012000	64.600000
	176.240000	1.320000	65.600000
	176.260000	2.652000	66.000000
	176.280000	3.996000	66.800000
	176.300000	5.316000	66.600000
	176.320000	6.648000	66.600000
	176.340000	7.980000	66.400000
	176.360000	9.264000	65.800000
	176.380000	10.524000	64.600000
	176.400000	11.760000	63.000000
	176.420000	12.984000	62.000000
	176.440000	14.136000	60.200000
	176.460000	15.240000	58.000000
	176.480000	16.296000	55.200000
	176.500000	17.328000	53.200000
	176.520000	18.300000	51.000000
	176.540000	19.212000	48.600000
	176.560000	20.064000	45.600000
	176.580000	20.844000	42.400000
	176.600000	21.552000	39.000000
	176.620000	22.188000	35.400000
	176.640000	22.764000	32.000000
	176.660000	23.268000	28.600000
	176.680000	23.688000	25.000000
	176.700000	24.036000	21.200000
	176.720000	24.300000	17.200000
	176.740000	24.492000	13.400000
	176.760000	24.588000	9.200000
	176.780000	24.612000	5.200000
	176.800000	24.552000	1.000000
	176.820000	24.420000	-2.800000
	176.840000	24.204000	-6.800000
	176.860000	23.916000	-10.600000
	176.880000	23.556000	-14.400000
	176.900000	23.124000	-18.000000
	176.920000	22.608000	-21.800000
	176.940000	22.032000	-25.400000
	176.960000	21.396000	-28.800000
	176.980000	20.688000	-32.000000
	177.000000	19.908000	-35.400000
	177.020000	19.044000	-39.200000
	177.040000	18.144000	-42.400000
	177.060000	17.196000	-45.200000
	177.080000	16.176000	-47.800000
	177.100000	15.108000	-50.600000
	177.120000	13.992000	-53.400000
	177.140000	12.852000	-55.400000
	177.160000	11.652000	-57.600000
	177.180000	10.416000	-59.600000
	177.200000	9.144000	-61.800000
	177.220000	7.848000	-63.400000
	177.240000	6.504000	-65.200000
	177.260000	5.172000	-66.200000
	177.280000	3.852000	-66.600000
	177.300000	2.532000	-66.200000
	177.320000	1.164000	-66.800000
	177.340000	-0.204000	-67.600000
	177.360000	-1.536000	-67.800000
	177.380000	-2.832000	-66.600000
	177.400000	-4.104000	-65.000000
	177.420000	-5.364000	-63.800000
	177.440000	-6.588000	-62.600000
	177.460000	-7.788000	-61.400000
	177.480000	-8.928000	-59.400000
	177.500000	-10.032000	-57.400000
	177.520000	-11.064000	-54.600000
	177.540000	-12.048000	-52.000000
	177.560000	-12.960000	-48.800000
	177.580000	-13.824000	-46.000000
	177.600000	-14.616000	-42.800000
	177.620000	-15.324000	-39.400000
	177.640000	-15.936000	-35.200000
	177.660000	-16.488000	-31.200000
	177.680000	-16.944000	-27.000000
	177.700000	-17.328000	-23.200000
	177.720000	-17.604000	-18.600000
	177.740000	-17.796000	-14.200000
	177.760000	-17.892000	-9.400000
	177.780000	-17.904000	-5.000000
	177.800000	-17.832000	-0.600000
	177.820000	-17.676000	3.600000
	177.840000	-17.424000	8.000000
	177.860000	-17.088000	12.400000
	177.880000	-16.668000	16.800000
	177.900000	-16.176000	20.800000
	177.920000	-15.612000	24.600000
	177.940000	-14.952000	28.600000
	177.960000	-14.232000	32.400000
	177.980000	-13.428000	36.400000
	178.000000	-12.588000	39.400000
	178.020000	-11.688000	42.400000
	178.040000	-10.728000	45.000000
	178.060000	-9.708000	48.000000
	178.080000	-8.616000	51.200000
	178.100000	-7.488000	54.000000
	178.120000	-6.324000	56.400000
	178.140000	-5.112000	58.400000
	178.160000	-3.876000	60.200000
	178.180000	-2.592000	62.200000
	178.200000	-1.320000	63.200000
	178.220000	-0.024000	64.200000
	178.240000	1.296000	64.800000
	178.260000	2.616000	65.600000
	178.280000	3.972000	66.600000
	178.300000	5.292000	66.600000
	178.320000	6.672000	67.600000
	178.340000	7.968000	66.600000
	178.360000	9.264000	66.200000
	178.380000	10.476000	63.400000
	178.400000	11.712000	62.400000
	178.420000	12.888000	60.400000
	178.440000	14.052000	59.600000
	178.460000	15.156000	57.400000
	178.480000	16.236000	55.800000
	178.500000	17.268000	53.600000
	178.520000	18.252000	51.600000
	178.540000	19.164000	48.800000
	178.560000	20.004000	45.600000
	178.580000	20.784000	42.200000
	178.600000	21.516000	39.200000
	178.620000	22.164000	36.000000
	178.640000	22.740000	32.600000
	178.660000	23.232000	28.600000
	178.680000	23.664000	25.000000
	178.700000	24.012000	21.200000
	178.720000	24.276000	17.400000
	178.740000	24.456000	13.200000
	178.760000	24.564000	9.200000
	178.780000	24.600000	5.400000
	178.800000	24.552000	1.600000
	178.820000	24.420000	-2.400000
	178.840000	24.204000	-6.600000
	178.860000	23.916000	-10.600000
	178.880000	23.556000	-14.400000
	178.900000	23.124000	-18.000000
	178.920000	22.620000	-21.600000
	178.940000	22.044000	-25.200000
	178.960000	21.408000	-28.600000
	178.980000	20.700000	-32.000000
	179.000000	19.932000	-35.200000
	179.020000	19.092000	-38.600000
	179.040000	18.192000	-41.800000
	179.060000	17.220000	-45.200000
	179.080000	16.200000	-48.200000
	179.100000	15.132000	-51.000000
	179.120000	14.028000	-53.200000
	179.140000	12.864000	-55.600000
	179.160000	11.652000	-58.000000
	179.180000	10.416000	-60.200000
	179.200000	9.168000	-61.600000
	179.220000	7.896000	-62.600000
	179.240000	6.564000	-64.200000
	179.260000	5.232000	-65.600000
	179.280000	3.888000	-66.800000
	179.300000	2.580000	-66.400000
	179.320000	1.224000	-66.800000
	179.340000	-0.120000	-66.800000
	179.360000	-1.476000	-67.600000
	179.380000	-2.796000	-67.000000
	179.400000	-4.080000	-66.000000
	179.420000	-5.328000	-64.200000
	179.440000	-6.564000	-62.800000
	179.460000	-7.740000	-61.000000
	179.480000	-8.904000	-59.600000
	179.500000	-9.984000	-57.000000
	179.520000	-11.052000	-55.200000
	179.540000	-12.024000	-52.000000
	179.560000	-12.948000	-49.400000
	179.580000	-13.800000	-45.800000
	179.600000	-14.592000	-42.800000
	179.620000	-15.300000	-39.200000
	179.640000	-15.936000	-35.600000
	179.660000	-16.476000	-31.400000
	179.680000	-16.944000	-27.400000
	179.700000	-17.316000	-23.000000
	179.720000	-17.604000	-18.800000
	179.740000	-17.796000	-14.200000
	179.760000	-17.904000	-9.800000
	179.780000	-17.916000	-5.200000
	179.800000	-17.844000	-0.800000
	179.820000	-17.676000	3.800000
	179.840000	-17.424000	8.200000
	179.860000	-17.088000	12.600000
	179.880000	-16.668000	16.800000
	179.900000	-16.176000	20.800000
	179.920000	-15.612000	24.600000
	179.940000	-14.976000	28.200000
	179.960000	-14.280000	31.600000
	179.980000	-13.476000	35.600000
	180.000000	-12.636000	39.000000
	180.020000	-11.712000	42.800000
	180.040000	-10.752000	45.400000
	180.060000	-9.720000	48.600000
	180.080000	-8.640000	51.200000
	180.100000	-7.536000	53.600000
	180.120000	-6.372000	55.800000
	180.140000	-5.172000	57.800000
	180.160000	-3.936000	60.000000
	180.180000	-2.664000	61.800000
	180.200000	-1.368000	63.400000
	180.220000	-0.048000	64.800000
	180.240000	1.284000	65.800000
	180.260000	2.616000	66.400000
	180.280000	3.948000	66.600000
	180.300000	5.280000	66.600000
	180.320000	6.588000	66.200000
	180.340000	7.908000	66.000000
	180.360000	9.192000	65.200000
	180.380000	10.464000	64.600000
	180.400000	11.688000	63.000000
	180.420000	12.876000	61.400000
	180.440000	14.052000	59.800000
	180.460000	15.168000	58.000000
	180.480000	16.236000	56.000000
	180.500000	17.244000	53.200000
	180.520000	18.228000	51.000000
	180.540000	19.140000	48.400000
	180.560000	20.004000	46.000000
	180.580000	20.772000	42.400000
	180.600000	21.504000	39.400000
	180.620000	22.140000	35.600000
	180.640000	22.728000	32.600000
	180.660000	23.232000	28.800000
	180.680000	23.652000	25.200000
	180.700000	24.000000	21.200000
	180.720000	24.264000	17.200000
	180.740000	24.456000	13.400000
	180.760000	24.564000	9.400000
	180.780000	24.588000	5.400000
	180.800000	24.528000	1.200000
	180.820000	24.396000	-2.800000
	180.840000	24.180000	-6.800000
	180.860000	23.892000	-10.600000
	180.880000	23.520000	-14.600000
	180.900000	23.100000	-18.000000
	180.920000	22.596000	-21.600000
	180.940000	22.020000	-25.000000
	180.960000	21.372000	-28.800000
	180.980000	20.652000	-32.400000
	181.000000	19.884000	-35.600000
	181.020000	19.044000	-38.800000
	181.040000	18.156000	-41.600000
	181.060000	17.208000	-44.600000
	181.080000	16.200000	-47.400000
	181.100000	15.144000	-50.200000
	181.120000	14.028000	-53.000000
	181.140000	12.864000	-55.600000
	181.160000	11.664000	-58.000000
	181.180000	10.428000	-60.000000
	181.200000	9.156000	-61.800000
	181.220000	7.848000	-63.600000
	181.240000	6.528000	-65.000000
	181.260000	5.196000	-66.000000
	181.280000	3.876000	-66.200000
	181.300000	2.532000	-66.600000
	181.320000	1.188000	-66.800000
	181.340000	-0.168000	-67.400000
	181.360000	-1.500000	-67.200000
	181.380000	-2.796000	-66.400000
	181.400000	-4.080000	-65.200000
	181.420000	-5.328000	-63.800000
	181.440000	-6.552000	-62.600000
	181.460000	-7.740000	-61.000000
	181.480000	-8.904000	-59.600000
	181.500000	-10.008000	-57.600000
	181.520000	-11.040000	-55.000000
	181.540000	-12.024000	-52.000000
	181.560000	-12.936000	-48.800000
	181.580000	-13.800000	-46.000000
	181.600000	-14.580000	-42.600000
	181.620000	-15.300000	-39.400000
	181.640000	-15.936000	-35.600000
	181.660000	-16.488000	-31.800000
	181.680000	-16.956000	-27.600000
	181.700000	-17.328000	-23.200000
	181.720000	-17.604000	-18.600000
	181.740000	-17.796000	-14.000000
	181.760000	-17.904000	-9.600000
	181.780000	-17.928000	-5.400000
	181.800000	-17.856000	-1.000000
	181.820000	-17.688000	3.600000
	181.840000	-17.424000	8.400000
	181.860000	-17.088000	12.800000
	181.880000	-16.680000	16.800000
	181.900000	-16.200000	20.400000
	181.920000	-15.648000	24.000000
	181.940000	-15.000000	28.000000
	181.960000	-14.280000	32.000000
	181.980000	-13.476000	36.200000
	182.000000	-12.624000	39.600000
	182.020000	-11.700000	43.000000
	182.040000	-10.728000	45.800000
	182.060000	-9.708000	48.600000
	182.080000	-8.640000	51.000000
	182.100000	-7.512000	53.600000
	182.120000	-6.324000	56.400000
	182.140000	-5.112000	58.800000
	182.160000	-3.888000	60.400000
	182.180000	-2.640000	61.400000
	182.200000	-1.368000	62.400000
	182.220000	-0.060000	63.800000
	182.240000	1.248000	64.800000
	182.260000	2.580000	65.800000
	182.280000	3.924000	66.400000
	182.300000	5.268000	67.000000
	182.320000	6.600000	67.000000
	182.340000	7.908000	66.400000
	182.360000	9.192000	65.400000
	182.380000	10.452000	64.200000
	182.400000	11.688000	63.000000
	182.420000	12.888000	61.600000
	182.440000	14.052000	60.000000
	182.460000	15.156000	57.800000
	182.480000	16.248000	56.000000
	182.500000	17.268000	53.600000
	182.520000	18.252000	51.600000
	182.540000	19.164000	48.600000
	182.560000	20.016000	45.800000
	182.580000	20.796000	42.400000
	182.600000	21.516000	39.200000
	182.620000	22.164000	35.800000
	182.640000	22.740000	32.400000
	182.660000	23.232000	28.600000
	182.680000	23.664000	25.000000
	182.700000	24.012000	21.200000
	182.720000	24.276000	17.400000
	182.740000	24.456000	13.200000
	182.760000	24.564000	9.200000
	182.780000	24.600000	5.400000
	182.800000	24.552000	1.600000
	182.820000	24.420000	-2.400000
	182.840000	24.204000	-6.600000
	182.860000	23.916000	-10.600000
	182.880000	23.556000	-14.400000
	182.900000	23.124000	-18.000000
	182.920000	22.620000	-21.600000
	182.940000	22.044000	-25.200000
	182.960000	21.384000	-29.000000
	182.980000	20.676000	-32.400000
	183.000000	19.896000	-35.800000
	183.020000	19.080000	-38.400000
	183.040000	18.180000	-41.600000
	183.060000	17.220000	-44.600000
	183.080000	16.212000	-47.800000
	183.100000	15.144000	-50.600000
	183.120000	14.052000	-52.800000
	183.140000	12.888000	-55.400000
	183.160000	11.688000	-57.600000
	183.180000	10.440000	-60.200000
	183.200000	9.180000	-61.800000
	183.220000	7.872000	-63.600000
	183.240000	6.576000	-64.400000
	183.260000	5.220000	-66.000000
	183.280000	3.924000	-65.800000
	183.300000	2.556000	-67.000000
	183.320000	1.236000	-66.400000
	183.340000	-0.132000	-67.600000
	183.360000	-1.464000	-67.000000
	183.380000	-2.784000	-67.000000
	183.400000	-4.056000	-65.400000
	183.420000	-5.304000	-64.000000
	183.440000	-6.516000	-62.200000
	183.460000	-7.716000	-61.000000
	183.480000	-8.868000	-59.400000
	183.500000	-9.996000	-58.000000
	183.520000	-11.052000	-55.600000
	183.540000	-12.024000	-52.600000
	183.560000	-12.948000	-49.200000
	183.580000	-13.800000	-45.800000
	183.600000	-14.592000	-42.800000
	183.620000	-15.288000	-39.000000
	183.640000	-15.924000	-35.400000
	183.660000	-16.488000	-31.600000
	183.680000	-16.956000	-27.800000
	183.700000	-17.328000	-23.400000
	183.720000	-17.604000	-18.600000
	183.740000	-17.796000	-14.000000
	183.760000	-17.904000	-9.600000
	183.780000	-17.928000	-5.400000
	183.800000	-17.856000	-1.000000
	183.820000	-17.688000	3.600000
	183.840000	-17.424000	8.400000
	183.860000	-17.088000	12.800000
	183.880000	-16.668000	17.000000
	183.900000	-16.176000	20.800000
	183.920000	-15.612000	24.600000
	183.940000	-14.964000	28.400000
	183.960000	-14.256000	32.000000
	183.980000	-13.476000	35.600000
	184.000000	-12.624000	39.000000
	184.020000	-11.724000	42.200000
	184.040000	-10.752000	45.400000
	184.060000	-9.732000	48.200000
	184.080000	-8.640000	51.400000
	184.100000	-7.512000	54.000000
	184.120000	-6.360000	56.200000
	184.140000	-5.160000	58.000000
	184.160000	-3.924000	59.800000
	184.180000	-2.652000	61.800000
	184.200000	-1.356000	63.400000
	184.220000	-0.060000	64.400000
	184.240000	1.260000	65.200000
	184.260000	2.592000	65.800000
	184.280000	3.936000	66.600000
	184.300000	5.268000	66.800000
	184.320000	6.588000	66.600000
	184.340000	7.920000	66.400000
	184.360000	9.216000	65.800000
	184.380000	10.488000	65.000000
	184.400000	11.712000	63.200000
	184.420000	12.912000	61.600000
	184.440000	14.064000	59.600000
	184.460000	15.168000	57.600000
	184.480000	16.236000	55.400000
	184.500000	17.268000	53.400000
	184.520000	18.240000	51.200000
	184.540000	19.152000	48.600000
	184.560000	19.980000	45.200000
	184.580000	20.772000	42.200000
	184.600000	21.492000	39.000000
	184.620000	22.152000	36.200000
	184.640000	22.728000	32.600000
	184.660000	23.220000	28.800000
	184.680000	23.640000	24.800000
	184.700000	23.988000	21.000000
	184.720000	24.264000	17.400000
	184.740000	24.456000	13.600000
	184.760000	24.564000	9.600000
	184.780000	24.588000	5.400000
	184.800000	24.528000	1.200000
	184.820000	24.396000	-2.800000
	184.840000	24.180000	-6.800000
	184.860000	23.904000	-10.400000
	184.880000	23.544000	-14.200000
	184.900000	23.112000	-17.800000
	184.920000	22.608000	-21.600000
	184.940000	22.032000	-25.200000
	184.960000	21.396000	-28.600000
	184.980000	20.688000	-32.000000
	185.000000	19.908000	-35.400000
	185.020000	19.068000	-38.800000
	185.040000	18.168000	-42.000000
	185.060000	17.220000	-44.800000
	185.080000	16.200000	-47.800000
	185.100000	15.108000	-51.000000
	185.120000	13.980000	-54.000000
	185.140000	12.816000	-56.400000
	185.160000	11.640000	-57.800000
	185.180000	10.416000	-59.400000
	185.200000	9.168000	-60.800000
	185.220000	7.872000	-62.800000
	185.240000	6.564000	-64.200000
	185.260000	5.232000	-65.600000
	185.280000	3.912000	-66.000000
	185.300000	2.568000	-66.600000
	185.320000	1.224000	-66.800000
	185.340000	-0.120000	-67.200000
	185.360000	-1.452000	-67.000000
	185.380000	-2.772000	-66.600000
	185.400000	-4.068000	-65.800000
	185.420000	-5.352000	-65.000000
	185.440000	-6.564000	-63.200000
	185.460000	-7.764000	-61.600000
	185.480000	-8.892000	-59.000000
	185.500000	-9.984000	-57.000000
	185.520000	-11.016000	-54.200000
	185.540000	-11.988000	-51.600000
	185.560000	-12.924000	-49.000000
	185.580000	-13.788000	-46.200000
	185.600000	-14.592000	-43.400000
	185.620000	-15.300000	-39.600000
	185.640000	-15.924000	-35.600000
	185.660000	-16.464000	-31.200000
	185.680000	-16.932000	-27.200000
	185.700000	-17.304000	-23.000000
	185.720000	-17.592000	-18.800000
	185.740000	-17.784000	-14.200000
	185.760000	-17.892000	-9.800000
	185.780000	-17.904000	-5.200000
	185.800000	-17.832000	-0.800000
	185.820000	-17.676000	3.600000
	185.840000	-17.424000	8.000000
	185.860000	-17.076000	12.600000
	185.880000	-16.656000	17.000000
	185.900000	-16.164000	21.000000
	185.920000	-15.600000	24.600000
	185.940000	-14.964000	28.200000
	185.960000	-14.256000	31.800000
	185.980000	-13.476000	35.400000
	186.000000	-12.624000	39.000000
	186.020000	-11.700000	42.600000
	186.040000	-10.752000	45.400000
	186.060000	-9.744000	48.000000
	186.080000	-8.688000	50.200000
	186.100000	-7.560000	53.200000
	186.120000	-6.384000	56.000000
	186.140000	-5.172000	58.600000
	186.160000	-3.924000	60.600000
	186.180000	-2.640000	62.400000
	186.200000	-1.356000	63.600000
	186.220000	-0.036000	64.800000
	186.240000	1.272000	65.200000
	186.260000	2.604000	66.000000
	186.280000	3.936000	66.200000
	186.300000	5.268000	66.600000
	186.320000	6.576000	66.200000
	186.340000	7.860000	65.400000
	186.360000	9.144000	64.600000
	186.380000	10.404000	63.800000
	186.400000	11.640000	63.000000
	186.420000	12.840000	61.600000
	186.440000	14.028000	60.400000
	186.460000	15.156000	58.600000
	186.480000	16.212000	56.200000
	186.500000	17.232000	53.400000
	186.520000	18.192000	50.600000
	186.540000	19.116000	48.400000
	186.560000	19.956000	45.400000
	186.580000	20.736000	42.400000
	186.600000	21.456000	39.000000
	186.620000	22.104000	35.800000
	186.640000	22.692000	32.600000
	186.660000	23.196000	29.000000
	186.680000	23.628000	25.400000
	186.700000	23.976000	21.400000
	186.720000	24.252000	17.600000
	186.740000	24.444000	13.600000
	186.760000	24.552000	9.600000
	186.780000	24.576000	5.400000
	186.800000	24.516000	1.200000
	186.820000	24.396000	-2.600000
	186.840000	24.180000	-6.600000
	186.860000	23.904000	-10.200000
	186.880000	23.544000	-14.200000
	186.900000	23.124000	-17.600000
	186.920000	22.608000	-21.600000
	186.940000	22.032000	-25.200000
	186.960000	21.384000	-29.000000
	186.980000	20.676000	-32.200000
	187.000000	19.908000	-35.400000
	187.020000	19.080000	-38.400000
	187.040000	18.204000	-41.200000
	187.060000	17.256000	-44.200000
	187.080000	16.248000	-47.200000
	187.100000	15.192000	-50.200000
	187.120000	14.076000	-53.000000
	187.140000	12.912000	-55.600000
	187.160000	11.712000	-58.000000
	187.180000	10.476000	-60.000000
	187.200000	9.216000	-61.600000
	187.220000	7.908000	-63.400000
	187.240000	6.600000	-64.600000
	187.260000	5.268000	-65.800000
	187.280000	3.948000	-66.000000
	187.300000	2.604000	-66.600000
	187.320000	1.260000	-66.800000
	187.340000	-0.108000	-67.600000
	187.360000	-1.452000	-67.600000
	187.380000	-2.748000	-66.800000
	187.400000	-4.008000	-65.000000
	187.420000	-5.256000	-63.400000
	187.440000	-6.492000	-62.400000
	187.460000	-7.704000	-61.600000
	187.480000	-8.856000	-60.000000
	187.500000	-9.960000	-57.800000
	187.520000	-11.004000	-55.000000
	187.540000	-11.988000	-52.200000
	187.560000	-12.924000	-49.400000
	187.580000	-13.776000	-46.200000
	187.600000	-14.580000	-43.200000
	187.620000	-15.288000	-39.400000
	187.640000	-15.924000	-35.800000
	187.660000	-16.464000	-31.400000
	187.680000	-16.932000	-27.400000
	187.700000	-17.316000	-23.200000
	187.720000	-17.604000	-19.000000
	187.740000	-17.796000	-14.400000
	187.760000	-17.892000	-9.600000
	187.780000	-17.916000	-5.200000
	187.800000	-17.844000	-0.800000
	187.820000	-17.688000	3.400000
	187.840000	-17.424000	8.200000
	187.860000	-17.088000	12.600000
	187.880000	-16.668000	17.000000
	187.900000	-16.188000	20.600000
	187.920000	-15.624000	24.400000
	187.940000	-14.988000	28.000000
	187.960000	-14.280000	31.800000
	187.980000	-13.500000	35.400000
	188.000000	-12.648000	39.000000
	188.020000	-11.736000	42.400000
	188.040000	-10.764000	45.600000
	188.060000	-9.744000	48.400000
	188.080000	-8.652000	51.400000
	188.100000	-7.548000	53.600000
	188.120000	-6.372000	56.200000
	188.140000	-5.184000	57.800000
	188.160000	-3.948000	60.000000
	188.180000	-2.700000	61.200000
	188.200000	-1.428000	62.600000
	188.220000	-0.108000	64.000000
	188.240000	1.212000	65.200000
	188.260000	2.544000	66.200000
	188.280000	3.900000	66.800000
	188.300000	5.232000	67.000000
	188.320000	6.564000	67.000000
	188.340000	7.872000	66.200000
	188.360000	9.144000	65.200000
	188.380000	10.404000	64.000000
	188.400000	11.616000	62.400000
	188.420000	12.840000	61.600000
	188.440000	14.004000	60.000000
	188.460000	15.108000	58.200000
	188.480000	16.164000	55.400000
	188.500000	17.184000	53.000000
	188.520000	18.168000	51.000000
	188.540000	19.104000	49.000000
	188.560000	19.956000	46.200000
	188.580000	20.748000	43.000000
	188.600000	21.468000	39.400000
	188.620000	22.128000	36.200000
	188.640000	22.704000	32.600000
	188.660000	23.196000	28.800000
	188.680000	23.628000	25.000000
	188.700000	23.988000	21.400000
	188.720000	24.264000	17.800000
	188.740000	24.456000	13.800000
	188.760000	24.564000	9.600000
	188.780000	24.600000	5.600000
	188.800000	24.552000	1.600000
	188.820000	24.420000	-2.400000
	188.840000	24.204000	-6.600000
	188.860000	23.916000	-10.600000
	188.880000	23.556000	-14.400000
	188.900000	23.136000	-17.800000
	188.920000	22.644000	-21.200000
	188.940000	22.092000	-24.400000
	188.960000	21.456000	-28.000000
	188.980000	20.748000	-31.600000
	189.000000	19.968000	-35.400000
	189.020000	19.128000	-38.800000
	189.040000	18.228000	-42.000000
	189.060000	17.280000	-44.800000
	189.080000	16.272000	-47.600000
	189.100000	15.204000	-50.400000
	189.120000	14.088000	-53.200000
	189.140000	12.948000	-55.400000
	189.160000	11.748000	-57.600000
	189.180000	10.512000	-59.600000
	189.200000	9.228000	-62.000000
	189.220000	7.956000	-63.200000
	189.240000	6.648000	-64.400000
	189.260000	5.328000	-65.000000
	189.280000	3.972000	-66.400000
	189.300000	2.640000	-66.800000
	189.320000	1.296000	-67.200000
	189.340000	-0.012000	-66.400000
	189.360000	-1.344000	-66.400000
	189.380000	-2.664000	-66.000000
	189.400000	-3.984000	-66.200000
	189.420000	-5.256000	-65.200000
	189.440000	-6.492000	-63.800000
	189.460000	-7.668000	-61.400000
	189.480000	-8.844000	-59.800000
	189.500000	-9.948000	-57.600000
	189.520000	-11.016000	-55.800000
	189.540000	-11.988000	-52.400000
	189.560000	-12.912000	-49.400000
	189.580000	-13.764000	-45.800000
	189.600000	-14.556000	-42.800000
	189.620000	-15.276000	-39.400000
	189.640000	-15.912000	-35.800000
	189.660000	-16.464000	-31.800000
	189.680000	-16.932000	-27.600000
	189.700000	-17.316000	-23.400000
	189.720000	-17.604000	-19.000000
	189.740000	-17.796000	-14.400000
	189.760000	-17.904000	-9.800000
	189.780000	-17.928000	-5.400000
	189.800000	-17.868000	-1.200000
	189.820000	-17.712000	3.200000
	189.840000	-17.472000	7.600000
	189.860000	-17.136000	12.200000
	189.880000	-16.728000	16.400000
	189.900000	-16.236000	20.600000
	189.920000	-15.660000	24.600000
	189.940000	-15.024000	28.400000
	189.960000	-14.328000	31.800000
	189.980000	-13.560000	35.000000
	190.000000	-12.696000	38.800000
	190.020000	-11.784000	42.400000
	190.040000	-10.812000	45.800000
	190.060000	-9.780000	48.600000
	190.080000	-8.688000	51.600000
	190.100000	-7.572000	54.000000
	190.120000	-6.420000	56.000000
	190.140000	-5.232000	57.600000
	190.160000	-3.996000	59.600000
	190.180000	-2.724000	61.600000
	190.200000	-1.428000	63.400000
	190.220000	-0.096000	65.000000
	190.240000	1.212000	65.600000
	190.260000	2.544000	66.200000
	190.280000	3.864000	66.000000
	190.300000	5.196000	66.400000
	190.320000	6.528000	66.400000
	190.340000	7.836000	66.200000
	190.360000	9.132000	65.600000
	190.380000	10.392000	64.400000
	190.400000	11.616000	63.000000
	190.420000	12.816000	61.400000
	190.440000	13.992000	60.000000
	190.460000	15.120000	58.400000
	190.480000	16.200000	56.400000
	190.500000	17.220000	53.800000
	190.520000	18.192000	51.200000
	190.540000	19.104000	48.400000
	190.560000	19.956000	45.600000
	190.580000	20.748000	42.600000
	190.600000	21.468000	39.400000
	190.620000	22.128000	36.200000
	190.640000	22.716000	32.800000
	190.660000	23.232000	29.400000
	190.680000	23.664000	25.600000
	190.700000	24.024000	21.800000
	190.720000	24.300000	17.800000
	190.740000	24.492000	13.800000
	190.760000	24.600000	9.600000
	190.780000	24.636000	5.600000
	190.800000	24.588000	1.600000
	190.820000	24.456000	-2.400000
	190.840000	24.240000	-6.600000
	190.860000	23.952000	-10.600000
	190.880000	23.592000	-14.400000
	190.900000	23.172000	-17.800000
	190.920000	22.680000	-21.200000
	190.940000	22.116000	-24.600000
	190.960000	21.468000	-28.400000
	190.980000	20.760000	-32.000000
	191.000000	19.980000	-35.600000
	191.020000	19.164000	-38.400000
	191.040000	18.276000	-41.400000
	191.060000	17.328000	-44.200000
	191.080000	16.308000	-47.600000
	191.100000	15.216000	-51.000000
	191.120000	14.100000	-53.800000
	191.140000	12.924000	-56.400000
	191.160000	11.748000	-57.800000
	191.180000	10.524000	-59.600000
	191.200000	9.276000	-60.800000
	191.220000	7.992000	-62.600000
	191.240000	6.660000	-64.400000
	191.260000	5.328000	-65.800000
	191.280000	3.984000	-66.800000
	191.300000	2.652000	-66.800000
	191.320000	1.296000	-67.200000
	191.340000	-0.048000	-67.200000
	191.360000	-1.380000	-67.200000
	191.380000	-2.676000	-66.200000
	191.400000	-3.996000	-65.800000
	191.420000	-5.268000	-64.800000
	191.440000	-6.516000	-64.000000
	191.460000	-7.692000	-61.600000
	191.480000	-8.856000	-59.800000
	191.500000	-9.960000	-57.400000
	191.520000	-11.016000	-55.400000
	191.540000	-12.012000	-52.600000
	191.560000	-12.960000	-50.000000
	191.580000	-13.824000	-46.800000
	191.600000	-14.604000	-43.200000
	191.620000	-15.312000	-39.200000
	191.640000	-15.948000	-35.400000
	191.660000	-16.500000	-31.600000
	191.680000	-16.968000	-27.600000
	191.700000	-17.352000	-23.400000
	191.720000	-17.652000	-19.200000
	191.740000	-17.844000	-14.600000
	191.760000	-17.952000	-10.000000
	191.780000	-17.964000	-5.200000
	191.800000	-17.892000	-0.800000
	191.820000	-17.724000	3.800000
	191.840000	-17.472000	8.200000
	191.860000	-17.136000	12.600000
	191.880000	-16.716000	16.800000
	191.900000	-16.236000	20.600000
	191.920000	-15.672000	24.400000
	191.940000	-15.036000	28.000000
	191.960000	-14.304000	32.200000
	191.980000	-13.524000	35.800000
	192.000000	-12.684000	39.200000
	192.020000	-11.772000	42.200000
	192.040000	-10.800000	45.400000
	192.060000	-9.768000	48.600000
	192.080000	-8.700000	51.200000
	192.100000	-7.572000	53.800000
	192.120000	-6.396000	56.200000
	192.140000	-5.196000	58.400000
	192.160000	-3.972000	60.000000
	192.180000	-2.724000	61.200000
	192.200000	-1.404000	63.200000
	192.220000	-0.096000	64.600000
	192.240000	1.236000	66.000000
	192.260000	2.556000	66.000000
	192.280000	3.900000	66.600000
	192.300000	5.256000	67.000000
	192.320000	6.600000	67.400000
	192.340000	7.932000	67.200000
	192.360000	9.204000	65.800000
	192.380000	10.452000	64.200000
	192.400000	11.688000	62.600000
	192.420000	12.888000	61.400000
	192.440000	14.052000	60.000000
	192.460000	15.156000	57.800000
	192.480000	16.236000	55.800000
	192.500000	17.268000	53.600000
	192.520000	18.240000	51.400000
	192.540000	19.164000	48.800000
	192.560000	20.004000	45.600000
	192.580000	20.796000	42.600000
	192.600000	21.504000	39.000000
	192.620000	22.164000	36.000000
	192.640000	22.752000	32.600000
	192.660000	23.268000	29.400000
	192.680000	23.700000	25.600000
	192.700000	24.048000	21.600000
	192.720000	24.312000	17.400000
	192.740000	24.492000	13.200000
	192.760000	24.600000	9.200000
	192.780000	24.636000	5.400000
	192.800000	24.588000	1.600000
	192.820000	24.456000	-2.400000
	192.840000	24.240000	-6.600000
	192.860000	23.952000	-10.600000
	192.880000	23.592000	-14.400000
	192.900000	23.172000	-17.800000
	192.920000	22.680000	-21.200000
	192.940000	22.116000	-24.600000
	192.960000	21.468000	-28.400000
	192.980000	20.760000	-32.000000
	193.000000	19.968000	-35.800000
	193.020000	19.128000	-39.000000
	193.040000	18.228000	-42.200000
	193.060000	17.280000	-44.800000
	193.080000	16.272000	-47.600000
	193.100000	15.204000	-50.400000
	193.120000	14.088000	-53.200000
	193.140000	12.924000	-55.800000
	193.160000	11.736000	-57.800000
	193.180000	10.512000	-59.600000
	193.200000	9.240000	-61.400000
	193.220000	7.920000	-63.600000
	193.240000	6.600000	-65.200000
	193.260000	5.268000	-66.200000
	193.280000	3.924000	-66.600000
	193.300000	2.580000	-67.000000
	193.320000	1.236000	-67.200000
	193.340000	-0.108000	-67.200000
	193.360000	-1.452000	-67.200000
	193.380000	-2.784000	-67.000000
	193.400000	-4.104000	-66.600000
	193.420000	-5.376000	-65.400000
	193.440000	-6.588000	-63.400000
	193.460000	-7.752000	-60.800000
	193.480000	-8.892000	-58.600000
	193.500000	-9.996000	-56.800000
	193.520000	-11.028000	-54.600000
	193.540000	-12.036000	-52.400000
	193.560000	-12.972000	-49.600000
	193.580000	-13.848000	-47.000000
	193.600000	-14.628000	-43.200000
	193.620000	-15.348000	-39.600000
	193.640000	-15.984000	-35.600000
	193.660000	-16.536000	-31.800000
	193.680000	-16.992000	-27.400000
	193.700000	-17.364000	-23.000000
	193.720000	-17.652000	-18.600000
	193.740000	-17.856000	-14.400000
	193.760000	-17.964000	-10.000000
	193.780000	-17.976000	-5.400000
	193.800000	-17.892000	-0.600000
	193.820000	-17.724000	4.000000
	193.840000	-17.472000	8.400000
	193.860000	-17.148000	12.400000
	193.880000	-16.728000	16.600000
	193.900000	-16.236000	20.600000
	193.920000	-15.660000	24.800000
	193.940000	-15.024000	28.400000
	193.960000	-14.304000	32.200000
	193.980000	-13.512000	35.800000
	194.000000	-12.660000	39.400000
	194.020000	-11.736000	42.800000
	194.040000	-10.764000	45.800000
	194.060000	-9.720000	49.000000
	194.080000	-8.652000	51.400000
	194.100000	-7.548000	53.600000
	194.120000	-6.384000	55.600000
	194.140000	-5.184000	57.800000
	194.160000	-3.924000	60.400000
	194.180000	-2.664000	62.000000
	194.200000	-1.356000	63.800000
	194.220000	-0.048000	64.600000
	194.240000	1.272000	65.600000
	194.260000	2.592000	65.800000
	194.280000	3.924000	66.200000
	194.300000	5.268000	66.600000
	194.320000	6.612000	67.000000
	194.340000	7.932000	66.800000
	194.360000	9.216000	65.800000
	194.380000	10.476000	64.400000
	194.400000	11.712000	63.000000
	194.420000	12.936000	62.000000
	194.440000	14.088000	60.200000
	194.460000	15.216000	58.400000
	194.480000	16.272000	55.600000
	194.500000	17.304000	53.600000
	194.520000	18.276000	51.000000
	194.540000	19.188000	48.600000
	194.560000	20.052000	45.800000
	194.580000	20.832000	42.600000
	194.600000	21.552000	39.400000
	194.620000	22.188000	35.600000
	194.640000	22.764000	32.200000
	194.660000	23.268000	28.600000
	194.680000	23.700000	25.200000
	194.700000	24.048000	21.400000
	194.720000	24.324000	17.600000
	194.740000	24.516000	13.600000
	194.760000	24.624000	9.600000
	194.780000	24.648000	5.400000
	194.800000	24.588000	1.200000
	194.820000	24.456000	-2.800000
	194.840000	24.240000	-6.800000
	194.860000	23.952000	-10.600000
	194.880000	23.580000	-14.600000
	194.900000	23.148000	-18.200000
	194.920000	22.644000	-21.800000
	194.940000	22.080000	-25.000000
	194.960000	21.432000	-28.600000
	194.980000	20.724000	-32.000000
	195.000000	19.944000	-35.600000
	195.020000	19.116000	-38.600000
	195.040000	18.216000	-41.800000
	195.060000	17.268000	-44.600000
	195.080000	16.248000	-47.800000
	195.100000	15.192000	-50.400000
	195.120000	14.076000	-53.200000
	195.140000	12.912000	-55.600000
	195.160000	11.700000	-58.200000
	195.180000	10.464000	-60.200000
	195.200000	9.192000	-62.000000
	195.220000	7.896000	-63.400000
	195.240000	6.576000	-64.800000
	195.260000	5.244000	-65.800000
	195.280000	3.900000	-66.600000
	195.300000	2.544000	-67.200000
	195.320000	1.188000	-67.600000
	195.340000	-0.156000	-67.600000
	195.360000	-1.488000	-67.200000
	195.380000	-2.784000	-66.200000
	195.400000	-4.056000	-65.000000
	195.420000	-5.304000	-63.600000
	195.440000	-6.552000	-62.800000
	195.460000	-7.776000	-62.000000
	195.480000	-8.928000	-60.400000
	195.500000	-10.020000	-57.800000
	195.520000	-11.052000	-54.600000
	195.540000	-12.060000	-52.200000
	195.560000	-12.972000	-49.200000
	195.580000	-13.836000	-46.400000
	195.600000	-14.616000	-42.600000
	195.620000	-15.336000	-39.400000
	195.640000	-15.972000	-35.600000
	195.660000	-16.512000	-31.600000
	195.680000	-16.980000	-27.400000
	195.700000	-17.352000	-23.000000
	195.720000	-17.640000	-18.800000
	195.740000	-17.832000	-14.200000
	195.760000	-17.928000	-9.600000
	195.780000	-17.940000	-5.000000
	195.800000	-17.856000	-0.400000
	195.820000	-17.688000	4.000000
	195.840000	-17.436000	8.400000
	195.860000	-17.112000	12.400000
	195.880000	-16.704000	16.400000
	195.900000	-16.212000	20.400000
	195.920000	-15.636000	24.600000
	195.940000	-14.988000	28.600000
	195.960000	-14.268000	32.400000
	195.980000	-13.488000	35.800000
	196.000000	-12.648000	39.000000
	196.020000	-11.736000	42.200000
	196.040000	-10.764000	45.400000
	196.060000	-9.732000	48.600000
	196.080000	-8.652000	51.400000
	196.100000	-7.524000	54.000000
	196.120000	-6.348000	56.400000
	196.140000	-5.160000	58.200000
	196.160000	-3.924000	60.000000
	196.180000	-2.640000	61.800000
	196.200000	-1.320000	64.000000
	196.220000	-0.012000	65.200000
	196.240000	1.296000	65.600000
	196.260000	2.604000	65.400000
	196.280000	3.948000	66.000000
	196.300000	5.280000	66.400000
	196.320000	6.612000	66.800000
	196.340000	7.920000	66.200000
	196.360000	9.192000	65.200000
	196.380000	10.452000	64.000000
	196.400000	11.676000	62.600000
	196.420000	12.888000	61.600000
	196.440000	14.052000	60.000000
	196.460000	15.192000	58.600000
	196.480000	16.260000	56.200000
	196.500000	17.280000	53.800000
	196.520000	18.228000	50.600000
	196.540000	19.152000	48.200000
	196.560000	20.004000	45.400000
	196.580000	20.796000	42.800000
	196.600000	21.504000	39.200000
	196.620000	22.164000	36.000000
	196.640000	22.740000	32.400000
	196.660000	23.244000	29.000000
	196.680000	23.664000	25.000000
	196.700000	24.012000	21.200000
	196.720000	24.276000	17.200000
	196.740000	24.456000	13.200000
	196.760000	24.564000	9.200000
	196.780000	24.600000	5.400000
	196.800000	24.552000	1.600000
	196.820000	24.420000	-2.400000
	196.840000	24.204000	-6.600000
	196.860000	23.916000	-10.600000
	196.880000	23.556000	-14.400000
	196.900000	23.124000	-18.000000
	196.920000	22.620000	-21.600000
	196.940000	22.056000	-25.000000
	196.960000	21.420000	-28.400000
	196.980000	20.724000	-31.600000
	197.000000	19.932000	-35.400000
	197.020000	19.092000	-38.800000
	197.040000	18.180000	-42.400000
	197.060000	17.220000	-45.200000
	197.080000	16.200000	-48.200000
	197.100000	15.144000	-50.600000
	197.120000	14.040000	-53.000000
	197.140000	12.876000	-55.400000
	197.160000	11.652000	-58.200000
	197.180000	10.416000	-60.400000
	197.200000	9.168000	-61.800000
	197.220000	7.896000	-62.600000
	197.240000	6.576000	-64.000000
	197.260000	5.244000	-65.400000
	197.280000	3.900000	-66.600000
	197.300000	2.568000	-66.800000
	197.320000	1.200000	-67.400000
	197.340000	-0.144000	-67.400000
	197.360000	-1.488000	-67.600000
	197.380000	-2.784000	-66.400000
	197.400000	-4.080000	-65.600000
	197.420000	-5.352000	-64.400000
	197.440000	-6.588000	-63.400000
	197.460000	-7.764000	-61.400000
	197.480000	-8.904000	-59.200000
	197.500000	-9.984000	-56.600000
	197.520000	-11.052000	-54.800000
	197.540000	-12.036000	-52.200000
	197.560000	-12.984000	-50.000000
	197.580000	-13.824000	-46.200000
	197.600000	-14.604000	-42.800000
	197.620000	-15.300000	-38.600000
	197.640000	-15.936000	-35.200000
	197.660000	-16.488000	-31.400000
	197.680000	-16.956000	-27.600000
	197.700000	-17.328000	-23.200000
	197.720000	-17.604000	-18.600000
	197.740000	-17.796000	-14.000000
	197.760000	-17.892000	-9.400000
	197.780000	-17.904000	-5.000000
	197.800000	-17.820000	-0.400000
	197.820000	-17.664000	3.800000
	197.840000	-17.412000	8.200000
	197.860000	-17.088000	12.200000
	197.880000	-16.668000	16.600000
	197.900000	-16.176000	20.600000
	197.920000	-15.600000	24.800000
	197.940000	-14.952000	28.600000
	197.960000	-14.244000	32.200000
	197.980000	-13.476000	35.400000
	198.000000	-12.636000	38.600000
	198.020000	-11.736000	41.800000
	198.040000	-10.752000	45.400000
	198.060000	-9.744000	48.200000
	198.080000	-8.652000	51.400000
	198.100000	-7.524000	53.800000
	198.120000	-6.360000	56.400000
	198.140000	-5.148000	58.400000
	198.160000	-3.912000	60.200000
	198.180000	-2.628000	62.200000
	198.200000	-1.344000	63.400000
	198.220000	-0.060000	64.200000
	198.240000	1.248000	64.600000
	198.260000	2.568000	65.200000
	198.280000	3.924000	66.400000
	198.300000	5.256000	66.800000
	198.320000	6.708000	69.000000
	198.340000	8.016000	68.200000
	198.360000	9.324000	67.800000
	198.380000	10.464000	62.600000
	198.400000	11.676000	61.000000
	198.420000	12.864000	59.000000
	198.440000	14.004000	59.000000
	198.460000	15.144000	57.800000
	198.480000	16.212000	55.800000
	198.500000	17.256000	54.200000
	198.520000	18.204000	51.000000
	198.540000	19.116000	48.400000
	198.560000	19.956000	45.000000
	198.580000	20.748000	42.400000
	198.600000	21.480000	39.400000
	198.620000	22.140000	36.400000
	198.640000	22.728000	33.000000
	198.660000	23.220000	29.000000
	198.680000	23.652000	25.200000
	198.700000	24.000000	21.200000
	198.720000	24.276000	17.600000
	198.740000	24.456000	13.400000
	198.760000	24.564000	9.400000
	198.780000	24.600000	5.400000
	198.800000	24.552000	1.600000
	198.820000	24.420000	-2.400000
	198.840000	24.204000	-6.600000
	198.860000	23.928000	-10.400000
	198.880000	23.568000	-14.200000
	198.900000	23.136000	-17.800000
	198.920000	22.620000	-21.800000
	198.940000	22.044000	-25.400000
	198.960000	21.420000	-28.600000
	198.980000	20.724000	-31.600000
	199.000000	19.956000	-34.800000
	199.020000	19.116000	-38.400000
	199.040000	18.216000	-41.800000
	199.060000	17.256000	-45.000000
	199.080000	16.236000	-48.000000
	199.100000	15.156000	-51.000000
	199.120000	14.040000	-53.600000
	199.140000	12.888000	-55.800000
	199.160000	11.712000	-57.400000
	199.180000	10.500000	-59.000000
	199.200000	9.228000	-61.000000
	199.220000	7.944000	-62.800000
	199.240000	6.624000	-64.600000
	199.260000	5.292000	-65.600000
	199.280000	3.948000	-66.600000
	199.300000	2.604000	-67.000000
	199.320000	1.260000	-67.200000
	199.340000	-0.108000	-67.600000
	199.360000	-1.440000	-67.400000
	199.380000	-2.736000	-66.600000
	199.400000	-4.032000	-65.400000
	199.420000	-5.304000	-64.400000
	199.440000	-6.540000	-63.400000
	199.460000	-7.728000	-61.600000
	199.480000	-8.892000	-59.800000
	199.500000	-9.996000	-57.600000
	199.520000	-11.040000	-55.200000
	199.540000	-12.012000	-52.000000
	199.560000	-12.960000	-49.400000
	199.580000	-13.812000	-46.200000
	199.600000	-14.592000	-43.000000
	199.620000	-15.300000	-39.000000
	199.640000	-15.924000	-35.200000
	199.660000	-16.476000	-31.400000
	199.680000	-16.932000	-27.200000
	199.700000	-17.304000	-23.000000
	199.720000	-17.592000	-18.600000
	199.740000	-17.784000	-14.200000
	199.760000	-17.892000	-9.800000
	199.780000	-17.904000	-5.200000
	199.800000	-17.832000	-0.800000
	199.820000	-17.676000	3.600000
	199.840000	-17.424000	8.000000
	199.860000	-17.088000	12.400000
	199.880000	-16.680000	16.600000
	199.900000	-16.200000	20.400000
	199.920000	-15.636000	24.200000
	199.940000	-14.988000	28.200000
	199.960000	-14.280000	32.000000
	199.980000	-13.500000	35.600000
	200.000000	-12.648000	39.000000
	200.020000	-11.736000	42.400000
	200.040000	-10.764000	45.600000
	200.060000	-9.744000	48.400000
	200.080000	-8.676000	51.000000
	200.100000	-7.560000	53.400000
	200.120000	-6.408000	55.600000
	200.140000	-5.196000	58.000000
	200.160000	-3.948000	60.200000
	200.180000	-2.676000	62.200000
	200.200000	-1.380000	63.600000
	200.220000	-0.072000	64.600000
	200.240000	1.248000	65.400000
	200.260000	2.580000	66.000000
	200.280000	3.900000	66.200000
	200.300000	5.232000	66.400000
	200.320000	6.540000	66.000000
	200.340000	7.848000	65.800000
	200.360000	9.144000	65.200000
	200.380000	10.404000	64.400000
	200.400000	11.640000	63.200000
	200.420000	12.840000	61.600000
	200.440000	14.004000	60.000000
	200.460000	15.132000	58.200000
	200.480000	16.212000	56.200000
	200.500000	17.244000	54.000000
	200.520000	18.216000	51.400000
	200.540000	19.128000	48.600000
	200.560000	19.980000	45.600000
	200.580000	20.760000	42.400000
	200.600000	21.480000	39.200000
	200.620000	22.140000	36.000000
	200.640000	22.728000	32.800000
	200.660000	23.232000	29.200000
	200.680000	23.664000	25.400000
	200.700000	24.012000	21.400000
	200.720000	24.288000	17.600000
	200.740000	24.480000	13.600000
	200.760000	24.600000	9.800000
	200.780000	24.624000	5.600000
	200.800000	24.576000	1.600000
	200.820000	24.444000	-2.600000
	200.840000	24.240000	-6.400000
	200.860000	23.952000	-10.400000
	200.880000	23.592000	-14.200000
	200.900000	23.160000	-18.000000
	200.920000	22.656000	-21.600000
	200.940000	22.080000	-25.200000
	200.960000	21.432000	-28.800000
	200.980000	20.724000	-32.200000
	201.000000	19.944000	-35.600000
	201.020000	19.116000	-38.600000
	201.040000	18.216000	-41.800000
	201.060000	17.256000	-44.800000
	201.080000	16.224000	-48.200000
	201.100000	15.168000	-50.800000
	201.120000	14.052000	-53.400000
	201.140000	12.912000	-55.200000
	201.160000	11.700000	-57.800000
	201.180000	10.464000	-59.800000
	201.200000	9.192000	-62.000000
	201.220000	7.920000	-63.000000
	201.240000	6.600000	-64.400000
	201.260000	5.292000	-65.000000
	201.280000	3.924000	-66.600000
	201.300000	2.580000	-67.000000
	201.320000	1.212000	-68.000000
	201.340000	-0.108000	-67.200000
	201.360000	-1.404000	-66.400000
	201.380000	-2.712000	-65.400000
	201.400000	-4.032000	-65.400000
	201.420000	-5.316000	-65.200000
	201.440000	-6.552000	-64.000000
	201.460000	-7.728000	-61.600000
	201.480000	-8.868000	-59.200000
	201.500000	-9.984000	-57.200000
	201.520000	-11.040000	-55.200000
	201.540000	-12.036000	-52.800000
	201.560000	-12.948000	-49.400000
	201.580000	-13.800000	-46.000000
	201.600000	-14.592000	-42.600000
	201.620000	-15.300000	-39.200000
	201.640000	-15.936000	-35.600000
	201.660000	-16.488000	-31.600000
	201.680000	-16.956000	-27.600000
	201.700000	-17.328000	-23.200000
	201.720000	-17.616000	-18.800000
	201.740000	-17.808000	-14.200000
	201.760000	-17.916000	-9.800000
	201.780000	-17.928000	-5.200000
	201.800000	-17.856000	-0.800000
	201.820000	-17.688000	3.800000
	201.840000	-17.436000	8.200000
	201.860000	-17.100000	12.600000
	201.880000	-16.692000	16.600000
	201.900000	-16.200000	20.600000
	201.920000	-15.636000	24.400000
	201.940000	-15.000000	28.200000
	201.960000	-14.280000	32.000000
	201.980000	-13.500000	35.600000
	202.000000	-12.660000	39.000000
	202.020000	-11.760000	42.000000
	202.040000	-10.788000	45.200000
	202.060000	-9.744000	48.600000
	202.080000	-8.664000	51.600000
	202.100000	-7.560000	53.800000
	202.120000	-6.384000	56.000000
	202.140000	-5.184000	58.000000
	202.160000	-3.924000	60.600000
	202.180000	-2.676000	61.800000
	202.200000	-1.380000	63.400000
	202.220000	-0.060000	64.400000
	202.240000	1.272000	65.800000
	202.260000	2.616000	66.600000
	202.280000	3.948000	66.800000
	202.300000	5.256000	66.400000
	202.320000	6.576000	66.000000
	202.340000	7.884000	65.600000
	202.360000	9.228000	66.200000
	202.380000	10.476000	65.000000
	202.400000	11.712000	63.800000
	202.420000	12.864000	60.600000
	202.440000	14.028000	59.200000
	202.460000	15.132000	57.000000
	202.480000	16.224000	56.000000
	202.500000	17.256000	53.800000
	202.520000	18.240000	51.800000
	202.540000	19.152000	48.800000
	202.560000	20.004000	45.800000
	202.580000	20.784000	42.400000
	202.600000	21.516000	39.400000
	202.620000	22.164000	36.000000
	202.640000	22.740000	32.600000
	202.660000	23.232000	28.600000
	202.680000	23.664000	25.000000
	202.700000	24.024000	21.400000
	202.720000	24.300000	17.800000
	202.740000	24.492000	13.800000
	202.760000	24.600000	9.600000
	202.780000	24.636000	5.600000
	202.800000	24.588000	1.600000
	202.820000	24.456000	-2.400000
	202.840000	24.240000	-6.600000
	202.860000	23.952000	-10.600000
	202.880000	23.592000	-14.400000
	202.900000	23.160000	-18.000000
	202.920000	22.668000	-21.400000
	202.940000	22.104000	-24.800000
	202.960000	21.456000	-28.400000
	202.980000	20.736000	-32.200000
	203.000000	19.968000	-35.600000
	203.020000	19.140000	-38.600000
	203.040000	18.252000	-41.400000
	203.060000	17.292000	-44.600000
	203.080000	16.260000	-48.000000
	203.100000	15.180000	-51.200000
	203.120000	14.040000	-54.200000
	203.140000	12.912000	-55.800000
	203.160000	11.700000	-58.000000
	203.180000	10.476000	-59.400000
	203.200000	9.180000	-62.200000
	203.220000	7.884000	-63.600000
	203.240000	6.564000	-65.200000
	203.260000	5.256000	-65.400000
	203.280000	3.936000	-65.800000
